,Var1,Var2,Plausibility,Plausibility Reasoning,Association,Association Reasoning,Temporality,Temporality Reasoning,Label
0,Age,Alcohol,True,"Reasoning Process:
Step 1: Age is a biological factor that can influence various aspects of a person's life, including their lifestyle choices.
Step 2: Alcohol consumption is a lifestyle choice that can be influenced by various factors, including a person's age.
Step 3: It is plausible that a person's age could indirectly influence their alcohol consumption through factors such as social norms, maturity, and accessibility.
Step 4: It is also plausible that a person's age could have a direct effect on their alcohol consumption, as older individuals may have different health conditions or medications that affect their tolerance to alcohol.
Step 5: Given the above points, it is plausible that Age may have a causal relationship with Alcohol, either directly or through one or more intermediate variables.

Conclusion: Yes",False,"Reasoning Process:
Step 1: Defining the question: The question asks if there is a statistical association between Age and Alcohol.
Step 2: Understanding the definition of association: Association refers to any statistical dependency between two variables, regardless of strength or directionality.
Step 3: Identifying the nature of the question: The question does not provide any specific data or context about the relationship between Age and Alcohol.
Step 4: Conclusion: Without specific data or context, it is impossible to determine if there is a statistical association between Age and Alcohol. Therefore, the answer is False.

Conclusion: No",False,"Reasoning Process:
Step 1: The question asks if there is a causal relationship between Age and Alcohol, where Age precedes and leads to a change in Alcohol.
Step 2: In general, age does not directly cause changes in alcohol consumption. Alcohol consumption is typically a behavior that is influenced by various factors such as social, psychological, and environmental factors, rather than age itself.
Step 3: While age may indirectly influence alcohol consumption through these factors, it does not establish a direct causal link where age precedes and leads to a change in alcohol consumption.
Step 4: Therefore, based on the given context, there is no causal relationship where a change in Age precedes and leads to a change in Alcohol.

Conclusion: No",True
1,Age,Anxiety,True,"Reasoning Process:
Step 1: Age is a biological factor that can influence various aspects of a person's life, including their mental health.
Step 2: Anxiety is a mental health condition that can be influenced by various factors, including biological factors.
Step 3: The PROMIS anxiety measure includes symptoms such as fear, worry, feelings of panic, and somatic symptoms related to arousal, which can be influenced by age-related changes in the body.
Step 4: Research has shown that age can be a risk factor for anxiety disorders, with older adults being more susceptible to anxiety disorders compared to younger adults.
Step 5: Therefore, it is plausible that Age may have a causal relationship with Anxiety, either directly or through one or more intermediate variables.

Conclusion: Yes",True,"Reasoning Process:
Step 1: The question asks if there is a statistical association between Age and Anxiety.
Step 2: To determine this, we need to consider if knowledge of a patient's age provides any information about their anxiety level or vice versa.
Step 3: In general, age and anxiety are not directly related in a causal or predictive manner. However, there can be correlations due to other factors such as lifestyle, genetics, or environmental influences.
Step 4: Since there can be correlations but no direct causal relationship, we can say that there is an association between Age and Anxiety, but it is not a strong or definitive one.
Step 5: Therefore, based on the given context, the association between Age and Anxiety is present, but it is not a strong or definitive one.

Conclusion: Yes",False,"Reasoning Process:
Step 1: The question asks if there is a causal relationship between Age and Anxiety, where Age temporally precedes and influences Anxiety.
Step 2: To answer this question, we need to consider if there is any scientific evidence or established causal link between Age and Anxiety.
Step 3: However, the provided context does not contain any specific information about a causal relationship between Age and Anxiety.
Step 4: In general, age is not typically considered a direct cause of anxiety, as anxiety is more often associated with psychological factors, such as stress, genetics, and life events.
Step 5: Therefore, based on the provided context and general knowledge, it is not possible to establish a causal relationship between Age and Anxiety.
Step 6: Thus, the conclusion is that there is no causal relationship between Age and Anxiety.
Step 7: It is important to note that this conclusion is based on the provided context and general knowledge. Specific studies or individual cases may reveal different results.

Conclusion: No",True
2,Age,CCI,True,"Reasoning Process:
Step 1: Age is a factor that can influence a person's health and well-being, and thus may increase the likelihood of developing certain health conditions or comorbidities.
Step 2: The Comorbidity Composite Index (CCI) is a measure of the number of comorbidities a patient has. As a person ages, they are more likely to develop chronic conditions such as diabetes, heart disease, and arthritis, which are often included in the CCI.
Step 3: Therefore, it is plausible that Age may have a causal relationship with CCI, either directly or through one or more intermediate variables.

Conclusion: Yes",False,"Reasoning Process:
Step 1: The definition of association states that if knowledge of the value of one variable gives information about the other, they are said to be associated. In this case, if a patient's age provides information about their comorbidity index (CCI), or if knowledge of a patient's CCI provides information about their age, then they are associated.
Step 2: However, the question does not provide any specific data or statistical analysis to determine if there is a statistical association between Age and CCI. Therefore, we cannot definitively say whether they are associated or not based on the information given.
Step 3: Since we cannot definitively say whether there is a statistical association between Age and CCI without data or statistical analysis, the conclusion is that we cannot confirm or deny the association.

Conclusion: No",False,"Reasoning Process:
Step 1: Age is a demographic variable and does not directly cause or influence the number of comorbidities (CCI) in a patient.
Step 2: Comorbidities are health conditions that occur simultaneously with a primary condition. They are usually chronic and long-term, and their development is influenced by various factors such as genetics, lifestyle, and environment, not directly by age.
Step 3: While age can indirectly influence the development of comorbidities by increasing the likelihood of certain health risks, it does not establish a causal relationship where age temporally precedes and directly leads to a change in CCI.
Step 4: Therefore, based on the given context, there is no causal relationship where a change in Age precedes and leads to a change in CCI.
Step 5: The conclusion is drawn from the understanding that Age is a demographic variable that does not directly cause or influence the number of comorbidities (CCI) in a patient.

Conclusion: No",True
3,Age,Catastrophizing,True,"Reasoning Process:
Step 1: Age is a biological factor that can influence various aspects of a person's life, including their physical and psychological health.
Step 2: Pain catastrophizing is a psychological construct that involves the magnification of pain, feelings of helplessness, and the inability to prevent or inhibit pain-related thoughts.
Step 3: Research has shown that age can influence psychological factors, such as stress, anxiety, and depression, which in turn can affect pain catastrophizing.
Step 4: There is also evidence suggesting that older adults may have a higher risk of chronic pain conditions, which could potentially be linked to increased pain catastrophizing.
Step 5: While the relationship between age and pain catastrophizing is complex and likely influenced by multiple factors, it is plausible that age may have a causal relationship with pain catastrophizing, either directly or through one or more intermediate variables.

Conclusion: Yes",False,"Reasoning Process:
Step 1: Pain catastrophizing score is a psychological construct that measures an individual's tendency to magnify the threat value of pain and feel helpless in the presence of pain. It is not directly related to a patient's age.
Step 2: Age, on the other hand, is a biological variable that represents the number of years a person has lived. It does not inherently provide information about a person's pain catastrophizing score.
Step 3: Since Age and Catastrophizing are not directly related, there is no statistical association between the two variables.

Conclusion: No",False,"Reasoning Process:
Step 1: Define the question: The question asks if there is a causal relationship between Age and Catastrophizing, where Age temporally precedes and influences Catastrophizing.
Step 2: Understand the variables: Age is a patient's age, and Catastrophizing is the tendency to magnify the threat value of pain and feel helpless in the presence of pain.
Step 3: Consider the nature of the variables: Age is a static, non-modifiable factor, while Catastrophizing is a psychological response to pain, which can be influenced by various factors such as stress, depression, and anxiety.
Step 4: Determine the direction of causality: It is not plausible for Age to directly cause Catastrophizing, as Age is a static factor and cannot influence psychological responses.
Step 5: Consider potential intermediate variables: Age may indirectly influence Catastrophizing through factors such as chronic illnesses, stress, or depression that can develop with age.
Step 6: Evaluate the evidence: There is evidence that age-related factors such as chronic illnesses, stress, and depression can increase the likelihood of pain catastrophizing, but this is not a direct causal relationship between Age and Catastrophizing.
Step 7: Conclusion: Based on the given information, there is no direct causal relationship between Age and Catastrophizing, as Age is a static factor and cannot directly influence psychological responses. However, Age may indirectly influence Catastrophizing through factors such as chronic illnesses, stress, or depression.

Conclusion: No",True
4,Age,Depression,True,"Reasoning Process:
Step 1: Age is a known risk factor for various mental health conditions, including depression, as stressors and life events can accumulate over time, potentially leading to depression.
Step 2: There are also biological mechanisms that suggest a potential link between age and depression, such as changes in brain structure and function, hormonal imbalances, and inflammation.
Step 3: Additionally, social factors, such as isolation and financial stress, can increase with age and contribute to the development of depression.
Step 4: Furthermore, the PROMIS depression measure includes affective and cognitive manifestations of depression, which can be influenced by various factors, including age.
Step 5: Given the above points, it is plausible that Age may have a causal relationship with Depression, either directly or through one or more intermediate variables.

Conclusion: Yes",True,"Reasoning Process:
Step 1: Defining the terms: Age refers to the patient's age, and Depression refers to the PROMIS depression score, which measures affective and cognitive manifestations of depression.
Step 2: Understanding the question: The question asks if there is a statistical association between Age and Depression, meaning if knowledge of one variable gives information about the other.
Step 3: Explaining the concept of association: In statistics, two variables are associated if knowledge of one variable gives information about the other, regardless of the strength or directionality of the relationship.
Step 4: Applying the concept to the question: Since Depression (PROMIS depression score) can potentially be influenced by various factors, including age, there is a statistical association between Age and Depression.

Conclusion: Yes",True,"Reasoning Process:
Step 1: The question asks if there is a causal relationship between Age and Depression, where Age temporally precedes and influences Depression.
Step 2: In the context of chronic pain, aging can lead to an increased risk of developing depression due to factors such as physical health decline, social isolation, and reduced mobility. However, it's important to note that this is a complex relationship and not all older adults will develop depression.
Step 3: While aging can increase the risk of depression, it does not necessarily mean that a change in Age directly causes a change in Depression. There are likely multiple factors at play, and Age is just one of them.
Step 4: The question also asks for a directional causal link, meaning that Age must precede Depression. In this case, Age does precede Depression, as aging is a continuous process.
Step 5: Given the above, it can be concluded that there is a potential causal relationship between Age and Depression, but it is not a direct causal link and there are likely multiple factors involved.

Conclusion: Yes",True
5,Age,Education,True,"Reasoning Process:
Step 1: Age is a biological factor that can influence various aspects of a person's life, including their ability to access education.
Step 2: Education level can be affected by factors such as socioeconomic status, which may be influenced by a person's age, as older individuals may have fewer opportunities for education due to financial constraints or societal norms.
Step 3: Additionally, cognitive abilities can decline with age, which might impact a person's ability to perform well in school or pursue higher education.
Step 4: On the other hand, education can also influence a person's age, as higher levels of education often lead to better job opportunities and higher income, which can provide more resources for a longer lifespan.
Step 5: However, this relationship is complex and can be influenced by numerous other factors such as genetics, environment, and personal choices. Therefore, it is plausible that Age may have a causal relationship with Education, either directly or through one or more intermediate variables.

Conclusion: Yes",True,"Reasoning Process:
Step 1: The definition of association states that if knowledge of the value of one variable gives information about the other, they are said to be associated. In this case, if knowing the age of a person can provide some information about their level of education, or vice versa, then they are associated.
Step 2: In general, a person's age can provide some information about their level of education. For example, older individuals are more likely to have completed their education compared to younger individuals. However, it's important to note that this is not always the case, as there are exceptions (e.g., early graduates, lifelong learners, etc.).
Step 3: Given that there is a general correlation between age and education, we can conclude that there is an association between Age and Education.

Conclusion: Yes",False,"Reasoning Process:
Step 1: The question asks if there is a causal relationship where a change in Age precedes and leads to a change in Education.
Step 2: In general, a person's age does not directly cause a change in their level of education. Education is typically acquired before a person reaches adulthood and thus their age.
Step 3: While it is possible that age could indirectly influence education through factors such as financial resources, access to education, or personal motivation, these are not causal relationships where age temporally precedes education.
Step 4: Therefore, based on the given context, there is no causal relationship where a change in Age precedes and leads to a change in Education.
Step 5: This conclusion is consistent with the general understanding that education is typically acquired before a person reaches adulthood and thus their age.

Conclusion: No",False
6,Age,Fear_avoidance,True,"Reasoning Process:
Step 1: Age is a factor that can influence a person's physical and psychological well-being, including their beliefs and attitudes towards physical activity and work.
Step 2: Fear avoidance is a construct related to a patient's beliefs and attitudes towards physical activity and work, which can contribute to low back pain and resulting disability.
Step 3: It is plausible that as people age, they may develop more fear avoidance beliefs due to factors such as decreased physical capacity, increased awareness of potential risks, or past experiences of pain or injury.
Step 4: Therefore, it is plausible that Age may have a causal relationship with Fear_avoidance, either directly or through one or more intermediate variables.

Conclusion: Yes",False,"Reasoning Process:
Step 1: Fear avoidance is a patient-reported questionnaire that measures a patient's fear avoidance beliefs about physical activity and work. It does not inherently have a direct correlation with a patient's age.
Step 2: Statistical association refers to any dependency between two variables, regardless of strength or directionality. If there is a statistical relationship between two variables, knowledge of one variable provides some information about the other.
Step 3: However, there is no inherent statistical relationship between a patient's age and their fear avoidance beliefs, as these are two distinct constructs. Age does not provide any direct information about a patient's fear avoidance beliefs, and vice versa.
Step 4: Therefore, based on the definitions provided, there is no statistical association between Age and Fear_avoidance.
Step 5: To confirm this, one would need to conduct a statistical analysis, such as a correlation study, to determine if there is a relationship between Age and Fear_avoidance. However, without such analysis, it is reasonable to conclude that there is no association between the two variables.

Conclusion: No",False,"Reasoning Process:
Step 1: Age is a biological factor that does not change in response to psychological factors such as fear avoidance beliefs.
Step 2: Fear avoidance is a psychological construct that is influenced by various factors, but it is not typically considered to be directly caused by age.
Step 3: Therefore, it is not reasonable to suggest that a change in Age precedes and leads to a change in Fear_avoidance.

Conclusion: No",True
7,Age,Financial_level,True,"Reasoning Process:
Step 1: Age is a factor that can influence a person's financial level directly, as older individuals may have had more time to accumulate wealth or savings, or may have higher retirement income.
Step 2: Age can also indirectly affect financial level through various intermediate variables such as education, employment history, and health status, which can all impact a person's earning potential and ability to save.
Step 3: Moreover, there may be societal factors, such as age discrimination in the workforce or pension systems that are designed to favor older individuals, further strengthening the potential causal relationship between Age and Financial_level.
Step 4: Given these considerations, it is plausible that Age may have a causal relationship with Financial_level.

Conclusion: Yes",True,"Reasoning Process:
Step 1: Age and Financial_level are two separate variables that can be associated if knowledge of one provides information about the other.
Step 2: In general, there is a correlation between age and financial level in many societies, as older individuals often have more years to accumulate wealth and may have higher incomes due to retirement benefits or longer careers.
Step 3: However, this correlation can be influenced by various factors such as education, occupation, and geographical location, which can lead to exceptions and variations in the relationship between Age and Financial_level.
Step 4: Given the general correlation and the possibility of exceptions, it can be said that there is an association between Age and Financial_level, but the strength and directionality of this association can vary.

Conclusion: Yes",False,"Reasoning Process:
Step 1: Age is a biological factor that does not directly influence a person's financial level.
Step 2: Financial level is primarily influenced by factors such as income, education, occupation, and savings, which are not directly related to a person's age.
Step 3: While age can indirectly influence financial level through factors like education and occupation, it does not establish a causal relationship where age temporally precedes and leads to a change in financial level.
Step 4: Therefore, based on the given context, there is no causal relationship where a change in Age precedes and leads to a change in Financial_level.

Conclusion: No",True
8,Age,Obesity,True,"Reasoning Process:
Step 1: Age is a factor that can influence lifestyle choices, such as diet and exercise, which in turn can lead to obesity.
Step 2: Age can also affect metabolism, hormone levels, and other physiological processes that may contribute to weight gain over time.
Step 3: There is a significant body of scientific evidence that supports the idea that age is associated with an increased risk of obesity.
Step 4: While age does not directly cause obesity, it can create conditions that make it more likely for an individual to become obese.

Conclusion: Yes",True,"Reasoning Process:
Step 1: Defining the variables: Age refers to the patient's age and Obesity refers to weight or BMI associations.
Step 2: Understanding the question: The question asks if there is a statistical association between Age and Obesity.
Step 3: Explaining the concept of association: Association refers to any statistical dependency between two variables, regardless of strength or directionality.
Step 4: Considering real-world knowledge: In general, there is a statistical association between Age and Obesity, as older individuals may have a higher risk of obesity due to factors such as decreased metabolism and sedentary lifestyle.
Step 5: Conclusion: Based on the definition of association and real-world knowledge, there is a statistical association between Age and Obesity.

Conclusion: Yes",False,"Reasoning Process:
Step 1: Age is a biological factor that does not directly influence a person's weight or BMI. It is a static variable that does not change over a short period.
Step 2: Obesity, on the other hand, is influenced by factors such as diet, physical activity, genetics, and other health conditions. These factors can change over time, leading to a change in a person's weight or BMI.
Step 3: Therefore, based on the given context, Age does not temporally precede and influence Obesity in a way consistent with a directional causal link.

Conclusion: No",True
9,Age,PEG,True,"Reasoning Process:
Step 1: Age is a biological factor that can affect various aspects of health, including chronic conditions such as chronic low back pain.
Step 2: Chronic low back pain can lead to increased pain intensity and pain interference, as measured by the PEG score.
Step 3: Therefore, it is plausible that Age, as a biological factor, may indirectly influence PEG score through its effect on chronic low back pain.
Step 4: While Age may not have a direct causal relationship with PEG score, it can have an indirect one through the mediating factor of chronic low back pain.

Conclusion: Yes",False,"Reasoning Process:
Step 1: The PEG score is a measure of pain intensity and pain interference due to chronic low back pain. It does not directly relate to a patient's age.
Step 2: Statistical association refers to any dependency between two variables, regardless of strength or directionality. If knowledge of one variable gives information about the other, they are said to be associated.
Step 3: However, in this case, a patient's age does not provide any information about their PEG score, as the PEG score is solely a measure of pain and not related to a patient's age.
Step 4: Therefore, based on the given definitions, there is no statistical association between Age and PEG.

Conclusion: No",False,"Reasoning Process:
Step 1: The question asks if there is a causal relationship between Age and PEG, where Age precedes and influences PEG.
Step 2: In the given context, there is no information provided about any intermediate variables or a direct causal link between Age and PEG.
Step 3: Without specific evidence or a known biological or medical mechanism that Age directly affects PEG, it is not possible to establish a causal relationship.
Step 4: Therefore, based on the given information, it is not possible to conclude that Age causally influences PEG.

Conclusion: No",True
10,Age,Sleep disturbance,True,"Reasoning Process:
Step 1: Age is a biological factor that can influence various aspects of health, including sleep patterns.
Step 2: Sleep disturbance is a measure of self-reported perceptions of sleep quality, sleep depth, and restoration associated with sleep. This suggests that it is related to the quality of sleep, which can be affected by various factors, including age.
Step 3: There is a well-established relationship between age and changes in sleep patterns, such as the onset of sleep disorders like insomnia and sleep apnea, which can lead to sleep disturbance.
Step 4: Additionally, age can indirectly affect sleep disturbance through other intermediate variables, such as chronic health conditions, medication use, and lifestyle factors, which are known to impact sleep quality.
Step 5: Given the above points, it is plausible that Age may have a causal relationship with Sleep disturbance, either directly or through one or more intermediate variables.

Conclusion: Yes",True,"Reasoning Process:
Step 1: The question asks if there is a statistical association between Age and Sleep disturbance.
Step 2: To determine this, we need to consider if knowledge of a patient's age provides any information about their sleep disturbance, or vice versa.
Step 3: In general, age can affect sleep patterns, with older individuals often experiencing sleep disturbances more frequently than younger individuals. However, this is not a definitive rule and there can be exceptions.
Step 4: Similarly, sleep disturbance can also be influenced by various factors other than age, such as stress, lifestyle, and health conditions.
Step 5: Since there is a possibility that age and sleep disturbance are associated, but not in a deterministic manner, we cannot definitively say that there is a strong or causal relationship between the two.
Step 6: Therefore, based on the given information, we can conclude that there is an association between Age and Sleep disturbance, but it is not a strong or causal relationship.

Conclusion: Yes",False,"Reasoning Process:
Step 1: The question asks if there is a causal relationship between Age and Sleep disturbance, where Age temporally precedes and influences Sleep disturbance.
Step 2: Age is a static, non-modifiable factor, meaning it does not change in response to other factors. It does not have the ability to directly cause a change in Sleep disturbance.
Step 3: Sleep disturbance, on the other hand, is a dynamic factor that can be influenced by various factors such as stress, lifestyle, and health conditions. However, Age is not typically considered an immediate cause of sleep disturbance.
Step 4: While Age can indirectly influence Sleep disturbance through factors such as health conditions that may develop with age, the Age itself does not cause Sleep disturbance directly.
Step 5: Therefore, based on the given context, there is no causal relationship where a change in Age precedes and leads to a change in Sleep disturbance.

Conclusion: No",True
11,Age,Smoking,True,"Reasoning Process:
Step 1: Age is a biological factor that can influence various aspects of a person's life, including habits and lifestyle choices.
Step 2: Smoking is often a habit that is adopted at a certain age and can continue throughout a person's life, or may be influenced by age-related factors such as stress, social norms, or health conditions.
Step 3: Therefore, it is plausible that Age may have a causal relationship with Smoking, either directly (if smoking is adopted at a certain age) or indirectly (if age-related factors influence the likelihood of smoking).

Conclusion: Yes",True,"Reasoning Process:
Step 1: Defining the variables Age and Smoking as per the given context.
Step 2: Understanding the definition of association as any statistical dependency between two variables, regardless of strength or directionality.
Step 3: Considering that smoking is a behavior that can be influenced by age, as older individuals may have started smoking at a younger age and may continue into their older years, or may have quit.
Step 4: Recognizing that the prevalence of smoking can vary significantly among different age groups, with younger individuals generally having a higher prevalence of smoking compared to older individuals.
Step 5: Concluding that there is a statistical association between Age and Smoking, as the prevalence of smoking varies with age.

Conclusion: Yes",False,"Reasoning Process:
Step 1: The question asks if there is a causal relationship between Age and Smoking, where Age precedes and leads to a change in Smoking.
Step 2: To answer this question, we need to consider if Age can influence the act of Smoking, and if so, whether this influence is causal and temporal.
Step 3: Age is a biological factor that does not inherently involve the act of Smoking. Therefore, Age does not directly cause Smoking.
Step 4: However, Age can indirectly influence Smoking through various factors such as societal norms, peer pressure, and personal choices that may change over time as a person ages.
Step 5: To establish a causal relationship, we would need to demonstrate that Age directly and consistently causes a change in Smoking, which is not the case.
Step 6: Since Age does not directly and consistently cause Smoking, and there is no evidence of a direct causal relationship, we cannot conclude that Age temporally precedes and influences Smoking in a way consistent with a directional causal link.

Conclusion: No",True
12,Alcohol,Anxiety,True,"Reasoning Process:
Step 1: Alcohol consumption can affect the central nervous system and brain chemistry, which are also involved in anxiety regulation.
Step 2: Excessive alcohol consumption can lead to increased stress levels, which can exacerbate anxiety symptoms.
Step 3: There is a significant body of research that has found a correlation between alcohol consumption and anxiety disorders, such as generalized anxiety disorder (GAD) and panic disorder.
Step 4: The PROMIS anxiety scale measures symptoms related to fear, anxious misery, hyperarousal, and somatic symptoms, all of which can be influenced by alcohol consumption.
Step 5: While correlation does not necessarily imply causation, the consistent findings across multiple studies suggest a plausible causal relationship between alcohol and anxiety.

Conclusion: Yes",False,"Reasoning Process:
Step 1: Alcohol consumption (Alcohol) and anxiety (Anxiety) are two separate variables that can be measured independently.
Step 2: The question asks if there is a statistical association between the two variables, which means if knowledge of one variable gives information about the other.
Step 3: In the context provided, there is no specific information about a statistical association between Alcohol and Anxiety. However, it is known that excessive alcohol consumption can lead to anxiety and other mental health issues, but this is not a definitive statistical association.
Step 4: Without specific data or a study that shows a statistical relationship between Alcohol and Anxiety, we cannot definitively say that there is an association.
Step 5: Therefore, based on the information provided, it is not possible to confirm a statistical association between Alcohol and Anxiety.

Conclusion: No",False,"Reasoning Process:
Step 1: Alcohol consumption can affect the central nervous system and brain chemistry, potentially leading to changes in mood and emotional state.
Step 2: Anxiety is a psychological condition characterized by feelings of fear, worry, and nervousness, which are also influenced by brain chemistry and the central nervous system.
Step 3: While there is evidence that chronic alcohol consumption can exacerbate anxiety symptoms, it is not always the case that a change in alcohol consumption directly causes a change in anxiety. Other factors, such as genetics, mental health history, and environmental stressors, can also play a significant role in the development and management of anxiety.
Step 4: In the absence of a definitive, consistent, and causal relationship between alcohol consumption and anxiety, we cannot conclude that alcohol temporally precedes and influences anxiety in a way consistent with a directional causal link.
Step 5: Therefore, the answer is False.

Conclusion: No",False
13,Alcohol,CCI,True,"Reasoning Process:
Step 1: Alcohol consumption can lead to various health issues such as liver disease, heart disease, and certain types of cancer, which are all conditions that can be considered comorbidities.
Step 2: Excessive alcohol consumption can also lead to poor lifestyle choices, such as unhealthy diet, lack of exercise, and smoking, all of which can increase the risk of comorbidities.
Step 3: Moreover, alcohol can affect the immune system, making an individual more susceptible to infections and diseases, further increasing the risk of comorbidities.
Step 4: Given the above points, it is plausible that alcohol may have a causal relationship with CCI, either directly or through one or more intermediate variables.

Conclusion: Yes",False,"Reasoning Process:
Step 1: The definition of association states that if knowledge of the value of one variable gives information about the other, they are said to be associated. In this case, if alcohol consumption (Alcohol) provides information about the comorbidity index (CCI), or vice versa, they are associated.
Step 2: However, the question does not provide any specific data or research findings that demonstrate a statistical association between Alcohol and CCI. Therefore, we cannot definitively say whether there is an association or not based on the given information.
Step 3: Since we cannot definitively say whether there is a statistical association between Alcohol and CCI based on the given information, the conclusion is that we cannot confirm or deny the existence of such an association.

Conclusion: No",False,"Reasoning Process:
Step 1: Alcohol consumption (Alcohol) is a behavior that can affect various aspects of health, including the development of certain diseases or conditions. However, it does not directly cause a comorbidity index (CCI) as the CCI is a measure of the number of comorbidities, not a specific disease or condition.
Step 2: To establish a causal relationship, we would need to identify an intermediate variable (or variables) that links Alcohol consumption to an increase in the number of comorbidities. For example, alcohol abuse could lead to liver disease, which in turn could lead to other comorbidities. However, this is a complex relationship and not a direct causal link between Alcohol and CCI.
Step 3: In summary, while alcohol consumption can lead to various health issues, there is no direct causal relationship between Alcohol and CCI. The CCI is a measure of multiple health conditions, and each of those conditions may have their own causal factors, some of which could potentially be related to alcohol consumption.
Step 4: Therefore, based on the given context, there is no causal relationship where a change in Alcohol precedes and leads to a change in CCI.

Conclusion: No",True
14,Alcohol,Catastrophizing,True,"Reasoning Process:
Step 1: Alcohol consumption can affect the brain's functioning, including its ability to process pain signals. Chronic alcohol consumption can lead to changes in the brain's structure and chemistry, which may impact the way the brain perceives and responds to pain.
Step 2: Pain catastrophizing is a psychological construct that involves the magnification of pain and feelings of helplessness in the presence of pain. It is possible that chronic alcohol consumption, by affecting the brain's functioning, could indirectly influence pain catastrophizing through changes in the brain's response to pain.
Step 3: There is also evidence to suggest that alcohol can contribute to mental health issues, such as anxiety and depression, which in turn could lead to increased pain catastrophizing. This would represent a more direct causal relationship between alcohol and pain catastrophizing.
Step 4: While the exact nature of the relationship between alcohol and pain catastrophizing is not fully understood, the existing evidence suggests that it is plausible that alcohol may have a causal relationship with pain catastrophizing, either directly or through one or more intermediate variables.

Conclusion: Yes",False,"Reasoning Process:
Step 1: Alcohol consumption (Alcohol) and pain catastrophizing (Catastrophizing) are two distinct variables that do not inherently have a direct relationship.
Step 2: However, research has shown that alcohol consumption can potentially impact an individual's psychological state, which in turn might influence their pain catastrophizing score.
Step 3: For example, alcohol consumption can lead to increased stress, anxiety, and depression, which are known factors that can contribute to pain catastrophizing.
Step 4: However, the relationship between alcohol consumption and pain catastrophizing is not straightforward and can vary greatly among individuals due to a multitude of factors, such as genetics, personal coping mechanisms, and cultural background.
Step 5: Therefore, while there is some evidence suggesting a potential association between Alcohol and Catastrophizing, the relationship is complex and not universally applicable.
Step 6: To definitively answer the question, a statistical analysis would be required, which is beyond the scope of this response.

Conclusion: No",False,"Reasoning Process:
Step 1: Alcohol consumption (Alcohol) is a behavior that can affect an individual's mental and physical state.
Step 2: Pain catastrophizing (Catastrophizing) is a psychological construct related to an individual's thoughts and feelings about pain, not a direct result of a behavior like alcohol consumption.
Step 3: There is no established causal relationship between alcohol consumption and pain catastrophizing in the scientific literature, as alcohol consumption does not directly influence pain catastrophizing scores.
Step 4: While alcohol can indirectly influence pain catastrophizing through factors such as stress, anxiety, and depression, these intermediate variables do not establish a causal relationship between alcohol consumption and pain catastrophizing in a way that is consistent with a directional causal link.
Step 5: Therefore, based on the current evidence, it is not accurate to claim that a change in Alcohol precedes and leads to a change in Catastrophizing.

Conclusion: No",False
15,Alcohol,Depression,True,"Reasoning Process:
Step 1: Alcohol consumption can have a direct impact on the central nervous system, which is responsible for mood regulation.
Step 2: Chronic alcohol consumption can lead to changes in brain chemistry, such as alterations in neurotransmitter levels, which are known to be associated with depression.
Step 3: There is a significant body of research that has established a link between alcohol consumption and depression, both in terms of causation and correlation.
Step 4: The PROMIS depression scale measures affective and cognitive manifestations of depression, which can be influenced by alcohol consumption.
Step 5: Given the above points, it is plausible that alcohol may have a causal relationship with depression, either directly or through one or more intermediate variables.

Conclusion: Yes",True,"Reasoning Process:
Step 1: Alcohol consumption (Alcohol) and PROMIS depression (Depression) are two distinct variables that can be measured and analyzed statistically.
Step 2: Research has consistently shown that there is a statistical association between alcohol consumption and depression. This association can be bidirectional, meaning that both heavy alcohol consumption and depression can influence each other.
Step 3: In the context of the question, a statistical association between Alcohol and Depression exists, as knowledge of one variable (alcohol consumption) can provide information about the other (depression).

Conclusion: Yes",True,"Reasoning Process:
Step 1: Alcohol consumption (Alcohol) can have an impact on a person's mental health, including their mood and cognitive functions.
Step 2: Depression (Depression) is a mental health disorder characterized by persistent feelings of sadness, hopelessness, and a lack of interest or pleasure in activities.
Step 3: There is evidence to suggest that heavy alcohol consumption can lead to or worsen symptoms of depression, such as feelings of sadness, anxiety, and hopelessness.
Step 4: However, it's important to note that the relationship between alcohol consumption and depression is complex and can be influenced by various factors, such as genetics, personal history, and social environment.
Step 5: In this context, the question asks for a causal relationship where a change in Alcohol precedes and leads to a change in Depression. While there is evidence to support this, it's crucial to consider that other factors may also play a role.
Step 6: Given the evidence and the complexity of the relationship, it's reasonable to conclude that there is a potential causal relationship between Alcohol and Depression, but it's not absolute.

Conclusion: Yes",False
16,Alcohol,Education,True,"Reasoning Process:
Step 1: Alcohol consumption can affect cognitive functions, such as memory and learning, which are crucial for education.
Step 2: Education level can be influenced by various factors, including cognitive functions, which alcohol consumption may impact.
Step 3: Therefore, it is theoretically possible that alcohol consumption could indirectly affect education level through its impact on cognitive functions.
Step 4: However, no direct causal relationship has been scientifically established between alcohol consumption and education level.
Step 5: It is also important to consider that many other factors, such as socioeconomic status, genetics, and personal choices, can influence both alcohol consumption and education level.
Step 6: Given the complexity of these factors and the lack of a direct causal relationship established in scientific literature, it is plausible that alcohol may have a causal relationship with education, but the relationship is likely indirect and mediated by other variables.

Conclusion: Yes",False,"Reasoning Process:
Step 1: Alcohol consumption and level of education are two distinct variables that can be measured independently.
Step 2: Association refers to any statistical dependency between two variables, regardless of strength or directionality, meaning that if knowledge of the value of one variable gives information about the other, they are said to be associated.
Step 3: In the absence of specific data or research findings, it is not possible to definitively state whether there is a statistical association between alcohol consumption and level of education.
Step 4: Therefore, based on the given information, it is not possible to conclude that there is an association between Alcohol and Education.

Conclusion: No",False,"Reasoning Process:
Step 1: Alcohol consumption (Alcohol) is a behavior that is not directly related to the level of education (Education) in a causal sense.
Step 2: While alcohol consumption can potentially affect cognitive abilities and decision-making, which in turn might indirectly influence education, there is no established causal link where alcohol consumption temporally precedes and directly leads to a change in education.
Step 3: In other words, while alcohol consumption might be a confounding factor, it does not typically precede and directly cause changes in education.

Conclusion: No",False
17,Alcohol,Fear_avoidance,True,"Reasoning Process:
Step 1: Alcohol consumption can affect an individual's physical and mental health, potentially leading to changes in behavior and attitudes.
Step 2: Fear avoidance is a psychological construct related to a patient's beliefs about physical activity and work, which may contribute to low back pain and resulting disability.
Step 3: There is evidence suggesting that alcohol consumption can lead to anxiety and depression, which in turn may increase fear avoidance beliefs.
Step 4: Additionally, alcohol consumption can impair cognitive function, which may lead to avoidance of physical activity due to perceived risk or discomfort.
Step 5: While a direct causal relationship between alcohol and fear avoidance may not be immediately apparent, there are plausible intermediate variables (anxiety, depression, and cognitive impairment) that could link the two.

Conclusion: Yes",False,"Reasoning Process:
Step 1: Alcohol consumption and fear avoidance are two distinct variables. Alcohol is a measure of the amount of alcohol a person consumes, while fear avoidance is a measure of a patient's fear avoidance beliefs about physical activity and work.
Step 2: To determine if there is an association between these two variables, we would typically look for a statistical relationship. This could be through correlation analysis, regression analysis, or other statistical methods.
Step 3: However, without specific data or research findings, it is not possible to definitively say whether there is a statistical association between alcohol consumption and fear avoidance.
Step 4: Therefore, based on the lack of specific data or research findings, we cannot conclude that there is a statistical association between Alcohol and Fear_avoidance.

Conclusion: No",False,"Reasoning Process:
Step 1: Alcohol consumption (Alcohol) is not directly related to fear avoidance (Fear_avoidance) as alcohol consumption does not inherently cause fear avoidance beliefs.
Step 2: However, alcohol consumption can indirectly affect fear avoidance through its impact on an individual's physical and mental health. For example, excessive alcohol consumption can lead to physical impairments, such as coordination problems, which may increase fear of physical activity and contribute to fear avoidance.
Step 3: Additionally, alcohol consumption can affect an individual's mental health, leading to anxiety and depression, which in turn can contribute to fear avoidance beliefs.
Step 4: However, it's important to note that the relationship between alcohol consumption, physical impairments, mental health issues, and fear avoidance is complex and multifactorial, and not all individuals who consume alcohol will develop fear avoidance beliefs.
Step 5: Furthermore, there is limited empirical evidence to support a direct causal relationship between alcohol consumption and fear avoidance, and more research is needed to fully understand this relationship.
Step 6: Given the above, it can be concluded that while alcohol consumption can indirectly influence fear avoidance through its impact on physical and mental health, there is no clear causal relationship where alcohol temporally precedes and leads to a change in fear avoidance in a way consistent with a directional causal link.

Conclusion: No",False
18,Alcohol,Financial_level,True,"Reasoning Process:
Step 1: Alcohol consumption can affect a person's financial level directly by increasing expenses due to the cost of alcohol itself.
Step 2: Alcohol consumption can also indirectly affect a person's financial level by leading to decreased productivity at work, resulting in lost income.
Step 3: Alcohol consumption can also lead to health problems, such as liver disease or addiction, which may require expensive medical treatment and further impact a person's financial level.
Step 4: Alcohol consumption can also lead to social problems, such as legal issues or relationship breakdowns, which can further impact a person's financial level.
Step 5: There is a well-established body of research demonstrating the negative effects of alcohol on various aspects of life, including health, work, and social relationships. This evidence supports the plausibility of a causal relationship between alcohol consumption and financial level.

Conclusion: Yes",False,"Reasoning Process:
Step 1: Alcohol consumption and financial level are two distinct variables that can be measured and compared.
Step 2: Statistical association refers to any relationship between two variables, regardless of the direction or strength of the relationship.
Step 3: In the absence of specific data or research findings, it is not possible to definitively state whether there is a statistical association between alcohol consumption and financial level.
Step 4: However, it is important to note that in some cases, there may be a correlation between the two variables. For example, some people may spend more on alcohol if they have a higher financial level, while others may drink less due to financial constraints.
Step 5: Without concrete evidence, it is not appropriate to make a definitive statement about the association between alcohol consumption and financial level.
Step 6: Therefore, the conclusion is that it is not possible to definitively say whether there is an association between Alcohol and Financial_level based on the given information.

Conclusion: No",False,"Reasoning Process:
Step 1: Alcohol consumption (Alcohol) is a behavior that can affect an individual's personal finances, but it is not a direct determinant of financial level (Financial_level).
Step 2: Indirect effects of Alcohol on Financial_level might occur through factors such as lost productivity, health issues, or legal problems, but these are not causal links where Alcohol temporally precedes Financial_level.
Step 3: Therefore, based on the given context, there is no causal relationship where a change in Alcohol precedes and leads to a change in Financial_level.

Conclusion: No",False
19,Alcohol,Obesity,True,"Reasoning Process:
Step 1: Alcohol consumption can lead to increased calorie intake, as alcoholic beverages often contain calories.
Step 2: Excess calorie intake can lead to weight gain, which is a characteristic of obesity.
Step 3: There is also evidence that alcohol can interfere with the body's ability to metabolize fat, potentially leading to weight gain.
Step 4: Additionally, alcohol can lead to poor food choices, such as consuming high-calorie, nutrient-poor foods, which can contribute to weight gain and obesity.
Step 5: Furthermore, alcohol can affect the hormones that regulate appetite, leading to increased hunger and potentially weight gain.
Step 6: Lastly, chronic alcohol consumption can lead to a sedentary lifestyle, which is a risk factor for obesity.
Step 7: Given these factors, it is plausible that alcohol may have a causal relationship with obesity.

Conclusion: Yes",True,"Reasoning Process:
Step 1: Alcohol consumption and obesity are two distinct variables that can be measured and quantified.
Step 2: Research has been conducted to investigate the relationship between alcohol consumption and obesity.
Step 3: In these studies, statistical methods are used to determine if there is a significant association between the two variables.
Step 4: If the results of these studies show that there is a significant relationship between alcohol consumption and obesity, we can say that there is an association between the two variables.
Step 5: The existence of such a relationship can be due to various factors, such as lifestyle choices, genetics, or other confounding variables.
Step 6: Given the extensive research conducted in this field, it is reasonable to assume that the association (if any) between alcohol consumption and obesity has been studied and reported in the scientific literature.
Step 7: To determine the association between alcohol consumption and obesity, we would need to review the relevant scientific literature and analyze the findings.
Step 8: Based on the available scientific evidence, we can conclude whether there is a statistical association between alcohol consumption and obesity.

Conclusion: Yes",False,"Reasoning Process:
Step 1: Alcohol consumption can lead to weight gain due to increased calorie intake, especially when alcoholic beverages are high in sugar and calories.
Step 2: However, it's important to note that alcohol can also suppress appetite and lead to weight loss in the short term, but this is often followed by rebound weight gain due to increased calorie intake when normal eating resumes.
Step 3: Obesity is primarily a result of long-term energy imbalance between calories consumed and calories expended.
Step 4: While alcohol can contribute to weight gain, it does not necessarily precede and directly lead to obesity in a causal relationship, as other factors such as diet, physical activity, genetics, and lifestyle play significant roles in obesity development.
Step 5: Therefore, while alcohol consumption may be a contributing factor to weight gain and, by extension, obesity, it does not establish a clear causal relationship where alcohol temporally precedes and influences obesity in a way consistent with a directional causal link.
Step 6: In conclusion, there is a correlation between alcohol consumption and obesity, but the relationship is not causal in the sense that alcohol directly precedes and leads to obesity.

Conclusion: No",False
20,Alcohol,PEG,True,"Reasoning Process:
Step 1: Alcohol consumption can affect various bodily functions, including the central nervous system and brain, which are involved in the perception and management of pain.
Step 2: Chronic low back pain is a condition that involves the central nervous system and brain, and its management is often affected by various factors, including psychological and physiological factors.
Step 3: There is evidence suggesting that alcohol can exacerbate pain sensitivity and contribute to the development of chronic pain conditions, such as fibromyalgia, by altering the brain's pain processing mechanisms.
Step 4: The PEG score is a measure of pain interference and pain intensity due to chronic low back pain, which is a condition that can be affected by alcohol consumption.
Step 5: Given the above points, it is plausible that alcohol may have a causal relationship with PEG, either directly or through one or more intermediate variables.

Conclusion: Yes",False,"Reasoning Process:
Step 1: The question asks if there is a statistical association between Alcohol and PEG, which refers to any dependency between the two variables, regardless of strength or directionality.
Step 2: Alcohol consumption (number of drinks per week) and the PEG score (a measure of pain interference and pain intensity due to chronic low back pain) are two distinct variables.
Step 3: Without specific data or research to support a statistical relationship between these two variables, it is not possible to definitively say whether they are associated.
Step 4: In the absence of evidence, it is reasonable to assume that there may or may not be an association between Alcohol and PEG, as the question does not specify a particular direction or strength of association.

Conclusion: No",False,"Reasoning Process:
Step 1: Alcohol consumption (Alcohol) is not a direct cause of the PEG score, as the PEG score is a measure of pain interference and pain intensity due to chronic low back pain, and alcohol consumption does not directly affect the physical condition of the back.
Step 2: However, alcohol consumption can indirectly affect the PEG score through various intermediate variables. For example, alcohol can lead to poor sleep quality, which in turn can exacerbate chronic pain and increase the PEG score. Alcohol can also lead to poor nutrition, reduced physical activity, and increased stress, all of which can contribute to an increase in the PEG score.
Step 3: Additionally, alcohol can affect the individual's ability to manage their pain effectively, as it can impair judgment and decision-making, leading to a failure to adhere to pain management plans, which can increase pain interference and pain intensity, as measured by the PEG score.
Step 4: In conclusion, while there is no direct causal relationship between alcohol consumption (Alcohol) and the PEG score, there are several indirect paths through which alcohol consumption can influence the PEG score.
Step 5: Therefore, it is reasonable to say that a change in Alcohol can lead to a change in PEG, but this relationship is indirect and not direct.

Conclusion: No",True
21,Alcohol,Sleep disturbance,True,"Reasoning Process:
Step 1: Alcohol consumption can affect the central nervous system and brain chemistry, which are crucial for sleep regulation.
Step 2: Excessive alcohol consumption can lead to sleep disturbances such as insomnia, sleep apnea, and restless sleep, as it disrupts the sleep cycle and REM sleep.
Step 3: There is a significant body of scientific evidence supporting the relationship between alcohol consumption and sleep disturbances.
Step 4: The relationship between alcohol and sleep disturbances is also supported by theoretical considerations, as both share common underlying mechanisms such as neurotransmitter imbalances.

Conclusion: Yes",True,"Reasoning Process:
Step 1: Alcohol consumption (Alcohol) and sleep disturbance (Sleep disturbance) are two separate variables that can be measured and analyzed statistically.
Step 2: If there is a statistical relationship between Alcohol and Sleep disturbance, it means that changes in one variable can provide some information about the other variable.
Step 3: Research has shown that alcohol consumption can affect sleep quality and sleep patterns, leading to sleep disturbances. Conversely, sleep disturbances can also lead to increased alcohol consumption as a means to help sleep.
Step 4: Given the known relationship between alcohol consumption and sleep disturbance, it is reasonable to conclude that there is a statistical association between the two variables.

Conclusion: Yes",True,"Reasoning Process:
Step 1: Alcohol consumption can affect sleep quality and quantity due to its depressant effects on the central nervous system.
Step 2: Increased alcohol consumption can lead to sleep disturbances such as insomnia, sleep apnea, and restless sleep.
Step 3: There is a temporal relationship between alcohol consumption and sleep disturbance, as alcohol is typically consumed in the evening and can affect sleep that night.
Step 4: The relationship between alcohol and sleep disturbance is supported by numerous studies and is well-established in the medical literature.

Conclusion: Yes",False
22,Alcohol,Smoking,True,"Reasoning Process:
Step 1: Alcohol consumption can lead to a decrease in inhibitions, which may increase the likelihood of an individual taking up smoking as a result of peer pressure or other social factors.
Step 2: Alcohol consumption can also lead to a decrease in self-control, which may make it more difficult for an individual to quit smoking if they are already smoking.
Step 3: There are also potential biological mechanisms by which alcohol consumption could affect smoking, such as changes in the brain's reward system that make smoking more pleasurable.
Step 4: Additionally, there is evidence that alcohol and nicotine have synergistic effects on the brain, which could potentially increase the addictive potential of both substances.
Step 5: While the relationship between alcohol and smoking is complex and multifaceted, there is enough evidence to suggest that a causal relationship is plausible.

Conclusion: Yes",True,"Reasoning Process:
Step 1: Alcohol and Smoking are two separate variables, each with their own independent definitions.
Step 2: Association refers to a statistical dependency between two variables, regardless of strength or directionality.
Step 3: To determine if there is an association between Alcohol and Smoking, we need to consider if knowledge of one variable gives information about the other.
Step 4: In many studies, it has been shown that there is a strong statistical association between alcohol consumption and smoking. For example, smokers are more likely to drink alcohol, and heavy drinkers are more likely to smoke.
Step 5: Therefore, based on the given definition of association, there is an association between Alcohol and Smoking.

Conclusion: Yes",False,"Reasoning Process:
Step 1: Alcohol consumption and smoking are two separate behaviors that are not inherently linked in a causal relationship.
Step 2: While it is possible for some individuals to use alcohol as a means to cope with stress or anxiety, leading to an increase in smoking, this is not a causal relationship where alcohol temporally precedes and directly influences smoking.
Step 3: There are no established intermediate variables that would definitively link alcohol consumption to smoking in a causal relationship.
Step 4: In the absence of a direct, temporally preceding causal link and the lack of established intermediate variables, it is reasonable to conclude that there is no causal relationship between alcohol consumption and smoking.

Conclusion: No",False
23,Anxiety,Alcohol,True,"Reasoning Process:
Step 1: Anxiety, as defined, includes symptoms such as fear, worry, feelings of panic, and hyperarousal (tension, nervousness, restlessness). These symptoms can potentially lead to increased alcohol consumption as a coping mechanism or as a means to alleviate the symptoms of anxiety.
Step 2: Alcohol can also contribute to anxiety in various ways, such as by increasing heart rate, causing sleep disturbances, and exacerbating feelings of anxiety and panic. This creates a feedback loop where anxiety can lead to increased alcohol consumption, and alcohol can in turn worsen anxiety symptoms.
Step 3: Furthermore, there are numerous studies that have found a correlation between anxiety and alcohol consumption, suggesting a potential causal relationship. For example, individuals with anxiety disorders are more likely to have higher rates of alcohol use and alcohol use disorders.
Step 4: Given the above points, it is plausible that Anxiety may have a causal relationship with Alcohol, either directly or through one or more intermediate variables.

Conclusion: Yes",False,"Reasoning Process:
Step 1: The definition of association states that if knowledge of the value of one variable gives information about the other, they are said to be associated. In this case, if knowledge of the level of anxiety (anxiety) provides information about the amount of alcohol consumption (alcohol), or vice versa, then they are associated.
Step 2: The PROMIS anxiety scale measures fear, anxious misery, hyperarousal, and somatic symptoms related to arousal. However, it does not directly measure alcohol consumption. Therefore, it is not immediately clear if knowledge of anxiety levels provides information about alcohol consumption.
Step 3: Research has shown that alcohol consumption can increase anxiety levels, and chronic alcohol use can lead to anxiety disorders. However, the relationship is complex and not always straightforward, as some people may use alcohol to self-medicate anxiety symptoms.
Step 4: On the other hand, anxiety does not directly cause alcohol consumption. While stress and anxiety can lead to increased alcohol consumption in some individuals, it is not a causal relationship in all cases.
Step 5: Given the complex and multifaceted relationship between anxiety and alcohol, it is difficult to definitively say that there is a clear statistical association between the two variables. The relationship may vary greatly among individuals, and further research is needed to fully understand the association.
Step 6: In conclusion, while there is evidence suggesting a relationship between anxiety and alcohol, the relationship is complex and not always straightforward. Therefore, it is not possible to definitively say that there is a statistical association between the two variables.

Conclusion: No",False,"Reasoning Process:
Step 1: Anxiety, as defined, includes symptoms such as fear, worry, feelings of panic, and hyperarousal. These symptoms can potentially lead to increased stress levels.
Step 2: Increased stress levels can potentially lead to coping mechanisms, one of which may be alcohol consumption.
Step 3: However, it's important to note that correlation does not imply causation. There may be other factors involved in the relationship between Anxiety and Alcohol consumption.
Step 4: Without specific data or a controlled study, it's not possible to definitively establish a causal relationship between Anxiety and Alcohol consumption.
Step 5: Therefore, based on the given information, we cannot conclusively say that a change in Anxiety precedes and leads to a change in Alcohol consumption.

Conclusion: No",True
24,Anxiety,CCI,True,"Reasoning Process:
Step 1: Anxiety, as defined, includes symptoms such as tension, nervousness, and restlessness, which are similar to symptoms associated with multiple health conditions. This suggests a potential link between anxiety and the development of comorbidities.
Step 2: Furthermore, anxiety is often associated with stress, which can exacerbate or lead to various health conditions. This indirectly supports the plausibility of a causal relationship between anxiety and CCI.
Step 3: Additionally, research has shown that anxiety disorders are commonly comorbid with other mental and physical health conditions. This supports the idea that anxiety may have a causal relationship with CCI, either directly or through intermediate variables.
Step 4: Lastly, the CCI is a measure of the number of comorbidities, suggesting that it is designed to capture the presence of multiple health conditions. Given the nature of anxiety and its association with various health conditions, it is plausible that anxiety may contribute to an increase in the CCI.

Conclusion: Yes",False,"Reasoning Process:
Step 1: The PROMIS anxiety variable focuses on fear, anxious misery, hyperarousal, and somatic symptoms related to arousal. These symptoms can be subjective and vary greatly among individuals, making it difficult to establish a direct statistical association with a comorbidity index (CCI) which measures the number of comorbidities.
Step 2: While it is possible that anxiety could potentially influence the number of comorbidities a person has, or vice versa, the nature of the PROMIS anxiety variable and the CCI make it challenging to establish a clear, direct statistical association between the two.
Step 3: Without specific data or a study demonstrating a significant statistical association between PROMIS anxiety and CCI, it is not possible to definitively say that there is an association between the two variables.

Conclusion: No",False,"Reasoning Process:
Step 1: Anxiety, as defined, includes symptoms such as fear, worry, feelings of panic, and somatic symptoms related to arousal. These symptoms can potentially lead to various health issues, which are often referred to as comorbidities.
Step 2: CCI, on the other hand, is a comorbidity index that measures the number of comorbidities a person has. It does not directly include anxiety as a variable.
Step 3: While it is possible that anxiety can lead to an increase in the number of comorbidities, there is no direct causal relationship between anxiety and the CCI score itself, as the CCI does not account for anxiety as a variable.
Step 4: Therefore, based on the given definitions, it cannot be concluded that a change in Anxiety precedes and leads to a change in CCI in a way consistent with a directional causal link.

Conclusion: No",True
25,Anxiety,Catastrophizing,True,"Reasoning Process:
Step 1: Anxiety, as defined, includes symptoms such as fear, worry, feelings of panic, and hyperarousal. These symptoms can lead to an increased state of tension, nervousness, and restlessness.
Step 2: Catastrophizing, as defined, involves magnifying the threat value of a pain stimulus, feeling helpless in the presence of pain, and an inability to prevent or inhibit pain-related thoughts. This can lead to a state of heightened emotional and physical arousal.
Step 3: Given that both Anxiety and Catastrophizing can lead to a state of heightened arousal, it is plausible that an individual experiencing high levels of anxiety might also exhibit catastrophizing behaviors as a coping mechanism or as a result of the increased arousal state.
Step 4: Furthermore, the inability to prevent or inhibit pain-related thoughts, as seen in catastrophizing, can exacerbate anxiety symptoms, creating a feedback loop where one condition worsens the other.
Step 5: Therefore, it is plausible that Anxiety may have a causal relationship with Catastrophizing, either directly or through the intermediate variable of heightened arousal state.

Conclusion: Yes",True,"Reasoning Process:
Step 1: The PROMIS anxiety variable focuses on fear, anxious misery, hyperarousal, and somatic symptoms related to arousal. Pain catastrophizing score is characterized by the tendency to magnify the threat value of a pain stimulus, feeling helpless in the presence of pain, and a relative inability to prevent or inhibit pain-related thoughts.
Step 2: Both anxiety and pain catastrophizing involve emotional and cognitive responses to stressors, and they are often interconnected in individuals experiencing chronic pain.
Step 3: Research has consistently shown a significant positive correlation between anxiety and pain catastrophizing, meaning that higher levels of anxiety are associated with higher levels of pain catastrophizing.
Step 4: Since there is a statistical dependency between anxiety and pain catastrophizing, we can conclude that they are associated.

Conclusion: Yes",False,"Reasoning Process:
Step 1: The PROMIS anxiety variable focuses on fear, anxious misery, hyperarousal, and somatic symptoms related to arousal. These symptoms can include tension, nervousness, restlessness, and cardiovascular symptoms.
Step 2: Pain catastrophizing score is characterized by the tendency to magnify the threat value of a pain stimulus, feel helpless in the presence of pain, and have a relative inability to prevent or inhibit pain-related thoughts.
Step 3: There is no explicit mention of a direct causal relationship between Anxiety and Catastrophizing in the provided definitions. However, it is plausible that high levels of anxiety could lead to increased pain catastrophizing due to the shared symptom of tension and nervousness.
Step 4: To establish a causal relationship, we would need evidence showing that changes in Anxiety levels precede changes in Catastrophizing levels, and that this relationship is consistent over time and across different individuals.
Step 5: Without such evidence, it is not possible to definitively state that there is a causal relationship between Anxiety and Catastrophizing.
Step 6: Therefore, based on the provided definitions and the lack of evidence for a causal relationship, the conclusion is that there is no definitive causal relationship between Anxiety and Catastrophizing.

Conclusion: No",False
26,Anxiety,Depression,True,"Reasoning Process:
Step 1: Anxiety and Depression are both mental health conditions that often co-occur, with a high comorbidity rate.
Step 2: Anxiety can lead to feelings of hopelessness, helplessness, and persistent negative thoughts, which are symptoms of Depression.
Step 3: Depression can also lead to increased anxiety, as individuals with Depression may worry about their symptoms and the future.
Step 4: There is a significant body of research that supports the existence of a bidirectional relationship between Anxiety and Depression, with each condition potentially influencing the other.
Step 5: Given the shared symptoms and the evidence of a bidirectional relationship, it is plausible that Anxiety may have a causal relationship with Depression, either directly or through one or more intermediate variables.

Conclusion: Yes",True,"Reasoning Process:
Step 1: The PROMIS anxiety variable focuses on fear, anxious misery, hyperarousal, and somatic symptoms related to arousal. The PROMIS depression variable focuses on affective and cognitive manifestations of depression.
Step 2: While both anxiety and depression are mental health conditions, they have distinct characteristics and symptoms. However, it is common for individuals to experience both anxiety and depression concurrently, a condition known as comorbidity.
Step 3: In the context of the question, if there is a statistical association between anxiety and depression, it means that knowledge of the value of one variable gives information about the other. Given the high prevalence of comorbidity between anxiety and depression, it is reasonable to assume that there is a statistical association between the two variables.
Step 4: Therefore, based on the given information, it can be inferred that there is a statistical association between Anxiety and Depression.

Conclusion: Yes",False,"Reasoning Process:
Step 1: The PROMIS anxiety definition includes symptoms such as fear, worry, feelings of panic, anxious misery, hyperarousal, tension, nervousness, restlessness, and somatic symptoms related to arousal. These symptoms can significantly impact a person's emotional state and well-being.
Step 2: The PROMIS depression definition focuses on the affective and cognitive manifestations of depression. These can include feelings of sadness, hopelessness, and a lack of interest or pleasure in activities, among others.
Step 3: While it is common for anxiety and depression to co-occur, there is no definitive evidence that a change in anxiety always precedes and leads to a change in depression. The relationship between the two is complex and can be influenced by a variety of factors, including genetics, environment, and personal experiences.
Step 4: In the absence of a clear causal relationship, it is not possible to definitively state that anxiety temporally precedes and influences depression in a way consistent with a directional causal link.
Step 5: Therefore, based on the given definitions and the lack of a clear causal relationship, the conclusion is that there is not a causal relationship where a change in Anxiety precedes and leads to a change in Depression.

Conclusion: No",False
27,Anxiety,Education,True,"Reasoning Process:
Step 1: Anxiety and Education are two distinct concepts, with Anxiety being a psychological condition and Education being a level of formal learning. However, it is known that stress and anxiety can affect an individual's ability to focus, learn, and perform academically.
Step 2: Research has shown that chronic stress and anxiety can have negative effects on cognitive functions such as memory, attention, and decision-making, which are crucial for learning and academic performance. Therefore, it is plausible that a high level of anxiety could indirectly affect Education.
Step 3: Furthermore, it is also possible that there could be a direct relationship between Anxiety and Education, as individuals with higher levels of education may have a better understanding of their anxiety and how to manage it, potentially leading to lower levels of anxiety.
Step 4: While the relationship may not be straightforward, it is plausible that Anxiety and Education could have a causal relationship, either directly or through intermediate variables, based on the known effects of stress and anxiety on cognitive functions and the potential for education to influence anxiety management.

Conclusion: Yes",False,"Reasoning Process:
Step 1: The definition of association states that if knowledge of the value of one variable gives information about the other, they are said to be associated. In this case, if knowing someone's level of education (Education) provides any information about their anxiety levels (Anxiety), then they are associated.
Step 2: The PROMIS anxiety scale measures fear, anxious misery, hyperarousal, and somatic symptoms related to arousal. These symptoms can be influenced by various factors, including mental health conditions, lifestyle, and environmental factors. However, there is no inherent reason to believe that education level would directly influence these symptoms, as they are primarily psychological and physiological in nature.
Step 3: Therefore, based on the given information, it is not reasonable to assume that there is a statistical association between Anxiety and Education.

Conclusion: No",False,"Reasoning Process:
Step 1: The PROMIS anxiety measure focuses on fear, anxious misery, hyperarousal, and somatic symptoms related to arousal. These symptoms do not directly influence a person's level of education.
Step 2: Education is not typically influenced by emotional states or physiological responses, such as those associated with anxiety. Education is more related to cognitive development, learning, and formal schooling.
Step 3: There is no established causal relationship in the scientific literature that suggests a change in anxiety precedes and leads to a change in education, either directly or through intermediate variables.

Conclusion: No",False
28,Anxiety,Fear_avoidance,True,"Reasoning Process:
Step 1: Anxiety, as defined, includes symptoms such as fear, worry, feelings of panic, and hyperarousal. These symptoms are closely related to fear and apprehension, which are key components of fear avoidance.
Step 2: Fear avoidance, as defined, focuses on a patient's fear avoidance beliefs about physical activity and work, which may be influenced by their overall level of anxiety and fear.
Step 3: Given the overlap in symptoms and the potential influence of anxiety on fear avoidance beliefs, it is plausible that Anxiety may have a causal relationship with Fear_avoidance.

Conclusion: Yes",False,"Reasoning Process:
Step 1: The PROMIS anxiety questionnaire focuses on fear, anxious misery, hyperarousal, and somatic symptoms related to arousal, which may include physical symptoms that could be associated with fear avoidance.
Step 2: Fear avoidance, on the other hand, specifically focuses on a patient's fear avoidance beliefs about physical activity and work, which may not necessarily overlap with the symptoms measured by the PROMIS anxiety questionnaire.
Step 3: However, it is possible that there could be an indirect association between the two variables, as high levels of anxiety could potentially lead to fear avoidance beliefs, and vice versa. But, without specific research or data, it is not possible to definitively say that there is a direct statistical association between the two variables.
Step 4: Therefore, based on the given definitions, it is not possible to definitively say that there is a statistical association between Anxiety and Fear_avoidance.

Conclusion: No",False,"Reasoning Process:
Step 1: The PROMIS anxiety questionnaire focuses on fear, anxious misery, hyperarousal, and somatic symptoms related to arousal. These symptoms can include tension, nervousness, restlessness, and cardiovascular symptoms.
Step 2: Fear avoidance questionnaire specifically focuses on how a patient's fear avoidance beliefs about physical activity and work may affect and contribute to their low back pain and resulting disability.
Step 3: There is no direct causal relationship mentioned in the definitions of either anxiety or fear avoidance that suggests a temporal precedence of anxiety leading to fear avoidance.
Step 4: However, it is possible that anxiety could indirectly influence fear avoidance through various intermediate variables such as increased worry about physical activity, avoidance of activities that trigger anxiety, or the development of negative beliefs about one's ability to handle physical activity due to anxiety.
Step 5: Without specific evidence or a causal model, it is not possible to definitively state that anxiety temporally precedes and influences fear avoidance in a way consistent with a directional causal link.

Conclusion: No",False
29,Anxiety,Financial_level,True,"Reasoning Process:
Step 1: Anxiety is a psychological condition that can be influenced by various factors, including stress, which is often related to financial concerns.
Step 2: Financial level can be a source of stress, as it can impact an individual's ability to meet basic needs, pay bills, and plan for the future, all of which can contribute to feelings of anxiety.
Step 3: Therefore, it is plausible that a causal relationship may exist between Anxiety and Financial_level, as financial stress can potentially lead to or exacerbate anxiety symptoms.

Conclusion: Yes",True,"Reasoning Process:
Step 1: The definition of association states that if knowledge of one variable gives information about the other, they are said to be associated. In this case, if there is a statistical relationship between Anxiety and Financial_level, it means that knowing someone's financial level could potentially give information about their anxiety level, or vice versa.
Step 2: Research in the field of psychology and health care has shown that there can be a correlation between anxiety and various factors, including socioeconomic status, which is often represented by financial level. However, it's important to note that correlation does not imply causation.
Step 3: Given the evidence that there can be a correlation between anxiety and socioeconomic status, and the fact that financial level is a proxy for socioeconomic status, it is reasonable to assume that there could be a statistical association between Anxiety and Financial_level.

Conclusion: Yes",False,"Reasoning Process:
Step 1: The PROMIS anxiety variable focuses on fear, anxious misery, hyperarousal, and somatic symptoms related to arousal. These symptoms are psychological and emotional in nature, and do not directly influence financial level.
Step 2: Financial level is a measure of a person's financial situation, which is typically influenced by factors such as income, employment, savings, and debt, among others. These factors are not directly related to psychological or emotional states.
Step 3: In the absence of any specific intermediate variables that could link anxiety and financial level, there is no evidence to suggest a causal relationship where a change in Anxiety precedes and leads to a change in Financial_level.
Step 4: To establish a causal relationship, we would need to identify a mechanism or intermediate variable that connects anxiety and financial level, and demonstrate that changes in anxiety precede changes in this intermediate variable, which in turn lead to changes in financial level.
Step 5: Without such a mechanism or intermediate variable, it is not possible to conclude that there is a causal relationship between Anxiety and Financial_level.
Step 6: Therefore, based on the given definitions and the lack of a demonstrated mechanism or intermediate variable, it is not possible to conclude that there is a causal relationship between Anxiety and Financial_level.

Conclusion: No",False
30,Anxiety,Obesity,True,"Reasoning Process:
Step 1: Anxiety, as defined, includes symptoms such as hyperarousal, tension, and nervousness, which are all related to increased energy expenditure and metabolic rate. This could potentially lead to weight loss if sustained over a long period.
Step 2: However, the PROMIS anxiety scale also includes somatic symptoms related to arousal, such as cardiovascular symptoms and dizziness. These symptoms could potentially lead to a decrease in physical activity due to discomfort or fatigue, which could contribute to weight gain.
Step 3: Obesity, on the other hand, is typically associated with a sedentary lifestyle, poor diet, and genetic factors. These factors are not directly related to anxiety, but they can contribute to weight gain.
Step 4: There is also evidence to suggest that anxiety can lead to emotional eating, a coping mechanism where individuals consume food to deal with negative emotions. This could potentially lead to weight gain.
Step 5: However, it's important to note that the relationship between anxiety and obesity is complex and multifactorial, and the causality is not straightforward. There are many other factors that can influence both anxiety and obesity, such as stress, sleep quality, and mental health.
Step 6: Given the evidence and the complexity of the relationship, it is plausible that anxiety may have a causal relationship with obesity, either directly or through one or more intermediate variables.

Conclusion: Yes",True,"Reasoning Process:
Step 1: Anxiety, as defined, includes symptoms such as tension, nervousness, and restlessness, which can be subjective and difficult to measure objectively. Obesity, on the other hand, is typically measured by BMI or weight. However, there have been numerous studies that have found a correlation between anxiety and obesity.
Step 2: These studies have shown that individuals with anxiety are more likely to engage in unhealthy behaviors such as emotional eating, leading to weight gain and obesity. Conversely, obesity can also lead to anxiety due to social stigma, poor self-image, and health concerns.
Step 3: Given the evidence of a correlation between anxiety and obesity, it can be inferred that there is an association between the two variables.

Conclusion: Yes",False,"Reasoning Process:
Step 1: Anxiety, as defined, includes symptoms such as fear, worry, feelings of panic, and hyperarousal, which are not directly related to weight or BMI.
Step 2: Obesity, on the other hand, is related to weight or BMI, and being overweight or obese can lead to various health issues, but it is not a direct result of anxiety.
Step 3: There is no evidence to suggest that anxiety temporally precedes and influences obesity in a way consistent with a directional causal link.
Step 4: Therefore, based on the given definitions, there is no causal relationship where a change in Anxiety precedes and leads to a change in Obesity.

Conclusion: No",False
31,Anxiety,PEG,True,"Reasoning Process:
Step 1: Anxiety, as defined, includes symptoms such as fear, worry, feelings of panic, and hyperarousal, which can lead to physical symptoms like tension, nervousness, restlessness, and cardiovascular symptoms. These symptoms can potentially exacerbate or contribute to the perception of pain.
Step 2: PEG score, on the other hand, measures pain interference and pain intensity due to chronic low back pain. While the score does not directly measure anxiety, the physical symptoms associated with anxiety, such as tension and cardiovascular symptoms, could potentially influence the PEG score.
Step 3: Therefore, it is plausible that Anxiety may have a causal relationship with PEG, either directly or through one or more intermediate variables, as the symptoms associated with anxiety could potentially exacerbate or contribute to the perception of pain, which is what the PEG score measures.

Conclusion: Yes",False,"Reasoning Process:
Step 1: The PROMIS anxiety variable focuses on fear, anxious misery, hyperarousal, and somatic symptoms related to arousal. The PEG score measures pain interference and pain intensity due to chronic low back pain.
Step 2: There is no direct mention or implication in the given definitions that the PROMIS anxiety variable and the PEG score are statistically associated.
Step 3: To establish a statistical association, there would need to be research or evidence demonstrating that knowledge of one variable (anxiety) gives information about the other (PEG score), or vice versa.
Step 4: However, the given definitions do not provide any such evidence or research, and it is not possible to determine a statistical association based solely on the definitions.

Conclusion: No",False,"Reasoning Process:
Step 1: The PROMIS anxiety measure focuses on fear, anxious misery, hyperarousal, and somatic symptoms related to arousal. These symptoms do not directly relate to chronic low back pain as measured by the PEG score.
Step 2: There is no evidence provided in the question that suggests an intermediate variable exists that could link Anxiety and PEG in a causal relationship.
Step 3: Without a direct or indirect causal link between Anxiety and PEG, it is not possible for Anxiety to temporally precede and influence PEG in a way consistent with a directional causal link.

Conclusion: No",True
32,Anxiety,Sleep disturbance,True,"Reasoning Process:
Step 1: Anxiety, as defined, includes symptoms such as tension, nervousness, restlessness, and cardiovascular symptoms, which are all physical states that can potentially interfere with sleep quality and quantity.
Step 2: Sleep disturbance, as defined, refers to self-reported perceptions of sleep quality, sleep depth, and restoration associated with sleep. These perceptions can be influenced by various factors, including physical states such as tension and restlessness, which are symptoms of anxiety.
Step 3: Given the overlap in symptoms between anxiety and sleep disturbance, it is plausible that anxiety may have a causal relationship with sleep disturbance, either directly or through one or more intermediate variables.

Conclusion: Yes",True,"Reasoning Process:
Step 1: Anxiety, as defined, includes symptoms such as tension, nervousness, and restlessness, which are similar to symptoms associated with sleep disturbance.
Step 2: Sleep disturbance, as defined, includes self-reported perceptions of sleep quality, sleep depth, and restoration associated with sleep, which can be affected by feelings of tension, nervousness, and restlessness, as seen in anxiety.
Step 3: Given the overlap in symptoms between Anxiety and Sleep disturbance, it is reasonable to expect a statistical association between the two variables.

Conclusion: Yes",False,"Reasoning Process:
Step 1: The PROMIS anxiety scale focuses on fear, anxious misery, hyperarousal, and somatic symptoms related to arousal. These symptoms can include cardiovascular symptoms and dizziness, which are physical sensations that could potentially disrupt sleep.
Step 2: Sleep disturbance, on the other hand, assesses self-reported perceptions of sleep quality, sleep depth, and restoration associated with sleep. It is a summary score on the general perception of sleep quality.
Step 3: While there is a potential for anxiety to indirectly influence sleep disturbance through the physical symptoms it can cause, there is no definitive evidence to suggest a direct causal relationship where anxiety temporally precedes and leads to sleep disturbance consistently.
Step 4: The causal relationship between anxiety and sleep disturbance is complex and multifactorial, with numerous intermediate variables that could potentially mediate or moderate this relationship. These variables include, but are not limited to, stress, depression, and certain medications.
Step 5: In the absence of a clear temporal precedence and consistent directional causal link, it is not possible to definitively state that anxiety causes sleep disturbance.
Step 6: Therefore, based on the given context and definitions, the conclusion is that there is not a causal relationship where a change in Anxiety precedes and leads to a change in Sleep disturbance.

Conclusion: No",False
33,Anxiety,Smoking,True,"Reasoning Process:
Step 1: Smoking is known to have a negative impact on overall health and well-being, causing stress on various organs and systems in the body.
Step 2: Anxiety, as defined, includes symptoms such as tension, nervousness, restlessness, and cardiovascular symptoms, which are similar to some of the effects of smoking.
Step 3: It is plausible that the stress and physical symptoms associated with anxiety could potentially lead to an individual turning to smoking as a coping mechanism.
Step 4: Additionally, the nicotine in cigarettes can act as a stimulant, potentially exacerbating anxiety symptoms.
Step 5: While the relationship between anxiety and smoking is complex and influenced by many factors, it is plausible that there is a causal relationship, either directly or through intermediate variables.

Conclusion: Yes",True,"Reasoning Process:
Step 1: The PROMIS anxiety variable focuses on fear, anxious misery, hyperarousal, and somatic symptoms related to arousal. Smoking, on the other hand, is the action or habit of inhaling and exhaling the smoke of tobacco.
Step 2: The question asks if there is a statistical association between the two variables, Anxiety and Smoking.
Step 3: Statistical association refers to any dependency between two variables, regardless of strength or directionality. If knowledge of the value of one variable gives information about the other, they are said to be associated.
Step 4: Research has shown that smoking can lead to increased levels of anxiety and stress, and that people who smoke are more likely to experience anxiety disorders. Conversely, anxiety can also lead to increased smoking as a coping mechanism.
Step 5: Given the bidirectional relationship between smoking and anxiety, it can be inferred that there is a statistical association between the two variables.

Conclusion: Yes",False,"Reasoning Process:
Step 1: Anxiety, as defined, includes symptoms such as fear, worry, feelings of panic, and hyperarousal. These symptoms are psychological in nature and do not directly cause physical actions like smoking.
Step 2: Smoking, as defined, is a physical action that requires the individual to physically perform the act of inhaling and exhaling tobacco smoke. It is not directly caused by psychological factors such as anxiety.
Step 3: While it is true that some people may turn to smoking as a coping mechanism for anxiety, this does not establish a causal relationship. A causal relationship requires that the change in anxiety must precede and directly lead to the change in smoking, which is not the case in this scenario.
Step 4: In conclusion, there is no causal relationship where a change in Anxiety precedes and leads to a change in Smoking.
Step 5: The question asks for a directional causal link, meaning that the change in anxiety must precede the change in smoking. In this case, since smoking does not occur before anxiety, there is no causal relationship.

Conclusion: No",True
34,CCI,Alcohol,True,"Reasoning Process:
Step 1: CCI is a measure of the number of comorbidities a person has. Comorbidities are the presence of one or more additional diseases or disorders co-occurring with a primary health condition.
Step 2: Alcohol consumption can lead to various health problems, such as liver disease, heart disease, and mental health disorders. These are all conditions that could potentially be included in a CCI.
Step 3: Therefore, it is plausible that a higher alcohol consumption could lead to an increase in the CCI, as alcohol consumption can contribute to the development of multiple comorbidities.

Conclusion: Yes",False,"Reasoning Process:
Step 1: The definition of association states that if knowledge of one variable gives information about the other, they are said to be associated. In this case, if knowledge of a person's CCI (comorbidity index) gives information about their alcohol consumption, or vice versa, then they are associated.
Step 2: However, the question does not provide any specific data or research results to support the existence of such an association. Therefore, we cannot definitively say whether there is an association between CCI and Alcohol based on the given information.
Step 3: Since we cannot definitively say whether there is an association, the conclusion must be False.

Conclusion: No",False,"Reasoning Process:
Step 1: The CCI is a comorbidity index that measures the number of comorbidities a patient has. It does not directly relate to alcohol consumption.
Step 2: Alcohol consumption is not a comorbidity and is not directly measured by the CCI.
Step 3: Therefore, without specific intermediate variables or evidence of a causal relationship between CCI and alcohol consumption, it is not possible to establish a causal relationship where a change in CCI precedes and leads to a change in Alcohol.
Step 4: In the absence of such evidence, the conclusion is that there is no causal relationship between CCI and Alcohol.

Conclusion: No",False
35,CCI,Anxiety,True,"Reasoning Process:
Step 1: CCI is a measure of the number of comorbidities a person has. Comorbidities are the presence of one or more additional diseases or disorders co-occurring with a primary health condition.
Step 2: Anxiety is a mental health disorder characterized by feelings of worry, fear, and apprehension that are strong enough to interfere with a person's daily life.
Step 3: It is well-established in the medical literature that various physical health conditions can lead to or exacerbate mental health disorders, including anxiety.
Step 4: For example, chronic pain, which is often included in CCI, can lead to feelings of anxiety due to the discomfort and uncertainty it brings.
Step 5: Additionally, the presence of multiple comorbidities (as measured by a higher CCI score) may increase the overall stress and burden on an individual, potentially leading to or worsening anxiety.
Step 6: Therefore, it is plausible that CCI may have a causal relationship with anxiety, either directly or through one or more intermediate variables.

Conclusion: Yes",False,"Reasoning Process:
Step 1: The question asks if there is a statistical association between CCI (a comorbidity index) and Anxiety.
Step 2: To answer this question, we need to determine if knowledge of one variable (CCI) gives information about the other (Anxiety), or vice versa.
Step 3: Since the PROMIS anxiety measure includes symptoms related to arousal, which can be influenced by comorbidities, there might be a statistical association between CCI and Anxiety.
Step 4: However, without specific data or research findings, it is not possible to definitively say whether there is a statistical association between CCI and Anxiety.
Step 5: Therefore, based on the given information, we cannot conclusively say that there is an association between CCI and Anxiety.

Conclusion: No",False,"Reasoning Process:
Step 1: The CCI is a measure of the number of comorbidities a patient has. It does not directly relate to anxiety as a measure.
Step 2: Anxiety, on the other hand, is a psychological state characterized by feelings of worry, fear, and nervousness. It is not a physical condition that can directly cause changes in the number of comorbidities.
Step 3: Therefore, it is not possible for a change in CCI to precede and lead to a change in Anxiety, as there is no direct or indirect causal link between the two.
Step 4: While it is possible that certain comorbidities may contribute to anxiety, the CCI as a whole does not have a causal relationship with anxiety.
Step 5: In conclusion, there is no causal relationship where a change in CCI precedes and leads to a change in Anxiety.

Conclusion: No",False
36,CCI,Catastrophizing,True,"Reasoning Process:
Step 1: CCI is a measure of the number of comorbidities a person has. Comorbidities are the presence of one or more additional diseases or disorders co-occurring with a primary health condition.
Step 2: Pain catastrophizing is a psychological construct that refers to an individual's negative thoughts and feelings about pain, including magnifying the threat value of pain, feeling helpless in the presence of pain, and an inability to prevent or inhibit pain-related thoughts.
Step 3: Research has shown that certain health conditions, such as depression, anxiety, and stress, can increase the likelihood of pain catastrophizing. These conditions are often comorbidities and are included in the CCI.
Step 4: Therefore, it is plausible that a higher CCI score, which indicates a greater number of comorbidities, may be associated with a higher pain catastrophizing score, as some of these comorbidities may contribute to the development and maintenance of pain catastrophizing.

Conclusion: Yes",True,"Reasoning Process:
Step 1: The question asks if there is a statistical association between CCI (comorbidity index) and Catastrophizing (pain catastrophizing score).
Step 2: CCI measures the number of comorbidities, which could potentially influence the pain catastrophizing score due to the presence of additional health issues that may exacerbate pain and lead to higher pain catastrophizing scores.
Step 3: Pain catastrophizing score is a measure of an individual's tendency to magnify the threat value of pain, feel helpless in the presence of pain, and have difficulty inhibiting pain-related thoughts. This score could potentially be influenced by the presence of multiple comorbidities, as suggested by the CCI.
Step 4: Given the nature of the two variables and their potential influence on each other, it is reasonable to expect a statistical association between CCI and Catastrophizing.
Step 5: However, to definitively answer the question, empirical evidence and statistical analysis are required to confirm the existence of a statistical association between CCI and Catastrophizing.
Step 6: Since I am a machine and do not have access to empirical evidence or the ability to perform statistical analysis, I cannot make a definitive conclusion based on my own knowledge alone.
Step 7: Therefore, I will provide a conditional answer: If there is empirical evidence and statistical analysis supporting a relationship between CCI and Catastrophizing, then it can be said that there is an association between the two variables. Without such evidence, I cannot definitively say whether there is an association.

Conclusion: Yes",False,"Reasoning Process:
Step 1: The CCI is a measure of the number of comorbidities a person has. It does not inherently include measures of pain or psychological factors such as catastrophizing.
Step 2: Pain catastrophizing is a psychological factor that can be influenced by various factors, including the severity and duration of pain, stress, and coping mechanisms. However, it is not directly related to the number of comorbidities a person has.
Step 3: Therefore, based on the definitions provided, there is no inherent causal relationship between a change in CCI and a change in Catastrophizing. The CCI does not directly or indirectly influence Catastrophizing.
Step 4: However, it's important to note that comorbidities can contribute to the severity and duration of pain, which in turn could potentially influence Catastrophizing. But this is an indirect relationship, not a direct causal link between CCI and Catastrophizing.
Step 5: In conclusion, while comorbidities can indirectly influence Catastrophizing through their impact on pain, there is no direct causal relationship between CCI and Catastrophizing.

Conclusion: No",False
37,CCI,Depression,True,"Reasoning Process:
Step 1: CCI is a measure of the number of comorbidities a person has. Comorbidity refers to the presence of one or more additional disorders or diseases co-occurring with a primary disease or disorder.
Step 2: Depression is a mental health disorder characterized by persistent feelings of sadness, hopelessness, and a lack of interest or pleasure in activities. It can also present with affective and cognitive manifestations, as indicated by PROMIS depression.
Step 3: Given that many physical health conditions can have psychological consequences, it is plausible that having multiple health conditions (as measured by CCI) could increase the risk of developing depression.
Step 4: Additionally, the presence of multiple health conditions can lead to stress, anxiety, and reduced quality of life, which are all factors that can contribute to the development of depression.
Step 5: Furthermore, there is a significant body of research that supports the association between physical health conditions and depression. For example, chronic pain, cardiovascular disease, and diabetes have all been shown to increase the risk of depression.
Step 6: While it is important to note that correlation does not imply causation, the consistent findings across various health conditions suggest a plausible causal relationship between CCI and depression.
Step 7: In conclusion, it is plausible that CCI may have a causal relationship with depression, either directly or through one or more intermediate variables.

Conclusion: Yes",True,"Reasoning Process:
Step 1: The question asks if there is a statistical association between CCI (a comorbidity index) and Depression.
Step 2: To determine this, we need to consider if knowledge of one variable (CCI) gives information about the other (Depression).
Step 3: In the context of health care, it is common for a higher CCI to be associated with a higher likelihood of various health conditions, including Depression.
Step 4: Therefore, if a patient has a higher CCI, it may provide information about their likelihood of having Depression, indicating a statistical association between the two variables.
Step 5: Since there is a statistical association between CCI and Depression, the answer to the question is True.
Step 6: However, it's important to note that the strength and directionality of the association can vary, and the specifics would depend on the data and research being considered.

Conclusion: Yes",False,"Reasoning Process:
Step 1: CCI is a comorbidity index, which measures the number of comorbidities a patient has. Comorbidities are the presence of one or more additional diseases or disorders co-occurring with a primary health condition.
Step 2: Depression, in this context, refers to PROMIS depression, which is the affective and cognitive manifestations of depression. It is a mental health disorder characterized by persistent feelings of sadness, hopelessness, and a lack of interest or pleasure in activities.
Step 3: To establish a causal relationship between CCI and Depression, we would need to demonstrate that a change in CCI precedes and leads to a change in Depression. This would require longitudinal studies that track changes in both CCI and Depression over time, and show a consistent pattern of CCI increasing before Depression.
Step 4: However, it's important to note that establishing causality is a complex process, and it's possible that there are other factors at play. For example, it's also possible that Depression leads to an increase in CCI, or that a third factor is causing both CCI and Depression to increase.
Step 5: Without specific evidence to the contrary, it's not possible to definitively say that CCI causes Depression. While there may be a correlation between the two, it's not clear that CCI is the causal factor.
Step 6: Therefore, based on the current evidence, it's not possible to conclude that there is a causal relationship where a change in CCI precedes and leads to a change in Depression.
Step 7: Final conclusion: False

Conclusion: No",False
38,CCI,Education,True,"Reasoning Process:
Step 1: CCI is a measure of the number of comorbidities a person has, while Education refers to the level of formal education a person has received. Comorbidities can affect a person's health and well-being, which in turn could potentially influence their ability to pursue or complete education.
Step 2: It is known that poor health can impact a person's ability to focus, attend school regularly, and perform well academically. Conversely, a higher level of education can lead to better access to healthcare, improved health literacy, and healthier lifestyle choices, which can reduce the likelihood of developing certain comorbidities.
Step 3: Therefore, it is plausible that there could be a causal relationship between CCI and Education, either directly (where poor health due to comorbidities affects a person's ability to pursue or complete education) or indirectly (where a lower level of education increases the risk of developing comorbidities).

Conclusion: Yes",False,"Reasoning Process:
Step 1: The definition of association states that if knowledge of the value of one variable gives information about the other, they are said to be associated. In this case, if having a certain level of education gives information about the CCI (comorbidity index), or if having a certain CCI gives information about the level of education, then they are associated.
Step 2: However, the question does not provide any specific data or statistical analysis to determine if there is an association between CCI and Education. Therefore, we cannot definitively say whether they are associated or not based on the given information.
Step 3: Since we cannot definitively say whether there is an association between CCI and Education without specific data or statistical analysis, the conclusion is that we cannot confirm or deny the association.

Conclusion: No",False,"Reasoning Process:
Step 1: The CCI is a measure of the number of comorbidities a person has, and it does not inherently involve education.
Step 2: Education refers to the level of formal education a person has achieved, which is not directly influenced by the number of comorbidities a person has.
Step 3: Therefore, it is not reasonable to assume a causal relationship where a change in CCI precedes and leads to a change in Education, either directly or through one or more intermediate variables.

Conclusion: No",False
39,CCI,Fear_avoidance,True,"Reasoning Process:
Step 1: CCI is a measure of the number of comorbidities a patient has. Comorbidities are the presence of one or more additional diseases or conditions along with a primary health problem or disease.
Step 2: Fear avoidance is a patient-reported questionnaire that focuses on how a patient's fear avoidance beliefs about physical activity and work may affect and contribute to their low back pain and resulting disability.
Step 3: It is plausible that a patient with multiple comorbidities (as measured by CCI) may have a higher likelihood of developing fear avoidance, as the presence of multiple health problems could lead to increased fear and avoidance of physical activity due to the perceived risk of exacerbating existing conditions.
Step 4: Additionally, certain comorbidities may directly or indirectly contribute to the development of fear avoidance. For example, depression, a common comorbidity, is known to be associated with fear avoidance.
Step 5: Therefore, it is plausible that CCI may have a causal relationship with fear avoidance, either directly or through one or more intermediate variables.

Conclusion: Yes",True,"Reasoning Process:
Step 1: The question asks if there is a statistical association between CCI (comorbidity index) and Fear_avoidance (patient reported questionnaire).
Step 2: To answer this question, we need to determine if knowledge of one variable (CCI) gives information about the other (Fear_avoidance), or vice versa.
Step 3: Research has shown that there is a correlation between the number of comorbidities (CCI) and the level of fear avoidance in patients with chronic pain. This correlation suggests that a higher CCI may indicate a higher level of fear avoidance.
Step 4: Therefore, knowledge of a patient's CCI can provide information about their fear avoidance level, and vice versa. This indicates a statistical association between the two variables.

Conclusion: Yes",False,"Reasoning Process:
Step 1: The question asks if there is a causal relationship between CCI (comorbidity index) and Fear_avoidance, where CCI precedes and leads to a change in Fear_avoidance.
Step 2: To establish a causal relationship, we need to consider if CCI can influence Fear_avoidance directly or through one or more intermediate variables.
Step 3: CCI is a measure of the number of comorbidities a patient has. It does not inherently relate to fear avoidance beliefs, which are patient-reported perceptions about physical activity and work.
Step 4: While it's possible that certain comorbidities could indirectly influence fear avoidance (for example, depression or anxiety may lead to fear avoidance), there is no inherent causal relationship between CCI and Fear_avoidance.
Step 5: Therefore, based on the given information, there is no causal relationship between CCI and Fear_avoidance.
Step 6: In conclusion, the answer is False.

Conclusion: No",False
40,CCI,Financial_level,True,"Reasoning Process:
Step 1: Comorbidity Index (CCI) is a measure of the number of health conditions a person has. It does not directly relate to a person's financial level.
Step 2: However, it is plausible that a person's financial level could indirectly influence their health status, and thus their CCI. For example, people with lower financial levels may have less access to quality healthcare, nutrition, or stress management resources, which could lead to an increase in health conditions.
Step 3: Additionally, certain health conditions may lead to financial difficulties, creating a feedback loop where health conditions and financial level influence each other.
Step 4: Therefore, while CCI and Financial_level are not directly related, there is a plausible causal relationship between them through the intermediary variables of health status and financial difficulties caused by health conditions.

Conclusion: Yes",False,"Reasoning Process:
Step 1: The definition of association states that if knowledge of one variable gives information about the other, they are said to be associated. In this case, if knowing a person's CCI (comorbidity index) provides any information about their Financial_level, or vice versa, then they are associated.
Step 2: In a healthcare context, it is reasonable to assume that a person's CCI might influence their Financial_level, as higher comorbidity could lead to increased healthcare costs and financial strain. Conversely, a person's Financial_level might also influence their CCI, as a lower financial level could limit access to preventative care and lead to poorer health outcomes.
Step 3: However, without specific data or a study that has been conducted to establish a statistical relationship between CCI and Financial_level, we cannot definitively say that there is an association between the two variables.
Step 4: Therefore, based on the given information, it is not possible to conclusively determine if there is an association between CCI and Financial_level.

Conclusion: No",False,"Reasoning Process:
Step 1: The question asks if there is a causal relationship between CCI (comorbidity index) and Financial_level, where CCI precedes and influences Financial_level.
Step 2: To establish a causal relationship, we need to find evidence that a change in CCI (comorbidity index) precedes a change in Financial_level, and that this change is consistent with a directional causal link.
Step 3: However, it's important to note that establishing causality requires longitudinal data, which shows the same individuals over time, and controlling for other factors that might influence both CCI and Financial_level.
Step 4: Without such data, it's not possible to definitively say that a change in CCI causes a change in Financial_level, as there may be other factors at play.
Step 5: Therefore, based on the information provided, it's not possible to definitively say that there is a causal relationship between CCI and Financial_level.
Step 6: However, it's important to note that there could be indirect relationships, where CCI influences Financial_level through other variables, but without specific knowledge of these variables, we cannot confirm this.

Conclusion: No",False
41,CCI,Obesity,True,"Reasoning Process:
Step 1: CCI is a measure of the number of comorbidities a person has. Comorbidities are the presence of one or more additional diseases or conditions co-occurring with a primary health condition.
Step 2: Obesity is one such comorbidity that often co-occurs with other health conditions. It is associated with a higher risk of developing various diseases, such as type 2 diabetes, heart disease, and certain types of cancer.
Step 3: Given that obesity is a comorbidity and is associated with a higher risk of developing other health conditions, it is plausible that a higher CCI score (indicating the presence of more comorbidities) may be associated with obesity, either directly or through one or more intermediate variables.

Conclusion: Yes",True,"Reasoning Process:
Step 1: The definition of association states that if knowledge of one variable gives information about the other, they are said to be associated. In this case, if having a higher CCI (comorbidity index) is linked to obesity (being overweight or having a higher BMI), then they are associated.
Step 2: Research has shown that obesity is a risk factor for many chronic conditions, and a higher CCI is often associated with multiple chronic conditions. Therefore, it is reasonable to assume that there is a positive association between CCI and obesity.
Step 3: Given the information provided, there is no specific evidence to suggest that there is no association between CCI and obesity. The absence of evidence is not evidence of absence.

Conclusion: Yes",False,"Reasoning Process:
Step 1: CCI is a comorbidity index that measures the number of comorbidities a patient has. It does not directly relate to obesity or weight.
Step 2: Obesity is a condition related to weight or BMI. It is not a comorbidity index and does not directly cause other comorbidities.
Step 3: Therefore, based on the definitions provided, there is no direct causal relationship between CCI and Obesity. A change in CCI does not precede and lead to a change in Obesity.

Conclusion: No",False
42,CCI,PEG,True,"Reasoning Process:
Step 1: CCI is a comorbidity index, which measures the number of comorbidities a patient has. Comorbidities are the presence of one or more additional diseases or conditions along with a primary disease or condition.
Step 2: PEG score is a measure of pain interference and pain intensity due to chronic low back pain. It is possible that chronic pain, such as low back pain, can be associated with other health conditions, which would increase the CCI score.
Step 3: It is plausible that some of these comorbidities could potentially affect the PEG score, either by exacerbating the pain or by influencing the patient's ability to report pain intensity and interference.
Step 4: For example, conditions such as depression, anxiety, or sleep disorders, which are often comorbid with chronic pain, could indirectly affect the PEG score by impacting the patient's perception of pain or their ability to function normally.
Step 5: Therefore, it is plausible that CCI may have a causal relationship with PEG, either directly or through one or more intermediate variables.

Conclusion: Yes",False,"Reasoning Process:
Step 1: The CCI is a comorbidity index, which measures the number of comorbidities a patient has. On the other hand, the PEG score is a measure of pain interference and pain intensity due to chronic low back pain.
Step 2: To determine if there is an association between CCI and PEG, we need to consider if knowledge of one variable gives information about the other. In other words, we need to find out if a patient's CCI score can provide any insight into their PEG score, or vice versa.
Step 3: In the absence of specific information about the relationship between CCI and PEG, it is not possible to definitively say whether there is a statistical association between the two variables. However, it is reasonable to assume that a patient's overall health status (as measured by CCI) might influence their ability to manage chronic pain (as measured by PEG), suggesting a potential association.
Step 4: Without concrete data or a study demonstrating a statistical relationship between CCI and PEG, we cannot conclusively state that there is an association between the two variables. Therefore, the association between CCI and PEG remains uncertain.

Conclusion: No",False,"Reasoning Process:
Step 1: The question asks if there is a causal relationship between CCI (comorbidity index) and PEG (pain interference and pain intensity due to chronic low back pain), where CCI precedes and influences PEG.
Step 2: To establish a causal relationship, we need to consider if there is a temporal precedence (CCI changes before PEG) and a directional link (CCI influencing PEG).
Step 3: However, the provided information does not specify any intermediate variables or a direct causal pathway between CCI and PEG. Therefore, we cannot definitively say that CCI directly causes a change in PEG.
Step 4: It is possible that there might be an indirect causal relationship, but without specific evidence or a well-established causal pathway, we cannot confirm this.
Step 5: In the absence of a clear causal relationship, the conclusion is that there is not a causal relationship between CCI and PEG as defined in the question.
Step 6: It is important to note that this conclusion is based on the information provided and does not rule out the possibility of a causal relationship in other contexts or with additional information.

Conclusion: No",False
43,CCI,Sleep disturbance,True,"Reasoning Process:
Step 1: CCI is a measure of the number of comorbidities a person has. Comorbidities are the presence of one or more additional diseases or disorders co-occurring with a primary health condition.
Step 2: Sleep disturbance is a self-reported perception of sleep quality, sleep depth, and restoration associated with sleep. It is a common comorbidity for many health conditions.
Step 3: Given that sleep disturbance is a common comorbidity and CCI measures the number of comorbidities, it is plausible that a higher CCI score may be associated with a higher likelihood of sleep disturbance.
Step 4: While the causality is not directly established, it is biologically, theoretically, and scientifically reasonable to hypothesize a causal relationship between CCI and sleep disturbance, either directly or through one or more intermediate variables.

Conclusion: Yes",True,"Reasoning Process:
Step 1: The definition of association states that if knowledge of one variable gives information about the other, they are said to be associated. In this case, if a higher CCI (number of comorbidities) is associated with a higher sleep disturbance score, they would be considered associated.
Step 2: Research in the field of health care and medicine often involves studying the relationship between various health conditions and comorbidities. It is well-established that certain health conditions, such as chronic pain, can lead to sleep disturbances.
Step 3: While the question does not provide specific research or data, it is reasonable to assume that a higher CCI (number of comorbidities) could potentially increase the likelihood of sleep disturbances, given the association between chronic health conditions and sleep disturbances.
Step 4: However, it's important to note that the absence of a direct correlation or study does not necessarily mean there is no association. The question asks for the existence of a statistical association, but it's possible that further research is needed to establish a definitive correlation.
Step 5: Given the reasonable assumption that a higher CCI could potentially increase the likelihood of sleep disturbances, and the lack of evidence to the contrary, it can be inferred that there might be a statistical association between CCI and Sleep disturbance.

Conclusion: Yes",False,"Reasoning Process:
Step 1: The CCI is a measure of the number of comorbidities a person has. It does not directly relate to sleep disturbance.
Step 2: Sleep disturbance is a self-reported perception of sleep quality, sleep depth, and restoration associated with sleep. It is not a comorbidity.
Step 3: Therefore, without specific intermediate variables or evidence of a causal pathway linking CCI and Sleep disturbance, it is not possible to establish a causal relationship where a change in CCI precedes and leads to a change in Sleep disturbance.
Step 4: In the absence of such evidence, the conclusion is that there is no causal relationship between CCI and Sleep disturbance.
Step 5: This conclusion is based on the definitions of CCI and Sleep disturbance, and the lack of evidence for a causal pathway between the two.

Conclusion: No",False
44,CCI,Smoking,True,"Reasoning Process:
Step 1: CCI is a measure of the number of comorbidities a person has. Comorbidities are the presence of one or more additional diseases or conditions co-occurring with a primary health condition.
Step 2: Smoking is a behavior that can lead to various health conditions, such as cardiovascular disease, respiratory diseases, and certain types of cancer. These are all conditions that could be considered comorbidities.
Step 3: Given that smoking can lead to various health conditions, it is plausible that a higher CCI could be a result of smoking, as smoking increases the likelihood of developing multiple health conditions.
Step 4: It is also plausible that smoking could be a cause of a higher CCI, as the presence of one condition (smoking) increases the risk of developing other conditions.
Step 5: While there may be other factors influencing both CCI and smoking, such as genetics, lifestyle, and environment, the direct or indirect relationship between smoking and the development of multiple health conditions makes it plausible that smoking could have a causal relationship with CCI.

Conclusion: Yes",True,"Reasoning Process:
Step 1: The definition of association states that if knowledge of one variable gives information about the other, they are said to be associated. In this case, if there is a higher prevalence of smoking among individuals with a higher CCI (comorbidity index), it would suggest an association between the two variables.
Step 2: Research has consistently shown that smoking is a risk factor for various health conditions, which often lead to an increase in the number of comorbidities. Therefore, it is reasonable to expect a higher prevalence of smoking among individuals with a higher CCI.
Step 3: Given the above reasoning, it can be inferred that there is a statistical association between CCI and Smoking.

Conclusion: Yes",False,"Reasoning Process:
Step 1: CCI is a comorbidity index, which measures the number of comorbidities a patient has. It does not directly relate to the action of smoking.
Step 2: Smoking is the action or habit of inhaling and exhaling the smoke of tobacco. This action is typically initiated by an individual's personal choice, not a comorbidity index.
Step 3: Therefore, based on the definitions provided, there is no causal relationship where a change in CCI precedes and leads to a change in Smoking.

Conclusion: No",False
45,Catastrophizing,Alcohol,True,"Reasoning Process:
Step 1: Pain catastrophizing is a psychological construct that refers to the tendency to magnify the threat value of a pain stimulus and to feel helpless in the presence of pain.
Step 2: Alcohol consumption, on the other hand, is a physiological process that affects the central nervous system and can potentially alter an individual's perception of pain.
Step 3: There is evidence to suggest that chronic alcohol consumption can lead to increased sensitivity to pain, which could potentially be exacerbated by pain catastrophizing.
Step 4: Furthermore, pain catastrophizing has been linked to various psychological factors such as anxiety and depression, which are known to be associated with alcohol use disorders.
Step 5: Given these relationships, it is plausible that pain catastrophizing may have a causal relationship with alcohol, either directly or through one or more intermediate variables.

Conclusion: Yes",False,"Reasoning Process:
Step 1: Pain catastrophizing score (Catastrophizing) is a psychological construct that measures an individual's tendency to magnify the threat value of pain and feel helpless in the presence of pain. It is not directly related to alcohol consumption (Alcohol).
Step 2: Statistical association refers to any dependency between two variables, regardless of strength or directionality. If there is a relationship between the variables such that knowledge of one variable gives information about the other, they are said to be associated.
Step 3: However, there is no inherent relationship or dependency between pain catastrophizing score and alcohol consumption. While there may be studies that investigate the potential association between the two, as a general statement, there is no direct statistical association between the two variables.

Conclusion: No",False,"Reasoning Process:
Step 1: Pain catastrophizing is a psychological construct that refers to an individual's tendency to magnify the threat value of a pain stimulus and to feel helpless in the presence of pain.
Step 2: Alcohol consumption, on the other hand, is a physiological response to the intake of ethanol, not directly related to pain catastrophizing.
Step 3: There is no established evidence to suggest that pain catastrophizing directly or indirectly causes changes in alcohol consumption, as there are no known intermediate variables that link the two.
Step 4: Therefore, based on the given definitions and current knowledge, it is not reasonable to conclude that a change in Catastrophizing precedes and leads to a change in Alcohol.

Conclusion: No",False
46,Catastrophizing,Anxiety,True,"Reasoning Process:
Step 1: Pain catastrophizing is characterized by magnifying the threat value of a pain stimulus and feeling helpless in the presence of pain, as well as by a relative inability to prevent or inhibit pain-related thoughts. This can lead to increased stress and emotional distress.
Step 2: Anxiety, as defined by the PROMIS anxiety scale, includes symptoms such as fear, anxious misery, hyperarousal, and somatic symptoms related to arousal. These symptoms are similar to the emotional and physical responses that can be triggered by pain catastrophizing.
Step 3: Given that both pain catastrophizing and anxiety involve emotional and physical responses to stress, it is plausible that they may be interrelated. One could argue that pain catastrophizing, by causing increased stress and emotional distress, may contribute to the development or exacerbation of anxiety.
Step 4: While there may be other factors involved and more research is needed to fully understand the relationship between pain catastrophizing and anxiety, the overlap in their symptoms and the stress-inducing nature of pain catastrophizing make it biologically, theoretically, and scientifically reasonable to hypothesize a causal relationship.

Conclusion: Yes",True,"Reasoning Process:
Step 1: Pain catastrophizing is a psychological construct that involves magnifying the threat value of pain, feeling helpless in the presence of pain, and an inability to prevent or inhibit pain-related thoughts. Anxiety, on the other hand, is a psychological state characterized by feelings of worry, fear, and nervousness, among other symptoms.
Step 2: Research has consistently shown that there is a significant association between pain catastrophizing and anxiety. People who catastrophize about pain are more likely to experience anxiety, and those with high levels of anxiety are more likely to catastrophize about pain.
Step 3: In the context of the question, association refers to any statistical dependency between two variables, regardless of strength or directionality. Given the consistent findings in the literature, it can be inferred that there is a statistical association between pain catastrophizing and anxiety.

Conclusion: Yes",False,"Reasoning Process:
Step 1: Define the variables Catastrophizing and Anxiety according to the provided definitions.
Step 2: Understand the question is asking for a causal relationship between Catastrophizing and Anxiety, where Catastrophizing temporally precedes and influences Anxiety.
Step 3: Examine the definitions of Catastrophizing and Anxiety. Catastrophizing involves magnifying the threat value of a pain stimulus, feeling helpless in the presence of pain, and an inability to prevent or inhibit pain-related thoughts. Anxiety involves fear, anxious misery, hyperarousal, and somatic symptoms related to arousal.
Step 4: Consider the nature of the question. It is asking for a causal relationship where Catastrophizing precedes and leads to Anxiety. However, the definitions provided do not inherently suggest a causal relationship between the two variables.
Step 5: Recall that a causal relationship implies a temporal precedence and a directional influence. In this case, the question is asking for Catastrophizing to precede and influence Anxiety.
Step 6: Given the definitions provided, there is no inherent causal relationship between Catastrophizing and Anxiety. While it is possible that an individual experiencing high levels of Catastrophizing may also experience increased levels of Anxiety, the definitions do not establish a causal link.
Step 7: Conclude that there is no direct causal relationship between Catastrophizing and Anxiety, as defined in the question.
Step 8: However, it is important to note that research in the field of psychology and pain management suggests that there may be indirect causal relationships between Catastrophizing and Anxiety, mediated by factors such as depression, stress, and poor coping mechanisms. These relationships are complex and multifaceted, and further research is needed to fully understand them.

Conclusion: No",True
47,Catastrophizing,CCI,True,"Reasoning Process:
Step 1: Pain catastrophizing is a psychological construct that involves magnifying the threat value of a pain stimulus and feeling helpless in the presence of pain. It is also characterized by an inability to prevent or inhibit pain-related thoughts.
Step 2: Comorbidity Index (CCI) is a measure of the number of comorbidities a patient has. Comorbidities are the presence of one or more additional diseases or disorders co-occurring with a primary disease or disorder.
Step 3: It is plausible that pain catastrophizing, as a psychological construct, could indirectly contribute to an increase in the number of comorbidities (CCI) through various mechanisms. For example, chronic pain can lead to decreased physical activity, poor sleep, and increased stress, all of which can contribute to the development of other health problems.
Step 4: Additionally, pain catastrophizing can lead to maladaptive coping strategies, such as avoidance of physical activity, which can further exacerbate the pain and potentially lead to the development of other health problems.
Step 5: While there may not be a direct causal relationship between pain catastrophizing and CCI, the indirect relationship through the aforementioned mechanisms is plausible.
Step 6: In conclusion, it is plausible that pain catastrophizing may have a causal relationship with CCI, either directly or through one or more intermediate variables.

Conclusion: Yes",False,"Reasoning Process:
Step 1: Define the terms Catastrophizing and CCI as per the given definitions.
Step 2: Understand the question to determine if there is a statistical association between Catastrophizing and CCI.
Step 3: Since the question asks for a statistical association, we need to consider if knowledge of one variable (Catastrophizing) gives information about the other (CCI), or vice versa.
Step 4: The given definitions do not provide any direct information about a statistical association between Catastrophizing and CCI. However, it is possible that in a study or research context, there could be a correlation or relationship between these two variables.
Step 5: Without specific data or research findings, it is not possible to definitively say whether there is a statistical association between Catastrophizing and CCI.
Step 6: Therefore, the conclusion is based on the lack of specific information provided, and it is not possible to definitively say whether there is a statistical association between Catastrophizing and CCI.

Conclusion: No",False,"Reasoning Process:
Step 1: Catastrophizing is a psychological construct related to an individual's response to pain, not a physical condition or disease. Therefore, it is not directly related to the number of comorbidities (CCI) which is a measure of the presence of multiple health conditions.
Step 2: While it is possible that catastrophizing could indirectly influence CCI through various psychological or behavioral pathways (e.g., increased stress, poor coping mechanisms, or health-harming behaviors), there is no established causal link between catastrophizing and CCI in the medical literature.
Step 3: In the absence of a direct or established causal link, we cannot conclude that a change in Catastrophizing precedes and leads to a change in CCI.

Conclusion: No",False
48,Catastrophizing,Depression,True,"Reasoning Process:
Step 1: Pain catastrophizing is a cognitive and emotional response to pain that involves magnifying the threat value of a pain stimulus and feeling helpless in the presence of pain.
Step 2: Depression is a mental health disorder characterized by persistent feelings of sadness, hopelessness, and a lack of interest or pleasure in activities.
Step 3: Research has shown that there is a strong association between chronic pain and depression. People with chronic pain are at a higher risk of developing depression.
Step 4: It is plausible that the cognitive and emotional responses associated with pain catastrophizing, such as feelings of helplessness and negative thoughts, could contribute to the development and maintenance of depression.
Step 5: Additionally, the emotional distress caused by chronic pain can lead to depressive symptoms, further supporting the plausibility of a causal relationship between pain catastrophizing and depression.

Conclusion: Yes",True,"Reasoning Process:
Step 1: Pain catastrophizing is a psychological construct that involves magnifying the threat value of pain, feeling helpless in the presence of pain, and an inability to prevent or inhibit pain-related thoughts. Depression, on the other hand, is a mental health disorder characterized by affective and cognitive manifestations.
Step 2: Research has consistently shown that there is a strong association between pain catastrophizing and depression. People who catastrophize about pain are more likely to experience depression, and those who are depressed are more likely to catastrophize about pain.
Step 3: This association is well-established in the literature, with numerous studies demonstrating a significant correlation between the two variables. The association is thought to be due to a variety of factors, including shared underlying neurobiological mechanisms, common risk factors, and the impact of chronic pain on quality of life and mental health.

Conclusion: Yes",False,"Reasoning Process:
Step 1: Define the question: The question asks if there is a causal relationship between Catastrophizing and Depression, where Catastrophizing temporally precedes and influences Depression.
Step 2: Understand the variables: Catastrophizing is the tendency to magnify the threat value of a pain stimulus and to feel helpless in the presence of pain, as well as by a relative inability to prevent or inhibit pain-related thoughts. Depression is the affective and cognitive manifestations of depression.
Step 3: Consider the nature of causality: Causality implies a temporal precedence and a directional influence. In this case, Catastrophizing should precede Depression for a causal relationship to exist.
Step 4: Evaluate the evidence: The question does not provide specific evidence to support a causal relationship between Catastrophizing and Depression. However, there is a significant body of research suggesting that Catastrophizing can contribute to the development and exacerbation of depression, but the directionality of the relationship is not always clear.
Step 5: Conclusion: Given the lack of specific evidence provided and the nature of the question, it is not possible to definitively conclude that there is a causal relationship where Catastrophizing temporally precedes and leads to a change in Depression. Therefore, the conclusion is False.

Conclusion: No",True
49,Catastrophizing,Education,True,"Reasoning Process:
Step 1: Pain catastrophizing is a psychological construct related to an individual's thoughts and feelings about pain, while education is a measure of an individual's formal learning. There is no inherent biological or direct causal relationship between the two.
Step 2: However, it is theoretically possible that there could be an indirect relationship between pain catastrophizing and education. For example, individuals with lower levels of education might have less knowledge about pain management techniques, leading to higher levels of pain catastrophizing. Conversely, higher levels of education might provide individuals with better coping strategies, leading to lower levels of pain catastrophizing.
Step 3: Additionally, there could be other intermediate variables that mediate the relationship between education and pain catastrophizing, such as stress levels, mental health, or socioeconomic factors.
Step 4: While the relationship is not straightforward, it is plausible that there could be a causal relationship between pain catastrophizing and education, either directly or through one or more intermediate variables.

Conclusion: Yes",False,"Reasoning Process:
Step 1: The definition of association states that if knowledge of the value of one variable gives information about the other, they are said to be associated. In this case, the question asks if there is an association between Catastrophizing and Education.
Step 2: The definition of Catastrophizing provided does not inherently suggest a direct relationship with Education. It describes a psychological response to pain, not a correlation with a level of education.
Step 3: The question does not provide any data or evidence to suggest a statistical association between Catastrophizing and Education.
Step 4: Based on the given information, there is no reason to believe that there is a statistical association between Catastrophizing and Education.
Step 5: Therefore, the conclusion is False.

Conclusion: No",False,"Reasoning Process:
Step 1: The question asks if there is a causal relationship where a change in Catastrophizing precedes and leads to a change in Education.
Step 2: To answer this question, we need to consider if Catastrophizing (a psychological factor) can directly or indirectly influence Education (a socio-economic factor).
Step 3: However, there is no established evidence to suggest that Catastrophizing, as a psychological factor, directly causes changes in Education.
Step 4: Indirect causal relationships might exist through intermediate variables such as mental health, coping mechanisms, or socio-economic factors. However, the question does not specify the presence of these intermediate variables.
Step 5: Without the presence of a direct or indirect causal relationship established by evidence, and without the presence of specified intermediate variables, we cannot conclude that Catastrophizing temporally precedes and influences Education in a way consistent with a directional causal link.
Step 6: Therefore, based on the given context, there is no causal relationship where a change in Catastrophizing precedes and leads to a change in Education.

Conclusion: No",False
50,Catastrophizing,Fear_avoidance,True,"Reasoning Process:
Step 1: Pain catastrophizing is characterized by magnifying the threat value of a pain stimulus and feeling helpless in the presence of pain, which can lead to negative thoughts and emotions about pain. This can potentially create fear and anxiety about the pain and its consequences.
Step 2: Fear avoidance is a patient-reported questionnaire that focuses on how a patient's fear avoidance beliefs about physical activity and work may affect and contribute to their low back pain and resulting disability. This fear and anxiety about physical activity can be a result of pain catastrophizing.
Step 3: Therefore, it is plausible that pain catastrophizing may have a causal relationship with fear avoidance, as the former can potentially lead to the latter through the development of fear and anxiety about physical activity.

Conclusion: Yes",True,"Reasoning Process:
Step 1: Pain catastrophizing is a tendency to magnify the threat value of a pain stimulus and to feel helpless in the presence of pain, as well as by a relative inability to prevent or inhibit pain-related thoughts. Fear avoidance, on the other hand, refers to a patient's fear avoidance beliefs about physical activity and work that may affect and contribute to their low back pain and resulting disability.
Step 2: Research has consistently shown that there is a strong association between pain catastrophizing and fear avoidance in individuals with chronic pain conditions, such as low back pain.
Step 3: This association is thought to be due to the fact that catastrophizing thoughts can lead to increased fear and avoidance of activities that may exacerbate pain, thereby contributing to disability and further reinforcing the catastrophizing thoughts.
Step 4: Therefore, based on the existing research, it can be concluded that there is a statistical association between Catastrophizing and Fear_avoidance.

Conclusion: Yes",True,"Reasoning Process:
Step 1: Define the question: The question asks if there is a causal relationship between Catastrophizing and Fear_avoidance, where Catastrophizing temporally precedes and influences Fear_avoidance.
Step 2: Understand the variables: Catastrophizing is a tendency to magnify the threat value of pain and feel helpless in the presence of pain, while Fear_avoidance is a patient's fear avoidance beliefs about physical activity and work that may affect low back pain and resulting disability.
Step 3: Consider the nature of the relationship: The question asks for a directional causal link, meaning that Catastrophizing should precede Fear_avoidance. This suggests a potential psychological or cognitive pathway where Catastrophizing leads to Fear_avoidance.
Step 4: Evaluate the evidence: The evidence suggests that Catastrophizing can lead to increased fear and anxiety about pain, which in turn can lead to avoidance behaviors. This is supported by research showing that high levels of pain catastrophizing are associated with increased fear avoidance beliefs.
Step 5: Conclusion: Based on the evidence, it appears that there is a causal relationship where Catastrophizing precedes and leads to Fear_avoidance, either directly or through one or more intermediate variables. Therefore, the answer is True.

Conclusion: Yes",False
51,Catastrophizing,Financial_level,True,"Reasoning Process:
Step 1: Pain catastrophizing is a psychological construct that refers to an individual's negative thoughts and feelings about pain, which can exacerbate the perception and experience of pain. It is not directly related to an individual's financial level.
Step 2: However, it is possible that pain catastrophizing could indirectly influence an individual's financial level through various mechanisms. For example, if an individual experiences chronic pain that prevents them from working or participating in activities that generate income, their financial level may be negatively affected.
Step 3: Additionally, it is also plausible that an individual's financial level could influence their pain catastrophizing. For instance, individuals with lower financial levels may experience more stress, which could lead to increased pain catastrophizing.
Step 4: Given these potential indirect relationships, it is plausible that there may be a causal relationship between pain catastrophizing and financial level, either directly or through one or more intermediate variables.

Conclusion: Yes",False,"Reasoning Process:
Step 1: Pain catastrophizing score is a psychological construct that measures an individual's tendency to magnify the threat value of pain and feel helpless in the presence of pain. It is not directly related to an individual's financial level.
Step 2: Financial level, on the other hand, is a measure of an individual's financial situation, often used as a proxy for socioeconomic status. It is not inherently related to an individual's pain catastrophizing score.
Step 3: Since pain catastrophizing score and financial level are separate constructs that are not directly related, there is no inherent statistical association between the two variables.

Conclusion: No",False,"Reasoning Process:
Step 1: The question asks if there is a causal relationship between Catastrophizing and Financial_level, where Catastrophizing temporally precedes and influences Financial_level.
Step 2: To establish a causal relationship, we need to find evidence that shows a consistent pattern where changes in Catastrophizing lead to changes in Financial_level over time.
Step 3: However, there is no inherent biological or logical mechanism that directly links Catastrophizing (a psychological construct) to Financial_level (a socioeconomic construct).
Step 4: While it's possible that Catastrophizing could indirectly influence Financial_level through factors such as job loss, reduced productivity, or increased healthcare costs, these are not causal links but rather potential mediators.
Step 5: Without a direct causal link and the presence of potential mediators, it's not possible to definitively say that Catastrophizing precedes and leads to a change in Financial_level.
Step 6: Therefore, based on the current understanding and lack of a direct causal link, the answer is False.

Conclusion: No",False
52,Catastrophizing,Obesity,True,"Reasoning Process:
Step 1: Pain catastrophizing is a psychological response to pain that involves magnifying the threat value of a pain stimulus and feeling helpless in the presence of pain. This response can lead to increased stress, anxiety, and depression.
Step 2: Obesity, on the other hand, is a condition characterized by excess body fat, which can be caused by a variety of factors, including diet, physical activity, genetics, and psychological factors.
Step 3: There is evidence to suggest that psychological factors, such as stress, anxiety, and depression, can contribute to weight gain and obesity. These psychological factors can be exacerbated by chronic pain and the associated catastrophizing.
Step 4: Therefore, it is plausible that pain catastrophizing may have a causal relationship with obesity, either directly or through one or more intermediate variables, such as stress, anxiety, and depression.

Conclusion: Yes",False,"Reasoning Process:
Step 1: Pain catastrophizing score is a psychological construct that describes an individual's tendency to magnify the threat value of pain and feel helpless in the presence of pain. It is not directly related to an individual's weight or BMI.
Step 2: Obesity, on the other hand, is a medical condition characterized by excess body fat. It is not inherently related to an individual's psychological tendency to catastrophize pain.
Step 3: Since pain catastrophizing score and obesity are separate and distinct constructs, there is no inherent statistical association between the two variables.

Conclusion: No",False,"Reasoning Process:
Step 1: Define the question: The question asks if there is a causal relationship between Catastrophizing and Obesity, where Catastrophizing temporally precedes and influences Obesity.
Step 2: Understand the variables: Catastrophizing refers to the tendency to magnify the threat value of pain and feel helpless in the presence of pain. Obesity refers to having a high BMI or being overweight.
Step 3: Consider the nature of the relationship: The question asks for a causal relationship, which implies a directional link from Catastrophizing to Obesity. However, the current understanding of these two variables does not suggest a direct causal relationship.
Step 4: Consider potential intermediate variables: It is possible that there could be indirect relationships between Catastrophizing and Obesity through intermediate variables such as stress, depression, or unhealthy lifestyle choices. However, these relationships would not necessarily imply a causal relationship between Catastrophizing and Obesity.
Step 5: Conclusion: Based on the current understanding of these variables, there is no evidence to suggest a causal relationship where Catastrophizing precedes and leads to Obesity, either directly or through one or more intermediate variables.

Conclusion: No",False
53,Catastrophizing,PEG,True,"Reasoning Process:
Step 1: Pain catastrophizing is a psychological construct that involves magnifying the threat value of a pain stimulus and feeling helpless in the presence of pain, which can lead to an increased perception of pain intensity.
Step 2: Chronic low back pain, as measured by the PEG score, is a physical condition that can be influenced by various factors, including psychological factors such as pain catastrophizing.
Step 3: Given that pain catastrophizing can increase the perception of pain intensity, it is plausible that it may contribute to the pain interference and pain intensity measured by the PEG score.
Step 4: While there may be other intermediate variables involved, the direct relationship between pain catastrophizing and PEG score is biologically, theoretically, and scientifically reasonable, based on existing knowledge.

Conclusion: Yes",False,"Reasoning Process:
Step 1: Pain catastrophizing score (Catastrophizing) and PEG score are two different measures used in the field of chronic pain. Catastrophizing refers to the tendency to magnify the threat value of a pain stimulus and to feel helpless in the presence of pain, while PEG score measures pain interference and pain intensity due to chronic low back pain.
Step 2: To determine if there is an association between Catastrophizing and PEG, we would need to examine data that shows a statistical relationship between these two variables. In other words, we would need to see if knowledge of one variable gives information about the other.
Step 3: Unfortunately, the question does not provide any data or research findings to support the existence of a statistical association between Catastrophizing and PEG. Therefore, we cannot definitively say whether there is an association or not.
Step 4: However, it is well-established in the literature that pain catastrophizing can contribute to increased pain intensity and disability, which are components of the PEG score. This suggests that there may be an association between the two variables, but without specific data, we cannot confirm this.

Conclusion: No",False,"Reasoning Process:
Step 1: Define the question: The question asks if there is a causal relationship between Catastrophizing and PEG, where Catastrophizing temporally precedes and influences PEG.
Step 2: Understand the variables: Catastrophizing is a psychological construct related to an individual's response to pain, characterized by magnifying the threat value of pain and feeling helpless in the presence of pain. PEG is an index measuring pain interference and pain intensity due to chronic low back pain.
Step 3: Consider the nature of the relationship: A causal relationship implies that a change in one variable (Catastrophizing) directly or indirectly leads to a change in another variable (PEG).
Step 4: Evaluate the temporal precedence: The question requires that Catastrophizing temporally precedes PEG, meaning that changes in Catastrophizing should occur before changes in PEG.
Step 5: Assess the evidence: As a psychological construct, Catastrophizing is not directly observable, and its relationship with PEG is not straightforward. There may be intermediate variables (e.g., pain intensity, emotional response, coping mechanisms) that mediate the relationship between Catastrophizing and PEG.
Step 6: Conclusion: Given the nature of the variables and the lack of direct observability of Catastrophizing, it is difficult to definitively establish a causal relationship where Catastrophizing temporally precedes and leads to a change in PEG, either directly or through one or more intermediate variables. Therefore, the answer is False.

Conclusion: No",True
54,Catastrophizing,Sleep disturbance,True,"Reasoning Process:
Step 1: Pain catastrophizing is characterized by the tendency to magnify the threat value of a pain stimulus and to feel helpless in the presence of pain, as well as by a relative inability to prevent or inhibit pain-related thoughts.
Step 2: Sleep disturbance is assessed self-reported perceptions of sleep quality, sleep depth, and restoration associated with sleep.
Step 3: It is well established that chronic pain can significantly impact sleep quality and lead to sleep disturbances. This is due to the fact that pain can cause discomfort and disruption during sleep, leading to poor sleep quality and insufficient rest.
Step 4: Pain catastrophizing is associated with increased pain sensitivity and emotional distress, which can exacerbate the negative effects of pain on sleep.
Step 5: Therefore, it is plausible that pain catastrophizing may have a causal relationship with sleep disturbance, either directly or through one or more intermediate variables, as it can contribute to increased pain sensitivity and emotional distress, which in turn can negatively impact sleep quality.

Conclusion: Yes",True,"Reasoning Process:
Step 1: Pain catastrophizing score is a measure of an individual's tendency to magnify the threat value of pain and feel helpless in the presence of pain, as well as their inability to prevent or inhibit pain-related thoughts. This is a psychological construct that can be self-reported.
Step 2: Sleep disturbance score is a measure of an individual's self-reported perceptions of sleep quality, sleep depth, and restoration associated with sleep.
Step 3: If there is a statistical association between two variables, it means that knowledge of the value of one variable gives information about the other. In this case, if there is an association between pain catastrophizing and sleep disturbance, knowing an individual's pain catastrophizing score would provide some information about their sleep disturbance score, and vice versa.
Step 4: Research has shown that there is a significant association between pain catastrophizing and sleep disturbance. Individuals who catastrophize about pain are more likely to experience sleep disturbances.

Conclusion: Yes",False,"Reasoning Process:
Step 1: Define the question: The question asks if there is a causal relationship between Catastrophizing and Sleep disturbance, where Catastrophizing temporally precedes and influences Sleep disturbance.
Step 2: Understand the variables: Catastrophizing is a psychological state characterized by magnifying the threat value of pain and feeling helpless in the presence of pain. Sleep disturbance is a self-reported perception of sleep quality, sleep depth, and restoration associated with sleep.
Step 3: Identify the relationship: The question asks for a causal relationship, which implies a directional influence from Catastrophizing to Sleep disturbance. However, the question does not provide any evidence or research to support such a causal relationship.
Step 4: Conclusion: Given the lack of evidence or research to support a causal relationship between Catastrophizing and Sleep disturbance, and the absence of any intermediate variables mentioned, it is not possible to definitively conclude that there is a causal relationship between the two.

Conclusion: No",False
55,Catastrophizing,Smoking,False,"Reasoning Process:
Step 1: Pain catastrophizing is a psychological response to pain, characterized by magnifying the threat value of pain and feeling helpless in the presence of pain. It is not a physical or biological factor.
Step 2: Smoking, on the other hand, is a physical action involving the inhalation of tobacco smoke. It is not directly related to psychological responses to pain.
Step 3: While it is possible that there could be indirect relationships between pain catastrophizing and smoking, such as through shared risk factors like stress or mental health issues, there is no inherent biological or causal link between the two.
Step 4: In the absence of a direct or indirect biological or causal link, it is not plausible that pain catastrophizing may have a causal relationship with smoking.

Conclusion: No",False,"Reasoning Process:
Step 1: Pain catastrophizing score is a psychological construct that refers to an individual's tendency to magnify the threat value of pain and feel helpless in the presence of pain. It is not a physical or physiological characteristic.
Step 2: Smoking is a physical action involving the inhalation and exhalation of tobacco smoke. It is a physiological process that affects the body's respiratory and cardiovascular systems.
Step 3: Since pain catastrophizing score is a psychological construct and smoking is a physiological process, they are not directly related or associated in a statistical sense.
Step 4: However, it is important to note that there may be indirect associations between the two, such as the potential for smoking to exacerbate pain or for pain to lead to increased stress levels, which in turn might lead to smoking as a coping mechanism. But these associations would be mediated by other factors, not a direct statistical relationship between the two variables.
Step 5: In the absence of a direct statistical relationship, the conclusion is that there is no association between Catastrophizing and Smoking.
Step 6: To reiterate, the question asks for a statistical association, and since there is no direct statistical relationship between Catastrophizing and Smoking, the conclusion is False.

Conclusion: No",False,"Reasoning Process:
Step 1: Define the question: The question asks if there is a causal relationship between Catastrophizing and Smoking, where Catastrophizing temporally precedes and influences Smoking.
Step 2: Understand the variables: Catastrophizing is a psychological state characterized by magnifying the threat value of pain and feeling helpless in the presence of pain. Smoking is the action of inhaling and exhaling tobacco smoke. Neither variable is inherently related to the other.
Step 3: Consider the causal relationship: There is no inherent causal relationship between Catastrophizing and Smoking. While stress and mental health issues, which can be related to Catastrophizing, might influence Smoking, the direction of causality is not definitively from Catastrophizing to Smoking.
Step 4: Conclusion: False, there is no causal relationship where a change in Catastrophizing precedes and leads to a change in Smoking.

Conclusion: No",False
56,Depression,Alcohol,True,"Reasoning Process:
Step 1: Depression is a complex mental health disorder with various causes, including genetic, environmental, and psychological factors.
Step 2: Alcohol consumption can have a direct impact on mental health, leading to or exacerbating symptoms of depression due to its effects on the brain's neurotransmitters.
Step 3: There are also indirect relationships between alcohol consumption and depression, such as through social factors (e.g., alcohol may lead to social isolation, which can contribute to depression), or through the development of alcohol use disorder, which is associated with depression.
Step 4: Given the known effects of alcohol on mental health and the potential for social and other indirect factors, it is plausible that there may be a causal relationship between depression and alcohol, either directly or through one or more intermediate variables.

Conclusion: Yes",True,"Reasoning Process:
Step 1: Depression, as defined, refers to affective and cognitive manifestations of depression. Alcohol, as defined, refers to alcohol consumption (number of drinks per week).
Step 2: Research has shown that alcohol consumption can lead to or worsen symptoms of depression, and depression can also lead to increased alcohol consumption as a coping mechanism.
Step 3: Therefore, there is a bidirectional relationship between depression and alcohol, meaning that knowledge of one variable can give information about the other.
Step 4: Since there is a statistical dependency between the two variables, they are said to be associated.
Step 5: In conclusion, there is an association between Depression and Alcohol.

Conclusion: Yes",False,"Reasoning Process:
Step 1: Depression, as defined, refers to affective and cognitive manifestations of depression. It does not inherently involve alcohol consumption.
Step 2: Alcohol consumption, on the other hand, is the number of drinks consumed per week. It is not directly related to depression as a causal variable.
Step 3: Therefore, based on the given definitions, there is no causal relationship where a change in Depression precedes and leads to a change in Alcohol.

Conclusion: No",True
57,Depression,Anxiety,True,"Reasoning Process:
Step 1: Depression and Anxiety are both mental health disorders, and they often co-occur in individuals. This is a common observation in clinical practice and research.
Step 2: Research has shown that there are shared biological mechanisms between Depression and Anxiety, such as altered activity in certain brain regions, imbalances in neurotransmitters like serotonin and norepinephrine, and genetic factors.
Step 3: Theoretically, Depression can lead to Anxiety due to the negative thoughts and feelings associated with Depression, which can cause fear, worry, and hyperarousal, which are symptoms of Anxiety.
Step 4: Similarly, Anxiety can lead to Depression due to the chronic stress and fear associated with Anxiety, which can result in feelings of hopelessness, sadness, and loss of interest, which are symptoms of Depression.
Step 5: Given the shared biological mechanisms, the common co-occurrence in clinical practice, and the theoretical possibility of a causal relationship, it is plausible that Depression may have a causal relationship with Anxiety, either directly or through one or more intermediate variables.

Conclusion: Yes",True,"Reasoning Process:
Step 1: The PROMIS depression and PROMIS anxiety are two separate variables defined in the context, each with their own affective, cognitive, and somatic symptoms.
Step 2: The question asks if there is a statistical association between the two variables, which means if knowledge of one variable gives information about the other.
Step 3: Given that depression and anxiety are both mental health conditions that often co-occur, it is reasonable to assume that knowledge of one variable (depression) can provide some information about the other (anxiety), and vice versa.
Step 4: Therefore, based on the given information and the definition of association, it can be inferred that there is a statistical association between Depression and Anxiety.

Conclusion: Yes",False,"Reasoning Process:
Step 1: The question asks if there is a causal relationship between Depression and Anxiety, where Depression temporally precedes and influences Anxiety.
Step 2: To answer this question, we need to consider the nature of the relationship between Depression and Anxiety, as defined by the PROMIS scales.
Step 3: The PROMIS depression scale focuses on affective and cognitive manifestations of depression, while the PROMIS anxiety scale focuses on fear, anxious misery, hyperarousal, and somatic symptoms related to arousal.
Step 4: While there may be an overlap in symptoms between Depression and Anxiety, the definitions provided do not suggest a direct causal relationship where Depression temporally precedes and leads to Anxiety.
Step 5: Without specific evidence or additional context suggesting a causal relationship, it is reasonable to assume that there is no direct causal relationship between Depression and Anxiety as defined by the PROMIS scales.
Step 6: However, it's important to note that this conclusion is based on the definitions provided and the absence of specific evidence or additional context. Other factors or definitions may lead to a different conclusion.

Conclusion: No",False
58,Depression,CCI,True,"Reasoning Process:
Step 1: Depression is a complex mental health disorder that can have various physical and psychological symptoms. Some of these symptoms can overlap with other health conditions, making it possible for depression to be comorbid with other diseases.
Step 2: CCI is a measure of the number of comorbidities a person has. Since depression can be comorbid with other health conditions, it is plausible that depression could be one of the comorbidities measured by the CCI.
Step 3: Furthermore, there is evidence suggesting that depression can be associated with various physical health conditions, such as cardiovascular disease, diabetes, and chronic pain. These conditions are often measured in a CCI, making it possible for depression to have a direct or indirect relationship with the CCI.
Step 4: In conclusion, given the overlap between depression and other health conditions, as well as the association between depression and various physical health conditions that are often measured in a CCI, it is plausible that depression may have a causal relationship with CCI, either directly or through one or more intermediate variables.

Conclusion: Yes",False,"Reasoning Process:
Step 1: Depression, as defined, refers to affective and cognitive manifestations of depression. CCI, on the other hand, is a comorbidity index that measures the number of comorbidities.
Step 2: The question asks if there is an association between Depression and CCI, which means we are looking for a statistical relationship between the two variables.
Step 3: While there may be a theoretical or clinical relationship between Depression and CCI (for example, depression may be a comorbidity itself or may be associated with the presence of multiple comorbidities), the question does not specify a particular study or dataset, so we cannot definitively say whether a statistical association exists.
Step 4: Therefore, based on the given information, we cannot conclusively determine if there is a statistical association between Depression and CCI.

Conclusion: No",False,"Reasoning Process:
Step 1: Depression, as defined, refers to affective and cognitive manifestations of depression. It does not inherently imply a direct causal relationship with CCI (comorbidity index), which measures the number of comorbidities.
Step 2: To establish a causal relationship, we would need evidence that a change in Depression (affective and cognitive manifestations of depression) precedes and leads to a change in CCI. This would require longitudinal studies or interventional trials that demonstrate a consistent pattern of Depression preceding changes in CCI.
Step 3: As of now, there is limited evidence to support a causal relationship between Depression and CCI, especially without intermediate variables. The relationship between the two is more likely to be complex and multifactorial, with both Depression and CCI potentially being influenced by various factors.
Step 4: In the absence of strong evidence, it is not possible to definitively state that Depression temporally precedes and influences CCI in a way consistent with a directional causal link.
Step 5: Therefore, based on the current understanding, it is not appropriate to conclude that there is a causal relationship between Depression and CCI.

Conclusion: No",True
59,Depression,Catastrophizing,True,"Reasoning Process:
Step 1: Depression is a mental health disorder characterized by affective and cognitive symptoms, such as feelings of sadness, hopelessness, and negative thoughts. These symptoms can significantly impact an individual's ability to cope with stressors, including chronic pain.
Step 2: Catastrophizing is a cognitive process characterized by the magnification of the threat value of a pain stimulus and the feeling of helplessness in the presence of pain. It is a common response to chronic pain and can exacerbate the pain experience.
Step 3: Given that both depression and catastrophizing involve negative thoughts and feelings, it is plausible that an individual with depression may be more prone to catastrophizing when faced with chronic pain.
Step 4: Furthermore, depression can lead to a decreased ability to cope with stressors, which may make an individual more susceptible to catastrophizing in response to chronic pain.
Step 5: There is also evidence from research studies that suggest a relationship between depression and catastrophizing in the context of chronic pain. For example, individuals with depression may have higher pain catastrophizing scores compared to those without depression.
Step 6: In conclusion, it is plausible that depression may have a causal relationship with catastrophizing, either directly or through one or more intermediate variables, based on the overlap in symptoms, the impact of depression on coping abilities, and the evidence from research studies.

Conclusion: Yes",True,"Reasoning Process:
Step 1: The definition of association states that if knowledge of the value of one variable gives information about the other, they are said to be associated. In this case, if knowledge of the presence of Depression (PROMIS depression) gives information about the presence or level of Catastrophizing (Pain catastrophizing score), or vice versa, then they are associated.
Step 2: Research has shown that there is a strong association between depression and pain catastrophizing. People with depression are more likely to have higher pain catastrophizing scores, and people with high pain catastrophizing scores are more likely to experience depression.
Step 3: Given the information from the research, it can be inferred that knowledge of the presence of Depression (PROMIS depression) gives information about the presence or level of Catastrophizing (Pain catastrophizing score), and vice versa. Therefore, Depression and Catastrophizing are associated.

Conclusion: Yes",True,"Reasoning Process:
Step 1: Define the variables Depression and Catastrophizing based on the provided definitions.
Step 2: Understand the question is asking for a causal relationship where Depression precedes and leads to a change in Catastrophizing.
Step 3: Consider the definitions of Depression and Catastrophizing. Depression is a set of affective and cognitive manifestations, while Catastrophizing is a tendency to magnify the threat value of a pain stimulus and feel helpless in the presence of pain.
Step 4: Given the definitions, it is plausible that Depression (affective and cognitive manifestations) could potentially influence Catastrophizing (pain-related thoughts and feelings of helplessness).
Step 5: However, the question asks for a causal relationship where Depression temporally precedes and influences Catastrophizing. This implies a directional causal link, meaning Depression must come before Catastrophizing.
Step 6: There is evidence to suggest that Depression can precede and influence Catastrophizing. For example, individuals with depression may have negative thoughts and feelings that could lead to catastrophizing about their pain.
Step 7: In conclusion, based on the provided definitions and available evidence, it is plausible that Depression can precede and influence Catastrophizing, thus satisfying the conditions for a causal relationship.

Conclusion: Yes",False
60,Depression,Education,True,"Reasoning Process:
Step 1: Depression is a complex mental health disorder that can have various causes, including biological, psychological, and social factors.
Step 2: Education, on the other hand, is a social factor that can influence an individual's life in numerous ways, including their mental health.
Step 3: It is well-documented that stress, socioeconomic status, and access to resources, which can be influenced by education, can contribute to the onset and exacerbation of depression.
Step 4: Therefore, it is plausible that there may be a causal relationship between Education and Depression, either directly or through one or more intermediate variables.

Conclusion: Yes",True,"Reasoning Process:
Step 1: Depression, as defined, refers to affective and cognitive manifestations of depression. Education, on the other hand, refers to the level of education of the participant.
Step 2: The question asks if there is an association between Depression and Education, which means we are looking for any statistical dependency between the two variables.
Step 3: Research in the field of health and medicine has shown that there can be a correlation between mental health conditions like depression and various factors, including education level.
Step 4: However, it's important to note that the direction and strength of this correlation can vary greatly depending on numerous factors such as socio-economic status, access to healthcare, and cultural background.
Step 5: Since there is evidence suggesting a potential correlation between depression and education level, we can conclude that there is an association between the two variables.

Conclusion: Yes",False,"Reasoning Process:
Step 1: The question asks if there is a causal relationship where a change in Depression precedes and leads to a change in Education.
Step 2: To answer this question, we need to consider if Depression can temporally precede Education and influence it in a way consistent with a directional causal link.
Step 3: However, the definition of Depression provided does not include any direct or indirect factors that could influence Education.
Step 4: Similarly, the definition of Education does not include any factors that could be influenced by Depression.
Step 5: Therefore, based on the provided definitions, there is no causal relationship where a change in Depression precedes and leads to a change in Education.
Step 6: It's important to note that this conclusion is based on the given definitions and does not account for other factors or research findings that may exist.
Step 7: In the absence of such information, the conclusion remains that there is no causal relationship between Depression and Education as defined.

Conclusion: No",False
61,Depression,Fear_avoidance,True,"Reasoning Process:
Step 1: Depression is a condition characterized by affective and cognitive manifestations, which can include feelings of sadness, hopelessness, and lack of interest or pleasure in activities. These symptoms can lead to a decrease in motivation and engagement in activities, including physical activities.
Step 2: Fear avoidance, on the other hand, is a patient-reported questionnaire that focuses on how a patient's fear avoidance beliefs about physical activity and work may affect and contribute to their low back pain and resulting disability. These beliefs can lead to avoidance of physical activities due to fear of pain or re-injury.
Step 3: It is plausible that a person experiencing depression may develop fear avoidance beliefs, as the symptoms of depression can lead to a lack of motivation and fear of engaging in physical activities due to feelings of sadness, hopelessness, and lack of interest.
Step 4: Therefore, it is plausible that Depression may have a causal relationship with Fear_avoidance, either directly or through one or more intermediate variables.

Conclusion: Yes",True,"Reasoning Process:
Step 1: Depression, as defined, refers to affective and cognitive manifestations of depression. Fear_avoidance, on the other hand, is a patient-reported questionnaire focusing on fear avoidance beliefs about physical activity and work that may affect low back pain and resulting disability.
Step 2: While there may be no direct causal relationship between Depression and Fear_avoidance, it is possible that they are associated due to the shared context of pain and disability. For instance, a person experiencing depression might develop fear avoidance beliefs as a coping mechanism for their pain, or vice versa.
Step 3: Research has shown that there is indeed a statistical association between Depression and Fear_avoidance, particularly in the context of chronic pain conditions such as low back pain.

Conclusion: Yes",False,"Reasoning Process:
Step 1: Depression, as defined, is a psychological condition characterized by affective and cognitive symptoms. Fear avoidance, on the other hand, is a patient-reported questionnaire focusing on fear avoidance beliefs about physical activity and work.
Step 2: There is evidence that depression can lead to fear avoidance, as depression can increase a person's anxiety and negative thoughts about physical activity, which in turn can lead to fear avoidance. However, the relationship is complex and can also be influenced by other factors such as pain severity, coping strategies, and social support.
Step 3: The question asks for a causal relationship where Depression temporally precedes and influences Fear avoidance. While there is evidence for this relationship, it is not always the case that Depression directly and solely causes Fear avoidance, as other factors can also play a role.
Step 4: Given the complexity of the relationship and the presence of other influencing factors, it is not possible to definitively state that Depression always temporally precedes and influences Fear avoidance in a way consistent with a directional causal link. Therefore, the relationship is not always straightforward and may not be considered a causal relationship in a strict sense.
Step 5: Based on the given context and question, it is more accurate to say that there is a correlation between Depression and Fear avoidance, rather than a causal relationship.
Step 6: In conclusion, while there is evidence that Depression can contribute to Fear avoidance, the relationship is complex and influenced by other factors. Therefore, it is not accurate to say that Depression always temporally precedes and influences Fear avoidance in a way consistent with a directional causal link.

Conclusion: No",False
62,Depression,Financial_level,True,"Reasoning Process:
Step 1: Depression is a complex mental health disorder that can have various causes, including biological, psychological, and social factors.
Step 2: Social factors, such as financial level, can have a significant impact on mental health, including the development and exacerbation of depression.
Step 3: There is a substantial body of evidence suggesting that financial stress and instability can contribute to the onset and worsening of depression.
Step 4: Intermediate variables, such as stress, anxiety, and poor coping mechanisms, may also play a role in the relationship between financial level and depression.
Step 5: Given the above, it is plausible that Depression may have a causal relationship with Financial_level, either directly or through one or more intermediate variables.

Conclusion: Yes",True,"Reasoning Process:
Step 1: The question asks if there is a statistical association between Depression (as measured by PROMIS depression) and Financial_level.
Step 2: To answer this question, we would typically look for evidence from research studies that have investigated the relationship between these two variables.
Step 3: There is a significant body of research that suggests a correlation between depression and financial level. People with depression may have difficulty maintaining employment, leading to financial instability. Conversely, financial stress can also contribute to the onset or worsening of depression.
Step 4: While the exact nature of the association may vary, the evidence suggests that there is a statistical dependency between Depression and Financial_level.

Conclusion: Yes",False,"Reasoning Process:
Step 1: The question asks if there is a causal relationship between Depression and Financial_level, where Depression temporally precedes and influences Financial_level.
Step 2: To answer this question, we need to consider if there are any established studies or evidence that show a causal relationship between Depression and Financial_level.
Step 3: While it is known that depression can lead to financial difficulties due to factors such as reduced productivity, increased healthcare costs, and decreased ability to manage finances, it is also possible that financial difficulties can lead to depression due to stress, anxiety, and other psychological factors.
Step 4: This bidirectional relationship suggests that it is difficult to establish a clear causal relationship where Depression temporally precedes and leads to a change in Financial_level, as both variables can influence each other.
Step 5: Therefore, based on the current evidence, it is not possible to definitively say that there is a causal relationship where Depression precedes and leads to a change in Financial_level.

Conclusion: No",False
63,Depression,Obesity,True,"Reasoning Process:
Step 1: Depression is a condition characterized by affective and cognitive manifestations, which can include changes in appetite, sleep, and energy levels.
Step 2: Obesity is a condition associated with excessive body weight or high BMI, which can be influenced by factors such as diet, physical activity, and genetics.
Step 3: There is a significant body of evidence suggesting that depression can lead to unhealthy lifestyle choices, such as poor diet and reduced physical activity, which in turn can contribute to obesity.
Step 4: Conversely, obesity has been linked to increased levels of inflammation and hormonal imbalances, which can potentially lead to depressive symptoms.
Step 5: Given the interplay between depression and lifestyle factors, as well as the biological mechanisms linking obesity to depression, it is plausible that there may be a causal relationship between the two conditions.

Conclusion: Yes",True,"Reasoning Process:
Step 1: Depression, as defined, refers to affective and cognitive manifestations of depression. Obesity, as defined, refers to weight or BMI associations.
Step 2: Research has consistently shown a significant association between depression and obesity. People with depression are more likely to be obese, and obesity can also lead to depression.
Step 3: Given the definition of association as any statistical dependency between two variables, and the evidence of a significant association between depression and obesity, it can be concluded that there is an association between the two variables.

Conclusion: Yes",False,"Reasoning Process:
Step 1: Defining the terms: Depression refers to affective and cognitive manifestations of depression as per PROMIS, and Obesity refers to weight or BMI associations.
Step 2: Examining the literature: A comprehensive review of the current scientific literature does not show a consistent causal relationship where a change in Depression precedes and leads to a change in Obesity, either directly or through one or more intermediate variables.
Step 3: Conclusion: Based on the available evidence, there is no strong causal relationship between Depression and Obesity, where Depression temporally precedes and influences Obesity in a way consistent with a directional causal link.

Conclusion: No",False
64,Depression,PEG,True,"Reasoning Process:
Step 1: Depression is a condition characterized by affective and cognitive manifestations, which can include symptoms such as sadness, loss of interest, and changes in thinking and behavior.
Step 2: PEG score is a measure of pain interference and pain intensity due to chronic low back pain, which can have psychological and emotional impacts on individuals.
Step 3: Research has shown that chronic pain and depression often co-occur, with depression being a common comorbidity in patients with chronic pain.
Step 4: The co-occurrence of depression and chronic pain suggests a potential causal relationship, where chronic pain may lead to depression due to the emotional and psychological distress associated with pain, or depression may exacerbate the perception of pain.
Step 5: Additionally, there are biological mechanisms that support a potential causal relationship between depression and chronic pain, such as altered neurotransmitter levels, inflammation, and changes in the brain's structure and function.
Step 6: Given the evidence of co-occurrence, the biological mechanisms, and the emotional and psychological impacts of chronic pain, it is plausible that Depression may have a causal relationship with PEG, either directly or through one or more intermediate variables.

Conclusion: Yes",False,"Reasoning Process:
Step 1: The PROMIS depression variable represents affective and cognitive manifestations of depression, while the PEG score measures pain interference and pain intensity due to chronic low back pain. These two variables are not directly related, as depression is a psychological condition and PEG score is a measure of physical pain.
Step 2: However, it is possible that there could be an indirect association between the two variables, such as if depression leads to increased pain sensitivity or if chronic pain leads to feelings of depression. But without specific data or research findings, it is not possible to definitively say that there is a statistical association between Depression and PEG.
Step 3: Therefore, based on the given information, it is not possible to conclusively state that there is a statistical association between Depression and PEG.

Conclusion: No",False,"Reasoning Process:
Step 1: The question asks if there is a causal relationship between Depression and PEG, where Depression temporally precedes and influences PEG.
Step 2: Depression, as defined, refers to affective and cognitive manifestations of depression, which are psychological states. PEG, on the other hand, is a measure of pain interference and pain intensity due to chronic low back pain, which is a physical condition.
Step 3: Psychological states, such as depression, do not typically cause physical conditions, such as pain, directly. There are usually intermediate variables, such as stress, anxiety, or sleep disturbances, that mediate the relationship between psychological states and physical pain.
Step 4: However, it is possible that depression could indirectly influence PEG through these intermediate variables. For example, depression could lead to increased stress, which in turn could lead to increased pain.
Step 5: Without specific evidence or a causal model, it is not possible to definitively say that depression causes a change in PEG. The relationship between depression and PEG is likely complex and multifactorial.
Step 6: Therefore, based on general knowledge and the definitions provided, it is not possible to definitively say that there is a causal relationship where a change in Depression precedes and leads to a change in PEG.

Conclusion: No",True
65,Depression,Sleep disturbance,True,"Reasoning Process:
Step 1: Depression is a condition characterized by affective and cognitive manifestations, which can include symptoms such as sadness, loss of interest, and changes in sleep patterns.
Step 2: Sleep disturbance is a self-reported perception of sleep quality, sleep depth, and restoration associated with sleep. It is a common symptom of depression.
Step 3: Given that sleep disturbance is a common symptom of depression, it is plausible that depression may have a causal relationship with sleep disturbance, either directly or through one or more intermediate variables.

Conclusion: Yes",True,"Reasoning Process:
Step 1: Depression, as defined, refers to affective and cognitive manifestations of depression. Sleep disturbance, on the other hand, is a self-reported perception of sleep quality, sleep depth, and restoration associated with sleep.
Step 2: Research has consistently shown a strong association between depression and sleep disturbance. People with depression often experience sleep disturbances such as insomnia, hypersomnia, and poor sleep quality.
Step 3: Given the definition of association as any statistical dependency between two variables, regardless of strength or directionality, and the consistent evidence of a strong association between depression and sleep disturbance, it can be concluded that there is an association between Depression and Sleep disturbance.

Conclusion: Yes",True,"Reasoning Process:
Step 1: Depression, as defined by PROMIS, includes affective and cognitive manifestations. These symptoms can include changes in mood, thoughts, and feelings, which can directly impact an individual's sleep quality.
Step 2: Sleep disturbance, as defined, is based on self-reported perceptions of sleep quality, sleep depth, and restoration. These perceptions can be influenced by various factors, including mood and feelings, which are components of depression.
Step 3: Given that depression can directly affect an individual's mood and feelings, which in turn can influence their perception of sleep quality, sleep depth, and restoration, it is reasonable to infer a causal relationship where a change in Depression precedes and leads to a change in Sleep disturbance.

Conclusion: Yes",False
66,Depression,Smoking,True,"Reasoning Process:
Step 1: Depression is a mental health disorder characterized by persistent feelings of sadness, hopelessness, and a lack of interest or pleasure in activities. It is associated with changes in mood, appetite, sleep, energy levels, and concentration.
Step 2: Smoking is an action that involves the inhalation and exhalation of smoke from tobacco products. It is known to have numerous negative effects on physical health, including increased risk of heart disease, stroke, and lung cancer.
Step 3: Research has shown that there is a strong association between depression and smoking. People with depression are more likely to smoke, and smoking can worsen symptoms of depression.
Step 4: The association between depression and smoking may be due to several factors, including self-medication (smoking to alleviate symptoms of depression), shared genetic factors, and environmental factors such as stress and social influences.
Step 5: While the exact causal relationship between depression and smoking is not fully understood, it is plausible that depression may have a causal relationship with smoking, either directly or through one or more intermediate variables.

Conclusion: Yes",True,"Reasoning Process:
Step 1: Depression, as defined, refers to affective and cognitive manifestations of depression. Smoking, as defined, refers to the action or habit of inhaling and exhaling the smoke of tobacco.
Step 2: The question asks if there is a statistical association between Depression and Smoking. A statistical association exists if knowledge of one variable gives information about the other.
Step 3: Research has shown that there is a significant association between depression and smoking. People who smoke are more likely to experience depression, and people who are depressed are more likely to start smoking.
Step 4: Given the information, it can be inferred that knowledge of one variable (depression) gives information about the other (smoking), and vice versa. Therefore, there is a statistical association between Depression and Smoking.

Conclusion: Yes",False,"Reasoning Process:
Step 1: Depression, as defined, refers to affective and cognitive manifestations of depression. It does not inherently involve any action or habit such as smoking.
Step 2: Smoking, as defined, refers to the action or habit of inhaling and exhaling the smoke of tobacco. It is an action that an individual actively chooses to do.
Step 3: There is no inherent causal relationship between Depression and Smoking, as defined, because Depression does not involve the action of smoking, and smoking is an action that an individual chooses to do.
Step 4: While it is possible for an individual to turn to smoking as a coping mechanism for depression, this would not establish a causal relationship in the sense of Depression temporally preceding and directly leading to Smoking.
Step 5: To establish a causal relationship, we would need evidence showing that a change in Depression (the cause) consistently precedes and leads to a change in Smoking (the effect), and that this relationship is not simply coincidental.
Step 6: Without such evidence, we cannot conclude that there is a causal relationship between Depression and Smoking.
Step 7: Therefore, based on the given definitions and the lack of evidence for a causal relationship, the conclusion is False.

Conclusion: No",True
67,Education,Alcohol,True,"Reasoning Process:
Step 1: Individuals with higher levels of education may have more disposable income, which could potentially lead to increased alcohol consumption.
Step 2: Education may also influence social norms and peer groups, which could indirectly affect alcohol consumption.
Step 3: There is evidence that education level is associated with health behaviors, including alcohol consumption, although the relationship is complex and multifactorial.
Step 4: It is also possible that individuals with certain personality traits, such as impulsivity or stress management issues, may be more likely to both have lower levels of education and engage in risky behaviors like excessive alcohol consumption.
Step 5: Furthermore, the quality and accessibility of education may vary, which could potentially influence the relationship between education and alcohol consumption.
Step 6: Lastly, it is important to note that correlation does not imply causation, but in this case, the plausibility of a causal relationship between education and alcohol consumption is supported by multiple lines of evidence.

Conclusion: Yes",True,"Reasoning Process:
Step 1: The definition of association states that if knowledge of the value of one variable gives information about the other, they are said to be associated. In this case, if knowing someone's level of education (Education) provides any information about their alcohol consumption (Alcohol), then they are associated.
Step 2: Research in the field of public health and sociology has consistently shown that there is a correlation between education level and alcohol consumption. Generally, individuals with higher levels of education tend to drink less alcohol than those with lower levels of education.
Step 3: Given the consistent correlation found in research, it can be inferred that there is a statistical association between Education and Alcohol.

Conclusion: Yes",False,"Reasoning Process:
Step 1: The question asks if there is a causal relationship between Education and Alcohol, where Education precedes and leads to a change in Alcohol.
Step 2: To establish a causal relationship, we need to consider if Education can influence Alcohol consumption directly or through one or more intermediate variables.
Step 3: Research has shown that Education can indirectly influence Alcohol consumption through factors such as income, social norms, and stress levels.
Step 4: However, Education does not directly cause Alcohol consumption. Alcohol consumption is not a direct result of Education.
Step 5: Therefore, while Education can influence Alcohol consumption indirectly, it does not establish a causal relationship where Education temporally precedes and directly leads to a change in Alcohol.

Conclusion: No",True
68,Education,Anxiety,True,"Reasoning Process:
Step 1: Education and anxiety are both psychological and social constructs that can be influenced by various factors.
Step 2: Research has shown that stress, financial difficulties, and social pressures can affect both education and anxiety levels.
Step 3: Moreover, a higher level of education may not necessarily protect an individual from stressors, but it could provide them with better coping mechanisms to manage anxiety.
Step 4: On the other hand, lower levels of education might limit an individual's ability to cope with stressors, potentially leading to increased anxiety.
Step 5: Therefore, it is plausible that Education may have a causal relationship with Anxiety, either directly or through one or more intermediate variables.

Conclusion: Yes",False,"Reasoning Process:
Step 1: The question asks if there is a statistical association between Education and Anxiety.
Step 2: To answer this question, we need to determine if knowledge of one variable (Education) gives information about the other (Anxiety).
Step 3: However, the question does not provide specific data or a study that shows a statistical association between Education and Anxiety.
Step 4: Without concrete data or a study, it is not possible to definitively say whether there is a statistical association between Education and Anxiety.
Step 5: Therefore, the conclusion is based on the lack of provided information, and we cannot confirm or deny the existence of a statistical association between Education and Anxiety.

Conclusion: No",False,"Reasoning Process:
Step 1: The question asks if there is a causal relationship between Education and Anxiety, where Education temporally precedes and influences Anxiety.
Step 2: To answer this question, we need to look for evidence that shows a change in Education precedes a change in Anxiety, and that this change is consistent with a directional causal link.
Step 3: However, the provided context does not include specific data or evidence that directly supports a causal relationship between Education and Anxiety.
Step 4: While it is known that stress and anxiety can be associated with various factors, including education level, the question asks for a causal relationship where Education directly precedes and leads to a change in Anxiety.
Step 5: Without specific evidence or a causal model that demonstrates a causal relationship between Education and Anxiety, it is not possible to definitively say that there is a causal relationship.
Step 6: Therefore, based on the provided context, it is not possible to conclude that there is a causal relationship between Education and Anxiety.

Conclusion: No",True
69,Education,CCI,True,"Reasoning Process:
Step 1: Education level can influence lifestyle choices, such as diet, exercise, and stress management, which can in turn affect health and lead to the development of comorbidities.
Step 2: Education can also provide individuals with knowledge about health risks, prevention strategies, and access to healthcare services, which may indirectly impact the development of comorbidities.
Step 3: There is a significant body of research that suggests a correlation between education level and health outcomes, including the presence of comorbidities.
Step 4: While causality cannot be definitively established without further research, the existing evidence suggests that there is a plausible relationship between education and CCI.

Conclusion: Yes",False,"Reasoning Process:
Step 1: The definition of association states that if knowledge of one variable gives information about the other, they are said to be associated. In this case, if having a certain level of education gives information about the number of comorbidities, or vice versa, then they are associated.
Step 2: However, the question does not provide any specific data or evidence to support the existence of such an association. Therefore, we cannot definitively say whether there is an association between Education and CCI based on the given information.
Step 3: Since we cannot definitively say whether there is an association, the conclusion is that we cannot confirm or deny the existence of an association between Education and CCI.

Conclusion: No",False,"Reasoning Process:
Step 1: The question asks if there is a causal relationship between Education and CCI, where Education precedes and leads to a change in CCI.
Step 2: To establish a causal relationship, we need to consider if Education can influence CCI directly or through one or more intermediate variables.
Step 3: In general, education level does not have a direct physiological impact on the number of comorbidities (CCI).
Step 4: However, education level can indirectly influence CCI through various factors such as lifestyle choices, access to healthcare, and socioeconomic status.
Step 5: These factors can potentially lead to an increased risk of developing comorbidities, thus creating a possible causal relationship.
Step 6: However, it's important to note that this is a complex relationship and the causality is not straightforward, as other factors can also influence both Education and CCI.
Step 7: Without specific evidence or a study demonstrating a clear temporal precedence and directional causal link between Education and CCI, it's difficult to definitively establish a causal relationship.
Step 8: Therefore, based on the current information, it's not possible to definitively say that there is a causal relationship between Education and CCI.

Conclusion: No",True
70,Education,Catastrophizing,True,"Reasoning Process:
Step 1: Education is a factor that can influence an individual's ability to understand and cope with various aspects of life, including health and pain.
Step 2: Pain catastrophizing is a psychological construct that involves magnifying the threat value of pain, feeling helpless in the presence of pain, and an inability to prevent or inhibit pain-related thoughts.
Step 3: It is plausible that a higher level of education could potentially lead to better understanding and coping skills, which in turn could help an individual manage their pain catastrophizing tendencies.
Step 4: However, it's important to note that education is not the only factor influencing pain catastrophizing, and other psychological, social, and biological factors also play significant roles.
Step 5: Given the complexity of pain catastrophizing and the multiple factors involved, it is plausible that Education may have a causal relationship with Catastrophizing, either directly or through one or more intermediate variables.

Conclusion: Yes",False,"Reasoning Process:
Step 1: The question asks if there is a statistical association between Education and Catastrophizing.
Step 2: To answer this question, we need to consider if knowledge of one variable (Education) gives information about the other (Catastrophizing).
Step 3: However, the question does not provide any specific data or research findings that demonstrate a statistical association between Education and Catastrophizing.
Step 4: Without concrete data or research findings, it is not possible to definitively say whether there is a statistical association between Education and Catastrophizing.
Step 5: Therefore, based on the information provided, we cannot conclude that there is a statistical association between Education and Catastrophizing.

Conclusion: No",False,"Reasoning Process:
Step 1: Defining the variables: Education refers to the level of education of the participant, and Catastrophizing refers to the tendency to magnify the threat value of a pain stimulus and to feel helpless in the presence of pain.
Step 2: Identifying the relationship: To establish a causal relationship, we need to determine if Education temporally precedes and influences Catastrophizing in a way consistent with a directional causal link.
Step 3: Examining the evidence: The question does not provide specific evidence to support a causal relationship between Education and Catastrophizing. Generally, research suggests that psychological factors such as stress, coping mechanisms, and mental health can influence pain catastrophizing, but the relationship between Education and these factors is not straightforward.
Step 4: Conclusion: Based on the available information, there is insufficient evidence to establish a causal relationship where a change in Education precedes and leads to a change in Catastrophizing.

Conclusion: No",False
71,Education,Depression,True,"Reasoning Process:
Step 1: Education and depression are both complex phenomena with multiple factors influencing them.
Step 2: Research has consistently shown that lower levels of education are associated with higher rates of depression.
Step 3: This association could be due to several potential intermediate variables, such as socioeconomic status, stress levels, and access to mental health resources.
Step 4: The existence of these potential intermediate variables suggests a plausible causal relationship between education and depression.
Step 5: Furthermore, the biological, theoretical, and scientific evidence supports the idea that education can influence mental health outcomes, including depression.
Step 6: For example, education can help individuals develop coping skills, stress management strategies, and a more positive outlook on life, all of which can reduce the risk of depression.
Step 7: In conclusion, it is plausible that Education may have a causal relationship with Depression, either directly or through one or more intermediate variables.

Conclusion: Yes",True,"Reasoning Process:
Step 1: The question asks if there is a statistical association between Education and Depression.
Step 2: To answer this question, we need to consider if knowledge of one variable (Education) gives information about the other (Depression).
Step 3: In the context of health care and medicine, there is a significant body of research that suggests a correlation between education level and mental health, including depression.
Step 4: Studies have shown that individuals with higher levels of education may have a lower risk of developing depression compared to those with lower levels of education.
Step 5: However, it's important to note that this correlation does not necessarily imply causation, as there may be other factors at play.
Step 6: Given the evidence of a statistical relationship between Education and Depression, we can conclude that there is an association between the two variables.

Conclusion: Yes",True,"Reasoning Process:
Step 1: The question asks if there is a causal relationship between Education and Depression, where Education temporally precedes and influences Depression.
Step 2: To answer this question, we need to consider if there is empirical evidence that shows a change in Education leads to a change in Depression, either directly or through one or more intermediate variables.
Step 3: While it is known that stress, financial difficulties, and other factors associated with lower levels of education can contribute to depression, it is not accurate to say that Education directly causes Depression.
Step 4: However, it is also true that higher levels of education can provide individuals with better coping mechanisms, social support, and access to mental health resources, which may help reduce the risk of depression.
Step 5: Therefore, while Education may not directly cause Depression, it can indirectly influence Depression through these intermediate variables.
Step 6: In summary, there is a causal relationship between Education and Depression, but it is indirect, not direct.
Step 7: Since the causal relationship is indirect, it is consistent with a directional causal link where Education temporally precedes and influences Depression.

Conclusion: Yes",True
72,Education,Fear_avoidance,True,"Reasoning Process:
Step 1: Education is a factor that can influence an individual's understanding and perception of their health and well-being. Higher levels of education are often associated with better health literacy and access to information.
Step 2: Fear avoidance is a psychological construct that involves a patient's beliefs and attitudes towards physical activity and work, particularly in relation to their pain. These beliefs can significantly impact a patient's behavior and, consequently, their pain and disability.
Step 3: It is plausible that a higher level of education could influence fear avoidance beliefs, as a better understanding of health and pain management might lead to more positive attitudes towards physical activity and work.
Step 4: However, it's important to note that the relationship between education and fear avoidance is likely complex and may be influenced by other factors such as socioeconomic status, cultural background, and personal experiences.
Step 5: While there is evidence suggesting a potential relationship between education and fear avoidance, it is not definitive, and further research is needed to establish a causal relationship.

Conclusion: Yes",False,"Reasoning Process:
Step 1: The question asks if there is a statistical association between Education and Fear_avoidance.
Step 2: To answer this question, we need to consider if knowledge of a person's education level provides any information about their fear avoidance beliefs.
Step 3: However, it is important to note that the question does not provide any specific data or research findings to support the existence of such an association.
Step 4: Without concrete evidence, it is not possible to definitively say whether there is a statistical association between Education and Fear_avoidance.
Step 5: Therefore, based on the information provided, the answer is indeterminate.

Conclusion: No",False,"Reasoning Process:
Step 1: The question asks if there is a causal relationship between Education and Fear_avoidance, where Education temporally precedes and influences Fear_avoidance.
Step 2: To establish a causal relationship, we need to find evidence that a change in Education leads to a change in Fear_avoidance, and not the other way around.
Step 3: However, the question does not provide any specific evidence or data to support such a causal relationship. Therefore, we cannot definitively say that Education causes a change in Fear_avoidance.
Step 4: It is possible that there could be an indirect causal relationship, where Education influences Fear_avoidance through one or more intermediate variables. However, without specific evidence, we cannot confirm this.
Step 5: In the absence of evidence, the default assumption is that there is no causal relationship between Education and Fear_avoidance.

Conclusion: No",False
73,Education,Financial_level,True,"Reasoning Process:
Step 1: Education is a key factor in determining job opportunities and income, as higher levels of education often lead to better-paying jobs.
Step 2: Financial level is directly related to income, and income is often influenced by the level of education.
Step 3: There are also indirect relationships, such as the impact of education on the ability to make informed financial decisions, access to financial resources, and the ability to invest in assets that can increase wealth.
Step 4: Additionally, education can provide a better understanding of financial concepts, leading to better financial management and long-term financial stability.
Step 5: Given these relationships, it is plausible that Education may have a causal relationship with Financial_level.

Conclusion: Yes",True,"Reasoning Process:
Step 1: The definition of association states that if knowledge of the value of one variable gives information about the other, they are said to be associated. In this case, if knowing someone's education level provides some information about their financial level, or vice versa, then they are associated.
Step 2: In general, there is a strong correlation between education and financial level. Higher levels of education often lead to higher-paying jobs, and thus a higher financial level. Conversely, a lower level of education may lead to lower-paying jobs and a lower financial level.
Step 3: Therefore, based on the general correlation between education and financial level, it can be inferred that there is a statistical association between the two variables.

Conclusion: Yes",True,"Reasoning Process:
Step 1: The question asks if there is a causal relationship between Education and Financial_level, where Education precedes and influences Financial_level.
Step 2: To answer this question, we need to consider if there is evidence that a change in Education leads to a change in Financial_level, either directly or through one or more intermediate variables.
Step 3: Research has shown that education often leads to better job opportunities, higher salaries, and improved financial stability, which can be considered as intermediate variables.
Step 4: Additionally, it is generally accepted that education can provide individuals with the skills and knowledge necessary to manage their finances more effectively.
Step 5: Therefore, it can be inferred that a change in Education can lead to a change in Financial_level, either directly or through one or more intermediate variables.
Step 6: Based on this reasoning, it can be concluded that there is a causal relationship between Education and Financial_level, where Education temporally precedes and influences Financial_level.

Conclusion: Yes",True
74,Education,Obesity,True,"Reasoning Process:
Step 1: Obesity is often associated with lifestyle factors such as diet and exercise, which can be influenced by education level.
Step 2: Higher education levels are often associated with a better understanding of nutrition and health, which can lead to healthier lifestyle choices.
Step 3: Lower education levels may also be associated with limited access to healthy food options and resources for physical activity, contributing to obesity.
Step 4: There is a significant body of research that has found a correlation between education level and obesity, although causality has not been definitively established.
Step 5: Given the above points, it is plausible that Education may have a causal relationship with Obesity, either directly or through one or more intermediate variables.

Conclusion: Yes",True,"Reasoning Process:
Step 1: Defining the variables: Education refers to the level of education of the participant, and Obesity refers to being overweight or having a high BMI.
Step 2: Understanding the question: The question asks if there is an association between Education and Obesity, meaning if knowledge of one variable gives information about the other.
Step 3: Researching: Given the vast amount of research on the relationship between Education and Obesity, it is well-established that there is a statistical association between the two variables.

Conclusion: Yes",False,"Reasoning Process:
Step 1: First, we need to understand if Education can directly influence Obesity. There is no known biological mechanism that suggests Education can directly affect a person's weight or BMI.
Step 2: Next, we consider if Education might influence Obesity through intermediate variables. Some studies suggest that Education level may influence dietary habits, physical activity levels, and stress management, which in turn could affect Obesity. However, these relationships are complex and multifactorial.
Step 3: It's also important to note that while Education might be associated with Obesity, it's not clear if Education causes Obesity or if Obesity causes Education. Correlation does not necessarily imply causation.
Step 4: In conclusion, while there is evidence suggesting Education might be associated with Obesity through various intermediate variables, there is no definitive causal relationship where Education temporally precedes and influences Obesity in a way consistent with a directional causal link.
Step 5: Therefore, the final conclusion is False.

Conclusion: No",True
75,Education,PEG,True,"Reasoning Process:
Step 1: Chronic low back pain (PEG) is a physical condition, while education is a measure of an individual's level of knowledge. There is no inherent biological or direct causal relationship between the two.
Step 2: However, education can indirectly affect PEG through various intermediate variables. For example, individuals with higher education levels may have better access to healthcare, leading to earlier diagnosis and treatment of chronic conditions, including low back pain. Additionally, education can influence lifestyle factors such as physical activity, stress management, and overall health awareness, which can indirectly impact the development and management of chronic pain.
Step 3: Furthermore, there is evidence suggesting that individuals with higher education levels may have a better understanding of their pain and coping mechanisms, which can lead to improved pain management and reduced pain interference.
Step 4: In conclusion, while there is no direct causal relationship between education and PEG, there are several plausible indirect relationships through intermediate variables.

Conclusion: Yes",False,"Reasoning Process:
Step 1: The question asks if there is a statistical association between Education and PEG, which refers to any dependency between the two variables, regardless of strength or directionality.
Step 2: In the given context, there is no information provided about any statistical relationship between Education and PEG. The question does not specify any data or study results that would indicate an association.
Step 3: Therefore, based on the lack of provided information, it is not possible to definitively say whether Education and PEG are associated.

Conclusion: No",False,"Reasoning Process:
Step 1: The question asks if there is a causal relationship between Education and PEG, where Education precedes and influences PEG.
Step 2: To establish a causal relationship, we need to consider if Education can directly or indirectly affect PEG, and if this change in Education precedes the change in PEG.
Step 3: However, the question does not provide any specific evidence or data to support a causal relationship between Education and PEG. Therefore, we cannot definitively say that Education directly causes a change in PEG.
Step 4: Indirect causation through one or more intermediate variables is also not suggested in the question or the provided context.
Step 5: Without evidence or a plausible mechanism linking Education and PEG, we cannot establish a causal relationship between the two.
Step 6: Thus, based on the information provided, there is no evidence to support a causal relationship between Education and PEG.

Conclusion: No",True
76,Education,Sleep disturbance,True,"Reasoning Process:
Step 1: Education level can influence various aspects of a person's life, including their lifestyle, stress levels, and access to healthcare resources.
Step 2: Poor education can lead to lower income, which may result in stress and financial worries, both of which are known to negatively impact sleep quality.
Step 3: Education can also influence knowledge about sleep hygiene, such as the importance of regular sleep schedules, avoiding caffeine and alcohol before bedtime, and creating a sleep-conducive environment.
Step 4: Poor sleep quality can in turn affect cognitive function, which may impact a person's ability to learn and perform well in school, creating a feedback loop where poor sleep leads to poor education outcomes.
Step 5: There is also evidence that sleep disturbance can be a symptom of various mental health disorders, such as depression and anxiety, which are more prevalent among individuals with lower levels of education.
Step 6: Given the above points, it is plausible that Education may have a causal relationship with Sleep disturbance, either directly or through one or more intermediate variables.

Conclusion: Yes",False,"Reasoning Process:
Step 1: The question asks if there is a statistical association between Education and Sleep disturbance.
Step 2: To determine this, we would need to analyze data that includes both variables and perform a statistical test to determine if there is a significant relationship between them.
Step 3: However, since no specific data or statistical analysis has been provided, I cannot definitively say whether there is an association between Education and Sleep disturbance.
Step 4: Therefore, based on the information given, it is not possible to conclude whether there is an association between Education and Sleep disturbance.

Conclusion: No",False,"Reasoning Process:
Step 1: The question asks if there is a causal relationship between Education and Sleep disturbance, where Education precedes and influences Sleep disturbance.
Step 2: To establish a causal relationship, we need to consider if Education can directly or indirectly affect Sleep disturbance.
Step 3: Directly, Education might not have a significant impact on Sleep disturbance as they are distinct concepts. Education is about the level of knowledge and skills acquired through learning, while Sleep disturbance is about the quality and depth of sleep.
Step 4: However, Education might indirectly influence Sleep disturbance through various intermediate variables such as stress levels, lifestyle factors, and health conditions.
Step 5: For instance, higher levels of education might lead to better stress management skills, healthier lifestyle choices, and access to better healthcare, all of which could potentially improve sleep quality.
Step 6: However, it's important to note that this is a correlation, not a definitive causation. There could be other factors at play that influence both Education and Sleep disturbance.
Step 7: Without specific research or evidence to support a temporal precedence of Education causing a change in Sleep disturbance, we cannot definitively establish a causal relationship.
Step 8: Therefore, based on the given information, it is not possible to confirm a causal relationship between Education and Sleep disturbance.

Conclusion: No",False
77,Education,Smoking,True,"Reasoning Process:
Step 1: Individuals with higher levels of education may have more access to information about the health risks associated with smoking.
Step 2: Higher levels of education may also lead to a better understanding of the consequences of smoking, which could potentially discourage the habit.
Step 3: On the other hand, individuals with lower levels of education may have less access to information about the health risks of smoking, and may be more likely to be influenced by peer pressure or advertising.
Step 4: Additionally, socioeconomic factors, which are often associated with education level, may also play a role in smoking habits.
Step 5: Given these factors, it is plausible that Education may have a causal relationship with Smoking, either directly or through one or more intermediate variables.

Conclusion: Yes",True,"Reasoning Process:
Step 1: The question asks if there is a statistical association between Education and Smoking.
Step 2: To answer this question, we need to consider if knowledge of one variable (Education) gives information about the other (Smoking).
Step 3: In general, there is a statistical association between Education and Smoking, as higher levels of education are often associated with lower smoking rates.
Step 4: However, it's important to note that this association can vary greatly depending on factors such as cultural, socioeconomic, and geographical context.
Step 5: Given the general association and the variability in the association, it can be said that there is a statistical association between Education and Smoking.

Conclusion: Yes",True,"Reasoning Process:
Step 1: The question asks if there is a causal relationship between Education and Smoking, where Education precedes and leads to a change in Smoking.
Step 2: To answer this question, we need to consider if there is evidence that a change in Education level can influence the habit of smoking, either directly or through one or more intermediate variables.
Step 3: Research has shown that education level can influence smoking habits, as individuals with higher levels of education are generally less likely to smoke than those with lower levels of education.
Step 4: This is because higher levels of education often lead to increased knowledge about the health risks associated with smoking, as well as the development of critical thinking skills that help individuals make healthier choices.
Step 5: Additionally, there may be intermediate variables such as socioeconomic status, peer pressure, and access to information that can mediate the relationship between Education and Smoking.
Step 6: However, it's important to note that the relationship between Education and Smoking is complex and influenced by a variety of factors, and not every individual will follow this pattern.
Step 7: In conclusion, there is evidence to suggest a causal relationship where a change in Education level can precede and lead to a change in Smoking, either directly or through one or more intermediate variables.

Conclusion: Yes",True
78,Fear_avoidance,Alcohol,False,"Reasoning Process:
Step 1: Fear avoidance is a patient-reported questionnaire that focuses on a patient's fear avoidance beliefs about physical activity and work, and how these beliefs may affect low back pain and resulting disability. It does not directly measure alcohol consumption.
Step 2: Alcohol consumption, on the other hand, is a measure of the number of drinks consumed per week. There is no established biological, theoretical, or scientific evidence to suggest a direct causal relationship between fear avoidance beliefs and alcohol consumption.
Step 3: While it is possible that fear avoidance beliefs could indirectly influence alcohol consumption through other variables (for example, stress or depression), there is no established intermediate variable that links fear avoidance beliefs and alcohol consumption in a causal relationship.
Step 4: Therefore, based on the current understanding of fear avoidance and alcohol consumption, it is not plausible that fear avoidance may have a causal relationship with alcohol, either directly or through one or more intermediate variables.

Conclusion: No",False,"Reasoning Process:
Step 1: Fear avoidance is a patient-reported questionnaire that focuses on a patient's fear avoidance beliefs about physical activity and work, and how it may affect low back pain and resulting disability. It does not directly measure alcohol consumption.
Step 2: Alcohol consumption, on the other hand, is the number of drinks a person consumes per week. There is no inherent connection between fear avoidance and alcohol consumption.
Step 3: Therefore, based on the definitions provided, there is no direct statistical association between Fear_avoidance and Alcohol.

Conclusion: No",False,"Reasoning Process:
Step 1: Fear avoidance is a patient-reported questionnaire that focuses on a patient's fear avoidance beliefs about physical activity and work, not on alcohol consumption.
Step 2: There is no inherent connection or causal relationship established between fear avoidance and alcohol consumption in the definitions provided.
Step 3: To establish a causal relationship, we would need evidence from research studies showing that a change in fear avoidance precedes and leads to a change in alcohol consumption, or that there are intermediate variables linking the two.
Step 4: Without such evidence, it is not possible to conclude that there is a causal relationship between fear avoidance and alcohol consumption.
Step 5: Therefore, based on the given information, there is no causal relationship between Fear_avoidance and Alcohol.

Conclusion: No",False
79,Fear_avoidance,Anxiety,True,"Reasoning Process:
Step 1: Fear avoidance is a patient-reported questionnaire that focuses on fear avoidance beliefs about physical activity and work, which may affect and contribute to low back pain and resulting disability. Anxiety, on the other hand, is a psychological state characterized by feelings of worry, fear, and apprehension.
Step 2: It is well established in the literature that fear avoidance beliefs can contribute to the development and maintenance of chronic pain, including low back pain. This is because fear avoidance can lead to avoidance of physical activity, which can exacerbate pain and lead to disability.
Step 3: Anxiety and fear are closely related emotions, and high levels of anxiety can lead to avoidance behaviors, similar to those seen in fear avoidance. Therefore, it is plausible that fear avoidance beliefs about physical activity and work may contribute to anxiety, either directly or through one or more intermediate variables.
Step 4: Moreover, there is evidence to suggest that anxiety and fear avoidance share common underlying mechanisms, such as negative appraisals, catastrophizing, and avoidance behaviors. This further supports the plausibility of a causal relationship between fear avoidance and anxiety.
Step 5: In conclusion, based on the existing knowledge about the relationship between fear avoidance and chronic pain, the close relationship between fear and anxiety, and the shared underlying mechanisms between the two, it is plausible that fear avoidance may have a causal relationship with anxiety, either directly or through one or more intermediate variables.

Conclusion: Yes",False,"Reasoning Process:
Step 1: Fear avoidance is a patient-reported questionnaire that focuses on how a patient's fear avoidance beliefs about physical activity and work may affect and contribute to their low back pain and resulting disability. Anxiety, on the other hand, is a construct that focuses on fear, anxious misery, hyperarousal, and somatic symptoms related to arousal.
Step 2: The question asks if there is an association between Fear_avoidance and Anxiety, which refers to any statistical dependency between two variables, regardless of strength or directionality. If knowledge of the value of one variable gives information about the other, they are said to be associated.
Step 3: Given the definitions, it is reasonable to expect that there could be an association between Fear_avoidance and Anxiety, as both are related to fear and emotional states. However, to definitively answer the question, we would need specific research or data that establishes a statistical association between the two variables.
Step 4: Since I am a machine and do not have access to specific research or data, I cannot definitively say whether there is a statistical association between Fear_avoidance and Anxiety. However, based on the definitions provided, it is reasonable to expect that there could be an association.

Conclusion: No",False,"Reasoning Process:
Step 1: Fear avoidance is a patient-reported questionnaire that focuses on fear avoidance beliefs about physical activity and work, which may affect and contribute to low back pain and resulting disability.
Step 2: PROMIS anxiety is a patient-reported questionnaire that focuses on fear, anxious misery, hyperarousal, and somatic symptoms related to arousal.
Step 3: There is no inherent information provided in the question that suggests the existence of any intermediate variables linking Fear avoidance and Anxiety.
Step 4: The question asks for a causal relationship where Fear avoidance temporally precedes and leads to a change in Anxiety, but there is no evidence to suggest that Fear avoidance directly causes Anxiety or that it does so through a specific time-bound sequence.
Step 5: Without specific evidence or a theoretical framework that establishes a causal relationship between Fear avoidance and Anxiety, it is not possible to definitively conclude that there is a causal link between the two.
Step 6: Therefore, based on the available information, it is not possible to conclude that there is a causal relationship where Fear avoidance precedes and leads to a change in Anxiety.

Conclusion: No",True
80,Fear_avoidance,CCI,True,"Reasoning Process:
Step 1: Fear avoidance is a patient-reported questionnaire that focuses on a patient's fear avoidance beliefs about physical activity and work, which may affect low back pain and resulting disability. This suggests that fear avoidance is related to a patient's perception and behavior towards physical activity.
Step 2: CCI is a comorbidity index that measures the number of comorbidities a patient has. Comorbidities are the presence of one or more additional diseases or disorders co-occurring with a primary disease or disorder. This suggests that CCI is related to the overall health status of a patient.
Step 3: It is plausible that a patient's fear avoidance beliefs about physical activity and work may indirectly affect their overall health status through the impact on their physical activity levels, which could lead to the development of other health problems and thus increase the CCI score.
Step 4: While there might not be a direct causal relationship between fear avoidance and CCI, the indirect relationship through physical activity levels and subsequent health problems is biologically, theoretically, and scientifically reasonable, based on existing knowledge.
Step 5: Therefore, it is plausible that Fear_avoidance may have a causal relationship with CCI, either directly or through one or more intermediate variables.

Conclusion: Yes",False,"Reasoning Process:
Step 1: Fear avoidance is a patient-reported questionnaire that focuses on a patient's fear avoidance beliefs about physical activity and work, which may affect and contribute to their low back pain and resulting disability. On the other hand, CCI is a comorbidity index that measures the number of comorbidities.
Step 2: The question asks if there is an association between Fear_avoidance and CCI, which refers to any statistical dependency between the two variables, regardless of strength or directionality.
Step 3: Since fear avoidance and CCI are different types of measures (one is a questionnaire about fear avoidance beliefs and the other is a comorbidity index), there is no inherent statistical association between them.
Step 4: However, it is possible that through research studies, a statistical association between fear avoidance and CCI has been established. But as a general statement, without specific research findings, there is no inherent association between the two variables.

Conclusion: No",False,"Reasoning Process:
Step 1: Fear avoidance is a patient-reported questionnaire that focuses on a patient's fear avoidance beliefs about physical activity and work, which may affect and contribute to their low back pain and resulting disability. It does not directly measure comorbidities.
Step 2: CCI is a comorbidity index that measures the number of comorbidities a patient has. It does not directly measure fear avoidance.
Step 3: For a causal relationship to exist, there must be a temporal precedence (Fear avoidance must occur before CCI) and a directional link (Fear avoidance must influence CCI).
Step 4: However, since Fear avoidance and CCI are different constructs, there is no inherent reason or evidence to suggest that a change in Fear avoidance would directly or indirectly lead to a change in CCI.
Step 5: Therefore, based on the given information, it is not possible to establish a causal relationship where a change in Fear avoidance precedes and leads to a change in CCI.

Conclusion: No",False
81,Fear_avoidance,Catastrophizing,True,"Reasoning Process:
Step 1: Fear avoidance is a patient reported questionnaire that focuses on how a patient's fear avoidance beliefs about physical activity and work may affect and contribute to their low back pain and resulting disability.
Step 2: Pain catastrophizing is characterized by the tendency to magnify the threat value of a pain stimulus and to feel helpless in the presence of pain, as well as by a relative inability to prevent or inhibit pain-related thoughts.
Step 3: Both fear avoidance and pain catastrophizing are related to a patient's perception and response to pain, and they can both contribute to the severity and duration of pain.
Step 4: It is plausible that a patient with high fear avoidance beliefs may develop catastrophizing thoughts as a result of their fear of physical activity and the perceived threat of pain, or vice versa.
Step 5: The existence of a causal relationship between fear avoidance and catastrophizing is supported by research, as both constructs have been found to be interrelated and to contribute to the maintenance and exacerbation of chronic pain.

Conclusion: Yes",True,"Reasoning Process:
Step 1: Fear avoidance is a patient reported questionnaire that focuses on how a patient's fear avoidance beliefs about physical activity and work may affect and contribute to their low back pain and resulting disability. Pain catastrophizing score is characterized by the tendency to magnify the threat value of a pain stimulus and to feel helpless in the presence of pain, as well as by a relative inability to prevent or inhibit pain-related thoughts.
Step 2: Both fear avoidance and pain catastrophizing are psychological factors that can influence a patient's experience of chronic pain, but they are distinct constructs. Fear avoidance focuses on the avoidance of physical activity and work due to fear of pain, while pain catastrophizing refers to the magnification of the threat value of pain and feelings of helplessness.
Step 3: However, there is a significant body of research that suggests a strong association between fear avoidance and pain catastrophizing in patients with chronic pain, particularly in the context of low back pain. High levels of fear avoidance are often associated with higher pain catastrophizing scores, and vice versa.
Step 4: This association is thought to be due to the fact that both fear avoidance and pain catastrophizing can contribute to the maintenance and exacerbation of chronic pain by reinforcing maladaptive pain-related beliefs and behaviors.
Step 5: Therefore, based on the available evidence, it can be concluded that there is a statistical association between fear avoidance and pain catastrophizing.

Conclusion: Yes",False,"Reasoning Process:
Step 1: Fear avoidance is a patient-reported questionnaire that focuses on a patient's fear avoidance beliefs about physical activity and work, which may affect and contribute to their low back pain and resulting disability.
Step 2: Pain catastrophizing score is characterized by the tendency to magnify the threat value of a pain stimulus, feel helpless in the presence of pain, and have a relative inability to prevent or inhibit pain-related thoughts.
Step 3: There is evidence that fear avoidance and pain catastrophizing are associated with each other, but the direction of causality is not always clear.
Step 4: To establish a causal relationship, we need to demonstrate that fear avoidance temporally precedes and influences pain catastrophizing in a consistent directional causal link.
Step 5: However, the available evidence does not provide strong support for the claim that fear avoidance temporally precedes and directly causes pain catastrophizing.
Step 6: There might be intermediate variables that mediate the relationship between fear avoidance and pain catastrophizing, but the evidence for these intermediate variables is not conclusive.
Step 7: Given the current state of evidence, it is not possible to definitively establish a causal relationship where a change in Fear_avoidance precedes and leads to a change in Catastrophizing.
Step 8: Therefore, the conclusion is False.

Conclusion: No",False
82,Fear_avoidance,Depression,True,"Reasoning Process:
Step 1: Fear avoidance is a patient-reported questionnaire that focuses on how a patient's fear avoidance beliefs about physical activity and work may affect and contribute to their low back pain and resulting disability.
Step 2: Depression is a mental health disorder characterized by persistent feelings of sadness, hopelessness, and a lack of interest or pleasure in activities. PROMIS depression is a specific measure of the affective and cognitive manifestations of depression.
Step 3: There is a significant body of evidence suggesting that chronic pain, such as low back pain, can lead to or exacerbate symptoms of depression due to the psychological and social impacts of living with pain.
Step 4: Fear avoidance beliefs about physical activity and work can contribute to the development and maintenance of chronic pain by leading individuals to avoid activities that could potentially alleviate their pain, thereby increasing their disability and potentially leading to feelings of depression.
Step 5: Therefore, it is plausible that fear avoidance may have a causal relationship with depression, either directly or through the intermediate variable of chronic pain.

Conclusion: Yes",True,"Reasoning Process:
Step 1: Fear avoidance is a patient-reported questionnaire that focuses on how a patient's fear avoidance beliefs about physical activity and work may affect and contribute to their low back pain and resulting disability.
Step 2: PROMIS depression is a measure of the affective and cognitive manifestations of depression.
Step 3: Association refers to any statistical dependency between two variables, regardless of strength or directionality. If knowledge of the value of one variable gives information about the other, they are said to be associated.
Step 4: Research has shown that fear avoidance beliefs and depression are often interrelated, with fear avoidance being a significant predictor of depression in individuals with chronic pain.
Step 5: Therefore, based on the interrelatedness and predictive nature of fear avoidance and depression, it can be inferred that there is a statistical association between the two variables.

Conclusion: Yes",False,"Reasoning Process:
Step 1: Fear avoidance is a patient-reported questionnaire that focuses on fear avoidance beliefs about physical activity and work, which may affect low back pain and resulting disability.
Step 2: Depression, on the other hand, is a mental health disorder characterized by persistent feelings of sadness, hopelessness, and a lack of interest or pleasure in activities.
Step 3: While it is possible that fear avoidance and depression may be correlated, as both can be associated with chronic pain, there is no established causal relationship where fear avoidance temporally precedes and leads to depression.
Step 4: The causal relationship between fear avoidance and depression is not straightforward, as fear avoidance is a response to pain and depression can also lead to avoidance of activities. Therefore, it is more likely that the relationship between the two is bidirectional rather than unidirectional.
Step 5: In the absence of a clear temporal precedence and directional causal link, it is not appropriate to conclude that fear avoidance causes depression.
Step 6: Based on the given context, there is no evidence to support a causal relationship where a change in Fear_avoidance precedes and leads to a change in Depression.

Conclusion: No",True
83,Fear_avoidance,Education,False,"Reasoning Process:
Step 1: Fear avoidance is a patient-reported questionnaire that focuses on a patient's fear avoidance beliefs about physical activity and work, which may affect low back pain and resulting disability. It does not directly measure education level.
Step 2: Education, on the other hand, refers to the level of formal education a person has received. It does not inherently relate to fear avoidance beliefs.
Step 3: Therefore, it is not plausible for fear avoidance to have a direct causal relationship with education, as they are separate constructs that do not inherently influence each other.

Conclusion: No",False,"Reasoning Process:
Step 1: Fear avoidance is a patient-reported questionnaire that measures a patient's fear avoidance beliefs about physical activity and work, which may affect low back pain and resulting disability. Education, on the other hand, refers to the level of formal education a person has received.
Step 2: There is no inherent relationship or causality defined between fear avoidance and education in the given definitions. However, it is possible that there could be a statistical association between the two variables, as a person's level of education might influence their understanding and management of fear avoidance beliefs, or vice versa.
Step 3: To definitively answer the question, we would need empirical evidence or research data that has investigated the statistical association between fear avoidance and education. As I am not equipped to access or analyze such data, I cannot make a definitive conclusion based on the information provided.
Step 4: Therefore, based on the given definitions and the lack of access to empirical data, I cannot conclusively state whether there is an association between Fear_avoidance and Education.

Conclusion: No",False,"Reasoning Process:
Step 1: Fear avoidance is a patient-reported questionnaire that focuses on a patient's fear avoidance beliefs about physical activity and work, which may affect and contribute to their low back pain and resulting disability. It does not directly influence a person's level of education.
Step 2: Education refers to the level of education of the participant. It is not influenced by a person's fear avoidance beliefs.
Step 3: There is no intermediate variable identified in the question that could link Fear avoidance and Education in a causal relationship.
Step 4: Therefore, based on the definitions provided, there is no causal relationship where a change in Fear_avoidance precedes and leads to a change in Education.

Conclusion: No",False
84,Fear_avoidance,Financial_level,False,"Reasoning Process:
Step 1: Fear avoidance is a psychological construct that focuses on a patient's beliefs about physical activity and work, and how these beliefs may affect their low back pain and resulting disability. It does not inherently involve financial factors.
Step 2: Financial level, on the other hand, is a measure of a person's financial situation, which is not directly related to their fear avoidance beliefs.
Step 3: While it is possible that fear avoidance and financial level could be indirectly related through other variables (for example, a person's overall health status, stress levels, or access to healthcare), there is no inherent biological, theoretical, or scientific reason to suggest a direct causal relationship between fear avoidance and financial level.
Step 4: Therefore, based on the definitions provided, it is not plausible that fear avoidance may have a causal relationship with financial level.

Conclusion: No",False,"Reasoning Process:
Step 1: Fear avoidance is a patient-reported questionnaire that measures a patient's fear avoidance beliefs about physical activity and work, which may affect and contribute to their low back pain and resulting disability. Financial level, on the other hand, refers to the financial situation of the participant, often a proxy for socioeconomic status.
Step 2: Association refers to any statistical dependency between two variables, regardless of strength or directionality, meaning that if knowledge of the value of one variable gives information about the other, they are said to be associated.
Step 3: However, there is no inherent or direct relationship between fear avoidance and financial level as defined. Fear avoidance is a psychological construct, while financial level is a socioeconomic measure. Therefore, there is no immediate or direct statistical association between the two variables.
Step 4: To establish an association, a study would need to be conducted to investigate the relationship between these two variables, such as whether there is a correlation or a causal relationship. Without such a study, it is not possible to definitively say that there is an association between fear avoidance and financial level.
Step 5: In the absence of such a study, the conclusion is that there is no association between fear avoidance and financial level.
Step 6: However, it is important to note that this conclusion is based on the definitions provided and the lack of a direct relationship between the two variables. It is possible that through further research, a statistical association could be found.

Conclusion: No",False,"Reasoning Process:
Step 1: Fear avoidance is a patient-reported questionnaire that focuses on a patient's fear avoidance beliefs about physical activity and work, and how these beliefs may affect and contribute to their low back pain and resulting disability. It does not directly measure financial level or socioeconomic status.
Step 2: Financial level is a measure of a participant's financial situation, often used as a proxy for socioeconomic status. It is not directly related to fear avoidance beliefs.
Step 3: There is no established causal relationship between fear avoidance and financial level in the literature, as fear avoidance is a psychological construct and financial level is a socioeconomic construct. While there may be indirect relationships through factors such as job loss due to disability, these relationships are complex and multifactorial.
Step 4: In the absence of a direct causal relationship or a well-established intermediate variable linking fear avoidance and financial level, it is reasonable to conclude that a change in Fear_avoidance does not temporally precede and influence Financial_level in a way consistent with a directional causal link.
Step 5: Therefore, the answer is FALSE.

Conclusion: No",False
85,Fear_avoidance,Obesity,False,"Reasoning Process:
Step 1: Fear avoidance is a patient-reported questionnaire that focuses on a patient's fear avoidance beliefs about physical activity and work, which may affect low back pain and resulting disability. This questionnaire does not directly measure obesity or weight.
Step 2: Obesity, on the other hand, is a condition related to weight or BMI. There is evidence that obesity can lead to various health issues, including musculoskeletal problems, which could potentially contribute to pain, including low back pain.
Step 3: However, the question asks if fear avoidance may have a causal relationship with obesity. While obesity can lead to musculoskeletal problems, there is no direct evidence to suggest that fear avoidance beliefs about physical activity and work have a causal effect on obesity.
Step 4: It is plausible that fear avoidance beliefs could indirectly affect obesity through reduced physical activity, which is a risk factor for obesity. However, this would be an indirect relationship, not a direct one.
Step 5: In conclusion, while fear avoidance beliefs and obesity are related to each other in that both can contribute to musculoskeletal problems, there is no direct evidence to suggest a causal relationship between fear avoidance beliefs and obesity.

Conclusion: No",False,"Reasoning Process:
Step 1: Fear avoidance is a patient-reported questionnaire that focuses on a patient's fear avoidance beliefs about physical activity and work, which may affect and contribute to their low back pain and resulting disability. Obesity, on the other hand, is a condition related to weight or BMI.
Step 2: To determine if there is an association between fear avoidance and obesity, we would need to examine data that shows a statistical relationship between the two variables. This could be done through various statistical methods such as correlation analysis or regression analysis.
Step 3: However, it's important to note that the existence of a statistical association does not necessarily imply a causal relationship. A statistical association means that there is a relationship between the two variables, but it does not necessarily mean that one variable causes the other.
Step 4: Unfortunately, I do not have access to specific data or research findings to determine if there is a statistical association between fear avoidance and obesity. Therefore, I cannot definitively say whether there is an association or not.
Step 5: Based on the available information, it is not possible to definitively conclude whether there is an association between fear avoidance and obesity.
Step 6: However, it is known that obesity can contribute to various health issues, including musculoskeletal problems, which could potentially impact a person's fear avoidance beliefs and behaviors. Conversely, fear avoidance could potentially contribute to weight gain or obesity by limiting physical activity.
Step 7: Given the potential interplay between the two variables, it is plausible that there could be a statistical association between fear avoidance and obesity. However, without specific data or research findings, I cannot definitively say whether there is an association or not.

Conclusion: No",False,"Reasoning Process:
Step 1: Fear avoidance is a patient-reported questionnaire that focuses on a patient's fear avoidance beliefs about physical activity and work, not on their weight or BMI.
Step 2: Obesity, on the other hand, is a condition related to weight or BMI.
Step 3: There is no inherent causal relationship established between fear avoidance and obesity in the definitions provided. Fear avoidance does not directly affect a person's weight or BMI.
Step 4: While it is possible that fear avoidance could indirectly influence obesity through factors such as reduced physical activity, there is no evidence to suggest a direct causal link between the two.
Step 5: Therefore, based on the given definitions and lack of direct causal link, the conclusion is that there is no causal relationship where a change in Fear_avoidance precedes and leads to a change in Obesity.

Conclusion: No",False
86,Fear_avoidance,PEG,True,"Reasoning Process:
Step 1: Fear avoidance is a patient-reported questionnaire that focuses on fear avoidance beliefs about physical activity and work, which may affect and contribute to low back pain and resulting disability. Chronic low back pain is a common symptom that can interfere with daily activities and work, as measured by the PEG score.
Step 2: The fear avoidance questionnaire measures fear avoidance beliefs, which are psychological factors that can influence a patient's behavior and activity levels. These beliefs can potentially lead to avoidance of physical activity and work, which can in turn exacerbate chronic low back pain.
Step 3: Existing research has shown that fear avoidance beliefs can contribute to the development and maintenance of chronic pain, including low back pain. This is because fear avoidance can lead to reduced activity levels, which can result in deconditioning and increased pain sensitivity.
Step 4: Furthermore, fear avoidance beliefs can also lead to a vicious cycle of pain, disability, and fear, where the fear of pain leads to avoidance of activity, which in turn leads to deconditioning and increased pain, and further fear and avoidance.
Step 5: Given the above, it is plausible that fear avoidance may have a causal relationship with PEG, either directly or through one or more intermediate variables, as fear avoidance beliefs can contribute to the development and maintenance of chronic low back pain, which can interfere with daily activities and work, as measured by the PEG score.

Conclusion: Yes",False,"Reasoning Process:
Step 1: Fear avoidance is a patient-reported questionnaire that focuses on a patient's fear avoidance beliefs about physical activity and work, which may affect and contribute to their low back pain and resulting disability. PEG score is an index measuring pain interference and pain intensity due to chronic low back pain.
Step 2: Since both Fear avoidance and PEG score are related to chronic low back pain, it is plausible that there could be an association between the two variables.
Step 3: However, without specific data or research findings that demonstrate a statistical relationship between Fear avoidance and PEG score, we cannot definitively say that there is an association between the two variables.
Step 4: Therefore, based on the given information, it is not possible to conclusively determine if there is an association between Fear avoidance and PEG.

Conclusion: No",False,"Reasoning Process:
Step 1: Fear avoidance is a patient-reported questionnaire that focuses on fear avoidance beliefs about physical activity and work, which may affect and contribute to low back pain and resulting disability.
Step 2: PEG score is an index measuring pain interference and pain intensity due to chronic low back pain.
Step 3: To establish a causal relationship, we need to determine if fear avoidance (the cause) temporally precedes and influences PEG score (the effect).
Step 4: The question asks for a directional causal link, meaning that fear avoidance should precede and directly or indirectly influence PEG score.
Step 5: However, as a causal relationship between fear avoidance and PEG score is not directly observable, we cannot definitively establish a causal relationship based on the given information.
Step 6: Therefore, we cannot conclude that a change in Fear_avoidance precedes and leads to a change in PEG, either directly or through one or more intermediate variables.

Conclusion: No",True
87,Fear_avoidance,Sleep disturbance,True,"Reasoning Process:
Step 1: Fear avoidance is a patient-reported questionnaire that focuses on a patient's fear avoidance beliefs about physical activity and work, which may affect their low back pain and resulting disability. Sleep disturbance is a self-reported perception of sleep quality, sleep depth, and restoration associated with sleep.
Step 2: It is known that psychological factors, such as fear and anxiety, can significantly impact an individual's sleep quality. Fear avoidance, being a measure of fear and avoidance beliefs, could potentially contribute to sleep disturbances.
Step 3: Additionally, physical activity is a known factor that can influence sleep quality. Fear avoidance, by affecting a person's willingness to engage in physical activity, could indirectly impact sleep through this pathway.
Step 4: While the specific causal relationship between fear avoidance and sleep disturbance may not be fully understood, the plausibility of such a relationship exists given the known impacts of fear, anxiety, and physical activity on sleep.

Conclusion: Yes",False,"Reasoning Process:
Step 1: Fear avoidance is a patient-reported questionnaire that focuses on a patient's fear avoidance beliefs about physical activity and work, which may affect and contribute to their low back pain and resulting disability. Sleep disturbance, on the other hand, is a self-reported perception of sleep quality, sleep depth, and restoration associated with sleep.
Step 2: The question asks if there is an association between Fear_avoidance and Sleep disturbance, which refers to any statistical dependency between the two variables, regardless of strength or directionality.
Step 3: Since fear avoidance and sleep disturbance are both self-reported measures, there is a potential for a correlation between the two, as a person's fear avoidance beliefs about physical activity and work may indirectly impact their sleep quality.
Step 4: However, without specific research or data to support a statistical association between Fear_avoidance and Sleep disturbance, it is not possible to definitively say that there is an association between the two variables.
Step 5: Therefore, based on the available information, it is not possible to conclusively determine if there is an association between Fear_avoidance and Sleep disturbance.

Conclusion: No",False,"Reasoning Process:
Step 1: Fear avoidance is a patient-reported questionnaire that focuses on a patient's fear avoidance beliefs about physical activity and work, which may affect and contribute to their low back pain and resulting disability.
Step 2: Sleep disturbance is a self-reported perception of sleep quality, sleep depth, and restoration associated with sleep.
Step 3: To establish a causal relationship, we need to determine if fear avoidance temporally precedes and influences sleep disturbance in a way consistent with a directional causal link.
Step 4: However, the question does not provide evidence or research that directly establishes a causal relationship between fear avoidance and sleep disturbance.
Step 5: Without concrete evidence, it is not possible to definitively conclude that a change in Fear_avoidance precedes and leads to a change in Sleep disturbance.
Step 6: Therefore, based on the information provided, it is not possible to confirm a causal relationship between Fear_avoidance and Sleep disturbance.

Conclusion: No",False
88,Fear_avoidance,Smoking,False,"Reasoning Process:
Step 1: Fear avoidance is a patient-reported questionnaire that focuses on a patient's fear avoidance beliefs about physical activity and work, and how these beliefs may affect low back pain and resulting disability. It does not directly measure or address smoking habits.
Step 2: Smoking is the action or habit of inhaling and exhaling the smoke of tobacco. It is a physical activity that can have direct effects on the body, such as cardiovascular and respiratory issues, but it does not inherently involve fear avoidance beliefs.
Step 3: There is no established intermediate variable that directly links fear avoidance and smoking. Fear avoidance beliefs are psychological in nature, while smoking is a physical behavior. Therefore, it is not plausible that fear avoidance may have a direct or indirect causal relationship with smoking.

Conclusion: No",False,"Reasoning Process:
Step 1: Fear avoidance is a patient-reported questionnaire that focuses on a patient's fear avoidance beliefs about physical activity and work, which may affect and contribute to their low back pain and resulting disability. Smoking, on the other hand, is the action or habit of inhaling and exhaling the smoke of tobacco.
Step 2: There is no inherent connection or causal relationship between fear avoidance and smoking, as defined by the variables provided. Fear avoidance is a psychological construct, while smoking is a physical behavior.
Step 3: However, it is possible that there could be a statistical association between the two variables, as fear avoidance and smoking may be correlated in certain populations. For example, individuals with chronic pain may be more likely to smoke as a coping mechanism, or smoking may contribute to the development or exacerbation of chronic pain, leading to increased fear avoidance.
Step 4: To determine if there is a statistical association between fear avoidance and smoking, research studies would need to be conducted to analyze the data and determine if there is a significant relationship between the two variables.
Step 5: Without specific research data, it is not possible to definitively say whether there is a statistical association between fear avoidance and smoking.
Step 6: Therefore, based on the available information, it is not possible to definitively say that there is a statistical association between fear avoidance and smoking.

Conclusion: No",False,"Reasoning Process:
Step 1: Fear avoidance is a patient-reported questionnaire that focuses on a patient's fear avoidance beliefs about physical activity and work, not on their smoking habits.
Step 2: Smoking is the action or habit of inhaling and exhaling the smoke of tobacco, which is a physical activity that is not directly related to fear avoidance beliefs.
Step 3: There is no inherent causal relationship between fear avoidance and smoking, as they are distinct concepts and one does not temporally precede or influence the other.
Step 4: There are no intermediate variables identified in the question that could potentially link fear avoidance and smoking.
Step 5: Therefore, based on the given information, there is no causal relationship between fear avoidance and smoking.

Conclusion: No",False
89,Financial_level,Alcohol,True,"Reasoning Process:
Step 1: Financial level is a proxy for socioeconomic status, which can influence various aspects of an individual's life, including their lifestyle choices.
Step 2: Alcohol consumption is a lifestyle choice that can be influenced by socioeconomic factors, as certain socioeconomic groups may have different access to alcohol, cultural norms regarding alcohol consumption, and financial resources to afford alcohol.
Step 3: Therefore, it is plausible that financial level may have a causal relationship with alcohol, either directly or through one or more intermediate variables.

Conclusion: Yes",True,"Reasoning Process:
Step 1: The definition of association states that if knowledge of one variable gives information about the other, they are said to be associated. In this case, if a person's financial level (Financial_level) could potentially influence their alcohol consumption (Alcohol), or vice versa, they would be associated.
Step 2: Research has shown that there can be a correlation between a person's financial level and their alcohol consumption. For example, people with lower financial levels may turn to alcohol as a coping mechanism, while those with higher financial levels may have more resources to consume alcohol recreationally.
Step 3: Given the evidence that there is a correlation between Financial_level and Alcohol, we can conclude that there is an association between the two variables.

Conclusion: Yes",False,"Reasoning Process:
Step 1: The question asks if there is a causal relationship between Financial_level and Alcohol, where Financial_level temporally precedes and influences Alcohol.
Step 2: To establish a causal relationship, we need to consider if there is a temporal precedence (Financial_level changes before Alcohol) and a directional link (Financial_level influences Alcohol).
Step 3: Research has shown that financial stress can lead to increased alcohol consumption in some individuals, but it's important to note that this is not a universal response.
Step 4: However, it's also possible that other factors, such as personal habits, mental health issues, or social factors, could be influencing both Financial_level and Alcohol consumption.
Step 5: Without a definitive, consistent, and direct causal link between Financial_level and Alcohol, we cannot definitively say that Financial_level temporally precedes and influences Alcohol in a way consistent with a directional causal link.
Step 6: Therefore, based on the current understanding, it's not possible to confirm a causal relationship between Financial_level and Alcohol.
Step 7: Final conclusion: False

Conclusion: No",False
90,Financial_level,Anxiety,True,"Reasoning Process:
Step 1: Financial level is a proxy for socioeconomic status, which is a well-established determinant of health and well-being.
Step 2: Anxiety is a common mental health issue that can significantly impact a person's well-being.
Step 3: There is a substantial body of evidence suggesting that socioeconomic status is associated with mental health outcomes, including anxiety.
Step 4: This association may be due to various factors such as stress, lack of access to mental health care, and exposure to traumatic events that are more common in lower socioeconomic groups.
Step 5: Additionally, the PROMIS anxiety scale measures symptoms related to fear, worry, hyperarousal, and somatic symptoms, all of which can be exacerbated by financial stress.
Step 6: Given the above, it is plausible that financial level may have a causal relationship with anxiety, either directly or through one or more intermediate variables.

Conclusion: Yes",True,"Reasoning Process:
Step 1: The question asks if there is a statistical association between Financial_level and Anxiety.
Step 2: Financial_level and Anxiety are two different variables, each with their own values and characteristics.
Step 3: Statistical association refers to a relationship between two variables where knowledge of the value of one variable gives information about the other.
Step 4: To determine if there is a statistical association, we would need to analyze data that includes both Financial_level and Anxiety variables for a significant number of participants.
Step 5: However, as a general expert in the field, I can say that there is a substantial body of research suggesting a potential association between financial stress (often related to Financial_level) and anxiety levels.
Step 6: This association is not absolute, as there are many factors that can influence anxiety levels, and not everyone who experiences financial stress will have increased anxiety.
Step 7: Nevertheless, the presence of a significant number of studies indicating a potential association between Financial_level and Anxiety suggests that there is a statistical association between the two variables.

Conclusion: Yes",False,"Reasoning Process:
Step 1: The question asks if there is a causal relationship between Financial_level and Anxiety, where Financial_level temporally precedes and influences Anxiety.
Step 2: To answer this question, we need to look for evidence that shows a change in Financial_level precedes a change in Anxiety, and that this change is consistent with a directional causal link.
Step 3: Research has shown that financial stress can lead to increased levels of anxiety, as financial problems can cause worry, fear, and uncertainty, which are symptoms of anxiety.
Step 4: However, it's important to note that the relationship between Financial_level and Anxiety is complex and can be influenced by various factors, such as personal coping mechanisms, support systems, and mental health history.
Step 5: While it's clear that financial stress can contribute to anxiety, it's not always the case that a change in Financial_level directly and solely causes a change in Anxiety. Other factors may also play a role.
Step 6: Given the complexity of the relationship and the potential for other factors to influence both Financial_level and Anxiety, it's difficult to definitively establish a causal relationship between the two variables.
Step 7: However, the evidence suggests a strong association between Financial_level and Anxiety, with financial stress often leading to increased anxiety. This association can be considered as a potential causal relationship, but it's not a definitive causal link.

Conclusion: No",True
91,Financial_level,CCI,True,"Reasoning Process:
Step 1: Financial level is a proxy for socioeconomic status, which is known to influence various aspects of health and healthcare access.
Step 2: Chronic conditions, as measured by CCI, are often influenced by factors such as access to healthcare, lifestyle, and stress levels, all of which can be affected by socioeconomic status.
Step 3: Therefore, it is plausible that financial level may have a causal relationship with CCI, either directly or through one or more intermediate variables.

Conclusion: Yes",False,"Reasoning Process:
Step 1: The definition of association states that if knowledge of one variable gives information about the other, they are said to be associated. In this case, if knowing a person's financial level provides some information about their CCI, or vice versa, then they are associated.
Step 2: However, the question does not provide any specific data or research results to support the existence of such an association. Therefore, we cannot definitively say whether there is an association between Financial_level and CCI based on the given information.
Step 3: Since we cannot definitively say whether there is an association, the conclusion must be False.

Conclusion: No",False,"Reasoning Process:
Step 1: The question asks if there is a causal relationship between Financial_level and CCI, where Financial_level temporally precedes and influences CCI.
Step 2: Financial_level is a proxy for socioeconomic status, and socioeconomic status can affect access to healthcare, diet, and lifestyle, all of which can impact health and lead to comorbidities.
Step 3: CCI is a measure of the number of comorbidities, which are multiple health conditions occurring in the same individual at the same time.
Step 4: While it is possible that changes in Financial_level could lead to changes in CCI through various intermediate variables, it is important to note that correlation does not imply causation. Other factors could also be at play.
Step 5: Without specific evidence or a controlled study demonstrating a causal relationship between Financial_level and CCI, it is not possible to definitively say that there is a causal relationship.
Step 6: Therefore, based on the current information, it is not possible to definitively conclude that there is a causal relationship between Financial_level and CCI.

Conclusion: No",False
92,Financial_level,Catastrophizing,True,"Reasoning Process:
Step 1: Financial level is a proxy for socioeconomic status, which is known to be associated with various health outcomes, including mental health.
Step 2: Pain catastrophizing is a psychological construct related to mental health, and it has been shown to be associated with various health conditions, including chronic pain.
Step 3: Given that socioeconomic status is associated with mental health, and pain catastrophizing is a mental health construct, it is plausible that financial level could have a causal relationship with pain catastrophizing, either directly or through one or more intermediate variables.

Conclusion: Yes",False,"Reasoning Process:
Step 1: The question asks if there is a statistical association between Financial_level and Catastrophizing.
Step 2: Financial_level and Catastrophizing are two different variables, one representing the financial situation of an individual and the other representing the tendency to magnify the threat value of pain and feel helpless in the presence of pain.
Step 3: Statistical association refers to a relationship between two variables where knowledge of the value of one variable gives information about the other.
Step 4: To determine if there is a statistical association, we would typically look for a correlation or an association in a dataset that includes both Financial_level and Catastrophizing variables.
Step 5: However, the question does not provide any specific data or study results. Therefore, without any data or study results, it is not possible to definitively say whether there is a statistical association between Financial_level and Catastrophizing.
Step 6: In the absence of data or study results, the conclusion must be that it is unknown if there is a statistical association between Financial_level and Catastrophizing.
Step 7: In summary, the question asks if there is a statistical association between Financial_level and Catastrophizing, but without any data or study results, it is not possible to definitively say whether there is a statistical association.

Conclusion: No",False,"Reasoning Process:
Step 1: Defining the question: The question asks if there is a causal relationship between Financial_level and Catastrophizing, where Financial_level precedes and influences Catastrophizing.
Step 2: Understanding the variables: Financial_level is a proxy for socioeconomic status, while Catastrophizing refers to the tendency to magnify the threat value of pain and feel helpless in the presence of pain.
Step 3: Identifying the causal relationship: To establish a causal relationship, we would need to find evidence that a change in Financial_level (independent variable) precedes and leads to a change in Catastrophizing (dependent variable).
Step 4: Evaluating the evidence: As of now, there is substantial evidence suggesting that financial stress can contribute to increased pain catastrophizing, but the evidence does not definitively establish a causal relationship due to the complexity of the relationship between socioeconomic status, stress, and pain perception.
Step 5: Conclusion: Given the current evidence, we cannot definitively conclude that there is a causal relationship where a change in Financial_level precedes and leads to a change in Catastrophizing, as there are multiple factors involved and the relationship is not straightforward.

Conclusion: No",False
93,Financial_level,Depression,True,"Reasoning Process:
Step 1: Financial level is a proxy for socioeconomic status, which is a well-established determinant of health outcomes.
Step 2: Depression is a health outcome, and it is known that socioeconomic status can influence mental health, including the risk of depression.
Step 3: There is a substantial body of evidence showing a correlation between socioeconomic status and depression, suggesting a potential causal relationship.
Step 4: Additionally, there are biological, psychological, and social mechanisms that could explain this relationship, such as stress, lack of access to mental health care, and social isolation.
Step 5: Given the existing evidence and the plausible mechanisms, it is plausible that Financial_level may have a causal relationship with Depression.

Conclusion: Yes",True,"Reasoning Process:
Step 1: The question asks if there is a statistical association between Financial_level and Depression.
Step 2: To answer this question, we need to consider if knowledge of one variable (Financial_level) gives information about the other (Depression).
Step 3: In the context of health care and medicine, there is a significant body of research that suggests a correlation between financial stress and mental health, including depression.
Step 4: This correlation is often observed due to factors such as job loss, financial instability, and lack of access to healthcare, which can all contribute to depression.
Step 5: While the exact nature and strength of the association may vary, the presence of a statistical association between Financial_level and Depression is well-established in the literature.

Conclusion: Yes",False,"Reasoning Process:
Step 1: The question asks if there is a causal relationship between Financial_level and Depression, where Financial_level temporally precedes and influences Depression.
Step 2: To answer this question, we need to consider evidence from research studies that have investigated this causal relationship.
Step 3: Research has shown that there is a significant association between financial stress and depression. However, it's important to note that correlation does not necessarily imply causation.
Step 4: To establish a causal relationship, we would need to find evidence of a temporal precedence (Financial_level changing before Depression) and a directional influence (Financial_level causing Depression).
Step 5: While there is evidence suggesting that financial stress can lead to depression, it's also possible that depression can lead to financial problems due to factors such as reduced productivity and increased healthcare costs.
Step 6: Without definitive evidence of a temporal precedence and directional influence that is consistent with a causal link, we cannot definitively say that Financial_level causally influences Depression.
Step 7: Therefore, based on the current evidence, it is not possible to definitively conclude that there is a causal relationship where a change in Financial_level precedes and leads to a change in Depression.

Conclusion: No",True
94,Financial_level,Education,True,"Reasoning Process:
Step 1: Financial level and education are both factors that can influence an individual's life opportunities and choices.
Step 2: A higher financial level can provide resources for better educational opportunities, such as private schools, tutoring, and educational materials.
Step 3: Conversely, a lower financial level may limit access to quality education due to factors like inadequate school resources, lack of educational materials, and inability to afford tuition.
Step 4: Education can also impact financial level, as higher levels of education often lead to better job opportunities and higher salaries.
Step 5: Therefore, it is plausible that there is a causal relationship between financial level and education, either directly or through intermediate variables.

Conclusion: Yes",True,"Reasoning Process:
Step 1: The definition of association states that if knowledge of the value of one variable gives information about the other, they are said to be associated. In this case, if a person's financial level (Financial_level) can provide information about their level of education (Education), then they are associated.
Step 2: In many societies, a person's financial level is often correlated with their level of education. Higher financial levels are often associated with higher levels of education, and lower financial levels with lower levels of education.
Step 3: While there may be exceptions and individual cases where this correlation does not hold true, in general, there is a statistical association between Financial_level and Education.

Conclusion: Yes",False,"Reasoning Process:
Step 1: The question asks if there is a causal relationship between Financial_level and Education, where a change in Financial_level precedes and leads to a change in Education.
Step 2: To answer this question, we need to consider if there are any known causal pathways where changes in Financial_level can influence Education.
Step 3: One possible causal pathway is that a higher Financial_level can provide opportunities for better education, such as access to better schools, tutoring, and resources.
Step 4: Another possible causal pathway is that a higher level of Education can lead to better job opportunities and higher income, thus improving Financial_level.
Step 5: However, it's important to note that these relationships are bidirectional, meaning that Education can also influence Financial_level.
Step 6: In conclusion, while there is a strong correlation between Financial_level and Education, the causal relationship is complex and can go in both directions. Therefore, it's not accurate to say that Financial_level temporally precedes and influences Education in a way consistent with a directional causal link.
Step 7: Thus, the answer to the question is False.

Conclusion: No",False
95,Financial_level,Fear_avoidance,True,"Reasoning Process:
Step 1: Financial level is a proxy for socioeconomic status, which can influence various aspects of a person's life, including their access to healthcare, education, and support systems.
Step 2: Fear avoidance is related to a patient's beliefs and attitudes towards physical activity and work, which can be influenced by various factors, including psychological and emotional factors.
Step 3: It is plausible that a person's financial level, as a proxy for socioeconomic status, could indirectly influence fear avoidance through factors such as stress, anxiety, and depression, which are known to be associated with both financial difficulties and fear avoidance.
Step 4: While a direct causal relationship between financial level and fear avoidance may not be immediately apparent, the potential for an indirect relationship through intermediate variables is plausible based on the known influences of socioeconomic status and fear avoidance.

Conclusion: Yes",False,"Reasoning Process:
Step 1: Financial level and fear avoidance are two separate variables that can be measured in different ways. They are not inherently related.
Step 2: To determine if there is an association between these two variables, we would need to conduct a statistical analysis, such as a correlation or regression analysis, on a dataset that includes both variables.
Step 3: Without such an analysis, it is not possible to definitively say whether there is an association between financial level and fear avoidance.
Step 4: Therefore, based on the current information provided, we cannot conclude that there is an association between Financial_level and Fear_avoidance.

Conclusion: No",False,"Reasoning Process:
Step 1: The question asks if there is a causal relationship between Financial_level and Fear_avoidance, where Financial_level temporally precedes and influences Fear_avoidance.
Step 2: To establish a causal relationship, we need to find evidence that a change in Financial_level precedes a change in Fear_avoidance, and that this change is not merely coincidental.
Step 3: Research has shown that financial stress can lead to anxiety and depression, which in turn can increase fear avoidance beliefs about physical activity and work.
Step 4: However, the relationship between Financial_level and Fear_avoidance is complex and may involve multiple intermediate variables, such as anxiety and depression.
Step 5: Without specific evidence of a longitudinal study demonstrating a causal relationship between Financial_level and Fear_avoidance, where Financial_level is shown to precede and influence Fear_avoidance, we cannot definitively say that there is a causal relationship.
Step 6: Therefore, based on the current evidence, it is not possible to definitively conclude that there is a causal relationship between Financial_level and Fear_avoidance.

Conclusion: No",False
96,Financial_level,Obesity,True,"Reasoning Process:
Step 1: Financial level is a proxy for socioeconomic status, which is known to influence various aspects of health, including diet and physical activity.
Step 2: Obesity is often associated with unhealthy diet and lack of physical activity, both of which can be influenced by socioeconomic factors.
Step 3: Therefore, it is plausible that financial level may have a causal relationship with obesity, either directly or through intermediate variables such as diet and physical activity.

Conclusion: Yes",True,"Reasoning Process:
Step 1: First, we need to understand the definition of association in this context, which refers to any statistical dependency between two variables, regardless of strength or directionality.
Step 2: Next, we consider the variables in question: Financial_level and Obesity. Financial_level is a proxy for socioeconomic status, while Obesity is defined as being overweight or having a high BMI.
Step 3: Research has consistently shown that there is a correlation between socioeconomic status and obesity. People with lower socioeconomic status are more likely to be obese or overweight.
Step 4: Therefore, based on the existing research, we can conclude that there is a statistical association between Financial_level and Obesity.

Conclusion: Yes",False,"Reasoning Process:
Step 1: First, we need to understand if there is a temporal relationship between Financial_level and Obesity. In other words, does a change in Financial_level occur before a change in Obesity?
Step 2: Research has shown that changes in Financial_level can occur over a long period, making it difficult to establish a direct causal link between a sudden change in Financial_level and a subsequent change in Obesity.
Step 3: However, there is evidence that suggests a correlation between Financial_level and Obesity. For example, individuals with lower socioeconomic status (often associated with lower Financial_level) may have less access to healthy food options, leading to a higher risk of obesity.
Step 4: Additionally, stress related to financial difficulties can lead to unhealthy coping mechanisms such as emotional eating, which may contribute to weight gain and obesity.
Step 5: While these associations exist, it's important to note that correlation does not imply causation. There may be other factors at play, such as genetics, lifestyle, and access to healthcare, that could influence both Financial_level and Obesity.
Step 6: In conclusion, while there is a correlation between Financial_level and Obesity, the evidence does not definitively establish a causal relationship where a change in Financial_level precedes and leads to a change in Obesity.
Step 7: Therefore, the conclusion is False. There is no causal relationship where a change in Financial_level precedes and leads to a change in Obesity.

Conclusion: No",True
97,Financial_level,PEG,True,"Reasoning Process:
Step 1: Chronic pain, such as low back pain, can significantly impact a person's quality of life and ability to work, which in turn can affect their financial situation.
Step 2: On the other hand, a person's financial situation can also impact their ability to access healthcare, including pain management treatments, which could potentially affect the severity of their chronic pain.
Step 3: Therefore, it is plausible that there could be a bidirectional relationship between Financial_level and PEG, where one can influence the other, either directly or through intermediate variables.

Conclusion: Yes",False,"Reasoning Process:
Step 1: The question asks if there is a statistical association between Financial_level and PEG.
Step 2: To determine this, we would typically look for a correlation or other statistical relationship between the two variables.
Step 3: However, the question does not provide any specific data or study results that demonstrate such a correlation or association.
Step 4: Without concrete data, it is not possible to definitively say whether there is an association between Financial_level and PEG.
Step 5: Therefore, based on the information provided, we cannot conclude that there is an association between Financial_level and PEG.

Conclusion: No",False,"Reasoning Process:
Step 1: The question asks if there is a causal relationship between Financial_level and PEG, where a change in Financial_level precedes and leads to a change in PEG.
Step 2: To establish a causal relationship, we need to consider if Financial_level can influence PEG directly or through one or more intermediate variables.
Step 3: However, the question does not provide any specific intermediate variables or evidence to support a causal relationship.
Step 4: Without concrete evidence or a theoretical framework linking Financial_level to PEG, it is not possible to definitively establish a causal relationship.
Step 5: Therefore, based on the information provided, we cannot conclude that there is a causal relationship between Financial_level and PEG.

Conclusion: No",True
98,Financial_level,Sleep disturbance,True,"Reasoning Process:
Step 1: Financial level is a proxy for socioeconomic status, which is known to be associated with various health outcomes, including sleep quality.
Step 2: Sleep disturbance is a health outcome that can be influenced by various factors, including socioeconomic status.
Step 3: Therefore, it is plausible that financial level may have a causal relationship with sleep disturbance, either directly or through one or more intermediate variables.

Conclusion: Yes",False,"Reasoning Process:
Step 1: The question asks if there is a statistical association between Financial_level and Sleep disturbance.
Step 2: To answer this question, we need to consider if knowledge of one variable (Financial_level) gives information about the other (Sleep disturbance).
Step 3: In other words, we need to determine if there is a correlation or relationship between the two variables.
Step 4: The existence of such a relationship can be determined through statistical analysis, such as correlation coefficients or regression models.
Step 5: Since the question does not provide specific data or results from such an analysis, we cannot definitively say whether there is an association between Financial_level and Sleep disturbance.
Step 6: However, it is important to note that in many studies, there has been evidence suggesting a potential association between financial stress and sleep disturbances.
Step 7: Given the lack of specific data and the general evidence in the literature, we cannot conclusively say that there is an association between Financial_level and Sleep disturbance.

Conclusion: No",False,"Reasoning Process:
Step 1: Define the question: The question asks if there is a causal relationship between a change in Financial_level and Sleep disturbance, where Financial_level temporally precedes and influences Sleep disturbance.
Step 2: Identify the variables: The variables in question are Financial_level and Sleep disturbance.
Step 3: Understand the context: The context does not provide specific evidence or studies that establish a causal relationship between Financial_level and Sleep disturbance. Therefore, we cannot definitively say that there is a causal relationship.
Step 4: Conclusion: Based on the provided context, there is insufficient evidence to establish a causal relationship between Financial_level and Sleep disturbance. Thus, the conclusion is False.

Conclusion: No",True
99,Financial_level,Smoking,True,"Reasoning Process:
Step 1: Smoking is often influenced by various factors, including socioeconomic status, which Financial_level is a proxy for.
Step 2: Research has shown that people with lower socioeconomic status are more likely to smoke due to factors such as stress, lack of access to health information, and fewer opportunities for physical activity.
Step 3: Therefore, it is plausible that Financial_level may have a causal relationship with Smoking, either directly or through one or more intermediate variables.

Conclusion: Yes",True,"Reasoning Process:
Step 1: The question asks if there is a statistical association between Financial_level and Smoking.
Step 2: To answer this question, we need to consider if knowledge of one variable (Financial_level) gives information about the other (Smoking).
Step 3: Research has shown that there is a correlation between socioeconomic status (often represented by Financial_level) and smoking habits. People with lower socioeconomic status are more likely to smoke.
Step 4: Therefore, knowledge of someone's Financial_level can provide information about their smoking habits, indicating a statistical association between the two variables.

Conclusion: Yes",False,"Reasoning Process:
Step 1: The question asks if there is a causal relationship between Financial_level and Smoking, where Financial_level temporally precedes and influences Smoking.
Step 2: To answer this question, we need to consider if there is evidence that a change in Financial_level leads to a change in Smoking, either directly or through one or more intermediate variables.
Step 3: Research has shown that financial stress can lead to increased smoking as a coping mechanism for stress, but it's important to note that this is not a direct causal relationship.
Step 4: Additionally, there are other factors such as education level, access to healthcare, and cultural norms that can mediate the relationship between Financial_level and Smoking.
Step 5: However, it's also important to note that there is no definitive evidence that a change in Financial_level always leads to a change in Smoking, as not everyone who experiences financial stress turns to smoking.
Step 6: Given the complexity of the relationship between Financial_level and Smoking, and the presence of multiple potential intermediate variables, it's difficult to establish a clear, direct causal relationship.
Step 7: Therefore, based on the current evidence, it's not accurate to say that there is a causal relationship where a change in Financial_level precedes and leads to a change in Smoking in a way consistent with a directional causal link.

Conclusion: No",False
100,Obesity,Alcohol,True,"Reasoning Process:
Step 1: Obesity and alcohol consumption are two distinct entities, each with their own set of factors and influences.
Step 2: However, there is evidence to suggest that excessive alcohol consumption can lead to weight gain and obesity, as alcohol is high in calories and can lead to poor dietary choices.
Step 3: Additionally, alcohol can interfere with the body's ability to metabolize fat, potentially leading to weight gain.
Step 4: On the other hand, obesity can also indirectly influence alcohol consumption, as obesity is associated with certain lifestyle factors such as sedentary behavior and poor diet, which may lead to increased alcohol consumption.
Step 5: Therefore, it is plausible that there may be a causal relationship between obesity and alcohol, either directly or through one or more intermediate variables.

Conclusion: Yes",True,"Reasoning Process:
Step 1: Obesity is defined as being overweight or having a high Body Mass Index (BMI).
Step 2: Alcohol consumption, on the other hand, refers to the number of drinks consumed per week.
Step 3: To determine if there is an association between Obesity and Alcohol, we need to look for statistical evidence that shows a relationship between the two variables.
Step 4: Research has consistently shown that excessive alcohol consumption can lead to weight gain and obesity, and that obesity can also be a risk factor for alcoholism.
Step 5: Therefore, there is a statistical association between Obesity and Alcohol, as knowledge of one variable can provide information about the other.

Conclusion: Yes",False,"Reasoning Process:
Step 1: Obesity is a condition related to weight or BMI, not directly related to alcohol consumption.
Step 2: Alcohol consumption is an independent variable, not directly influenced by obesity.
Step 3: There is no evidence to suggest that obesity temporally precedes and influences alcohol consumption in a way consistent with a directional causal link.
Step 4: Therefore, there is no causal relationship where a change in Obesity precedes and leads to a change in Alcohol.

Conclusion: No",False
101,Obesity,Anxiety,True,"Reasoning Process:
Step 1: Obesity and anxiety are two distinct conditions, each with their own set of causes and symptoms. However, there is a growing body of evidence suggesting a potential link between the two.
Step 2: One possible intermediate variable could be psychological factors such as stress, low self-esteem, and depression, which are commonly associated with both obesity and anxiety.
Step 3: Additionally, physiological factors such as inflammation, hormonal imbalances, and changes in brain structure and function have been proposed as potential links between obesity and anxiety.
Step 4: Given the overlap in these potential intermediate variables, it is plausible that obesity may have a causal relationship with anxiety, either directly or indirectly.

Conclusion: Yes",True,"Reasoning Process:
Step 1: Obesity and anxiety are two distinct conditions, each with their own set of causes and symptoms. However, research has shown that there is a correlation between the two.
Step 2: This correlation suggests that there is a statistical dependency between the two variables, where knowledge of one variable (obesity) can provide some information about the other (anxiety), and vice versa.

Conclusion: Yes",False,"Reasoning Process:
Step 1: Obesity and anxiety are two distinct conditions, each with their own set of causes and symptoms. Obesity is primarily a physical condition related to weight and BMI, while anxiety is a mental health condition characterized by feelings of fear, worry, and nervousness.
Step 2: While there is evidence that obesity and anxiety may be correlated, meaning they often occur together, this does not necessarily imply a causal relationship. For example, both conditions may be caused by a common underlying factor, such as stress or poor diet, rather than one causing the other.
Step 3: To establish a causal relationship, we would need to find evidence that a change in obesity precedes and leads to a change in anxiety, and not the other way around. However, it is difficult to manipulate obesity in a controlled setting to observe such a causal relationship.
Step 4: Furthermore, there is no known biological mechanism that clearly demonstrates how obesity could directly cause anxiety. While there are potential intermediate variables such as inflammation or hormonal imbalances, the evidence for these mechanisms is not conclusive.
Step 5: In conclusion, while there may be a correlation between obesity and anxiety, the evidence does not support a causal relationship where obesity precedes and leads to anxiety.
Step 6: Therefore, the conclusion is:

Conclusion: No",True
102,Obesity,CCI,True,"Reasoning Process:
Step 1: Obesity and CCI are both health-related conditions. Obesity is a condition characterized by excess body weight, while CCI is a measure of the number of comorbidities a patient has.
Step 2: Research has shown that obesity is associated with various health conditions, such as diabetes, hypertension, and heart disease, which are often included in CCI calculations. This suggests a potential link between obesity and CCI.
Step 3: Furthermore, obesity can lead to inflammation and metabolic changes that increase the risk of developing other health conditions, which could contribute to a higher CCI score.
Step 4: While a causal relationship has not been definitively established, the evidence suggests that obesity may increase the likelihood of developing multiple comorbidities, which is a key component of CCI.

Conclusion: Yes",True,"Reasoning Process:
Step 1: Obesity and CCI are two different variables. Obesity refers to a condition where a person has a high BMI or is overweight. CCI, on the other hand, is a comorbidity index that measures the number of comorbidities a person has.
Step 2: In order to determine if there is an association between Obesity and CCI, we need to consider if knowledge of one variable gives information about the other. In other words, we need to check if having a high BMI or being overweight (Obesity) is related to having more comorbidities (CCI).
Step 3: Research has shown that obesity is often associated with various health conditions, which are typically measured by a CCI. This means that a higher BMI or being overweight (Obesity) can increase the likelihood of having more comorbidities (CCI).
Step 4: Therefore, based on the information provided, it can be concluded that there is a statistical association between Obesity and CCI.

Conclusion: Yes",False,"Reasoning Process:
Step 1: Obesity and CCI are two separate conditions, with Obesity being a condition related to weight or BMI, and CCI being a comorbidity index. They are not inherently linked.
Step 2: To establish a causal relationship, we would need to find evidence that a change in Obesity precedes and leads to a change in CCI. This would require longitudinal studies or interventional trials where participants' obesity status is manipulated and the resulting changes in CCI are observed.
Step 3: However, there is substantial evidence that obesity is associated with an increased risk of various comorbidities, such as diabetes, hypertension, and cardiovascular disease. These conditions, in turn, can contribute to a higher CCI score. But this association does not necessarily imply a causal relationship where obesity directly causes an increase in CCI.
Step 4: In summary, while obesity is associated with an increased risk of comorbidities, there is no established causal relationship where a change in Obesity precedes and leads to a change in CCI.
Step 5: Therefore, the conclusion is that there is no causal relationship between Obesity and CCI.

Conclusion: No",True
103,Obesity,Catastrophizing,True,"Reasoning Process:
Step 1: Obesity and pain catastrophizing are two distinct concepts, with obesity being a condition related to weight or BMI, and pain catastrophizing being a psychological response to pain.
Step 2: Research has shown that obesity can lead to various physical conditions, such as osteoarthritis, which is a common source of chronic pain. This could potentially lead to an increased likelihood of pain catastrophizing, as individuals with chronic pain may develop negative thoughts and feelings about their condition.
Step 3: Additionally, obesity can lead to psychological distress, such as depression and anxiety, which are known to be associated with pain catastrophizing. This suggests a potential indirect relationship between obesity and pain catastrophizing.
Step 4: While the relationship between obesity and pain catastrophizing is not a direct one, the evidence suggests that there may be intermediate variables, such as physical conditions and psychological distress, that could plausibly mediate this relationship.
Step 5: Given the above reasoning, it is plausible that obesity may have a causal relationship with pain catastrophizing, either directly or through one or more intermediate variables.

Conclusion: Yes",False,"Reasoning Process:
Step 1: Obesity is defined as a condition characterized by excess body weight, typically due to an increase in body fat. This condition can be measured using Body Mass Index (BMI).
Step 2: Pain catastrophizing, on the other hand, is a psychological construct that refers to an individual's negative thoughts and feelings about pain. It is not directly related to physical conditions like obesity.
Step 3: While there is evidence suggesting that obesity may be associated with certain pain conditions, the direct association between obesity and pain catastrophizing is not straightforward.
Step 4: Research has shown that individuals with obesity may report higher levels of pain catastrophizing, but this is more likely due to the psychological and social challenges associated with obesity rather than the obesity itself.
Step 5: In conclusion, while there may be a correlation between obesity and pain catastrophizing in some studies, this correlation is not a direct one and is more likely influenced by other factors.

Conclusion: No",False,"Reasoning Process:
Step 1: Obesity is defined as a condition characterized by excess body weight, typically due to an increase in body fat. This excess weight can lead to various health issues, including chronic pain.
Step 2: Pain catastrophizing, on the other hand, is a psychological response to pain, characterized by magnifying the threat value of pain, feeling helpless, and an inability to prevent or inhibit pain-related thoughts. It is not directly related to obesity or excess body weight.
Step 3: While obesity can lead to chronic pain, which in turn might increase pain catastrophizing, there is no direct causal relationship between obesity and pain catastrophizing. The relationship between the two is more complex, with pain catastrophizing being a psychological response to pain, not a direct result of obesity.
Step 4: Therefore, based on the given definitions, there is no causal relationship where a change in Obesity precedes and leads to a change in Catastrophizing.

Conclusion: No",False
104,Obesity,Depression,True,"Reasoning Process:
Step 1: Obesity and depression are two distinct conditions, each with their own set of causes and symptoms. However, there is a significant body of evidence suggesting a correlation between the two.
Step 2: Research has shown that obesity can lead to various physical health problems, such as diabetes, heart disease, and sleep apnea, which in turn can contribute to feelings of depression.
Step 3: On the other hand, depression can also lead to unhealthy behaviors, such as overeating and lack of exercise, which can contribute to obesity.
Step 4: Furthermore, there are biological mechanisms that suggest a direct link between obesity and depression. For example, inflammation, which is associated with obesity, has been shown to play a role in depression.
Step 5: Given the evidence of a correlation and the biological, theoretical, and scientifically reasonable mechanisms linking obesity and depression, it is plausible that there may be a causal relationship between the two.

Conclusion: Yes",True,"Reasoning Process:
Step 1: Obesity and depression are two distinct conditions, each with their own set of causes and symptoms. However, research has consistently shown that there is a statistical association between the two.
Step 2: This association is often bidirectional, meaning that both obesity and depression can influence each other. For instance, depression can lead to overeating and sedentary behavior, which can contribute to obesity. Conversely, obesity can lead to feelings of low self-esteem and depression.
Step 3: Numerous studies have demonstrated this association using various statistical methods, such as correlation analysis, regression analysis, and case-control studies. These studies have found significant associations between obesity and depression, indicating that knowledge of one variable provides information about the other.
Step 4: In summary, the statistical association between obesity and depression is well-established in the medical literature.

Conclusion: Yes",False,"Reasoning Process:
Step 1: Obesity is defined as a condition related to weight or BMI. It is a physical condition that can have various health implications.
Step 2: Depression, on the other hand, is defined as PROMIS depression, which refers to the affective and cognitive manifestations of depression. It is a mental health condition.
Step 3: In general, physical conditions like obesity do not directly cause mental health conditions like depression. Mental health conditions are typically caused by a combination of genetic, biological, environmental, and psychological factors.
Step 4: However, there is evidence that obesity can indirectly contribute to depression through various mechanisms. For example, obesity can lead to social stigma, low self-esteem, and physical health problems, all of which can increase the risk of depression.
Step 5: However, it is important to note that the causal relationship between obesity and depression is complex and bidirectional. Depression can also lead to weight gain and obesity due to factors such as inactivity, poor diet, and medication side effects.
Step 6: Therefore, while there is a correlation between obesity and depression, it is not accurate to say that obesity temporally precedes and influences depression in a way consistent with a directional causal link.
Step 7: In conclusion, the relationship between obesity and depression is complex and bidirectional, with both conditions potentially influencing each other. Therefore, the statement 'Is there a causal relationship where a change in Obesity precedes and leads to a change in Depression' is FALSE.

Conclusion: No",True
105,Obesity,Education,True,"Reasoning Process:
Step 1: Obesity and education are two distinct concepts, each with their own set of factors and influences. Obesity is primarily related to an individual's weight and Body Mass Index (BMI), while education refers to the level of formal learning an individual has achieved.
Step 2: However, it is plausible that there could be a correlation or association between obesity and education, as certain factors such as socioeconomic status, lifestyle, and access to resources could influence both aspects.
Step 3: For instance, individuals with lower levels of education might have less access to nutritious food, regular exercise, and health education, which could lead to obesity. Conversely, higher levels of education might provide individuals with the knowledge and resources to maintain a healthier lifestyle and avoid obesity.
Step 4: It's also possible that there are intermediate variables, such as socioeconomic status, that could influence both obesity and education, creating a complex relationship between the two.
Step 5: While a direct causal relationship between obesity and education may not be established, the plausibility of an association or correlation between the two is supported by existing knowledge and research.

Conclusion: Yes",True,"Reasoning Process:
Step 1: Obesity and education are two distinct variables, each with their own set of factors and influences.
Step 2: Research has shown that there can be a correlation between obesity and education levels, but this correlation can vary greatly depending on factors such as socioeconomic status, access to healthy food, and cultural norms.
Step 3: However, the correlation is not always straightforward, as some studies have found that higher education levels can lead to better understanding of nutrition and exercise, potentially reducing the risk of obesity. Conversely, lower education levels can lead to less access to healthy food options and less knowledge about the importance of exercise.
Step 4: Given the complexity and variability of the relationship between obesity and education, it is reasonable to conclude that there is an association between the two variables, but the direction and strength of this association can vary greatly.

Conclusion: Yes",False,"Reasoning Process:
Step 1: Obesity and education are two distinct and separate factors, each with their own set of determinants. Obesity is primarily related to factors such as diet, physical activity, genetics, and socio-economic factors, while education is related to factors such as family background, access to resources, and personal motivation.
Step 2: There is some evidence to suggest that education can influence obesity, as individuals with higher levels of education may have better access to information about healthy eating and exercise, and may have more resources to afford healthier food and gym memberships. However, this is not a causal relationship where obesity precedes education.
Step 3: There is also evidence to suggest that obesity can influence education, as obesity can lead to social stigma, lower self-esteem, and poorer academic performance. However, this is not a causal relationship where obesity temporally precedes education, as education typically occurs before adulthood when obesity becomes a significant issue.
Step 4: In summary, while there may be correlations between obesity and education, there is no causal relationship where a change in obesity precedes and leads to a change in education.

Conclusion: No",False
106,Obesity,Fear_avoidance,True,"Reasoning Process:
Step 1: Obesity and fear avoidance are two distinct concepts. Obesity refers to a condition where a person has excess body weight, often due to an imbalance between caloric intake and energy expenditure. Fear avoidance, on the other hand, is a psychological construct that refers to a patient's fear of physical activity and work, and its potential impact on low back pain and disability.
Step 2: While obesity and fear avoidance are separate entities, there is evidence to suggest that they may be interrelated. For instance, obesity can lead to physical discomfort, pain, and reduced mobility, which could potentially increase fear avoidance. Conversely, fear avoidance can lead to reduced physical activity, which may contribute to weight gain and obesity.
Step 3: Additionally, there is a significant body of research that suggests a link between obesity and chronic pain, including low back pain. This relationship is thought to be due to various factors such as mechanical stress on weight-bearing joints, inflammation, and altered pain perception. Given this, it is plausible that obesity could indirectly contribute to fear avoidance through its association with chronic pain.
Step 4: However, it's important to note that the relationship between obesity and fear avoidance is complex and likely influenced by a multitude of factors, including psychological, social, and biological factors. Therefore, while it is plausible that there is a relationship, more research is needed to fully understand the nature and direction of this relationship.
Step 5: In conclusion, based on the existing knowledge, it is plausible that obesity may have a causal relationship with fear avoidance, either directly or through one or more intermediate variables.

Conclusion: Yes",False,"Reasoning Process:
Step 1: Obesity and Fear_avoidance are two distinct concepts. Obesity refers to a condition where a person has excess body weight, often due to an excess of body fat. Fear_avoidance, on the other hand, is a psychological construct that refers to a patient's fear of physical activity and work, and how it may affect their low back pain and resulting disability.
Step 2: Research has shown that there is a statistical association between obesity and various health conditions, including chronic pain conditions such as low back pain. However, the association between obesity and fear avoidance, specifically, is not a direct one. Obesity may contribute to low back pain, which in turn could lead to fear avoidance, but the fear avoidance itself is a psychological construct, not a direct result of obesity.
Step 3: Therefore, while there may be an indirect association between obesity and fear avoidance through the mediation of low back pain, there is no direct statistical association between the two variables.
Step 4: In conclusion, the question asks for a direct statistical association between Obesity and Fear_avoidance. Since there is no direct statistical association, the answer is False.

Conclusion: No",False,"Reasoning Process:
Step 1: Obesity and Fear_avoidance are two distinct concepts. Obesity is a physical condition related to weight and BMI, while Fear_avoidance is a psychological construct related to a patient's beliefs about physical activity and work.
Step 2: To establish a causal relationship, we need to find evidence that a change in Obesity precedes and leads to a change in Fear_avoidance. This would mean that weight gain or loss would cause changes in a person's fear avoidance beliefs.
Step 3: However, there is no direct biological mechanism known that links weight gain or loss to changes in fear avoidance beliefs. Fear avoidance beliefs are primarily influenced by psychological factors, not physical ones.
Step 4: While there may be indirect relationships (for example, obesity might lead to physical limitations that could in turn lead to fear avoidance), these relationships are not causal in the sense that obesity directly causes fear avoidance.
Step 5: Therefore, based on our current understanding, there is no evidence to support a causal relationship where a change in Obesity precedes and leads to a change in Fear_avoidance.

Conclusion: No",False
107,Obesity,Financial_level,True,"Reasoning Process:
Step 1: Obesity is often associated with lifestyle factors such as diet and exercise, which can be influenced by financial resources.
Step 2: Financial level can impact an individual's ability to afford healthy food options and access to gyms or exercise facilities.
Step 3: Therefore, a higher financial level may lead to healthier lifestyle choices, potentially reducing the risk of obesity.
Step 4: Conversely, a lower financial level may lead to less access to healthy food options and fewer opportunities for exercise, potentially increasing the risk of obesity.
Step 5: These relationships are supported by numerous studies that have found associations between socioeconomic status and obesity.

Conclusion: Yes",True,"Reasoning Process:
Step 1: Obesity and Financial_level are two separate variables that can be associated if there is a statistical dependency between them.
Step 2: The association between two variables can be determined through statistical analysis, such as correlation or regression analysis.
Step 3: While I don't have the ability to perform statistical analysis, it is well-documented in various studies that there is a correlation between obesity and socioeconomic status, which can be a proxy for Financial_level.
Step 4: This correlation is often observed as individuals with lower socioeconomic status are more likely to have higher rates of obesity.
Step 5: Therefore, based on the existing literature, there is an association between Obesity and Financial_level.

Conclusion: Yes",False,"Reasoning Process:
Step 1: Obesity and Financial_level are two distinct variables, each representing different aspects: weight or BMI associations and financial situation, respectively.
Step 2: To establish a causal relationship, we need to demonstrate that a change in Obesity precedes and leads to a change in Financial_level, either directly or through one or more intermediate variables.
Step 3: However, it's important to note that there is no inherent causal relationship between Obesity and Financial_level. Obesity is primarily a health-related issue, while Financial_level is a socioeconomic factor.
Step 4: While there may be correlations between the two variables, these correlations do not necessarily imply a causal relationship. For example, a person's financial situation might influence their ability to afford healthy food, leading to weight gain or loss, but this does not mean that weight gain or loss causes changes in financial situation.
Step 5: Additionally, there may be other factors, such as education level, lifestyle choices, and access to healthcare, that could mediate the relationship between Obesity and Financial_level.
Step 6: In conclusion, based on the current understanding, there is no established causal relationship between Obesity and Financial_level.

Conclusion: No",False
108,Obesity,PEG,True,"Reasoning Process:
Step 1: Obesity is associated with various health conditions, such as diabetes, hypertension, and cardiovascular disease, which are known to exacerbate chronic pain conditions.
Step 2: Chronic low back pain, the condition PEG score is used to measure, can be influenced by a variety of factors, including physical factors (e.g., muscle strain, herniated discs), psychological factors (e.g., stress, anxiety), and lifestyle factors (e.g., obesity, smoking).
Step 3: While there is no direct causal link established between obesity and PEG score, it is plausible that obesity could indirectly affect PEG score through factors such as increased stress on the lower back, inflammation, and poor physical conditioning.
Step 4: Given the existing knowledge about the relationship between obesity and various health conditions that can exacerbate chronic pain, and the fact that chronic low back pain can be influenced by multiple factors, it is reasonable to consider a potential indirect causal relationship between obesity and PEG score.

Conclusion: Yes",False,"Reasoning Process:
Step 1: PEG score is a measure of pain interference and pain intensity due to chronic low back pain. It does not directly relate to obesity or weight.
Step 2: Statistical association between two variables refers to any dependency, regardless of strength or directionality, where knowledge of one variable gives information about the other.
Step 3: Since PEG score does not directly relate to obesity or weight, there is no statistical association between the two variables.

Conclusion: No",False,"Reasoning Process:
Step 1: Obesity and PEG are two distinct entities. Obesity refers to a condition characterized by excess body weight, while PEG is a measure of pain interference and pain intensity due to chronic low back pain.
Step 2: There is evidence that obesity can contribute to various health issues, including musculoskeletal problems, which could potentially exacerbate chronic low back pain. However, the relationship between obesity and PEG is not straightforward and may involve multiple intermediate variables.
Step 3: The question asks for a causal relationship where a change in Obesity precedes and leads to a change in PEG. While obesity may influence the development or worsening of chronic low back pain, it is not always the case that a change in obesity directly causes a change in PEG, as other factors such as age, genetics, and lifestyle may also play a role.
Step 4: In conclusion, while there is a potential association between obesity and PEG, the relationship is complex and does not meet the criteria for a causal relationship as defined in the question, where a change in Obesity temporally precedes and influences PEG in a way consistent with a directional causal link.

Conclusion: No",True
109,Obesity,Sleep disturbance,True,"Reasoning Process:
Step 1: Obesity and sleep disturbance are two distinct conditions, each with their own set of causes and effects. However, they are interconnected in several ways.
Step 2: Obesity is associated with various health conditions such as diabetes, heart disease, and sleep apnea, which can all negatively impact sleep quality.
Step 3: Sleep apnea, a common condition among obese individuals, can cause sleep disturbances due to repeated pauses in breathing during sleep.
Step 4: Additionally, obesity can lead to reduced sleep quality due to discomfort, night sweats, and increased urination during the night.
Step 5: On the other hand, sleep disturbances can also contribute to weight gain, as poor sleep can affect hormones that regulate hunger and metabolism.
Step 6: Given the interconnectedness of obesity and sleep disturbances, and the evidence of their mutual influence, it is plausible that there is a causal relationship between the two, either directly or through intermediate variables.

Conclusion: Yes",True,"Reasoning Process:
Step 1: Obesity is defined as having a high Body Mass Index (BMI) or being overweight. Sleep disturbance is defined as self-reported perceptions of sleep quality, sleep depth, and restoration associated with sleep.
Step 2: Research has shown that obesity and sleep disturbance are often interconnected. Obesity can lead to sleep apnea, restless leg syndrome, and other sleep disorders. On the other hand, sleep disturbance can also contribute to weight gain due to hormonal imbalances and lack of rest.
Step 3: Given the interconnected nature of obesity and sleep disturbance, it is reasonable to infer that there is a statistical association between the two variables.

Conclusion: Yes",False,"Reasoning Process:
Step 1: Obesity is defined as a condition related to weight or BMI. It is not inherently associated with sleep disturbance.
Step 2: Sleep disturbance is defined as self-reported perceptions of sleep quality, sleep depth, and restoration. It is not directly caused by obesity.
Step 3: While there may be intermediate variables such as obstructive sleep apnea that could potentially link obesity and sleep disturbance, the question asks for a direct causal relationship where obesity precedes and leads to sleep disturbance.
Step 4: Without a direct causal link where obesity precedes and leads to sleep disturbance, the conclusion is that there is no causal relationship between obesity and sleep disturbance.

Conclusion: No",False
110,Obesity,Smoking,True,"Reasoning Process:
Step 1: Obesity and smoking are two distinct conditions, each with their own set of causes and effects. Obesity is primarily related to diet, physical activity, genetics, and other factors that influence weight gain, while smoking is related to the consumption of tobacco products.
Step 2: However, it is plausible that there could be a causal relationship between obesity and smoking, indirectly, through shared risk factors or behaviors. For example, stress, depression, and poor coping mechanisms are associated with both obesity and smoking.
Step 3: Additionally, some studies suggest that obesity may lead to smoking as a means to control appetite and weight, or as a coping mechanism for emotional eating. Conversely, smoking may lead to weight gain due to increased appetite and decreased metabolism.
Step 4: While the direct causal relationship between obesity and smoking may not be well established, the indirect relationship through shared risk factors and behaviors is plausible based on existing knowledge.

Conclusion: Yes",True,"Reasoning Process:
Step 1: Obesity and smoking are two separate health conditions, each with their own set of causes and effects.
Step 2: Research has shown that there is a correlation between the two, meaning that people who smoke are more likely to be obese, and vice versa.
Step 3: This correlation is thought to be due to several factors, including increased calorie intake from smoking (as many smokers tend to eat more), decreased physical activity, and the effects of smoking on metabolism.
Step 4: However, it's important to note that correlation does not imply causation, and there may be other factors at play.
Step 5: Given the evidence of a statistical association between the two variables, we can conclude that there is an association between obesity and smoking.

Conclusion: Yes",False,"Reasoning Process:
Step 1: Obesity and smoking are two separate health conditions, each with their own causes and effects.
Step 2: There is some evidence that suggests obesity may be associated with an increased likelihood of smoking, but this is not a causal relationship.
Step 3: The primary cause of smoking is the individual's decision to start smoking, influenced by factors such as social pressure, advertising, and personal habits.
Step 4: Obesity, on the other hand, is primarily caused by factors such as diet, physical activity, genetics, and socioeconomic factors.
Step 5: While there may be some overlap in the factors that contribute to both obesity and smoking (e.g., stress, depression, and poor diet), there is no evidence to suggest that obesity directly causes smoking or that smoking directly causes obesity.
Step 6: In order for a causal relationship to exist, there must be a temporal precedence, meaning that one event must occur before the other. In this case, smoking cannot precede obesity, as smoking is a behavior that occurs after the individual has made a decision to start smoking.
Step 7: Therefore, based on the available evidence, there is no causal relationship where a change in Obesity precedes and leads to a change in Smoking.

Conclusion: No",False
111,Sex,Alcohol,True,"Reasoning Process:
Step 1: Sex is a biological characteristic that determines the reproductive functions of an individual. It does not have a direct biological relationship with alcohol consumption.
Step 2: However, there can be indirect relationships between sex and alcohol consumption through various factors such as social norms, cultural practices, and psychological factors like stress management.
Step 3: For instance, men and women may have different social norms and cultural practices regarding alcohol consumption, which could lead to differences in alcohol intake between the sexes.
Step 4: Additionally, stress management strategies can vary between men and women, and alcohol may be used as a coping mechanism in some cases.
Step 5: Given these factors, it is plausible that sex may have a causal relationship with alcohol consumption, either directly or through one or more intermediate variables.

Conclusion: Yes",False,"Reasoning Process:
Step 1: The question asks if there is a statistical association between Sex and Alcohol.
Step 2: To answer this question, we need to consider if knowledge of one variable (Sex) gives information about the other (Alcohol).
Step 3: However, the question does not provide any specific data or research findings that suggest a statistical association between Sex and Alcohol.
Step 4: Without concrete evidence, it is not possible to definitively say that there is a statistical association between Sex and Alcohol.
Step 5: Therefore, based on the information provided, the answer is False.

Conclusion: No",False,"Reasoning Process:
Step 1: The definition of Sex provided does not indicate any direct causal relationship with Alcohol consumption.
Step 2: Alcohol consumption is not a reproductive function, so changes in Sex do not inherently lead to changes in Alcohol.
Step 3: There are no intermediate variables mentioned in the question that could potentially link Sex and Alcohol consumption.
Step 4: Therefore, based on the given information, there is no causal relationship where a change in Sex precedes and leads to a change in Alcohol.

Conclusion: No",True
112,Sex,Anxiety,True,"Reasoning Process:
Step 1: Sex is a biological characteristic that can influence various aspects of an individual's physiology, including hormone levels and brain structure.
Step 2: Anxiety is a psychological state that can be influenced by various factors, including hormone levels and brain structure.
Step 3: Therefore, it is plausible that Sex may have a causal relationship with Anxiety, either directly or through one or more intermediate variables, such as hormone levels and brain structure.

Conclusion: Yes",False,"Reasoning Process:
Step 1: The definition of association states that if knowledge of the value of one variable gives information about the other, they are said to be associated. To determine if there is an association between Sex and Anxiety, we need to consider if knowing someone's sex provides any information about their anxiety level.
Step 2: Sex (male or female) does not inherently provide information about a person's anxiety level. Anxiety is a psychological state that is not directly related to biological sex.
Step 3: Therefore, based on the given definitions, there is no statistical association between Sex and Anxiety.
Step 4: It's important to note that while individual cases may exist where someone's sex could be correlated with their anxiety level, the general population does not show a statistically significant association between the two variables.

Conclusion: No",False,"Reasoning Process:
Step 1: The definition of Sex provided does not indicate any direct causal relationship with Anxiety.
Step 2: The definition of Anxiety provided does not indicate Sex as a direct cause of Anxiety.
Step 3: While there may be indirect relationships between Sex and Anxiety (e.g., through hormonal changes, societal pressures, etc.), the question specifically asks for a causal relationship where Sex temporally precedes and leads to a change in Anxiety, which is not supported by the provided definitions.
Step 4: Without additional context or specific research findings, it is not possible to definitively establish a causal relationship between Sex and Anxiety as described in the question.
Step 5: Therefore, based on the provided definitions and the question's specific requirements, it is not possible to conclude that there is a causal relationship between Sex and Anxiety.

Conclusion: No",True
113,Sex,CCI,True,"Reasoning Process:
Step 1: Sex is a biological characteristic that can influence various aspects of an individual's health, including hormonal balance, genetics, and lifestyle.
Step 2: CCI is a measure of the number of comorbidities, or the presence of two or more chronic diseases or conditions in a patient.
Step 3: There are several chronic conditions, such as cardiovascular disease, diabetes, and certain types of cancer, that have been shown to have a sex-based prevalence and/or severity.
Step 4: These sex-based differences in chronic disease prevalence and severity can lead to differences in CCI between males and females.
Step 5: Additionally, sex can influence lifestyle factors, such as diet, exercise, and stress levels, which in turn can affect the development and progression of chronic diseases.
Step 6: Given the above points, it is plausible that Sex may have a causal relationship with CCI, either directly or through one or more intermediate variables.

Conclusion: Yes",False,"Reasoning Process:
Step 1: The question asks if there is a statistical association between Sex and CCI.
Step 2: To determine this, we need to consider if knowledge of one variable (Sex) gives information about the other (CCI), or vice versa.
Step 3: In general, a person's sex does not inherently provide information about their comorbidity index (CCI), as CCI is a measure of the number of comorbidities a person has, which is not directly related to their sex.
Step 4: However, it is important to note that there can be statistical associations between variables even if there is no direct causal relationship. For example, there might be a correlation between Sex and CCI due to other factors such as lifestyle, genetics, or access to healthcare.
Step 5: Without specific data or research findings, it is not possible to definitively say whether there is a statistical association between Sex and CCI for the general population.
Step 6: Therefore, based on the given information, it is not possible to conclude that there is a statistical association between Sex and CCI.

Conclusion: No",False,"Reasoning Process:
Step 1: The definition of Sex provided does not indicate any direct causal relationship with CCI.
Step 2: The definition of CCI provided does not indicate any direct causal relationship with Sex.
Step 3: There is no evidence provided in the question to suggest a causal relationship between Sex and CCI.
Step 4: In the absence of any direct or indirect causal factors, a change in Sex does not logically precede and lead to a change in CCI.

Conclusion: No",True
114,Sex,Catastrophizing,True,"Reasoning Process:
Step 1: Sex is a biological characteristic that can influence various aspects of an individual's physiology, including the nervous system and hormonal balance.
Step 2: Pain catastrophizing is a psychological construct related to an individual's thoughts and feelings about pain, which can be influenced by various factors, including psychological and emotional factors.
Step 3: There is evidence suggesting that psychological and emotional factors can influence pain perception and pain-related behaviors, and that these factors can be influenced by biological factors such as sex.
Step 4: Therefore, it is plausible that Sex may have a causal relationship with Catastrophizing, either directly or through one or more intermediate variables, as biological factors can influence psychological and emotional states, which in turn can influence pain catastrophizing.

Conclusion: Yes",False,"Reasoning Process:
Step 1: Define the variables Sex and Catastrophizing according to the given definitions.
Step 2: Understand the question to determine if there is a statistical association between the two variables.
Step 3: Recall that a statistical association exists when knowledge of the value of one variable gives information about the other.
Step 4: Consider that Sex is a categorical variable (male or female), while Catastrophizing is a continuous variable (a score).
Step 5: Recall that a statistical association can exist between categorical and continuous variables, but it requires a way to quantify the relationship.
Step 6: Since there is no information provided about a quantifiable relationship between Sex and Catastrophizing, it is not possible to definitively say whether there is a statistical association.
Step 7: Therefore, the question cannot be definitively answered with the given information.

Conclusion: No",False,"Reasoning Process:
Step 1: Define the question: The question asks if there is a causal relationship between Sex and Catastrophizing, where Sex temporally precedes and influences Catastrophizing.
Step 2: Understand the variables: Sex refers to the biological category of male or female, while Catastrophizing refers to the tendency to magnify the threat value of pain and feel helpless in the presence of pain.
Step 3: Consider the nature of the variables: Sex is a biological category and does not inherently influence Catastrophizing. However, it is possible that there could be intermediate variables that mediate this relationship.
Step 4: Investigate potential intermediate variables: Some potential intermediate variables could be psychological factors such as stress, anxiety, depression, or personality traits, as these factors can influence both Sex (through social conditioning) and Catastrophizing (through their impact on pain perception and coping mechanisms).
Step 5: Evaluate the evidence: The evidence for a causal relationship between Sex and Catastrophizing, with Sex as the cause, is not conclusive due to the complexity of the relationship and the presence of potential intermediate variables. More research is needed to establish a definitive causal link.
Step 6: Conclusion: Based on the current evidence, it is not possible to definitively state that there is a causal relationship where a change in Sex precedes and leads to a change in Catastrophizing. Therefore, the conclusion is False.

Conclusion: No",True
115,Sex,Depression,True,"Reasoning Process:
Step 1: Sex is a biological characteristic that can influence various aspects of an individual's life, including their physical and mental health.
Step 2: Depression is a mental health disorder that can have various causes, including biological, psychological, and social factors.
Step 3: There is substantial evidence suggesting that biological factors play a significant role in the development of depression.
Step 4: Research has shown that hormonal imbalances, genetic predispositions, and brain structure and function can contribute to the onset and progression of depression.
Step 5: Sex hormones, such as estrogen and testosterone, have been linked to mood regulation and can influence the risk of developing depression.
Step 6: Given the known biological links between sex and mood regulation, it is plausible that sex may have a causal relationship with depression, either directly or through one or more intermediate variables.

Conclusion: Yes",True,"Reasoning Process:
Step 1: Defining the variables: Sex refers to the biological category of male or female, and Depression refers to the PROMIS depression, which are affective and cognitive manifestations of depression.
Step 2: Understanding the question: The question asks if there is an association between Sex and Depression, meaning if knowledge of one variable gives information about the other.
Step 3: Explaining the concept of association: Association refers to any statistical dependency between two variables, regardless of strength or directionality.
Step 4: Considering the variables: Sex and Depression are two distinct variables, and research has shown that there is a statistical association between the two.
Step 5: Conclusion: Given the statistical association between Sex and Depression, the answer is True.

Conclusion: Yes",False,"Reasoning Process:
Step 1: The question asks if there is a causal relationship between Sex and Depression, where Sex temporally precedes and influences Depression.
Step 2: To answer this question, we need to consider if there is any scientific evidence that shows a change in Sex leads to a change in Depression, either directly or through one or more intermediate variables.
Step 3: While there are studies that suggest a correlation between the two, no definitive causal relationship has been established. Factors such as hormonal changes, genetics, and environmental factors can influence both Sex and Depression, but it is not clear which one causes the other.
Step 4: Therefore, based on the current scientific understanding, it is not accurate to say that Sex temporally precedes and influences Depression in a way consistent with a directional causal link.
Step 5: Hence, the conclusion is that there is not a causal relationship between Sex and Depression.
Step 6: The conclusion is based on the lack of evidence showing a causal relationship between Sex and Depression, where Sex temporally precedes and influences Depression.

Conclusion: No",True
116,Sex,Education,True,"Reasoning Process:
Step 1: Sex is a biological characteristic that can influence various aspects of an individual's life, including access to resources, opportunities, and experiences.
Step 2: Education is a measure of an individual's knowledge and skills acquired through learning, which can be influenced by various factors, including access to resources, opportunities, and experiences.
Step 3: Since sex can influence access to resources, opportunities, and experiences, it is plausible that sex may indirectly affect education through these intermediate variables.
Step 4: Moreover, there may be direct relationships between sex and education, such as differences in educational opportunities and resources provided to boys and girls in some societies.
Step 5: Given the above points, it is plausible that sex may have a causal relationship with education, either directly or through one or more intermediate variables.

Conclusion: Yes",True,"Reasoning Process:
Step 1: The question asks if there is a statistical association between Sex and Education.
Step 2: To determine this, we need to consider if knowledge of one variable (Sex) gives information about the other (Education).
Step 3: In general, there is a correlation between education level and various demographic factors, including sex. For example, in many societies, women tend to have lower levels of education compared to men.
Step 4: However, the specific association between Sex and Education can vary greatly depending on factors such as cultural, economic, and social conditions.
Step 5: Since there is a general correlation between Sex and Education, and the specific association can vary, it is reasonable to conclude that there is an association between Sex and Education.

Conclusion: Yes",False,"Reasoning Process:
Step 1: The question asks if there is a causal relationship between Sex and Education, where Sex temporally precedes and influences Education.
Step 2: Sex is a biological characteristic that is typically determined at birth and does not change over a person's lifetime, making it impossible for Sex to precede changes in Education.
Step 3: While there may be correlations between Sex and Education, such as cultural or societal factors influencing both, these correlations do not establish a causal relationship where Sex precedes Education.
Step 4: Therefore, based on the given information, there is no causal relationship where a change in Sex precedes and leads to a change in Education.

Conclusion: No",True
117,Sex,Fear_avoidance,True,"Reasoning Process:
Step 1: Sex is a biological characteristic that can influence various aspects of an individual's life, including their physical and psychological health.
Step 2: Fear avoidance is a psychological construct related to an individual's beliefs and attitudes towards physical activity and work, which can impact their behavior and, in turn, their health.
Step 3: There is evidence to suggest that psychological factors, such as fear avoidance, can play a significant role in the development and maintenance of chronic pain, including low back pain.
Step 4: While there is no direct biological link between sex and fear avoidance, it is plausible that sex could indirectly influence fear avoidance through various psychological, social, and cultural factors.
Step 5: For example, men and women may have different experiences, attitudes, and coping mechanisms when it comes to pain and physical activity, which could potentially lead to differences in fear avoidance beliefs.
Step 6: Additionally, societal and cultural norms around gender roles and expectations may also influence fear avoidance beliefs, as men and women may be socialized differently with regards to pain management and activity levels.
Step 7: Given the above, it is plausible that Sex may have a causal relationship with Fear_avoidance, either directly or through one or more intermediate variables.

Conclusion: Yes",False,"Reasoning Process:
Step 1: The question asks if there is a statistical association between Sex and Fear_avoidance.
Step 2: Sex is a categorical variable with two categories (male and female). Fear_avoidance is a patient-reported questionnaire that measures a patient's fear avoidance beliefs about physical activity and work.
Step 3: Statistical association refers to any dependency between two variables, regardless of strength or directionality. If knowledge of one variable gives information about the other, they are said to be associated.
Step 4: However, the question does not provide any specific data or study results to determine if there is a statistical association between Sex and Fear_avoidance. Therefore, we cannot definitively say whether they are associated or not.
Step 5: Since we cannot definitively say whether there is a statistical association between Sex and Fear_avoidance based on the provided information, the conclusion is False.

Conclusion: No",False,"Reasoning Process:
Step 1: The definition of Sex provided does not indicate any direct causal relationship with Fear_avoidance.
Step 2: The definition of Fear_avoidance provided does not indicate Sex as a direct or indirect causal factor.
Step 3: There is no evidence provided in the question to suggest a causal relationship between Sex and Fear_avoidance.
Step 4: Without specific data or evidence, it is not possible to establish a causal relationship between Sex and Fear_avoidance.

Conclusion: No",True
118,Sex,Financial_level,True,"Reasoning Process:
Step 1: Socioeconomic status, including financial level, is influenced by a variety of factors, including education, occupation, and access to resources.
Step 2: Gender, or sex, can influence these factors, as there may be societal and systemic biases that lead to differences in access to education, job opportunities, and resources between men and women.
Step 3: Therefore, it is plausible that sex may have a causal relationship with financial level, either directly or through one or more intermediate variables.

Conclusion: Yes",True,"Reasoning Process:
Step 1: The question asks if there is a statistical association between Sex and Financial_level.
Step 2: Sex is a categorical variable with two categories (male and female). Financial_level is a continuous variable representing the financial situation of an individual.
Step 3: Statistical association can exist between categorical and continuous variables, as long as there is a significant difference in the distribution of the continuous variable across the categories of the categorical variable.
Step 4: In many cases, there is a relationship between an individual's sex and their financial level, as societal factors, income disparities, and other factors can lead to differences in financial situations between men and women.
Step 5: However, the existence of an association between Sex and Financial_level depends on the specific population being studied and the data available.
Step 6: Without specific data, it is not possible to definitively say whether there is an association between Sex and Financial_level in a given population.
Step 7: Since the question does not provide specific data, the conclusion can only be that it is possible for there to be an association between Sex and Financial_level, but the existence of such an association cannot be definitively confirmed.

Conclusion: Yes",False,"Reasoning Process:
Step 1: The definition of Sex provided does not indicate any direct causal relationship between Sex and Financial_level.
Step 2: The definition of Financial_level provided does not indicate any direct causal relationship between Sex and Financial_level.
Step 3: There is no evidence provided in the question to suggest that Sex temporally precedes and influences Financial_level in a way consistent with a directional causal link.
Step 4: Without specific evidence or additional context, it is not possible to establish a causal relationship between Sex and Financial_level.

Conclusion: No",True
119,Sex,Obesity,True,"Reasoning Process:
Step 1: Sex is a biological characteristic that can influence various aspects of an individual's physiology, including hormone production and metabolism.
Step 2: Obesity is often associated with factors such as diet, physical activity, and hormonal imbalances, some of which can be influenced by sex.
Step 3: Research has shown that sex differences exist in the prevalence of obesity, with women having a higher risk of obesity than men, especially after menopause.
Step 4: Additionally, sex hormones like estrogen and testosterone play a role in metabolism and fat distribution, which can contribute to the development of obesity.
Step 5: Given the above points, it is plausible that sex may have a causal relationship with obesity, either directly or through one or more intermediate variables.

Conclusion: Yes",True,"Reasoning Process:
Step 1: Defining the variables: Sex refers to the biological classification of individuals as male or female, while Obesity refers to a condition of having excess body fat.
Step 2: Understanding the question: The question asks if there is a statistical association between Sex and Obesity, meaning if knowledge of one variable gives information about the other.
Step 3: Explaining the concept of association: In statistics, two variables are considered associated if knowledge of one variable gives information about the other, regardless of the strength or directionality of the relationship.
Step 4: Analyzing the variables: Sex and Obesity are not directly related in a causal sense, but there is a statistical association between the two variables due to the fact that certain factors such as diet, lifestyle, and genetics can influence both sex and obesity.
Step 5: Conclusion: Given the statistical association between Sex and Obesity, the answer is True.

Conclusion: Yes",False,"Reasoning Process:
Step 1: Defining the question: The question asks if there is a causal relationship between Sex and Obesity, where Sex temporally precedes and influences Obesity.
Step 2: Understanding the variables: Sex is a biological characteristic, while Obesity is a health condition related to weight and BMI.
Step 3: Causal relationship: In general, biological sex does not directly cause obesity. Obesity is primarily influenced by factors such as diet, physical activity, genetics, and lifestyle choices, not sex.
Step 4: Conclusion: False, there is no causal relationship where a change in Sex precedes and leads to a change in Obesity.

Conclusion: No",True
120,Sex,PEG,True,"Reasoning Process:
Step 1: Sex is a biological characteristic that can influence various aspects of health and physiology, including hormone levels, muscle strength, and bone density.
Step 2: Chronic low back pain (CLBP) can be influenced by a variety of factors, including hormone levels, muscle strength, and bone density.
Step 3: Therefore, it is plausible that Sex, as a biological characteristic, could potentially influence CLBP through one or more intermediate variables.

Conclusion: Yes",False,"Reasoning Process:
Step 1: The definition of association states that if knowledge of the value of one variable gives information about the other, they are said to be associated. In this case, knowing someone's sex (male or female) does not inherently provide information about their PEG score, which is a measure of pain intensity and interference due to chronic low back pain.
Step 2: Therefore, based on the given definitions, there is no statistical association between Sex and PEG.

Conclusion: No",False,"Reasoning Process:
Step 1: The definition of Sex provided does not indicate any direct causal relationship with PEG score.
Step 2: PEG score is a measure of pain interference and pain intensity due to chronic low back pain, which is not directly related to an individual's sex.
Step 3: There are no intermediate variables mentioned in the question that could potentially link Sex and PEG score.
Step 4: Therefore, based on the given information, it is not possible to establish a causal relationship between Sex and PEG score.

Conclusion: No",True
121,Sex,Sleep disturbance,True,"Reasoning Process:
Step 1: Sleep disturbance is a subjective measure of an individual's perception of their sleep quality, depth, and restoration. It is not a biological sex-linked trait.
Step 2: While there are differences in sleep patterns between men and women, these differences are often influenced by various factors such as hormonal changes, lifestyle, stress levels, and health conditions, not necessarily by sex itself.
Step 3: Therefore, it is plausible that sex may have an indirect relationship with sleep disturbance through these intermediate variables, but a direct causal relationship between sex and sleep disturbance is not biologically, theoretically, or scientifically reasonable based on existing knowledge.

Conclusion: Yes",False,"Reasoning Process:
Step 1: Sleep disturbance is a self-reported perception of sleep quality, sleep depth, and restoration associated with sleep. It is not a biological or physiological characteristic directly related to sex.
Step 2: Therefore, without any specific data or research findings indicating a statistical association between sex and sleep disturbance, it is reasonable to assume that there is no direct association between the two variables.

Conclusion: No",False,"Reasoning Process:
Step 1: The definition of Sex provided does not indicate any direct causal relationship with Sleep disturbance.
Step 2: The definition of Sleep disturbance provided does not indicate any direct causal relationship with Sex.
Step 3: To establish a causal relationship, we would need evidence from scientific studies showing that a change in Sex precedes and leads to a change in Sleep disturbance, either directly or through one or more intermediate variables.
Step 4: However, no such evidence has been provided in the question, and it is beyond the scope of this response to search for and analyze such evidence.
Step 5: Therefore, based on the information provided, we cannot definitively establish a causal relationship between Sex and Sleep disturbance.

Conclusion: No",True
122,Sex,Smoking,True,"Reasoning Process:
Step 1: Sex is a biological characteristic that can influence various aspects of an individual's life, including lifestyle choices.
Step 2: Smoking is a lifestyle choice that can be influenced by various factors, including social, psychological, and biological factors.
Step 3: It is known that there are differences in smoking rates between men and women, with men historically having higher rates of smoking than women, but this gap is closing.
Step 4: These differences in smoking rates could be due to a variety of factors, including biological differences between men and women, such as hormonal influences, genetic predispositions, and differences in the way the body processes nicotine.
Step 5: Therefore, it is plausible that Sex may have a causal relationship with Smoking, either directly or through one or more intermediate variables.

Conclusion: Yes",True,"Reasoning Process:
Step 1: Define the variables Sex and Smoking according to the provided definitions.
Step 2: Understand the question to determine if there is a statistical association between the two variables.
Step 3: Recall that a statistical association exists when knowledge of the value of one variable gives information about the other.
Step 4: Consider that there is a well-established association between Sex and Smoking, as men are statistically more likely to smoke than women.
Step 5: Conclude that there is a statistical association between Sex and Smoking.

Conclusion: Yes",False,"Reasoning Process:
Step 1: The definition of Sex provided does not include any direct or indirect causal relationship with Smoking.
Step 2: The definition of Smoking provided does not include Sex as a direct or indirect causal factor.
Step 3: There is no evidence provided in the question to suggest a causal relationship between Sex and Smoking.
Step 4: In the absence of any evidence or causal factors linking Sex and Smoking, it is reasonable to conclude that there is no causal relationship between the two.

Conclusion: No",True
123,Sleep disturbance,Alcohol,True,"Reasoning Process:
Step 1: Sleep disturbance is a self-reported perception of sleep quality, sleep depth, and restoration associated with sleep. A poor sleep quality can be caused by various factors, including substance use.
Step 2: Alcohol is a substance that can affect the central nervous system and disrupt sleep patterns. It can lead to insomnia, sleep apnea, and other sleep disorders.
Step 3: Given that both sleep disturbance and alcohol consumption can independently affect sleep, it is plausible that there may be a causal relationship between the two, either directly or through one or more intermediate variables.

Conclusion: Yes",True,"Reasoning Process:
Step 1: Sleep disturbance is a self-reported perception of sleep quality, sleep depth, and restoration associated with sleep. Alcohol consumption is the number of drinks per week.
Step 2: Research has shown that alcohol can affect sleep quality and quantity, leading to sleep disturbances. For example, alcohol can interfere with the sleep cycle, causing lighter sleep and reducing the amount of REM sleep.
Step 3: Therefore, it is reasonable to expect that there may be a statistical association between sleep disturbance and alcohol consumption, as knowledge of one variable (alcohol consumption) may give information about the other (sleep disturbance).

Conclusion: Yes",False,"Reasoning Process:
Step 1: Sleep disturbance is a self-reported perception of sleep quality, sleep depth, and restoration associated with sleep. It does not inherently involve alcohol consumption.
Step 2: Alcohol consumption is a separate variable that is not directly influenced by sleep disturbance, unless there is an intermediate variable such as stress, depression, or anxiety that affects both sleep and alcohol consumption.
Step 3: In the absence of an identified intermediate variable that links sleep disturbance and alcohol consumption, there is no clear causal relationship where a change in Sleep disturbance precedes and leads to a change in Alcohol.
Step 4: To establish a causal relationship, we would need evidence showing that changes in sleep disturbance consistently precede changes in alcohol consumption, and that these changes cannot be explained by other factors.
Step 5: However, it is important to note that sleep disturbance and alcohol consumption are often associated, and one can exacerbate the other. But this association does not necessarily imply a causal relationship.

Conclusion: No",False
124,Sleep disturbance,Anxiety,True,"Reasoning Process:
Step 1: Sleep disturbance is a self-reported measure of sleep quality, depth, and restoration. Poor sleep quality can lead to increased stress and tension, which are symptoms of anxiety.
Step 2: Anxiety is characterized by symptoms such as fear, worry, feelings of panic, and somatic symptoms related to arousal. These symptoms can also be exacerbated by poor sleep quality.
Step 3: There is a well-established relationship between sleep and mental health, with poor sleep quality often being associated with increased levels of anxiety and stress.
Step 4: Additionally, there are several intermediate variables that could potentially link sleep disturbance and anxiety, such as stress, depression, and inflammation.
Step 5: Given the above points, it is plausible that sleep disturbance may have a causal relationship with anxiety, either directly or through one or more intermediate variables.

Conclusion: Yes",True,"Reasoning Process:
Step 1: Sleep disturbance and Anxiety are two distinct variables as defined in the question. Sleep disturbance is a measure of self-reported sleep quality, while Anxiety is a measure of fear, anxious misery, hyperarousal, and somatic symptoms related to arousal.
Step 2: In order to determine if there is an association between Sleep disturbance and Anxiety, we would need to examine the data to see if there is a statistical relationship between the two variables. This could be done through various statistical tests such as correlation, regression analysis, or chi-square tests.
Step 3: Without specific data, it is not possible to definitively say whether there is an association between Sleep disturbance and Anxiety. However, it is well-established in the literature that there is a strong association between sleep disturbances and anxiety disorders.
Step 4: Given the established association between sleep disturbances and anxiety disorders in the literature, it is reasonable to conclude that there is likely a statistical association between Sleep disturbance and Anxiety.

Conclusion: Yes",False,"Reasoning Process:
Step 1: The question asks if there is a causal relationship between Sleep disturbance and Anxiety, where Sleep disturbance temporally precedes and influences Anxiety.
Step 2: To answer this question, we need to consider if there is any evidence that shows a change in Sleep disturbance leads to a change in Anxiety, either directly or through one or more intermediate variables.
Step 3: While there is evidence that sleep disturbances can be a symptom of anxiety and can worsen anxiety symptoms, there is no definitive evidence that sleep disturbances directly cause anxiety.
Step 4: Additionally, there are many factors that can contribute to both sleep disturbances and anxiety, such as stress, mental health disorders, and lifestyle factors, which can make it difficult to establish a causal relationship between the two.
Step 5: Therefore, based on the current evidence, it is not possible to definitively establish a causal relationship where a change in Sleep disturbance precedes and leads to a change in Anxiety.

Conclusion: No",True
125,Sleep disturbance,CCI,True,"Reasoning Process:
Step 1: Sleep disturbance and CCI are both health-related variables. Sleep disturbance can affect overall health and well-being, which could potentially impact the development of comorbidities.
Step 2: There are several health conditions that are known to be associated with both sleep disturbances and increased comorbidity, such as depression, anxiety, and chronic pain. These conditions can lead to a vicious cycle where one condition exacerbates the other.
Step 3: Additionally, sleep disturbances can lead to increased stress levels, inflammation, and hormonal imbalances, all of which are known to contribute to the development of various comorbidities.
Step 4: Given the existing knowledge about the relationships between sleep disturbances, health conditions, and comorbidities, it is plausible that sleep disturbance may have a causal relationship with CCI, either directly or through one or more intermediate variables.

Conclusion: Yes",False,"Reasoning Process:
Step 1: The definition of association states that if knowledge of one variable gives information about the other, they are said to be associated. In this case, if knowing a person's CCI score provides information about their sleep disturbance, or vice versa, then they are associated.
Step 2: However, the question does not provide any specific data or research results to support the existence of an association between Sleep disturbance and CCI. Therefore, we cannot definitively say whether they are associated or not based on the given information.
Step 3: Since we cannot definitively say whether they are associated or not, the conclusion is that the existence of an association between Sleep disturbance and CCI is unknown.

Conclusion: No",False,"Reasoning Process:
Step 1: The question asks if there is a causal relationship between Sleep disturbance and CCI, where Sleep disturbance temporally precedes and influences CCI.
Step 2: Sleep disturbance is a self-reported perception of sleep quality, sleep depth, and restoration associated with sleep. It does not directly influence the number of comorbidities (CCI) as it is not a medical condition or a direct measure of health status.
Step 3: While sleep disturbance can indirectly influence CCI by affecting overall health and well-being, which in turn can lead to the development of comorbidities, the question specifically asks for a direct causal relationship where Sleep disturbance temporally precedes and leads to a change in CCI.
Step 4: Since Sleep disturbance does not directly cause changes in CCI, there is no causal relationship between the two as defined in the question.
Step 5: Therefore, the conclusion is that there is no causal relationship between Sleep disturbance and CCI.

Conclusion: No",True
126,Sleep disturbance,Catastrophizing,True,"Reasoning Process:
Step 1: Sleep disturbance is a self-reported perception of sleep quality, sleep depth, and restoration associated with sleep. Poor sleep quality can lead to increased stress and anxiety, which are known to be associated with pain catastrophizing.
Step 2: Pain catastrophizing is characterized by the tendency to magnify the threat value of a pain stimulus and to feel helpless in the presence of pain, as well as by a relative inability to prevent or inhibit pain-related thoughts. Stress and anxiety, which can be exacerbated by poor sleep, can contribute to the development and maintenance of pain catastrophizing.
Step 3: Therefore, it is plausible that sleep disturbance may have a causal relationship with catastrophizing, either directly or through the intermediate variable of stress and anxiety.

Conclusion: Yes",True,"Reasoning Process:
Step 1: Sleep disturbance is a self-reported perception of sleep quality, sleep depth, and restoration associated with sleep. It is a summary score on the general perception of sleep quality.
Step 2: Pain catastrophizing score is a measure of an individual's tendency to magnify the threat value of pain, feel helpless in the presence of pain, and have a relative inability to prevent or inhibit pain-related thoughts.
Step 3: Research has shown that there is a significant association between poor sleep quality and increased pain catastrophizing in individuals with chronic pain conditions.
Step 4: Given the definition of association as any statistical dependency between two variables, regardless of strength or directionality, and the evidence that poor sleep quality is associated with increased pain catastrophizing, it can be inferred that Sleep disturbance and Catastrophizing are associated.

Conclusion: Yes",False,"Reasoning Process:
Step 1: Define the question: The question asks if there is a causal relationship between Sleep disturbance and Catastrophizing, where Sleep disturbance precedes and influences Catastrophizing.
Step 2: Understand the variables: Sleep disturbance is a self-reported perception of sleep quality, sleep depth, and restoration associated with sleep. Pain catastrophizing is the tendency to magnify the threat value of a pain stimulus and to feel helpless in the presence of pain.
Step 3: Identify the causal relationship: To establish a causal relationship, we need to find evidence that Sleep disturbance temporally precedes and influences Catastrophizing. However, it's important to note that the question does not specify a particular intermediate variable.
Step 4: Evaluate the evidence: There is evidence that sleep disturbance can indirectly influence pain catastrophizing through the mediation of factors such as mood, anxiety, and depression. For example, poor sleep quality can lead to increased negative emotions, which in turn can lead to increased pain catastrophizing. However, there is no definitive evidence that Sleep disturbance directly causes Catastrophizing without the involvement of intermediate variables.
Step 5: Conclusion: Based on the available evidence, it is not possible to definitively conclude that Sleep disturbance temporally precedes and influences Catastrophizing in a way consistent with a directional causal link. Therefore, the answer is False.

Conclusion: No",False
127,Sleep disturbance,Depression,True,"Reasoning Process:
Step 1: Sleep disturbance and Depression are both psychological conditions that can co-occur and impact an individual's quality of life.
Step 2: Research has consistently shown that sleep disturbances can lead to or exacerbate symptoms of depression, as sleep plays a crucial role in emotional regulation and cognitive functioning.
Step 3: Additionally, depression can also lead to sleep disturbances, as symptoms such as insomnia, hypersomnia, and irregular sleep-wake schedules are common in individuals with depression.
Step 4: Therefore, it is plausible that sleep disturbance may have a causal relationship with depression, either directly or through one or more intermediate variables.

Conclusion: Yes",True,"Reasoning Process:
Step 1: Sleep disturbance and Depression are two distinct variables, each with their own definitions and measurements.
Step 2: The question asks if there is a statistical association between the two variables, which means if knowledge of one variable gives information about the other.
Step 3: In the context of health care and medicine, it is common to find a statistical association between sleep disturbance and depression, as sleep disturbances can be a symptom of depression and vice versa.
Step 4: Therefore, based on the given definitions and common knowledge, it can be inferred that there is a statistical association between Sleep disturbance and Depression.

Conclusion: Yes",False,"Reasoning Process:
Step 1: Sleep disturbance is a self-reported perception of sleep quality, sleep depth, and restoration associated with sleep. It does not inherently have a direct causal relationship with Depression.
Step 2: To establish a causal relationship, we would need to consider the presence of intermediate variables that could potentially link Sleep disturbance and Depression. For example, stress, anxiety, or physical pain could potentially act as intermediaries.
Step 3: However, without specific evidence or a study demonstrating that Sleep disturbance temporally precedes and influences Depression through these or other intermediaries, we cannot definitively establish a causal relationship.
Step 4: In the absence of such evidence, it is reasonable to conclude that there is no established causal relationship between Sleep disturbance and Depression.
Step 5: Therefore, based on the given information, the conclusion is that there is no causal relationship between Sleep disturbance and Depression.

Conclusion: No",True
128,Sleep disturbance,Education,False,"Reasoning Process:
Step 1: Sleep disturbance is a self-reported perception of sleep quality, sleep depth, and restoration. It is a subjective measure and does not directly relate to education level.
Step 2: Education, on the other hand, is an objective measure of the level of formal education completed by an individual. It does not inherently affect sleep quality or sleep patterns.
Step 3: While there may be indirect relationships between sleep disturbance and education (for example, through factors such as stress, socioeconomic status, or lifestyle), there is no direct causal relationship between the two variables as defined.

Conclusion: No",False,"Reasoning Process:
Step 1: Sleep disturbance is a self-reported perception of sleep quality, sleep depth, and restoration associated with sleep. Education is the level of education of the participant.
Step 2: To determine if there is an association between Sleep disturbance and Education, we would need to analyze data that includes both variables and perform a statistical test, such as Pearson's correlation or Chi-square test, to determine if there is a significant relationship between the two.
Step 3: However, as a text-based AI model, I do not have the ability to analyze data or perform statistical tests. Therefore, I cannot definitively say whether there is an association between Sleep disturbance and Education based on the information provided.
Step 4: In the absence of data and statistical analysis, I can only conclude that there may or may not be an association between Sleep disturbance and Education, but I cannot confirm it.

Conclusion: No",False,"Reasoning Process:
Step 1: The question asks if there is a causal relationship between Sleep disturbance and Education, where Sleep disturbance temporally precedes and influences Education.
Step 2: Sleep disturbance is a self-reported perception of sleep quality, sleep depth, and restoration associated with sleep, which is not a direct cause of Education.
Step 3: There are no known intermediate variables that would link Sleep disturbance to Education in a way that would establish a causal relationship.
Step 4: Therefore, based on the given information, it is not reasonable to conclude that a change in Sleep disturbance precedes and leads to a change in Education.

Conclusion: No",False
129,Sleep disturbance,Fear_avoidance,True,"Reasoning Process:
Step 1: Sleep disturbance is a self-reported measure of sleep quality, sleep depth, and restoration. It is a subjective measure that reflects the individual's perception of their sleep.
Step 2: Fear avoidance, on the other hand, is a patient-reported questionnaire that focuses on fear avoidance beliefs about physical activity and work, and how these beliefs may affect and contribute to low back pain and resulting disability.
Step 3: There is evidence to suggest that sleep disturbance and fear avoidance are interrelated, as poor sleep quality can lead to increased levels of anxiety and fear, which in turn can lead to avoidance behaviors, including avoidance of physical activity.
Step 4: Additionally, fear avoidance can lead to a vicious cycle, where avoidance of physical activity can lead to deconditioning, which can further exacerbate sleep disturbance.
Step 5: Given the interrelated nature of sleep disturbance and fear avoidance, it is plausible that sleep disturbance may have a causal relationship with fear avoidance, either directly or through one or more intermediate variables.

Conclusion: Yes",False,"Reasoning Process:
Step 1: Sleep disturbance and Fear_avoidance are two different variables that measure different aspects of a person's health. Sleep disturbance is related to self-reported sleep quality, while Fear_avoidance is related to a patient's fear avoidance beliefs about physical activity and work.
Step 2: To determine if there is an association between these two variables, we would typically look for a statistical relationship between them. This could be done through various statistical tests, such as correlation or regression analysis.
Step 3: However, the question does not provide any specific data or results from such statistical analyses. Therefore, without concrete evidence, we cannot definitively say whether there is a statistical association between Sleep disturbance and Fear_avoidance.
Step 4: In the absence of concrete evidence, the default assumption is that there may or may not be an association between the two variables. It is possible that there is a statistical association, but without data, we cannot confirm this.

Conclusion: No",False,"Reasoning Process:
Step 1: The question asks if there is a causal relationship between Sleep disturbance and Fear_avoidance, where Sleep disturbance temporally precedes and influences Fear_avoidance.
Step 2: Sleep disturbance is a self-reported perception of sleep quality, sleep depth, and restoration associated with sleep. It does not directly influence Fear_avoidance as defined.
Step 3: Fear avoidance is a patient reported questionnaire which specifically focuses on how a patient's fear avoidance beliefs about physical activity and work may affect and contribute to their low back pain and resulting disability. It is not directly influenced by sleep disturbance as defined.
Step 4: Therefore, based on the definitions provided, there is no direct causal relationship between Sleep disturbance and Fear_avoidance.
Step 5: However, it is important to note that there may be indirect relationships or intermediate variables that could potentially link Sleep disturbance and Fear_avoidance. For example, sleep disturbance could potentially lead to increased stress, which in turn could lead to fear avoidance. But without specific evidence or information about these potential intermediate variables, we cannot definitively say that there is a causal relationship.
Step 6: In conclusion, while there may be potential indirect relationships, based on the provided definitions, there is no direct causal relationship between Sleep disturbance and Fear_avoidance.

Conclusion: No",False
130,Sleep disturbance,Financial_level,True,"Reasoning Process:
Step 1: Sleep disturbance is a subjective measure of an individual's perception of their sleep quality, depth, and restoration. It is not a direct measure of financial status.
Step 2: Financial level, on the other hand, is an objective measure of an individual's financial situation, which is not directly related to sleep quality.
Step 3: However, it is plausible that there could be indirect relationships between sleep disturbance and financial level. For example, financial stress could lead to sleep disturbances, or conversely, poor sleep could lead to decreased productivity and financial difficulties.
Step 4: Research has shown that sleep disturbances are associated with various health problems, and these health problems could potentially impact an individual's financial status.
Step 5: Additionally, there could be other intermediate variables such as mental health issues, lifestyle factors, or access to healthcare that could link sleep disturbance and financial level.
Step 6: Given these considerations, it is plausible that Sleep disturbance may have a causal relationship with Financial_level, either directly or through one or more intermediate variables.

Conclusion: Yes",False,"Reasoning Process:
Step 1: Sleep disturbance is a self-reported perception of sleep quality, sleep depth, and restoration associated with sleep. It is a summary score on the general perception of sleep quality.
Step 2: Financial Level is a proxy for socioeconomic status, often based on the participant's financial situation.
Step 3: To determine if there is an association between Sleep disturbance and Financial Level, we would need to analyze data that includes both variables and perform a statistical test, such as Pearson's correlation or Chi-square test, to determine if there is a significant relationship between the two.
Step 4: Since I do not have access to specific data or the ability to perform statistical tests, I cannot definitively say whether there is an association between Sleep disturbance and Financial Level.
Step 5: However, it is possible that there could be an association between the two variables, as stress related to financial issues could potentially impact sleep quality, and conversely, poor sleep could potentially impact one's ability to manage finances.
Step 6: Therefore, based on the given information, it is not possible to definitively say whether there is an association between Sleep disturbance and Financial Level.

Conclusion: No",False,"Reasoning Process:
Step 1: Sleep disturbance is a self-reported perception of sleep quality, sleep depth, and restoration associated with sleep. It does not directly affect a person's financial level.
Step 2: Financial level is a measure of a person's financial situation, often used as a proxy for socioeconomic status. It is not directly influenced by sleep disturbance.
Step 3: There are no intermediate variables mentioned in the question that could potentially link sleep disturbance and financial level.
Step 4: Therefore, based on the given information, there is no causal relationship where a change in Sleep disturbance precedes and leads to a change in Financial_level.

Conclusion: No",False
131,Sleep disturbance,Obesity,True,"Reasoning Process:
Step 1: Sleep disturbance and obesity are both health conditions that can affect an individual's overall well-being.
Step 2: Research has shown that sleep disturbances can lead to changes in hormone levels, such as ghrelin and leptin, which regulate hunger and satiety. These changes can potentially contribute to weight gain and obesity.
Step 3: On the other hand, obesity can also lead to sleep disturbances due to factors such as sleep apnea, discomfort, and reduced mobility.
Step 4: Given the interplay between sleep and hormone regulation, as well as the reciprocal relationship between sleep disturbances and obesity, it is plausible that there may be a causal relationship between sleep disturbance and obesity, either directly or through one or more intermediate variables.

Conclusion: Yes",True,"Reasoning Process:
Step 1: Sleep disturbance is a self-reported perception of sleep quality, sleep depth, and restoration associated with sleep. This is a subjective measure and can vary greatly among individuals.
Step 2: Obesity, on the other hand, is an objective measure typically determined by Body Mass Index (BMI) or weight. It is a health condition in which excess body fat has accumulated to the extent that it may have an adverse effect on health.
Step 3: Research has consistently shown that there is a significant association between sleep disturbance and obesity. People who are obese are more likely to have sleep disturbances, and those with sleep disturbances are at a higher risk of becoming obese.
Step 4: The association between sleep disturbance and obesity can be explained by various factors such as hormonal imbalances, lifestyle factors, and genetic predispositions.
Step 5: Given the consistent findings in the literature and the biological plausibility of the association, it can be concluded that there is a statistical association between sleep disturbance and obesity.

Conclusion: Yes",False,"Reasoning Process:
Step 1: Define the question: The question asks if there is a causal relationship between Sleep disturbance and Obesity, where Sleep disturbance temporally precedes and influences Obesity.
Step 2: Understand the variables: Sleep disturbance is a self-reported perception of sleep quality, sleep depth, and restoration associated with sleep. Obesity is defined as having a high BMI or being overweight.
Step 3: Identify the causal relationship: To establish a causal relationship, we would need to find evidence that a change in Sleep disturbance (the cause) precedes and leads to a change in Obesity (the effect), either directly or through one or more intermediate variables.
Step 4: Evaluate the evidence: As of now, there is evidence that sleep disturbance and obesity are associated, but the causal relationship is not definitively established. For example, sleep disturbance can be a symptom of obesity, and obesity can also lead to sleep disturbance. However, there is some evidence that sleep disturbance may indirectly lead to obesity through factors such as increased appetite, reduced physical activity, and changes in hormone levels.
Step 5: Conclusion: Based on the current evidence, it is not definitively established that Sleep disturbance temporally precedes and influences Obesity in a way consistent with a directional causal link. Therefore, the answer is False.

Conclusion: No",False
132,Sleep disturbance,PEG,True,"Reasoning Process:
Step 1: Chronic low back pain (PEG) and sleep disturbance are two distinct entities, each with their own set of factors that can influence them.
Step 2: Research has shown that chronic pain, such as low back pain, can lead to sleep disturbances due to factors like discomfort, anxiety, and depression.
Step 3: On the other hand, sleep disturbances can also exacerbate pain sensitivity and perception, potentially increasing pain intensity (PEG).
Step 4: Therefore, it is plausible that a causal relationship exists between sleep disturbance and PEG, either directly or through intermediate variables such as pain sensitivity, anxiety, and depression.

Conclusion: Yes",True,"Reasoning Process:
Step 1: The question asks if there is a statistical association between Sleep disturbance and PEG, which means we need to determine if knowledge of one variable provides information about the other.
Step 2: Sleep disturbance is a self-reported measure of sleep quality, sleep depth, and restoration, while PEG is a measure of pain interference and pain intensity due to chronic low back pain.
Step 3: It is plausible that chronic pain, as measured by PEG, could affect sleep quality, leading to a sleep disturbance. Conversely, poor sleep quality could potentially exacerbate pain, leading to increased PEG scores.
Step 4: However, without specific data or research findings, it is not possible to definitively state whether there is a statistical association between Sleep disturbance and PEG.
Step 5: Since there is a possibility that the two variables could be related, we cannot conclude that there is no association between Sleep disturbance and PEG.

Conclusion: Yes",False,"Reasoning Process:
Step 1: The question asks if there is a causal relationship between Sleep disturbance and PEG, where Sleep disturbance precedes and influences PEG.
Step 2: Sleep disturbance is a self-reported perception of sleep quality, sleep depth, and restoration associated with sleep. It does not directly relate to pain intensity or pain interference, which are components of the PEG score.
Step 3: Therefore, based on the definitions provided, it is not possible for a change in Sleep disturbance to directly or indirectly precede and lead to a change in PEG.
Step 4: In the absence of any intermediate variables or additional context suggesting a causal relationship, the conclusion is that there is no causal relationship between Sleep disturbance and PEG.

Conclusion: No",True
133,Sleep disturbance,Smoking,True,"Reasoning Process:
Step 1: Smoking is known to have negative effects on various aspects of health, including cardiovascular health, respiratory health, and mental health.
Step 2: Sleep disturbance is a common symptom of various health conditions, including mental health disorders such as anxiety and depression, which are also associated with smoking.
Step 3: Therefore, it is plausible that a causal relationship may exist between sleep disturbance and smoking, either directly or through the intermediary of mental health disorders.

Conclusion: Yes",True,"Reasoning Process:
Step 1: Sleep disturbance is a self-reported perception of sleep quality, sleep depth, and restoration associated with sleep. It is a summary score on the general perception of sleep quality.
Step 2: Smoking is the action or habit of inhaling and exhaling the smoke of tobacco by sucking on the end of a lit cigarette, cigar, pipe, etc.
Step 3: Research has consistently shown that smoking can negatively impact sleep quality, leading to sleep disturbances. This is due to the stimulant effects of nicotine, which can make it difficult to fall asleep and stay asleep.
Step 4: Therefore, there is a statistical association between Sleep disturbance and Smoking, as knowledge of one variable (Smoking) gives information about the other (Sleep disturbance).

Conclusion: Yes",False,"Reasoning Process:
Step 1: Define the question: The question asks if there is a causal relationship where a change in Sleep disturbance precedes and leads to a change in Smoking.
Step 2: Understand the variables: Sleep disturbance is a self-reported perception of sleep quality, sleep depth, and restoration associated with sleep. Smoking is the action or habit of inhaling and exhaling the smoke of tobacco.
Step 3: Identify the causal relationship: To establish a causal relationship, we need to find evidence that a change in Sleep disturbance (X) temporally precedes and influences Smoking (Y) in a way consistent with a directional causal link.
Step 4: Evaluate the evidence: There is substantial evidence that sleep disturbances can lead to smoking, but the causality is not straightforward. Stress, anxiety, and depression (intermediate variables) often accompany sleep disturbances and can also lead to smoking. However, there is no definitive evidence that sleep disturbances directly cause smoking without the presence of these intermediate variables.
Step 5: Conclusion: Based on the available evidence, it is not possible to definitively establish a causal relationship where a change in Sleep disturbance temporally precedes and leads to a change in Smoking, either directly or through one or more intermediate variables.

Conclusion: No",True
134,Smoking,Alcohol,True,"Reasoning Process:
Step 1: Smoking and alcohol consumption are two separate substances with different chemical compositions and mechanisms of action in the body.
Step 2: There is no direct biological pathway known that links smoking and alcohol consumption, as they do not share common active ingredients or receptors.
Step 3: However, it is known that both smoking and alcohol consumption can have negative effects on various organs and systems in the body, such as the cardiovascular system, liver, and nervous system.
Step 4: Indirectly, it is possible that smoking and alcohol consumption could have common risk factors, such as stress, poor diet, and lack of exercise, which could potentially lead to increased consumption of both substances.
Step 5: Additionally, smoking and alcohol consumption can lead to social and psychological factors that may influence each other, such as peer pressure, stress relief, and coping mechanisms.
Step 6: Given the potential for common risk factors and indirect influences, it is plausible that smoking and alcohol consumption could have a causal relationship, either directly or through one or more intermediate variables.

Conclusion: Yes",True,"Reasoning Process:
Step 1: Smoking and Alcohol are two separate variables, each with their own independent characteristics.
Step 2: Association refers to a statistical dependency between two variables, regardless of the direction or strength of the relationship.
Step 3: In many studies, it has been shown that there is a correlation between smoking and alcohol consumption. For example, some people may smoke more when they drink alcohol, and some may drink more when they smoke.
Step 4: This correlation suggests that knowledge of one variable (smoking) can provide some information about the other variable (alcohol consumption), and vice versa.
Step 5: Therefore, based on the given definition, Smoking and Alcohol are associated.

Conclusion: Yes",False,"Reasoning Process:
Step 1: Smoking and alcohol consumption are two separate behaviors that are not inherently linked in a causal relationship.
Step 2: While some people may engage in both smoking and alcohol consumption, there is no direct causal link established that smoking precedes and leads to a change in alcohol consumption.
Step 3: There may be indirect relationships between smoking and alcohol consumption, such as social factors or personal habits, but these do not establish a causal relationship where smoking temporally precedes and influences alcohol consumption.
Step 4: In the absence of a direct causal link, the conclusion is that there is no causal relationship where a change in Smoking precedes and leads to a change in Alcohol.

Conclusion: No",False
135,Smoking,Anxiety,True,"Reasoning Process:
Step 1: Smoking is known to have several negative effects on the body, including cardiovascular problems and respiratory issues.
Step 2: Anxiety, as defined by PROMIS, includes symptoms such as tension, nervousness, restlessness, and cardiovascular symptoms.
Step 3: Therefore, it is plausible that smoking, by causing cardiovascular problems, could potentially lead to or exacerbate anxiety symptoms.

Conclusion: Yes",True,"Reasoning Process:
Step 1: Smoking is a behavior that can have various physical and psychological effects on an individual.
Step 2: Anxiety is a psychological condition characterized by feelings of fear, worry, and nervousness.
Step 3: Research has shown that smoking can lead to increased levels of anxiety in some individuals due to the nicotine content in tobacco products.
Step 4: Additionally, quitting smoking can also cause anxiety in some people due to nicotine withdrawal symptoms.
Step 5: Therefore, there is a statistical association between Smoking and Anxiety, as knowledge of one variable (Smoking) can give information about the other (Anxiety).

Conclusion: Yes",True,"Reasoning Process:
Step 1: Smoking is a behavior that involves the inhalation of tobacco smoke, which contains numerous harmful chemicals. Some of these chemicals can affect the body's nervous system, potentially leading to changes in mood and emotional state.
Step 2: Anxiety, as defined by PROMIS, is a state characterized by fear, worry, feelings of panic, anxious misery, hyperarousal, and somatic symptoms related to arousal. These symptoms can be influenced by various factors, including mental and physical health conditions, stress, and environmental factors.
Step 3: While there is evidence that smoking can contribute to the development and exacerbation of anxiety disorders, the relationship between the two is complex and bidirectional. This means that smoking can potentially lead to anxiety, but it's also possible for anxiety to lead to increased smoking as a coping mechanism.
Step 4: In order to establish a causal relationship where a change in Smoking precedes and leads to a change in Anxiety, we would need to rule out the possibility of reverse causality (anxiety leading to increased smoking). However, given the evidence that smoking can contribute to the development and exacerbation of anxiety disorders, it's reasonable to conclude that there is a causal relationship where a change in Smoking can potentially lead to a change in Anxiety.

Conclusion: Yes",False
136,Smoking,CCI,True,"Reasoning Process:
Step 1: Smoking is a known risk factor for various health conditions, such as heart disease, stroke, and lung cancer. These conditions can be considered comorbidities.
Step 2: Smoking can also affect the immune system, making individuals more susceptible to infections and other health problems, which can lead to the development of additional comorbidities.
Step 3: Moreover, smoking can exacerbate existing health conditions, leading to a worsening of the overall health status and an increase in the number of comorbidities.
Step 4: Given the above points, it is plausible that smoking may have a causal relationship with CCI, either directly or through one or more intermediate variables.

Conclusion: Yes",True,"Reasoning Process:
Step 1: Smoking and CCI are two different variables. Smoking refers to the action of inhaling tobacco smoke, while CCI is a comorbidity index that measures the number of comorbidities.
Step 2: To determine if there is an association between Smoking and CCI, we need to consider if knowledge of one variable gives information about the other.
Step 3: Research has shown that smoking is a risk factor for various health conditions, which can increase the number of comorbidities a person may have. Therefore, knowledge of a person's smoking habit can potentially give information about their CCI.
Step 4: Conversely, a higher CCI might indicate a history of health issues, some of which could be related to smoking. Knowledge of a person's CCI might give some information about their smoking history.
Step 5: Given the bidirectional relationship between Smoking and CCI, it can be concluded that there is a statistical association between the two variables.
Step 6: However, the strength and directionality of this association can vary depending on the specific study and population under consideration.

Conclusion: Yes",True,"Reasoning Process:
Step 1: Smoking is an action that involves the inhalation of tobacco smoke, which is known to have harmful effects on various organs in the body.
Step 2: Comorbidity Index (CCI) is a measure of the number of comorbidities a patient has, which are the presence of two or more chronic diseases or conditions in a patient.
Step 3: There is substantial evidence that smoking can lead to various chronic diseases such as heart disease, stroke, lung disease, and cancer, which are often included in the CCI.
Step 4: Since smoking can cause these chronic diseases, it is reasonable to infer that a change in smoking behavior (increase or decrease) can precede and lead to a change in CCI, as an increase in smoking can lead to an increase in the number of comorbidities.
Step 5: However, it's important to note that there may be other factors that can influence both smoking behavior and CCI, such as genetics, lifestyle, and environment. Therefore, while there is a causal relationship between smoking and CCI, it is not the only factor.

Conclusion: Yes",False
137,Smoking,Catastrophizing,True,"Reasoning Process:
Step 1: Smoking is known to have several negative effects on the body, including cardiovascular and respiratory issues. One of the potential effects of smoking is the increased risk of developing certain diseases, such as chronic obstructive pulmonary disease (COPD) and cardiovascular diseases.
Step 2: Chronic diseases, including COPD and cardiovascular diseases, can cause significant physical discomfort and pain. This discomfort and pain can lead to increased pain sensitivity and a heightened pain response, which is a key component of pain catastrophizing.
Step 3: Furthermore, smoking can also lead to psychological effects, such as anxiety and depression, which are known to be associated with increased pain catastrophizing.
Step 4: Given the above, it is plausible that smoking may have a causal relationship with catastrophizing, either directly through the physical discomfort and pain caused by smoking-related diseases, or indirectly through the psychological effects of smoking.

Conclusion: Yes",False,"Reasoning Process:
Step 1: Smoking and catastrophizing are two distinct concepts, one being a physical action and the other a psychological response to pain.
Step 2: Statistical association refers to a relationship between two variables where knowledge of one variable provides information about the other.
Step 3: While it is possible for there to be a correlation between Smoking and Catastrophizing, it is not inherent or guaranteed.
Step 4: The correlation between Smoking and Catastrophizing would likely be studied in a research context, and the results would depend on the specific population and methodology used.
Step 5: Without specific research data, it is not possible to definitively state whether there is a statistical association between Smoking and Catastrophizing.
Step 6: Therefore, based on the given information, it is not possible to conclude that there is a statistical association between Smoking and Catastrophizing.

Conclusion: No",False,"Reasoning Process:
Step 1: Smoking is an action that involves the inhalation of tobacco smoke. This action does not inherently cause a change in a person's pain catastrophizing score.
Step 2: While smoking can have various health effects, there is no direct evidence to suggest that smoking causes an increase in pain catastrophizing scores. The relationship between smoking and pain catastrophizing is more likely to be indirect, if any.
Step 3: Indirect relationships might involve factors such as stress, anxiety, or depression, which can be caused by smoking and may in turn lead to increased pain catastrophizing. However, these factors are not necessarily causally linked to smoking in a way that would establish a direct causal link between smoking and pain catastrophizing.
Step 4: In the absence of a direct causal link between smoking and pain catastrophizing, and given that smoking does not inherently cause a change in pain catastrophizing, it is reasonable to conclude that there is no causal relationship where a change in Smoking precedes and leads to a change in Catastrophizing.

Conclusion: No",False
138,Smoking,Depression,True,"Reasoning Process:
Step 1: Smoking is known to have several negative effects on physical and mental health, including stress, anxiety, and mood disorders.
Step 2: Depression is a mood disorder characterized by persistent feelings of sadness, hopelessness, and a lack of interest or pleasure in activities. It is also associated with changes in sleep, appetite, energy levels, concentration, and self-esteem.
Step 3: There is substantial evidence from various studies that smoking can increase the risk of developing depression, although the exact mechanisms are not fully understood.
Step 4: The relationship between smoking and depression may be bidirectional, meaning that both smoking and depression can influence each other. For example, smoking may lead to depression due to the negative effects on mood and physical health, and depression may lead to increased smoking as a coping mechanism or due to changes in reward pathways in the brain.
Step 5: Given the known negative effects of smoking on mental health and the evidence linking smoking to an increased risk of depression, it is plausible that smoking may have a causal relationship with depression.

Conclusion: Yes",True,"Reasoning Process:
Step 1: Smoking and Depression are two distinct variables, each with their own definitions. Smoking refers to the act of inhaling and exhaling smoke from tobacco products, while Depression refers to a mental health disorder characterized by persistent feelings of sadness, hopelessness, and a lack of interest or pleasure in activities.
Step 2: The question asks if there is an association between Smoking and Depression, meaning if knowledge of one variable gives information about the other. In this case, research has shown that there is a statistical association between Smoking and Depression.
Step 3: Studies have found that individuals who smoke are at a higher risk of developing depression compared to non-smokers. This is due to the physiological effects of smoking on the brain and the psychological stress associated with smoking.

Conclusion: Yes",False,"Reasoning Process:
Step 1: Smoking is an action that involves the inhalation of tobacco smoke, which contains numerous harmful chemicals. These chemicals can have various negative effects on the body, including damage to the cardiovascular system, respiratory system, and nervous system.
Step 2: Depression, on the other hand, is a mental health disorder characterized by persistent feelings of sadness, hopelessness, and a lack of interest or pleasure in activities. It is not a physical condition and is not directly caused by physical damage to the body.
Step 3: While there is evidence to suggest that smoking can have a negative impact on mental health, the relationship between smoking and depression is complex and not fully understood. Some studies have found that smoking may increase the risk of developing depression, but it is not clear whether this is due to the direct effects of smoking on the brain or other factors such as stress, social isolation, or genetics.
Step 4: In order for there to be a causal relationship between smoking and depression, we would need to establish a temporal precedence, where smoking occurs before depression and is followed by a change in depression. However, it is possible that depression can precede smoking as a way to cope with negative emotions, rather than smoking causing depression.
Step 5: Given the current evidence, it is not possible to definitively establish a causal relationship between smoking and depression, as the relationship is complex and multifactorial. While smoking may increase the risk of developing depression, it is not clear whether smoking causes depression or whether other factors are involved.
Step 6: Therefore, based on the current evidence, it is not accurate to say that there is a causal relationship where a change in Smoking precedes and leads to a change in Depression.

Conclusion: No",False
139,Smoking,Education,True,"Reasoning Process:
Step 1: Smoking is a behavior that can be influenced by various factors, including socio-economic status, which is often associated with education level.
Step 2: Education can provide individuals with knowledge about the health risks associated with smoking, which may influence their decision to smoke or not.
Step 3: Smoking can also have indirect effects on education, as it can lead to financial difficulties due to healthcare costs, which may impact a person's ability to continue their education.
Step 4: Additionally, smoking can lead to cognitive impairment and mental health issues, which can negatively affect a person's ability to focus and perform well in school.
Step 5: Given these factors, it is plausible that there may be a causal relationship between smoking and education, either directly or through one or more intermediate variables.

Conclusion: Yes",True,"Reasoning Process:
Step 1: Smoking and Education are two distinct variables, each with their own values. Smoking refers to the act of inhaling and exhaling tobacco smoke, while Education refers to the level of formal education attained by an individual.
Step 2: To determine if there is an association between Smoking and Education, we need to consider if knowledge of one variable provides information about the other. In other words, we need to check if there is a statistical relationship between the two variables.
Step 3: Research has shown that there is a statistical association between Smoking and Education. People with lower levels of education are more likely to smoke than those with higher levels of education. This is due to a variety of factors, including socioeconomic status, access to information about the health risks of smoking, and cultural norms.

Conclusion: Yes",False,"Reasoning Process:
Step 1: Smoking is an action that involves the inhalation of tobacco smoke, which is harmful to the body and can lead to various health issues.
Step 2: Health issues caused by smoking can negatively impact a person's ability to focus, learn, and perform well in school, which are essential aspects of education.
Step 3: However, there are no direct causal mechanisms established that show a change in smoking precedes and directly leads to a change in education. Other factors such as socio-economic status, family background, and personal choices play a significant role in a person's education.
Step 4: In conclusion, while smoking can indirectly affect education through its impact on health, there is no established causal relationship where a change in smoking precedes and leads to a change in education.

Conclusion: No",False
140,Smoking,Fear_avoidance,True,"Reasoning Process:
Step 1: Smoking is known to have various negative effects on the body, including cardiovascular, respiratory, and immune system issues. These effects can lead to a general decline in health and well-being.
Step 2: Fear avoidance is a psychological construct that refers to a patient's beliefs about the potential harm of physical activity and work, and how these beliefs may contribute to their pain and disability. It is not a direct physiological effect.
Step 3: While there is no direct biological link between smoking and fear avoidance, it is plausible that a decline in health due to smoking could indirectly contribute to fear avoidance. For example, a person with a chronic cough or shortness of breath due to smoking may avoid physical activity out of fear of exacerbating their symptoms, leading to fear avoidance.
Step 4: Additionally, smoking can lead to stress and anxiety, which are psychological factors that could potentially contribute to fear avoidance.
Step 5: There is some empirical evidence supporting the association between smoking and fear avoidance. For instance, a study published in the Journal of Pain found that smokers with chronic low back pain reported higher levels of fear avoidance than non-smokers.

Conclusion: Yes",True,"Reasoning Process:
Step 1: Smoking and Fear_avoidance are two distinct variables. Smoking is the action or habit of inhaling and exhaling the smoke of tobacco, while Fear_avoidance is a patient reported questionnaire that focuses on how a patient's fear avoidance beliefs about physical activity and work may affect and contribute to their low back pain and resulting disability.
Step 2: To determine if there is an association between Smoking and Fear_avoidance, we need to consider if knowledge of one variable gives information about the other. In other words, we need to find a statistical dependency between the two variables.
Step 3: Research has shown that there is a statistical association between Smoking and Fear_avoidance. Smokers are more likely to have fear avoidance beliefs, which can lead to avoidance of physical activity and exacerbate chronic pain.

Conclusion: Yes",False,"Reasoning Process:
Step 1: Smoking is an action that involves the inhalation of tobacco smoke. It is not inherently related to fear avoidance, a psychological construct.
Step 2: Fear avoidance is a patient-reported questionnaire that measures a patient's fear avoidance beliefs about physical activity and work, which may affect low back pain and resulting disability. This construct is psychological in nature and not directly related to smoking.
Step 3: There is no established intermediate variable that links smoking and fear avoidance in a causal relationship. Smoking does not cause physiological changes that would directly or indirectly lead to changes in fear avoidance beliefs.
Step 4: Therefore, based on the given information, it is not reasonable to conclude that a change in Smoking precedes and leads to a change in Fear_avoidance.

Conclusion: No",False
141,Smoking,Financial_level,True,"Reasoning Process:
Step 1: Smoking is a behavior that requires the purchase of tobacco products, which have a cost associated with them. Therefore, a higher financial level may allow an individual to afford more tobacco products and smoke more frequently.
Step 2: Smoking can also lead to health problems such as lung cancer, heart disease, and respiratory issues. These health problems can lead to increased healthcare costs and decreased productivity, which may negatively impact an individual's financial level.
Step 3: Additionally, smoking is often associated with certain social groups or lifestyles that may be more prevalent among individuals with lower financial levels. This association does not necessarily imply causation, but it suggests a potential indirect relationship between smoking and financial level.
Step 4: Overall, while the relationship between smoking and financial level is complex and multifaceted, it is plausible that there may be a causal relationship, either directly or through one or more intermediate variables.

Conclusion: Yes",True,"Reasoning Process:
Step 1: Smoking is a behavior that can be influenced by various factors, including socioeconomic status. People with lower financial levels might have a higher likelihood of smoking due to factors such as stress, lack of access to healthier alternatives, or marketing tactics targeting lower-income communities.
Step 2: On the other hand, people with higher financial levels might have access to more resources to quit smoking or avoid starting in the first place, such as healthier lifestyle options, smoking cessation programs, and higher-priced tobacco products being less appealing.
Step 3: However, it's important to note that the relationship between Smoking and Financial_level is complex and can vary greatly depending on cultural, geographical, and individual factors. For example, some studies have shown that in certain countries, lower-income individuals are more likely to smoke, while in others, the opposite is true.
Step 4: Given the complexity and variability of this relationship, it can be said that there is a statistical association between Smoking and Financial_level, but the direction and strength of this association can differ significantly depending on various contextual factors.

Conclusion: Yes",False,"Reasoning Process:
Step 1: Smoking is an action that involves the consumption of tobacco products, which can have various health effects.
Step 2: Health effects of smoking can include chronic diseases such as heart disease, stroke, and lung cancer, which can lead to increased healthcare costs and potential loss of income.
Step 3: However, the causal relationship between smoking and financial level is not direct, as other factors such as education level, job opportunities, and personal financial management skills also play significant roles in determining financial level.
Step 4: While smoking can indirectly impact financial level through its health effects, it does not temporally precede and influence financial level in a way consistent with a directional causal link.
Step 5: Therefore, based on the given context, there is no causal relationship where a change in Smoking precedes and leads to a change in Financial_level.

Conclusion: No",False
142,Smoking,Obesity,False,"Reasoning Process:
Step 1: Smoking involves the intake of tobacco, which contains nicotine. Nicotine is a stimulant that can increase heart rate and metabolism.
Step 2: Increased metabolism can lead to a temporary increase in calorie burning, but it does not necessarily lead to weight loss or a decrease in obesity.
Step 3: Obesity is a complex condition influenced by a variety of factors, including diet, physical activity, genetics, and lifestyle choices. Smoking is not a direct cause of obesity.
Step 4: However, it is possible that smoking could indirectly contribute to obesity through other means. For example, smokers may have a higher likelihood of consuming more calories to compensate for the increased metabolism caused by nicotine.
Step 5: Additionally, smoking can lead to a decrease in physical activity due to various health issues associated with smoking, such as shortness of breath and reduced mobility.
Step 6: While these factors could potentially contribute to weight gain and obesity, they do not establish a direct causal relationship between smoking and obesity. The relationship is more likely to be indirect and complex.

Conclusion: No",True,"Reasoning Process:
Step 1: Smoking and obesity are two distinct variables, each with their own definitions.
Step 2: Association refers to any statistical dependency between two variables, regardless of strength or directionality.
Step 3: Research has shown that there is a statistical association between smoking and obesity, as smoking can lead to weight gain and may also make it harder to lose weight.
Step 4: Therefore, knowledge of one variable (smoking) can provide information about the other (obesity), and thus, they are associated.

Conclusion: Yes",False,"Reasoning Process:
Step 1: Smoking is the action of inhaling and exhaling the smoke of tobacco, which contains harmful substances such as nicotine and tar.
Step 2: Nicotine is a stimulant that can increase heart rate and blood pressure, which can lead to increased calorie burning and weight loss in the short term.
Step 3: However, the long-term effects of smoking are generally detrimental to health, including increased risk of various diseases such as heart disease, stroke, and cancer.
Step 4: These diseases can lead to a decrease in physical activity, poor nutrition, and overall health decline, which can contribute to weight gain and obesity.
Step 5: However, the causal relationship between smoking and obesity is not straightforward, as many other factors such as diet, genetics, and lifestyle play a significant role in obesity.
Step 6: In summary, while smoking may have a short-term effect on weight loss due to increased calorie burning, the long-term effects of smoking are more likely to contribute to weight gain and obesity due to the development of related diseases.
Step 7: Therefore, it can be said that smoking may indirectly lead to obesity, but it does not temporally precede and directly cause obesity.
Step 8: In the absence of a direct, temporal causal link between smoking and obesity, the conclusion is that there is no causal relationship between the two.

Conclusion: No",False
143,Smoking,PEG,True,"Reasoning Process:
Step 1: Smoking is known to have numerous negative effects on the cardiovascular and respiratory systems, which can lead to various health issues.
Step 2: Chronic low back pain, as measured by the PEG score, is not directly related to cardiovascular or respiratory issues, but it can be associated with psychological factors such as stress, anxiety, and depression.
Step 3: Smoking can indirectly affect psychological factors due to its association with stress, anxiety, and depression, which in turn can exacerbate chronic pain.
Step 4: Therefore, it is plausible that smoking may have a causal relationship with PEG, indirectly through the impact on psychological factors.

Conclusion: Yes",False,"Reasoning Process:
Step 1: Smoking is a behavior that involves the inhalation of tobacco smoke, while PEG score is an index measuring pain interference and pain intensity due to chronic low back pain. These two variables are not inherently related.
Step 2: To determine if there is an association between Smoking and PEG, we would need to examine empirical data or research studies that have investigated this relationship. Without such data, it is not possible to definitively say whether there is an association.
Step 3: In the absence of empirical evidence, the default assumption is that there is no association between Smoking and PEG, as they are distinct concepts.

Conclusion: No",False,"Reasoning Process:
Step 1: Smoking is the action of inhaling and exhaling tobacco smoke, which is a harmful habit that can lead to various health issues.
Step 2: PEG score is a measure of pain interference and pain intensity due to chronic low back pain. It does not directly relate to smoking as a causal factor.
Step 3: There is no established direct causal relationship between smoking and PEG score, as smoking does not inherently cause chronic low back pain, and the PEG score is a measure of pain related to that specific condition.
Step 4: While smoking can lead to various health issues that may indirectly contribute to chronic pain, there is no evidence to suggest a causal relationship between smoking and the PEG score specifically.
Step 5: In conclusion, there is no causal relationship where a change in Smoking precedes and leads to a change in PEG, either directly or through one or more intermediate variables.

Conclusion: No",True
144,Smoking,Sleep disturbance,True,"Reasoning Process:
Step 1: Smoking contains nicotine, a stimulant that can affect the central nervous system and increase heart rate, blood pressure, and metabolism.
Step 2: Nicotine can also interfere with the production of melatonin, a hormone that regulates sleep-wake cycles.
Step 3: Sleep disturbance is associated with poor sleep quality, difficulty falling asleep, and waking up frequently during the night.
Step 4: Given the effects of nicotine on the central nervous system and sleep-wake cycles, it is plausible that smoking may have a causal relationship with sleep disturbance.

Conclusion: Yes",True,"Reasoning Process:
Step 1: Smoking is an action that can potentially affect various aspects of a person's health, including their sleep.
Step 2: Sleep disturbance is a measure of self-reported perceptions of sleep quality, sleep depth, and restoration associated with sleep.
Step 3: Numerous studies have shown that smoking can negatively impact sleep quality, leading to sleep disturbances.
Step 4: Therefore, based on the evidence, it can be inferred that there is a statistical association between Smoking and Sleep disturbance.

Conclusion: Yes",False,"Reasoning Process:
Step 1: Smoking is an action that involves the inhalation of tobacco smoke, which contains numerous harmful substances. These substances can have various effects on the body, including affecting the cardiovascular system and respiratory system.
Step 2: The cardiovascular system plays a crucial role in regulating blood flow, including to the brain, which in turn affects various bodily functions, including sleep.
Step 3: The respiratory system is also essential for proper oxygenation of the body, which is necessary for various bodily functions, including sleep.
Step 4: Sleep disturbance is a self-reported perception of sleep quality, sleep depth, and restoration associated with sleep. It is not a direct physiological measure of the cardiovascular or respiratory systems.
Step 5: While it is possible that smoking could indirectly affect sleep disturbance through its effects on the cardiovascular and respiratory systems, there is no direct causal link between smoking and sleep disturbance.
Step 6: In order for a causal relationship to exist, there must be a direct link between the two variables, or a clear chain of intermediate variables that connect them. In this case, there is no such direct or indirect link established.
Step 7: Therefore, based on the given information, it is not accurate to say that there is a causal relationship where a change in Smoking precedes and leads to a change in Sleep disturbance.

Conclusion: No",False
