,Var1,Var2,Causal Literature,Causal Literature Reasoning,Label
0,Age,Alcohol,B,"Reasoning Process:
Step 1: First, we need to understand the causal relationship between Age and Alcohol. In general, age does not directly cause changes in alcohol consumption, as alcohol consumption is a behavior that is typically voluntary and not influenced by age itself.
Step 2: However, age can indirectly influence alcohol consumption through various factors such as social norms, accessibility, and health conditions. For example, older individuals may have more social events where alcohol is served, or they may have health conditions that make them more susceptible to the effects of alcohol. But these are not direct causal relationships.
Step 3: On the other hand, alcohol consumption can directly and indirectly affect age. Directly, excessive alcohol consumption can lead to health problems such as liver disease, heart disease, and certain types of cancer, which can shorten lifespan. Indirectly, alcohol can lead to risky behaviors such as poor diet, lack of exercise, and unsafe sex, which can also negatively impact health and lifespan.
Step 4: Given the above, it is clear that changing Alcohol can cause a change in Age, either directly or through one or more intermediate variables. Therefore, the most likely answer is B: Changing Alcohol causes a change in Age, either directly or through one or more intermediate variables.

Conclusion: B",True
1,Age,Anxiety,C,"Reasoning Process:
Step 1: The given information defines Age as the age of the patient and PROMIS anxiety as a measure of fear, anxiety, and related symptoms. It does not provide any direct link between Age and Anxiety.
Step 2: While aging can lead to various psychological changes, such as increased stress or depression, there is no direct evidence that Age causes Anxiety as defined by the PROMIS anxiety measure.
Step 3: Similarly, while Anxiety can lead to various physical changes, such as increased heart rate or blood pressure, there is no direct evidence that Anxiety causes Age.
Step 4: Therefore, based on the given information and general knowledge, it is most reasonable to conclude that there is no causal relationship between Age and Anxiety.

Conclusion: C",True
2,Age,CCI,C,"Reasoning Process:
Step 1: The Comorbidity Index (CCI) is a measure of the number of comorbidities a patient has. It does not directly relate to a patient's age.
Step 2: Age, on the other hand, is a demographic characteristic that does not inherently cause or affect the number of comorbidities a patient has.
Step 3: Therefore, based on the definitions provided, it can be inferred that there is no causal relationship between Age and CCI.

Conclusion: C",True
3,Age,Catastrophizing,C,"Reasoning Process:
Step 1: Age is a biological factor that can influence various aspects of a person's life, including their physical and mental health. However, it does not directly cause changes in a person's thought patterns or coping mechanisms, such as pain catastrophizing.
Step 2: Pain catastrophizing is a psychological construct that refers to an individual's thoughts and feelings about pain. It is not a biological factor and is not directly influenced by age.
Step 3: There is no evidence to suggest that age can cause changes in pain catastrophizing through one or more intermediate variables. While age may be associated with changes in health status, which in turn could potentially influence pain catastrophizing, there is no causal relationship established between age and pain catastrophizing.
Step 4: On the other hand, pain catastrophizing can influence a person's perception of pain and their coping strategies, which could potentially affect their overall health and well-being. However, it does not cause changes in age.
Step 5: Therefore, based on the given information and our understanding of age and pain catastrophizing, it is most likely that there is no causal relationship between Age and Catastrophizing.

Conclusion: C",True
4,Age,Depression,C,"Reasoning Process:
Step 1: The question asks for the most likely causal relationship between Age and Depression. To answer this, we need to consider if a change in Age can cause a change in Depression, and vice versa.
Step 2: Age is a biological factor that does not inherently cause depression. While aging can lead to various health issues, depression is primarily a mental health condition, not a direct result of biological aging.
Step 3: On the other hand, depression can have an impact on a person's overall health and well-being, which may indirectly affect their age due to factors such as poor self-care, unhealthy lifestyle choices, or increased stress levels.
Step 4: However, the question asks for a direct or indirect causal relationship. Since depression does not directly cause age, and age does not directly cause depression, we can conclude that there is no causal relationship between Age and Depression.

Conclusion: C",True
5,Age,Education,C,"Reasoning Process:
Step 1: First, we need to understand the causal relationship between Age and Education. In general, there is no direct causal relationship between the two.
Step 2: However, there can be indirect relationships. For example, a person's age can affect their ability to access education, but this is not a causal relationship in the sense that age 'causes' education. Instead, it is a correlation.
Step 3: On the other hand, education can have a direct impact on a person's age. For example, a higher level of education can lead to better job opportunities, which can provide a higher income, allowing for a longer lifespan. But this is still not a causal relationship in the sense that education 'causes' age.
Step 4: Therefore, there is no causal relationship between Age and Education in the way the question is framed.

Conclusion: C",False
6,Age,Fear_avoidance,C,"Reasoning Process:
Step 1: The question asks for the most likely causal relationship between Age and Fear_avoidance.
Step 2: Age is a biological factor that does not inherently influence a person's beliefs or attitudes, such as fear avoidance.
Step 3: Fear avoidance, on the other hand, is a psychological construct that is influenced by a person's thoughts, experiences, and perceptions, not by their age.
Step 4: Therefore, it is unlikely that Age causes a change in Fear_avoidance.
Step 5: It is possible that Fear_avoidance could influence Age, for example, by causing a person to avoid physical activity, leading to a sedentary lifestyle and potential health issues associated with aging.
Step 6: However, the question asks for the most likely causal relationship, and the evidence suggests that Age is less likely to cause a change in Fear_avoidance than the other way around.
Step 7: Therefore, the most likely answer is C. There is no causal relationship between Age and Fear_avoidance.

Conclusion: C",True
7,Age,Financial_level,C,"Reasoning Process:
Step 1: First, we need to understand the causal relationship between two variables: Age and Financial_level.
Step 2: Age is a biological factor that does not inherently affect a person's financial situation, as it does not directly influence income, employment, or financial decisions.
Step 3: On the other hand, Financial_level can affect Age indirectly through factors such as access to healthcare, nutrition, and living conditions, which can impact a person's overall health and lifespan.
Step 4: However, there is no direct causal relationship between Age and Financial_level.

Conclusion: C",True
8,Age,Obesity,C,"Reasoning Process:
Step 1: First, we need to understand the causal relationship between Age and Obesity. Obesity is typically determined by factors such as diet, exercise, genetics, and overall lifestyle, not directly by age.
Step 2: Age, on the other hand, does not cause obesity. While aging can lead to changes in metabolism and physical activity levels, these changes are not direct causes of obesity but rather contribute to the risk factors.
Step 3: Therefore, based on the given information and general knowledge, we can conclude that changing Age does not cause a change in Obesity.

Conclusion: C",True
9,Age,PEG,C,"Reasoning Process:
Step 1: The PEG score is a measure of pain interference and pain intensity due to chronic low back pain. It does not directly relate to a patient's age.
Step 2: Age, on the other hand, is a demographic variable and does not inherently cause changes in pain levels or pain interference.
Step 3: Therefore, based on the given information, it can be concluded that there is no causal relationship between Age and PEG.

Conclusion: C",True
10,Age,Sleep disturbance,B,"Reasoning Process:
Step 1: The question asks for the most likely causal relationship between Age and Sleep disturbance.
Step 2: Age is a static factor that does not change frequently, while sleep disturbance is a dynamic factor that can change daily or over time.
Step 3: Age does not have a direct impact on sleep disturbance, as sleep quality is influenced by factors such as stress, lifestyle, and health conditions.
Step 4: Sleep disturbance, on the other hand, can indirectly affect Age through factors such as poor sleep quality leading to increased stress, poor health, and accelerated aging.
Step 5: Therefore, it is more likely that changes in Sleep disturbance can cause changes in Age, either directly or through one or more intermediate variables.

Conclusion: B",True
11,Age,Smoking,C,"Reasoning Process:
Step 1: The definition of Age does not suggest any direct or indirect causal relationship with Smoking.
Step 2: The definition of Smoking does not suggest any direct or indirect causal relationship with Age.
Step 3: In the absence of any evidence or intermediate variables that suggest a causal relationship between Age and Smoking, we can infer that there is no causal relationship between the two.

Conclusion: C",True
12,Alcohol,Anxiety,B,"Reasoning Process:
Step 1: Alcohol consumption (Alcohol) is not directly related to the PROMIS anxiety score, as anxiety is a psychological state and alcohol consumption is a physical behavior. However, alcohol can indirectly affect anxiety through its effects on the central nervous system, which can lead to feelings of anxiety or exacerbate existing anxiety.
Step 2: On the other hand, anxiety (Anxiety) can directly affect alcohol consumption. People with anxiety may turn to alcohol as a coping mechanism, leading to increased alcohol consumption. Additionally, anxiety can indirectly affect alcohol consumption through its effects on mood, stress levels, and sleep quality, which can all influence alcohol consumption.
Step 3: Given that there is a bidirectional relationship between alcohol consumption and anxiety, where one can affect the other, the most appropriate answer is B. Changing Anxiety causes a change in Alcohol, either directly or through one or more intermediate variables.

Conclusion: B",False
13,Alcohol,CCI,B,"Reasoning Process:
Step 1: Alcohol consumption (CCI) is a measure of the number of health conditions a person has, not the cause of them. Therefore, it is unlikely that changing Alcohol directly or indirectly causes a change in CCI.
Step 2: On the other hand, the number of health conditions a person has (CCI) could potentially influence their alcohol consumption. For example, someone with multiple health conditions might be more likely to reduce their alcohol intake due to health concerns.
Step 3: Given the definitions provided, there is no evidence that Alcohol causes a change in CCI directly or indirectly. However, CCI could potentially influence Alcohol consumption.

Conclusion: B",True
14,Alcohol,Catastrophizing,C,"Reasoning Process:
Step 1: Alcohol consumption (Alcohol) is not directly related to pain catastrophizing (Catastrophizing) as defined by the given context.
Step 2: Pain catastrophizing (Catastrophizing) is a psychological response to pain, characterized by magnifying the threat value of pain, feeling helpless in the presence of pain, and an inability to prevent or inhibit pain-related thoughts. Alcohol consumption (Alcohol) does not inherently cause these psychological responses.
Step 3: There is no evidence in the given context that Alcohol consumption (Alcohol) could influence pain catastrophizing (Catastrophizing) through one or more intermediate variables.
Step 4: Given the lack of a direct or indirect causal relationship between Alcohol consumption (Alcohol) and pain catastrophizing (Catastrophizing) as per the given context, it is reasonable to conclude that there is no causal relationship between the two.

Conclusion: C",False
15,Alcohol,Depression,A,"Reasoning Process:
Step 1: Alcohol consumption (Alcohol) is a known risk factor for depression, as heavy drinking can lead to changes in brain chemistry and increase the risk of developing depression.
Step 2: On the other hand, depression (Depression) can also lead to changes in alcohol consumption, as some people may turn to alcohol as a coping mechanism for their depression.
Step 3: However, it's important to note that the relationship between Alcohol and Depression is complex and bidirectional, meaning that both can influence each other.
Step 4: Given the above, it's reasonable to conclude that changing Alcohol can cause a change in Depression, and vice versa, through one or more intermediate variables.

Conclusion: A",False
16,Alcohol,Education,C,"Reasoning Process:
Step 1: First, we need to understand the causal relationship between two variables: Alcohol and Education. In general, there is no direct causal relationship between the two.
Step 2: However, there are potential intermediate variables that could influence both Alcohol and Education. For example, socio-economic status, lifestyle choices, and personal habits could affect both the level of education and alcohol consumption.
Step 3: While it's possible that changing Alcohol could indirectly affect Education through these intermediate variables, the causality would be complex and difficult to establish with certainty.
Step 4: On the other hand, changing Education could potentially influence Alcohol consumption. For instance, a higher level of education might lead to better understanding of the health risks associated with alcohol, resulting in reduced consumption.
Step 5: However, it's important to note that this causality is also indirect and subject to other factors, such as personal beliefs, cultural norms, and access to resources.
Step 6: Given the complexity of the relationship between Alcohol and Education, and the presence of both direct and indirect causal paths, it's difficult to definitively state that one variable causes a change in the other.
Step 7: Therefore, the most reasonable conclusion is that there is no clear causal relationship between Alcohol and Education.

Conclusion: C",False
17,Alcohol,Fear_avoidance,C,"Reasoning Process:
Step 1: Alcohol consumption (Alcohol) is not directly related to fear avoidance beliefs (Fear_avoidance) as defined in the given context.
Step 2: Fear avoidance beliefs (Fear_avoidance) are related to a patient's perceptions and attitudes towards physical activity and work, not their alcohol consumption.
Step 3: There is no evidence in the given information that suggests alcohol consumption (Alcohol) could influence fear avoidance beliefs (Fear_avoidance) through one or more intermediate variables.
Step 4: Therefore, it is most likely that changing Alcohol does not cause a change in Fear_avoidance.

Conclusion: C",False
18,Alcohol,Financial_level,C,"Reasoning Process:
Step 1: Alcohol consumption (Alcohol) is a personal behavior that is not directly related to one's financial level (Financial_level) in most cases.
Step 2: While it's possible that excessive alcohol consumption could lead to financial problems due to factors like lost productivity, medical expenses, or legal issues, these are not direct causal relationships but rather indirect effects.
Step 3: On the other hand, financial level (Financial_level) does not typically influence alcohol consumption directly, although it could potentially influence alcohol consumption indirectly through factors such as access to resources or stress levels.
Step 4: However, the question asks for a causal relationship, meaning a direct and immediate effect. In this context, there is no evidence to suggest a direct causal relationship between Alcohol and Financial_level.

Conclusion: C",False
19,Alcohol,Obesity,A,"Reasoning Process:
Step 1: First, we need to understand the causal relationship between two variables: Alcohol and Obesity.
Step 2: Alcohol consumption does not directly cause obesity, as obesity is primarily a result of caloric intake and physical activity levels.
Step 3: However, alcohol consumption can indirectly contribute to obesity through increased caloric intake due to alcoholic beverages being high in calories and potential decreased physical activity due to intoxication.
Step 4: On the other hand, obesity does not directly cause alcohol consumption. While some people may turn to alcohol as a coping mechanism for emotional eating or stress, this is not a causal relationship but rather a correlation.
Step 5: Therefore, there is a potential indirect causal relationship between Alcohol and Obesity, but no direct causal relationship.
Step 6: Based on the given information, we can conclude that changing Alcohol does not cause a change in Obesity directly, but it can cause a change through one or more intermediate variables.

Conclusion: A",False
20,Alcohol,PEG,C,"Reasoning Process:
Step 1: The question asks about a causal relationship between Alcohol and PEG. To determine this, we need to consider if one variable (Alcohol) can influence the other (PEG) or if the reverse is true.
Step 2: Alcohol consumption (Alcohol) is not directly related to the PEG score, which measures pain interference and pain intensity due to chronic low back pain. However, there could be indirect relationships through intermediate variables.
Step 3: For example, alcohol consumption might indirectly affect pain levels by causing dehydration, poor sleep, or affecting pain medication efficacy. But these are not direct causal relationships between Alcohol and PEG.
Step 4: On the other hand, PEG score does not directly affect alcohol consumption. People's alcohol consumption is not typically influenced by their pain levels, especially in the context of chronic low back pain.
Step 5: Therefore, based on the given information and general knowledge, it is most reasonable to conclude that there is no causal relationship between Alcohol and PEG.

Conclusion: C",True
21,Alcohol,Sleep disturbance,A,"Reasoning Process:
Step 1: Alcohol consumption can affect sleep quality and quantity, leading to sleep disturbances. This is because alcohol can interfere with the sleep cycle, causing disruptions and reducing the overall quality of sleep.
Step 2: On the other hand, sleep disturbances do not directly cause changes in alcohol consumption. While stress, anxiety, or other sleep-related issues might indirectly influence alcohol consumption, the causality does not flow from sleep disturbances to alcohol consumption.
Step 3: Therefore, based on the given information and general knowledge, it can be concluded that changing Alcohol causes a change in Sleep disturbance, either directly or through one or more intermediate variables.

Conclusion: A",False
22,Alcohol,Smoking,C,"Reasoning Process:
Step 1: Alcohol and smoking are two separate activities, each with their own independent factors influencing them.
Step 2: There is no inherent biological or physiological mechanism that directly links alcohol consumption to the act of smoking.
Step 3: While it's possible that some individuals may engage in both activities, the causality between the two is not established.
Step 4: The conclusion is based on the lack of a direct biological or physiological link between alcohol consumption and smoking.

Conclusion: C",False
23,Anxiety,Alcohol,C,"Reasoning Process:
Step 1: The PROMIS anxiety variable focuses on fear, anxious misery, hyperarousal, and somatic symptoms related to arousal. None of these symptoms are directly related to alcohol consumption.
Step 2: Alcohol consumption is not listed as a cause or symptom of anxiety in the given definition of the PROMIS anxiety variable.
Step 3: There is no evidence in the given information or general knowledge that suggests a causal relationship between anxiety and alcohol.

Conclusion: C",True
24,Anxiety,CCI,C,"Reasoning Process:
Step 1: The PROMIS anxiety variable focuses on symptoms related to fear, anxiety, and arousal. These symptoms are not directly related to the number of comorbidities (CCI).
Step 2: The CCI variable measures the number of comorbidities, which do not inherently include symptoms of anxiety or fear.
Step 3: There is no clear causal relationship established between the PROMIS anxiety variable and the CCI variable in the given information.
Step 4: Based on the definitions provided, it is reasonable to conclude that a change in Anxiety is unlikely to cause a change in CCI, as the two variables do not seem to be directly related.
Step 5: Similarly, a change in CCI is also unlikely to cause a change in Anxiety, as the number of comorbidities does not inherently include symptoms of anxiety or fear.
Step 6: Therefore, it is more likely that there is no causal relationship between Anxiety and CCI.

Conclusion: C",True
25,Anxiety,Catastrophizing,C,"Reasoning Process:
Step 1: The PROMIS anxiety variable focuses on fear, anxious misery, hyperarousal, and somatic symptoms related to arousal. These symptoms do not directly relate to the tendency to magnify the threat value of a pain stimulus, feel helpless in the presence of pain, or the inability to prevent or inhibit pain-related thoughts, which are characteristics of the pain catastrophizing score.
Step 2: The pain catastrophizing score, on the other hand, focuses on the tendency to magnify the threat value of a pain stimulus, feel helpless in the presence of pain, and the inability to prevent or inhibit pain-related thoughts. These symptoms do not directly relate to the symptoms of fear, anxious misery, hyperarousal, and somatic symptoms related to arousal, which are characteristics of the PROMIS anxiety variable.
Step 3: Therefore, based on the definitions provided, it does not seem that there is a direct causal relationship between Anxiety and Catastrophizing. However, it is possible that there could be indirect relationships through other variables or factors not specified in the given information.

Conclusion: C",False
26,Anxiety,Depression,C,"Reasoning Process:
Step 1: The PROMIS anxiety focuses on fear, anxious misery, hyperarousal, and somatic symptoms related to arousal, which are all emotional and physical symptoms associated with anxiety.
Step 2: On the other hand, the PROMIS depression focuses on affective and cognitive manifestations of depression, which are emotional and mental symptoms associated with depression.
Step 3: From the definitions, it is clear that both anxiety and depression are emotional and mental conditions, but they have distinct symptoms and focuses.
Step 4: Given that anxiety and depression are distinct conditions with different symptoms, it is reasonable to assume that one does not directly cause the other.
Step 5: However, it is possible that changes in one condition could indirectly influence the other through various intermediate variables, such as stress, lifestyle, or genetic factors.
Step 6: To determine the causal relationship between anxiety and depression, we would need more specific information about these intermediate variables and their effects on both conditions.
Step 7: Without such information, it is not possible to definitively say that changing Anxiety causes a change in Depression, or vice versa.
Step 8: Therefore, the most reasonable conclusion is that there is no causal relationship between Anxiety and Depression based on the given information.

Conclusion: C",False
27,Anxiety,Education,C,"Reasoning Process:
Step 1: Anxiety, as defined, is a psychological and physiological state characterized by feelings of worry, fear, and nervousness, along with physical symptoms such as increased heart rate, sweating, and dizziness. It does not inherently involve education.
Step 2: Education, on the other hand, refers to the level of formal schooling an individual has completed. It does not directly or indirectly cause anxiety, as it is not related to the psychological and physiological aspects of anxiety.
Step 3: There is no evidence in the given information or general knowledge that suggests a causal relationship between anxiety and education. While stress and anxiety can potentially affect an individual's ability to focus on their studies, this does not establish a causal relationship between the two.

Conclusion: C",False
28,Anxiety,Fear_avoidance,C,"Reasoning Process:
Step 1: The PROMIS anxiety questionnaire focuses on fear, anxious misery, hyperarousal, and somatic symptoms related to arousal. These symptoms are not directly related to fear avoidance beliefs about physical activity and work.
Step 2: Fear avoidance questionnaire specifically focuses on how a patient's fear avoidance beliefs about physical activity and work may affect and contribute to their low back pain and resulting disability. These beliefs are not directly related to the symptoms of anxiety.
Step 3: Therefore, it is not evident that a change in Anxiety would directly or indirectly cause a change in Fear_avoidance, as the symptoms and beliefs measured by these questionnaires are distinct.

Conclusion: C",False
29,Anxiety,Financial_level,C,"Reasoning Process:
Step 1: The PROMIS anxiety variable focuses on fear, anxiety, and somatic symptoms related to arousal, which are emotional and physical responses. These are not typically directly related to financial level or socioeconomic status.
Step 2: Financial level, on the other hand, is a measure of a person's financial situation, which is more related to economic factors such as income, expenses, and assets, rather than emotional or physical states.
Step 3: Therefore, it is unlikely that a change in anxiety would directly or indirectly cause a change in financial level, as they are distinct and unrelated domains.

Conclusion: C",False
30,Anxiety,Obesity,C,"Reasoning Process:
Step 1: First, let's consider the definitions of the variables provided. Anxiety, as defined by PROMIS, focuses on fear, anxious misery, hyperarousal, and somatic symptoms related to arousal. Obesity, on the other hand, is defined as BMI or being overweight.
Step 2: Next, we need to determine if there is a causal relationship between the two variables. To do this, we need to find evidence that a change in one variable directly or indirectly causes a change in the other.
Step 3: After reviewing the provided information, there is no evidence that changing Anxiety directly or indirectly causes a change in Obesity. While anxiety can lead to unhealthy eating habits and sedentary behavior, these are not direct causes of obesity but rather intermediate variables.
Step 4: Similarly, there is no evidence that changing Obesity directly or indirectly causes a change in Anxiety. While obesity can lead to physical health problems and social stigma, these are not direct causes of anxiety but rather potential triggers.
Step 5: Therefore, based on the provided definitions and the lack of evidence for a direct or indirect causal relationship, it is most likely that there is no causal relationship between Anxiety and Obesity.

Conclusion: C",False
31,Anxiety,PEG,C,"Reasoning Process:
Step 1: The PROMIS anxiety variable focuses on fear, anxious misery, hyperarousal, and somatic symptoms related to arousal, while the PEG score measures pain interference and pain intensity due to chronic low back pain.
Step 2: There is no mention or indication in the given information that anxiety directly or indirectly affects pain intensity or pain interference, which are the components measured by the PEG score.
Step 3: Similarly, there is no mention or indication in the given information that pain intensity or pain interference, as measured by the PEG score, directly or indirectly affects anxiety.
Step 4: Without any evidence to suggest a causal relationship between anxiety and PEG, the most reasonable conclusion is that there is no causal relationship between the two.
Step 5: Therefore, the final conclusion is that there is no causal relationship between Anxiety and PEG.

Conclusion: C",True
32,Anxiety,Sleep disturbance,A,"Reasoning Process:
Step 1: Anxiety, as defined, includes symptoms such as tension, nervousness, and restlessness, which are all indicative of arousal and agitation. These symptoms can potentially interfere with sleep quality and quantity, leading to sleep disturbance.
Step 2: On the other hand, sleep disturbance, as defined, refers to self-reported perceptions of sleep quality, sleep depth, and restoration associated with sleep. While sleep disturbance can indirectly affect anxiety through its impact on mood and overall well-being, it does not directly cause the specific symptoms of anxiety as defined.
Step 3: Therefore, based on the definitions provided, it is more likely that changing Anxiety causes a change in Sleep disturbance, either directly or through one or more intermediate variables.

Conclusion: A",False
33,Anxiety,Smoking,C,"Reasoning Process:
Step 1: Anxiety, as defined, includes symptoms such as fear, worry, feelings of panic, hyperarousal, and somatic symptoms related to arousal. These symptoms are not directly related to smoking.
Step 2: Smoking, as defined, is the action or habit of inhaling and exhaling the smoke of tobacco. This action does not inherently cause anxiety, but it can lead to stress and anxiety as a result of nicotine withdrawal or other health concerns.
Step 3: While smoking can potentially lead to stress and anxiety, there is no direct causal relationship established between smoking and the specific symptoms of anxiety as defined in the given context.
Step 4: Therefore, based on the given definitions and general knowledge, it can be concluded that changing Anxiety does not cause a change in Smoking.

Conclusion: C",True
34,CCI,Alcohol,C,"Reasoning Process:
Step 1: The CCI is a measure of the number of comorbidities, not a measure of alcohol consumption.
Step 2: Alcohol consumption is not directly related to the number of comorbidities, unless there is an underlying condition that increases both alcohol consumption and the number of comorbidities.
Step 3: Therefore, it is unlikely that changing CCI causes a change in Alcohol.
Step 4: However, it is possible that changing Alcohol could indirectly affect CCI through various health conditions associated with alcohol consumption, such as liver disease or cardiovascular disease.
Step 5: But, since the question asks for a direct causal relationship, and there is no direct causal relationship between CCI and Alcohol, we can conclude that changing Alcohol does not directly cause a change in CCI.
Step 6: Therefore, the most likely answer is C. There is no causal relationship between CCI and Alcohol.
Step 7: However, it is important to note that this conclusion is based on the given information and assumptions. Further research or additional information might reveal a different relationship between CCI and Alcohol.

Conclusion: C",False
35,CCI,Anxiety,C,"Reasoning Process:
Step 1: The CCI is a measure of the number of comorbidities a patient has. It does not directly relate to anxiety, as it does not measure anxiety levels.
Step 2: Anxiety, on the other hand, is a psychological state characterized by feelings of worry, fear, and nervousness. It is not directly related to the number of comorbidities a patient has.
Step 3: While it's possible that certain comorbidities could indirectly influence anxiety levels (for example, a physical condition causing stress could lead to anxiety), the CCI itself does not capture these specific conditions.
Step 4: Therefore, it is reasonable to conclude that changing CCI does not cause a change in Anxiety, either directly or through one or more intermediate variables.

Conclusion: C",False
36,CCI,Catastrophizing,C,"Reasoning Process:
Step 1: The CCI is a measure of the number of comorbidities a patient has, and it does not directly relate to pain catastrophizing, which is a psychological construct related to an individual's response to pain.
Step 2: Pain catastrophizing is not typically considered a comorbidity, but rather a psychological factor that can influence a patient's perception and experience of pain.
Step 3: Therefore, it is unlikely that a change in CCI would directly or indirectly cause a change in pain catastrophizing.
Step 4: On the other hand, pain catastrophizing can potentially influence a patient's perception of pain, which in turn could lead to the development of comorbidities. However, this is not a causal relationship in the reverse direction.
Step 5: Given the above, it is reasonable to conclude that there is no causal relationship between CCI and pain catastrophizing.
Step 6: Therefore, the most likely answer is C. There is no causal relationship between CCI and Catastrophizing.

Conclusion: C",False
37,CCI,Depression,C,"Reasoning Process:
Step 1: The CCI is a measure of the number of comorbidities a patient has. It does not directly relate to the affective and cognitive manifestations of depression (PROMIS depression).
Step 2: Depression, on the other hand, is a mental health disorder characterized by persistent feelings of sadness, hopelessness, and a lack of interest or pleasure in activities. It can be a comorbidity itself, but it is not directly measured by the CCI.
Step 3: Therefore, it is more likely that changing CCI (the number of comorbidities) does not directly cause a change in Depression, as Depression is not one of the comorbidities measured by the CCI.

Conclusion: C",False
38,CCI,Education,C,"Reasoning Process:
Step 1: CCI is a comorbidity index, which measures the number of comorbidities a person has. It does not inherently relate to a person's level of education.
Step 2: Education refers to the level of education a person has achieved, which is not directly related to the number of comorbidities a person has.
Step 3: There is no causal relationship mentioned or implied between CCI and Education in the given information.

Conclusion: C",False
39,CCI,Fear_avoidance,B,"Reasoning Process:
Step 1: The CCI is a measure of the number of comorbidities a patient has. It does not directly relate to a patient's fear avoidance beliefs about physical activity and work.
Step 2: Fear avoidance, on the other hand, is a patient-reported questionnaire that focuses on how a patient's fear avoidance beliefs about physical activity and work may affect and contribute to their low back pain and resulting disability.
Step 3: There is no inherent connection between the number of comorbidities a patient has (CCI) and their fear avoidance beliefs (Fear_avoidance).
Step 4: While it's possible that certain comorbidities could indirectly influence fear avoidance through other factors (e.g., pain intensity, psychological factors, etc.), there is no direct causal relationship established between CCI and Fear_avoidance.
Step 5: On the other hand, fear avoidance beliefs can directly influence a patient's physical activity and work, which in turn could potentially impact their overall health and the development of comorbidities. However, this is an indirect relationship.
Step 6: Therefore, based on the given information, it is more likely that changing Fear_avoidance causes a change in CCI, either directly or through one or more intermediate variables, rather than the other way around.
Step 7: In summary, the causal relationship between CCI and Fear_avoidance is not directly established, and it is more likely that changes in Fear_avoidance may have an impact on CCI.

Conclusion: B",False
40,CCI,Financial_level,C,"Reasoning Process:
Step 1: CCI is a measure of the number of comorbidities a person has. Comorbidities are the presence of one or more additional diseases or conditions co-occurring with a primary health condition.
Step 2: Financial_level, on the other hand, is a measure of a person's financial situation, often used as a proxy for socioeconomic status.
Step 3: While there may be some correlation between the two variables, it is not immediately clear that a change in CCI would directly or indirectly cause a change in Financial_level.
Step 4: For example, a person with a high CCI may require more medical care, which could potentially lead to increased financial burden. However, this is not a causal relationship as the financial burden could also be due to other factors such as job loss, high cost of living, or poor financial management.
Step 5: Conversely, a change in Financial_level could potentially impact a person's ability to afford healthcare, which in turn could affect their health and thus their CCI. However, this is also not a causal relationship as a change in Financial_level could be due to many factors unrelated to health.
Step 6: Therefore, it is more likely that there is no direct causal relationship between CCI and Financial_level, as both variables are influenced by a multitude of factors.

Conclusion: C",False
41,CCI,Obesity,B,"Reasoning Process:
Step 1: The CCI (Comorbidity Index) measures the number of comorbidities a patient has. It does not directly relate to a patient's weight or BMI.
Step 2: Obesity, on the other hand, is a condition related to a patient's weight or BMI. It can lead to various comorbidities, but it is not a comorbidity itself.
Step 3: Therefore, it is more likely that changing Obesity (through weight or BMI changes) could lead to a change in CCI, as obesity can cause various comorbidities. However, changing CCI does not directly affect Obesity.

Conclusion: B",False
42,CCI,PEG,C,"Reasoning Process:
Step 1: The CCI is a comorbidity index, which measures the number of comorbidities a patient has. It does not directly relate to pain intensity or pain interference, which are the components of the PEG score.
Step 2: The PEG score, on the other hand, measures pain interference and pain intensity due to chronic low back pain. It does not directly relate to the number of comorbidities a patient has, which is what the CCI measures.
Step 3: Therefore, it is unlikely that a change in CCI would cause a change in PEG, as the two variables are not directly related.
Step 4: Similarly, it is also unlikely that a change in PEG would cause a change in CCI, as the two variables are not directly related.
Step 5: However, it is possible that there could be indirect relationships between the two variables through other factors, such as the impact of chronic pain on a patient's overall health and well-being, which could affect both the CCI and the PEG score. But without specific information about these potential indirect relationships, it is not possible to definitively say that there is a causal relationship between CCI and PEG.
Step 6: Given the lack of direct relationship between CCI and PEG, and the absence of specific information about potential indirect relationships, the most reasonable conclusion is that there is no causal relationship between the two variables.

Conclusion: C",False
43,CCI,Sleep disturbance,C,"Reasoning Process:
Step 1: The CCI is a measure of the number of comorbidities, not specifically related to sleep disturbances.
Step 2: Sleep disturbance is a self-reported perception of sleep quality, sleep depth, and restoration associated with sleep, not directly related to the number of comorbidities.
Step 3: Therefore, it is not logical to assume that a change in CCI would directly or indirectly cause a change in Sleep disturbance.
Step 4: On the other hand, it is possible that Sleep disturbance could affect CCI, as sleep disturbances can be a symptom of various health conditions, which would increase the CCI.
Step 5: However, the question asks for the most likely scenario, and given the definitions provided, it is less likely that Sleep disturbance would cause a change in CCI compared to the other options.
Step 6: Therefore, the most likely scenario is that there is no causal relationship between CCI and Sleep disturbance.

Conclusion: C",False
44,CCI,Smoking,C,"Reasoning Process:
Step 1: CCI is a comorbidity index, which measures the number of comorbidities a patient has. It does not directly relate to the action or habit of smoking.
Step 2: Smoking is the action or habit of inhaling and exhaling the smoke of tobacco. It is a behavior that can lead to various health conditions, which would increase a person's CCI. However, it does not cause a change in CCI directly.
Step 3: There is no evidence provided that suggests an intermediate variable that could link CCI and Smoking in a causal relationship.
Step 4: Therefore, based on the given information, it is most likely that there is no causal relationship between CCI and Smoking.

Conclusion: C",False
45,Catastrophizing,Alcohol,C,"Reasoning Process:
Step 1: First, we need to understand the given definitions of the variables Catastrophizing and Alcohol. Catastrophizing refers to the tendency to magnify the threat value of a pain stimulus and to feel helpless in the presence of pain, while Alcohol refers to alcohol consumption.
Step 2: Next, we need to consider if there is a logical connection between these two variables. The given definitions do not suggest a direct causal relationship between Catastrophizing and Alcohol.
Step 3: However, it is possible that there could be an indirect relationship. For instance, chronic pain, which is often associated with catastrophizing, might lead to increased alcohol consumption as a coping mechanism. But, this would require an intermediate variable (chronic pain) to be present.
Step 4: On the other hand, alcohol consumption might indirectly affect catastrophizing through its effects on the nervous system, potentially increasing sensitivity to pain. However, this would also require an intermediate variable (nervous system changes due to alcohol) to be present.
Step 5: Since the question asks for a direct causal relationship, and neither Catastrophizing nor Alcohol directly cause each other, we can conclude that there is no causal relationship between Catastrophizing and Alcohol.

Conclusion: C",False
46,Catastrophizing,Anxiety,C,"Reasoning Process:
Step 1: Pain catastrophizing is a tendency to magnify the threat value of a pain stimulus and to feel helpless in the presence of pain, as well as by a relative inability to prevent or inhibit pain-related thoughts. This suggests that it is a psychological response to pain, not a cause of it.
Step 2: PROMIS anxiety focuses on fear, anxious misery, hyperarousal, and somatic symptoms related to arousal. This suggests that it is also a psychological response to stress or other factors, not a cause of them.
Step 3: Given that both pain catastrophizing and anxiety are psychological responses to stressors, it is reasonable to expect that they may co-occur or influence each other. However, without specific evidence or a causal mechanism linking one to the other, it is not possible to definitively say that one causes the other.
Step 4: Therefore, based on the given information, it is most likely that there is no causal relationship between Catastrophizing and Anxiety (C).

Conclusion: C",True
47,Catastrophizing,CCI,C,"Reasoning Process:
Step 1: The definition of Catastrophizing refers to an individual's tendency to magnify the threat value of pain and feel helpless in the presence of pain, which is a psychological response to pain. It does not directly relate to the number of comorbidities (CCI).
Step 2: The definition of CCI refers to a measure of the number of comorbidities, which are separate health conditions that exist simultaneously with a primary condition. It does not directly relate to an individual's pain catastrophizing score.
Step 3: There is no mention or implication in the given information that Catastrophizing has a direct or indirect effect on CCI, or vice versa, through one or more intermediate variables.
Step 4: Based on the given definitions and the lack of any causal relationship implied in the question, it is reasonable to conclude that there is no causal relationship between Catastrophizing and CCI.

Conclusion: C",False
48,Catastrophizing,Depression,B,"Reasoning Process:
Step 1: Pain catastrophizing is a tendency to magnify the threat value of a pain stimulus and to feel helpless in the presence of pain, as well as by a relative inability to prevent or inhibit pain-related thoughts. This can lead to negative emotional states, such as anxiety and depression.
Step 2: PROMIS depression refers to affective and cognitive manifestations of depression, which are negative emotional states. These negative emotional states can be a result of various factors, including pain catastrophizing.
Step 3: Given that pain catastrophizing can lead to negative emotional states, such as depression, it is reasonable to infer that changing catastrophizing (either increasing or decreasing) could potentially cause a change in depression, either directly or through one or more intermediate variables.
Step 4: However, it is also possible that depression can influence pain catastrophizing. For instance, someone who is depressed may be more likely to catastrophize about pain due to their negative emotional state.
Step 5: Given that there is a bidirectional relationship between pain catastrophizing and depression, it is not accurate to say that there is no causal relationship between the two.
Step 6: Therefore, the most accurate answer is B. Changing Depression causes a change in Catastrophizing, either directly or through one or more intermediate variables.

Conclusion: B",True
49,Catastrophizing,Education,C,"Reasoning Process:
Step 1: The definition of Catastrophizing does not suggest any direct or indirect causal relationship between it and Education.
Step 2: The definition of Education does not suggest any direct or indirect causal relationship between it and Catastrophizing.
Step 3: From the given information, there is no evidence to suggest that changing Catastrophizing causes a change in Education, or vice versa.

Conclusion: C",False
50,Catastrophizing,Fear_avoidance,C,"Reasoning Process:
Step 1: Pain catastrophizing is a tendency to magnify the threat value of a pain stimulus and to feel helpless in the presence of pain, as well as by a relative inability to prevent or inhibit pain-related thoughts. This suggests that it is a psychological response to pain.
Step 2: Fear avoidance, on the other hand, is a patient's fear avoidance beliefs about physical activity and work that may affect and contribute to their low back pain and resulting disability. This suggests that it is a behavioral response to pain.
Step 3: Given that pain catastrophizing is a psychological response and fear avoidance is a behavioral response, it is reasonable to assume that they are separate constructs, each with their own set of causes and effects.
Step 4: While it is possible that a change in one construct could indirectly influence the other through various intermediate variables (such as changes in pain intensity, coping strategies, or emotional state), there is no inherent reason to believe that a change in one construct would directly cause a change in the other.
Step 5: Therefore, it is most likely that there is no causal relationship between Catastrophizing and Fear_avoidance.

Conclusion: C",False
51,Catastrophizing,Financial_level,C,"Reasoning Process:
Step 1: Pain catastrophizing is a psychological response to pain, characterized by magnifying the threat value of pain and feeling helpless in the presence of pain. It is not directly related to financial status.
Step 2: Financial level, on the other hand, is a measure of a person's financial situation, which is not directly related to their pain catastrophizing score.
Step 3: Therefore, it is not reasonable to suggest that changing Catastrophizing causes a change in Financial_level, as they are separate and unrelated concepts.
Step 4: Similarly, it is not likely that changing Financial_level causes a change in Catastrophizing, as financial status does not inherently influence a person's psychological response to pain.
Step 5: However, it is possible that there could be indirect relationships between the two, such as through factors like stress or access to healthcare, but these would require further investigation.
Step 6: Given the lack of direct causal relationship between Catastrophizing and Financial_level, and the absence of evidence for indirect causal relationships in the given information, it is most likely that there is no causal relationship between the two.

Conclusion: C",False
52,Catastrophizing,Obesity,C,"Reasoning Process:
Step 1: First, we need to understand the definitions of the variables given: Catastrophizing refers to the tendency to magnify the threat value of pain and feel helpless in the presence of pain, while Obesity is defined as having a high BMI or being overweight. We are asked to determine the causal relationship between these two variables.
Step 2: From the definition of Catastrophizing, it does not inherently involve weight or BMI, so it is not directly related to Obesity. However, it is possible that Catastrophizing could indirectly affect Obesity through other factors, such as emotional eating or lack of physical activity due to pain.
Step 3: On the other hand, Obesity is not directly related to Catastrophizing, but it can indirectly affect pain perception and the tendency to Catastrophize. For example, obesity can lead to physical conditions that cause pain, which in turn could lead to Catastrophizing.
Step 4: However, the question asks for a causal relationship between the two variables, not just any relationship. While there may be indirect relationships, there is no evidence to suggest that changing Catastrophizing directly causes a change in Obesity or vice versa.
Step 5: Therefore, based on the given information and definitions, it is most likely that there is no causal relationship between Catastrophizing and Obesity.

Conclusion: C",False
53,Catastrophizing,PEG,C,"Reasoning Process:
Step 1: Pain catastrophizing refers to the tendency to magnify the threat value of a pain stimulus and to feel helpless in the presence of pain. This is a psychological construct that is not directly related to the physical intensity or interference of pain, as measured by the PEG score.
Step 2: PEG score, on the other hand, measures pain interference and pain intensity due to chronic low back pain, which is a physical manifestation of pain rather than a psychological construct.
Step 3: Since pain catastrophizing is a psychological construct and PEG score is a physical measure, it is unlikely that a change in one directly causes a change in the other.
Step 4: However, it is possible that there could be intermediate variables that link the two, such as the individual's overall perception of their pain or their coping mechanisms. But without specific evidence or a causal relationship established, it is not possible to definitively say that one causes the other.
Step 5: Given the lack of a direct causal relationship and the absence of evidence for intermediate variables, the most reasonable conclusion is that there is no causal relationship between Catastrophizing and PEG.

Conclusion: C",True
54,Catastrophizing,Sleep disturbance,C,"Reasoning Process:
Step 1: First, we need to understand the given definitions of the variables Catastrophizing and Sleep disturbance. Catastrophizing refers to the tendency to magnify the threat value of a pain stimulus and to feel helpless in the presence of pain, while Sleep disturbance refers to self-reported perceptions of sleep quality, sleep depth, and restoration associated with sleep.
Step 2: Next, we consider the question, which asks about a causal relationship between Catastrophizing and Sleep disturbance. To determine this, we need to consider if a change in one variable (Catastrophizing) can cause a change in the other (Sleep disturbance), and vice versa.
Step 3: Given the definitions, it is plausible that Catastrophizing could indirectly affect Sleep disturbance. For example, if someone experiences intense pain and catastrophizes about it, they might have trouble falling asleep or staying asleep due to anxiety and stress. However, this is an indirect relationship, and there might be other factors involved.
Step 4: On the other hand, Sleep disturbance does not seem to directly cause Catastrophizing. Sleep disturbance is a self-reported perception of sleep quality, and it is not inherently related to the catastrophizing of pain.
Step 5: While it is possible that Sleep disturbance could indirectly affect Catastrophizing through factors such as increased stress or anxiety, there is no direct causal relationship between the two variables as defined.
Step 6: Therefore, based on the given definitions and our understanding of the question, it is most likely that there is no causal relationship between Catastrophizing and Sleep disturbance (C).

Conclusion: C",False
55,Catastrophizing,Smoking,C,"Reasoning Process:
Step 1: First, we need to understand the nature of the variables involved. Catastrophizing refers to the tendency to magnify the threat value of a pain stimulus and to feel helpless in the presence of pain, while Smoking is the action of inhaling and exhaling tobacco smoke. There is no inherent connection between these two concepts.
Step 2: However, it is known that smoking can lead to various health issues, including chronic pain. Chronic pain can then lead to catastrophizing as a coping mechanism, where the individual may feel helpless and magnify the threat value of the pain. This is an indirect relationship, but it does not mean that changing catastrophizing directly causes a change in smoking.
Step 3: Therefore, based on the given information and our understanding of the variables, it can be concluded that changing catastrophizing does not cause a change in smoking. Instead, smoking can lead to chronic pain, which may then lead to catastrophizing.

Conclusion: C",False
56,Depression,Alcohol,B,"Reasoning Process:
Step 1: Depression, as defined, refers to affective and cognitive manifestations of depression. It does not directly imply a physical or behavioral change, such as alcohol consumption.
Step 2: Alcohol, on the other hand, is defined as alcohol consumption. It is a behavior that can be influenced by various factors, including psychological factors like depression.
Step 3: While it is possible that depression could indirectly influence alcohol consumption through psychological factors, there is no direct causal relationship established between depression and alcohol consumption, as defined.
Step 4: Therefore, it is more likely that changing Alcohol causes a change in Depression, either directly or through one or more intermediate variables.

Conclusion: B",True
57,Depression,Anxiety,C,"Reasoning Process:
Step 1: The PROMIS depression definition focuses on affective and cognitive manifestations of depression, which do not directly relate to anxiety.
Step 2: The PROMIS anxiety definition focuses on fear, anxious misery, hyperarousal, and somatic symptoms related to arousal, which do not directly relate to depression.
Step 3: From the given definitions, there is no clear indication of a causal relationship between depression and anxiety.

Conclusion: C",False
58,Depression,CCI,C,"Reasoning Process:
Step 1: Depression, as defined, refers to affective and cognitive manifestations of depression. It does not inherently involve physical health conditions or comorbidities, which are measured by the CCI.
Step 2: CCI, on the other hand, measures the number of comorbidities a patient has. These are typically physical health conditions, not mental health conditions like depression.
Step 3: Therefore, it is unlikely that a change in Depression would directly or indirectly cause a change in CCI, as depression is not a physical health condition.
Step 4: Similarly, it is also unlikely that a change in CCI would directly or indirectly cause a change in Depression, as CCI measures physical health conditions, not mental health conditions.
Step 5: However, it is possible that there could be an indirect relationship between the two, where a physical health condition (measured by CCI) could lead to depression, or vice versa. But without specific information about such a relationship, we cannot definitively say that there is a causal relationship between Depression and CCI.
Step 6: Given the lack of a direct causal relationship between Depression and CCI, as established by our reasoning, the most likely answer is C: There is no causal relationship between Depression and CCI.

Conclusion: C",True
59,Depression,Catastrophizing,C,"Reasoning Process:
Step 1: The definition of Depression (PROMIS depression) refers to affective and cognitive manifestations of depression. This suggests that depression affects a person's emotions and thoughts.
Step 2: The definition of Catastrophizing (Pain catastrophizing score) describes it as a tendency to magnify the threat value of a pain stimulus, feel helpless in the presence of pain, and have a relative inability to prevent or inhibit pain-related thoughts. This suggests that catastrophizing is related to a person's perception and response to pain.
Step 3: There is no explicit mention or implication in the given information that Depression directly or indirectly causes Catastrophizing, or vice versa. However, it's important to note that both Depression and Catastrophizing can co-occur and potentially influence each other.
Step 4: Given the lack of direct causal relationship mentioned in the given information, and the possibility of co-occurrence, the most reasonable conclusion is that there might be no causal relationship between Depression and Catastrophizing.

Conclusion: C",False
60,Depression,Education,C,"Reasoning Process:
Step 1: Depression, as defined, refers to affective and cognitive manifestations of depression. It does not inherently involve education.
Step 2: Education, on the other hand, is the level of education of the participant. It does not directly or indirectly cause depression.
Step 3: Therefore, based on the given definitions and lack of any established causal relationship between depression and education, it is most likely that there is no causal relationship between the two.

Conclusion: C",False
61,Depression,Fear_avoidance,C,"Reasoning Process:
Step 1: Depression, as defined, refers to affective and cognitive manifestations of depression. This suggests that it is a psychological condition with symptoms such as sadness, hopelessness, and changes in thinking patterns.
Step 2: Fear avoidance, on the other hand, is a patient-reported questionnaire that focuses on how a patient's fear avoidance beliefs about physical activity and work may affect and contribute to their low back pain and resulting disability. This suggests that it is a measure of a patient's fear and avoidance behavior related to physical activity and work.
Step 3: There is no direct causal relationship mentioned between Depression and Fear_avoidance in the given definitions. However, it is plausible that a person's depression could indirectly influence their fear avoidance through factors such as reduced motivation, lack of confidence, or negative self-perception.
Step 4: It is also plausible that fear avoidance could indirectly influence a person's depression. For example, if a person avoids physical activity due to fear, this could lead to decreased physical fitness, which in turn could contribute to feelings of sadness, hopelessness, and other symptoms of depression.
Step 5: However, the given question asks for a direct causal relationship. While there may be indirect relationships, there is no clear evidence in the given definitions to suggest a direct causal relationship between Depression and Fear_avoidance.
Step 6: Therefore, based on the given definitions and the question, it is most likely that there is no causal relationship between Depression and Fear_avoidance (C).

Conclusion: C",False
62,Depression,Financial_level,C,"Reasoning Process:
Step 1: The PROMIS depression is defined as affective and cognitive manifestations of depression, which are emotional and mental symptoms. These symptoms do not directly affect a person's financial level.
Step 2: Financial Level is defined as the level of financial situation of the participant, often a proxy for socioeconomic status. It is not directly related to emotional or mental health, such as depression.
Step 3: Therefore, based on the definitions provided, it is unlikely that a change in Depression would cause a change in Financial_level, as the two variables are not directly related.

Conclusion: C",False
63,Depression,Obesity,B,"Reasoning Process:
Step 1: First, we need to understand the given definitions of Depression and Obesity. Depression refers to affective and cognitive manifestations of depression, while Obesity refers to being overweight or having a high BMI.
Step 2: Next, we need to consider the causal relationship between Depression and Obesity. The question asks which of the following is the most likely: A) Depression causes a change in Obesity, B) Obesity causes a change in Depression, or C) There is no causal relationship.
Step 3: To determine the most likely causal relationship, we can consider the evidence and common knowledge about the two conditions. While there is some evidence suggesting a bidirectional relationship between Depression and Obesity, the evidence generally supports a stronger association of Obesity leading to Depression rather than the reverse.
Step 4: For example, obesity is associated with various physical health problems, such as diabetes, heart disease, and sleep apnea, which can lead to feelings of depression. On the other hand, depression can lead to unhealthy behaviors, such as overeating, but the causal relationship is not as strong or direct as the one from Obesity to Depression.
Step 5: Therefore, based on the evidence and common knowledge, it is more likely that Changing Obesity causes a change in Depression, either directly or through one or more intermediate variables.

Conclusion: B",False
64,Depression,PEG,C,"Reasoning Process:
Step 1: The question asks about a causal relationship between Depression and PEG. To determine this, we need to consider if changes in one variable (Depression) can affect the other (PEG) and vice versa.
Step 2: PEG is a measure of pain interference and pain intensity due to chronic low back pain. It does not directly relate to affective and cognitive manifestations of depression, which are the components of PROMIS depression.
Step 3: On the other hand, Depression can indirectly affect PEG through its impact on a person's ability to cope with pain, mood, and overall quality of life. However, there is no direct causal relationship between Depression and PEG as defined.
Step 4: Since PEG does not directly relate to Depression and changes in Depression can only affect PEG indirectly, we can conclude that changes in Depression do not cause a direct change in PEG.
Step 5: Now, let's consider if changes in PEG can cause changes in Depression. While chronic pain can lead to feelings of depression, PEG is a measure of pain intensity and interference, not a measure of depression itself. Therefore, changes in PEG do not directly cause changes in Depression.
Step 6: Since neither Depression nor PEG cause a direct change in the other, we can conclude that there is no causal relationship between the two variables.

Conclusion: C",True
65,Depression,Sleep disturbance,C,"Reasoning Process:
Step 1: The PROMIS depression variable refers to the affective and cognitive manifestations of depression, not directly related to sleep.
Step 2: Sleep disturbance, on the other hand, is related to self-reported perceptions of sleep quality, sleep depth, and restoration associated with sleep.
Step 3: There is no explicit mention or evidence in the given information that Depression directly or indirectly causes Sleep disturbance.
Step 4: Similarly, there is no evidence that Sleep disturbance directly or indirectly causes Depression.
Step 5: Therefore, based on the given information, it is reasonable to conclude that there is no causal relationship between Depression and Sleep disturbance.

Conclusion: C",False
66,Depression,Smoking,B,"Reasoning Process:
Step 1: The given information does not provide any direct evidence of a causal relationship between Depression and Smoking.
Step 2: However, it is known that smoking can have negative effects on mental health, including increasing the risk of depression.
Step 3: Therefore, it is possible that changing Smoking could cause a change in Depression, either directly or through one or more intermediate variables.
Step 4: The given information does not provide any evidence that changing Depression causes a change in Smoking.

Conclusion: B",True
67,Education,Alcohol,C,"Reasoning Process:
Step 1: First, we need to understand if there is a direct causal relationship between Education and Alcohol. In general, there is no inherent reason to believe that one directly affects the other.
Step 2: However, it is known that factors such as income, lifestyle, and social environment can influence both Education and Alcohol consumption. For instance, a higher education level might lead to a higher income, which in turn could lead to increased alcohol consumption.
Step 3: On the other hand, alcohol consumption might also affect Education indirectly. For example, excessive alcohol consumption can lead to poor health, which can negatively impact a person's ability to focus and perform well in school.
Step 4: However, it's important to note that these relationships are complex and can vary greatly among individuals. There are many factors that can influence both Education and Alcohol consumption, and it's difficult to definitively say that one directly causes the other.
Step 5: Given the complexity of these relationships and the lack of a clear direct causal relationship, it's reasonable to conclude that there is no simple causal relationship between Education and Alcohol.

Conclusion: C",True
68,Education,Anxiety,C,"Reasoning Process:
Step 1: The given information does not provide any direct causal relationship between Education and Anxiety.
Step 2: The PROMIS anxiety definition focuses on symptoms related to fear, worry, feelings of panic, anxious misery, hyperarousal, tension, nervousness, restlessness, and somatic symptoms related to arousal. None of these symptoms are directly related to the level of education.
Step 3: Therefore, it is reasonable to conclude that changing Education does not cause a change in Anxiety, either directly or through one or more intermediate variables.

Conclusion: C",True
69,Education,CCI,C,"Reasoning Process:
Step 1: The definition of CCI (Comorbidity Index) states that it measures the number of comorbidities, which are health conditions that occur simultaneously with a primary condition. This implies that CCI is a measure of health status, not education.
Step 2: Education, on the other hand, is the level of education of the participant. It does not inherently relate to health status or the number of comorbidities.
Step 3: Therefore, based on the definitions provided, it is unlikely that changing Education would cause a change in CCI, as Education is not directly related to health status or the number of comorbidities.
Step 4: Similarly, it is also unlikely that changing CCI would cause a change in Education, as CCI is a measure of health status, not education.
Step 5: However, it is possible that there could be indirect relationships between Education and CCI through other variables, such as lifestyle choices, access to healthcare, or genetic factors. But without further information about these potential relationships, we cannot definitively say that there is a causal relationship between Education and CCI.
Step 6: Given the lack of a direct causal relationship between Education and CCI based on the definitions provided, the most reasonable conclusion is that there is no causal relationship between the two.

Conclusion: C",True
70,Education,Catastrophizing,C,"Reasoning Process:
Step 1: The question asks for the most likely causal relationship between Education and Catastrophizing.
Step 2: From the definition of Education and Catastrophizing, there is no inherent connection between the two.
Step 3: The definition of Education does not suggest that it has a direct or indirect impact on Catastrophizing.
Step 4: Similarly, the definition of Catastrophizing does not suggest that it is influenced by Education.
Step 5: Therefore, based on the given definitions and lack of any suggested causal relationship, it is most likely that there is no causal relationship between Education and Catastrophizing.
Step 6: This conclusion is consistent with the question's request for the most likely causal relationship.

Conclusion: C",False
71,Education,Depression,B,"Reasoning Process:
Step 1: First, we need to understand the given context and question. The question asks about a causal relationship between Education and Depression.
Step 2: Next, we consider the definitions provided. Education refers to the level of education of the participant, while Depression refers to the affective and cognitive manifestations of depression.
Step 3: In general, it is not common for a change in Education to directly or indirectly cause changes in Depression. While education can provide opportunities for better mental health resources and support, it does not inherently change an individual's mental health status.
Step 4: On the other hand, Depression can affect an individual's ability to focus, make decisions, and maintain consistent attendance in educational settings. This could potentially lead to changes in Education, but it is not a direct causal relationship.
Step 5: Lastly, we consider the question options. Option A suggests that changing Education causes a change in Depression, but our reasoning shows that this is not the case.
Step 6: Option B suggests that changing Depression causes a change in Education, which aligns with our reasoning that Depression can affect an individual's ability to focus and maintain consistent attendance in educational settings.
Step 7: Option C suggests that there is no causal relationship between Education and Depression, which also aligns with our reasoning.
Step 8: Given our reasoning, we can conclude that changing Depression causes a change in Education, either directly or through one or more intermediate variables. Therefore, the most likely answer is B.

Conclusion: B",True
72,Education,Fear_avoidance,C,"Reasoning Process:
Step 1: The definition of Education provided does not suggest any direct or indirect causal relationship between Education and Fear_avoidance.
Step 2: The definition of Fear_avoidance provided suggests that it is a patient-reported questionnaire focusing on beliefs about physical activity and work, which does not seem to be directly related to the level of education.
Step 3: Therefore, based on the given definitions and the lack of a clear causal relationship, it is most likely that there is no causal relationship between Education and Fear_avoidance.

Conclusion: C",False
73,Education,Financial_level,A,"Reasoning Process:
Step 1: First, we consider the definitions of the variables Education and Financial_level. Education refers to the level of education of the participant, while Financial_level refers to the financial situation of the participant, often a proxy for socioeconomic status.
Step 2: Next, we consider the nature of causality. In general, causality implies a change in one variable causing a change in another variable. In this case, we are asked to determine if there is a causal relationship between Education and Financial_level.
Step 3: We can think of several ways in which Education might influence Financial_level. For example, a higher level of education might lead to better job opportunities, which could result in a higher income and thus a better financial situation. This would suggest that changing Education could cause a change in Financial_level.
Step 4: On the other hand, we can also think of ways in which Financial_level might influence Education. For example, a better financial situation might allow a person to afford higher education costs, leading to a higher level of education. This would suggest that changing Financial_level could cause a change in Education.
Step 5: However, it's also possible that there are other intermediate variables that could influence both Education and Financial_level. For example, family background, personal abilities, and societal factors could all play a role in both a person's education and their financial situation.
Step 6: Given that we can think of plausible scenarios in which both Education and Financial_level could influence each other, and given that there may be intermediate variables at play, it's not possible to definitively say that there is no causal relationship between Education and Financial_level.
Step 7: Therefore, we cannot conclude that there is no causal relationship between Education and Financial_level (C). Instead, we can only say that it's likely that changing Education causes a change in Financial_level, either directly or through one or more intermediate variables (A), or that changing Financial_level causes a change in Education, either directly or through one or more intermediate variables (B).

Conclusion: A",True
74,Education,Obesity,C,"Reasoning Process:
Step 1: First, we need to understand if there is a direct or indirect causal relationship between Education and Obesity.
Step 2: Direct causation implies that Education causes Obesity or Obesity causes Education, but there is no evidence in the given information that Education directly causes Obesity or vice versa.
Step 3: Indirect causation could occur if there are intermediate variables that link Education and Obesity. However, the given information does not provide any specific intermediate variables that could link Education and Obesity.
Step 4: Since there is no direct or indirect causal relationship established in the given information, and no specific intermediate variables are provided, it is reasonable to conclude that there is no causal relationship between Education and Obesity.

Conclusion: C",True
75,Education,PEG,C,"Reasoning Process:
Step 1: First, we need to understand the given information and definitions. Education refers to the level of education of the participant, and PEG score is an index measuring pain interference and pain intensity due to chronic low back pain.
Step 2: Next, we consider the question, which asks about a causal relationship between Education and PEG.
Step 3: The PEG score is related to pain, not education. Therefore, it is unlikely that changing Education would directly or indirectly affect the PEG score.
Step 4: On the other hand, it is plausible that changing PEG (pain levels) could potentially affect Education, as chronic pain can impact a person's ability to focus, attend school, or work, which are factors related to Education.
Step 5: However, the question asks for a causal relationship, and while pain can indirectly affect Education, it is not a direct cause-and-effect relationship.
Step 6: Therefore, based on the given information and definitions, it is most accurate to conclude that there is no causal relationship between Education and PEG.

Conclusion: C",True
76,Education,Sleep disturbance,C,"Reasoning Process:
Step 1: First, we need to understand the given information and definitions. Education refers to the level of education of the participant, and Sleep disturbance refers to self-reported perceptions of sleep quality, sleep depth, and restoration associated with sleep.
Step 2: There is no direct causal relationship mentioned between Education and Sleep disturbance in the given information.
Step 3: However, it is possible that there could be indirect relationships through one or more intermediate variables. For example, stress levels, lifestyle factors, or health conditions could affect both Education and Sleep disturbance.
Step 4: But, without specific evidence or a causal model, it is not possible to definitively say that changing Education causes a change in Sleep disturbance (A) or that changing Sleep disturbance causes a change in Education (B).
Step 5: Therefore, based on the given information, it is reasonable to conclude that there is no causal relationship between Education and Sleep disturbance (C).

Conclusion: C",False
77,Education,Smoking,C,"Reasoning Process:
Step 1: First, we need to understand the causal relationship between Education and Smoking. In general, education level does not directly cause someone to smoke or not smoke.
Step 2: However, education level can indirectly influence smoking habits through various factors such as income, social norms, and access to information about the health risks of smoking.
Step 3: On the other hand, smoking can affect education level in several ways. For example, smoking can lead to financial difficulties, which may impact a person's ability to continue their education.
Step 4: Smoking can also lead to health problems, which may affect a person's ability to focus and perform well in school.
Step 5: However, it's important to note that the relationship between education and smoking is complex and influenced by many factors, making it difficult to definitively say that one causes the other.
Step 6: Given the complexity of the relationship and the fact that both education and smoking can influence each other indirectly, it's reasonable to conclude that there is no simple causal relationship between the two.

Conclusion: C",True
78,Fear_avoidance,Alcohol,C,"Reasoning Process:
Step 1: Fear avoidance is a patient-reported questionnaire that focuses on a patient's fear avoidance beliefs about physical activity and work, and how these beliefs may affect and contribute to their low back pain and resulting disability.
Step 2: Alcohol consumption, on the other hand, refers to the number of drinks a person consumes per week.
Step 3: There is no inherent connection or causal relationship established between fear avoidance and alcohol consumption in the given information.
Step 4: To establish a causal relationship, we would need evidence showing that a change in fear avoidance directly or indirectly leads to a change in alcohol consumption, or vice versa.
Step 5: However, the given information does not provide any evidence to support such a causal relationship between fear avoidance and alcohol consumption.

Conclusion: C",False
79,Fear_avoidance,Anxiety,B,"Reasoning Process:
Step 1: Fear avoidance is a patient reported questionnaire that focuses on how a patient's fear avoidance beliefs about physical activity and work may affect and contribute to their low back pain and resulting disability.
Step 2: PROMIS anxiety focuses on fear, anxious misery, hyperarousal, and somatic symptoms related to arousal.
Step 3: From the definitions, it is clear that both fear avoidance and anxiety involve fear and its related symptoms. However, fear avoidance specifically focuses on fear in the context of physical activity and work, while PROMIS anxiety includes a broader range of fear-related symptoms.
Step 4: It is plausible that a change in fear avoidance beliefs (e.g., becoming less fearful of physical activity) could lead to a decrease in anxiety, as less fear of physical activity could lead to less overall anxiety. However, it is also possible that a change in anxiety (e.g., through therapy or medication) could lead to a change in fear avoidance, as reduced anxiety could make it easier for a person to engage in physical activity without fear.
Step 5: Given that both fear avoidance and anxiety can influence each other, it is not entirely clear whether a change in one necessarily causes a change in the other. It is possible that there is a bidirectional relationship between the two, with each one potentially influencing the other.
Step 6: However, the question asks for a causal relationship, meaning that one variable must be identified as causing a change in the other. Based on the definitions and the plausible relationships between the two, it is more likely that a change in fear avoidance could lead to a change in anxiety, as fear avoidance specifically focuses on the fear of physical activity and work, which could directly impact anxiety levels.

Conclusion: B",True
80,Fear_avoidance,CCI,C,"Reasoning Process:
Step 1: Fear avoidance is a patient-reported questionnaire that focuses on a patient's fear avoidance beliefs about physical activity and work, and how these beliefs may affect and contribute to their low back pain and resulting disability. It does not directly measure comorbidities.
Step 2: CCI is a comorbidity index that measures the number of comorbidities a patient has. It does not directly measure fear avoidance beliefs.
Step 3: From the definitions provided, there is no indication that changing fear avoidance beliefs would directly or indirectly affect the CCI, or vice versa. Each measure focuses on different aspects of a patient's health.
Step 4: Therefore, based on the given information, it is most likely that there is no causal relationship between Fear_avoidance and CCI.

Conclusion: C",False
81,Fear_avoidance,Catastrophizing,C,"Reasoning Process:
Step 1: Fear avoidance is a patient reported questionnaire that focuses on how a patient's fear avoidance beliefs about physical activity and work may affect and contribute to their low back pain and resulting disability.
Step 2: Pain catastrophizing score is characterized by the tendency to magnify the threat value of a pain stimulus and to feel helpless in the presence of pain, as well as by a relative inability to prevent or inhibit pain-related thoughts in anticipation of, during, or following a painful event.
Step 3: From the definitions, it is not immediately clear that changing one directly affects the other. However, it is possible that they could be related through intermediate variables such as anxiety, depression, or other psychological factors.
Step 4: To determine the causal relationship, we would need to consider empirical evidence from research studies that have investigated the relationship between fear avoidance and pain catastrophizing.
Step 5: Based on the current information, it is not possible to definitively say that changing Fear_avoidance causes a change in Catastrophizing, or vice versa, without further evidence.
Step 6: Therefore, the most reasonable conclusion is that there is no causal relationship between Fear_avoidance and Catastrophizing, as stated in option C.
Step 7: However, it is important to note that this conclusion is tentative and subject to revision if new evidence emerges that supports a causal relationship between the two.

Conclusion: C",False
82,Fear_avoidance,Depression,C,"Reasoning Process:
Step 1: Fear avoidance is a patient reported questionnaire that focuses on how a patient's fear avoidance beliefs about physical activity and work may affect and contribute to their low back pain and resulting disability.
Step 2: PROMIS depression is a measure of affective and cognitive manifestations of depression.
Step 3: There is no inherent connection between fear avoidance and depression in the definitions provided.
Step 4: However, it is possible that fear avoidance and depression could be related, as fear avoidance can lead to inactivity and social isolation, which are common in depression.
Step 5: On the other hand, depression can also lead to fear avoidance, as a depressed individual may avoid physical activity due to feelings of fatigue, low motivation, or anxiety.
Step 6: Given that both fear avoidance and depression can influence each other, it is reasonable to assume that a change in one could potentially cause a change in the other.
Step 7: However, the question asks for a causal relationship, which implies a direct and consistent cause-and-effect relationship.
Step 8: In the provided definitions, there is no clear evidence of a direct and consistent cause-and-effect relationship between fear avoidance and depression.
Step 9: Therefore, it is most likely that there is no causal relationship between Fear_avoidance and Depression.
Step 10: Final conclusion based on the given information and definitions: C. There is no causal relationship between Fear_avoidance and Depression.
Step 11: This conclusion is based on the lack of a direct and consistent cause-and-effect relationship between fear avoidance and depression in the provided definitions.

Conclusion: C",True
83,Fear_avoidance,Education,C,"Reasoning Process:
Step 1: Fear avoidance is a patient reported questionnaire that focuses on how a patient's fear avoidance beliefs about physical activity and work may affect and contribute to their low back pain and resulting disability. It does not directly or indirectly influence a person's level of education.
Step 2: Education refers to the level of education of the participant. It is not directly or indirectly influenced by a person's fear avoidance beliefs.
Step 3: Therefore, based on the definitions provided, it can be concluded that changing Fear_avoidance does not cause a change in Education, either directly or through one or more intermediate variables.

Conclusion: C",False
84,Fear_avoidance,Financial_level,C,"Reasoning Process:
Step 1: Fear avoidance is a patient-reported questionnaire that focuses on a patient's fear avoidance beliefs about physical activity and work, and how these beliefs may affect and contribute to their low back pain and resulting disability.
Step 2: Financial level, on the other hand, refers to the financial situation of the participant, often used as a proxy for socioeconomic status.
Step 3: There is no inherent connection or causal relationship mentioned between fear avoidance and financial level in the given definitions or information.
Step 4: While it's possible that fear avoidance could indirectly impact a person's financial level (for example, if fear avoidance leads to reduced work capacity and income), there is no direct causal relationship suggested between the two.
Step 5: Similarly, while financial level could potentially impact fear avoidance (for example, a person with financial stress may be more likely to avoid physical activity due to fear of worsening their health and incurring additional costs), there is no direct causal relationship suggested between the two.
Step 6: Therefore, based on the given information, it is more likely that there is no causal relationship between Fear_avoidance and Financial_level.

Conclusion: C",False
85,Fear_avoidance,Obesity,B,"Reasoning Process:
Step 1: First, we need to understand the definitions of the variables given: Fear_avoidance is a patient-reported questionnaire focusing on fear avoidance beliefs about physical activity and work, while Obesity is defined as having a high BMI or being overweight.
Step 2: Next, we consider the causal relationship between the two variables. Fear avoidance is a psychological construct related to a person's beliefs and attitudes, while obesity is a physical condition. There is no inherent reason or evidence to suggest that changing fear avoidance beliefs would directly or indirectly cause a change in obesity.
Step 3: On the other hand, obesity can potentially impact fear avoidance, as excessive weight can limit physical activity and contribute to pain, which in turn may lead to fear avoidance. However, it's important to note that this relationship is more likely to be an association rather than a direct causation.
Step 4: Given the above reasoning, it can be concluded that changing Fear_avoidance is less likely to cause a change in Obesity, while changing Obesity may potentially impact Fear_avoidance.

Conclusion: B",False
86,Fear_avoidance,PEG,A,"Reasoning Process:
Step 1: Fear avoidance is a patient reported questionnaire that focuses on how a patient's fear avoidance beliefs about physical activity and work may affect and contribute to their low back pain and resulting disability.
Step 2: PEG score is an index measuring pain interference and pain intensity due to chronic low back pain.
Step 3: Since fear avoidance is a set of beliefs and attitudes, it is not directly related to the physical pain intensity or interference measured by the PEG score.
Step 4: However, fear avoidance beliefs could potentially indirectly affect the PEG score through influencing the patient's physical activity levels, which in turn could impact pain intensity and interference.
Step 5: On the other hand, changing PEG score (pain intensity and interference) may not directly cause a change in fear avoidance beliefs, as fear avoidance is a psychological construct.
Step 6: However, a higher PEG score could potentially lead to increased fear avoidance if the patient perceives their pain as unmanageable and avoids physical activity as a result.
Step 7: Given that both fear avoidance and PEG score are related to chronic low back pain, there is a possibility of a bidirectional relationship between the two, but it is not straightforward.
Step 8: Based on the given information, it is more likely that changing fear avoidance can cause a change in PEG, either directly or through one or more intermediate variables, rather than the other way around.

Conclusion: A",True
87,Fear_avoidance,Sleep disturbance,C,"Reasoning Process:
Step 1: Fear avoidance is a patient-reported questionnaire that focuses on how a patient's fear avoidance beliefs about physical activity and work may affect and contribute to their low back pain and resulting disability.
Step 2: Sleep disturbance is assessed through self-reported perceptions of sleep quality, sleep depth, and restoration associated with sleep.
Step 3: There is no explicit mention or evidence in the given information that changing fear avoidance directly or indirectly causes a change in sleep disturbance.
Step 4: Similarly, there is no explicit mention or evidence in the given information that changing sleep disturbance directly or indirectly causes a change in fear avoidance.
Step 5: Without further information or evidence, it is reasonable to conclude that there is no causal relationship between fear avoidance and sleep disturbance.

Conclusion: C",False
88,Fear_avoidance,Smoking,C,"Reasoning Process:
Step 1: Fear avoidance is a patient reported questionnaire that focuses on a patient's fear avoidance beliefs about physical activity and work, and how it may affect and contribute to their low back pain and resulting disability. It does not directly relate to smoking.
Step 2: Smoking is the action or habit of inhaling and exhaling the smoke of tobacco by sucking on the end of a lit cigarette, cigar, pipe, etc. It is a physical activity that can have various health effects, but it does not directly relate to fear avoidance beliefs.
Step 3: There is no evidence or logical connection provided in the given information that suggests a causal relationship between fear avoidance and smoking. Changing one does not necessarily lead to a change in the other.

Conclusion: C",False
89,Financial_level,Alcohol,A,"Reasoning Process:
Step 1: First, we need to consider the nature of the variables given: Financial_level and Alcohol. Financial_level is a proxy for socioeconomic status, which is a broad measure that includes factors such as income, education, and employment. Alcohol consumption, on the other hand, is a behavioral factor.
Step 2: Next, we need to consider if there is a direct or indirect causal relationship between the two variables. Direct causation would imply that a change in Financial_level would immediately affect Alcohol consumption, or vice versa. Indirect causation would imply that a change in one variable affects the other through one or more intermediate variables.
Step 3: In general, socioeconomic status (Financial_level) can influence alcohol consumption indirectly through various factors such as stress, availability of resources, and cultural norms. For example, individuals with lower socioeconomic status may turn to alcohol as a coping mechanism for stress or as a means to socialize due to limited resources for other activities.
Step 4: However, it is not common for alcohol consumption to directly cause changes in socioeconomic status. While heavy alcohol consumption can lead to job loss or financial problems, these are indirect effects and not a direct causal relationship.
Step 5: Therefore, based on the given information and general knowledge, it is more likely that changing Financial_level causes a change in Alcohol, either directly or through one or more intermediate variables.

Conclusion: A",False
90,Financial_level,Anxiety,C,"Reasoning Process:
Step 1: The PROMIS anxiety measure focuses on various aspects of anxiety, such as fear, worry, feelings of panic, anxious misery, hyperarousal, tension, nervousness, restlessness, and somatic symptoms related to arousal. These symptoms are not directly related to financial level.
Step 2: While it is possible that financial level could indirectly affect anxiety through stress or other psychological factors, there is no inherent causal relationship established between the two variables in the given information.
Step 3: Therefore, based on the given information, it is most reasonable to conclude that there is no causal relationship between Financial_level and Anxiety.

Conclusion: C",True
91,Financial_level,CCI,A,"Reasoning Process:
Step 1: First, we need to understand the nature of the variables given. Financial_level is a measure of a person's financial situation, often used as a proxy for socioeconomic status. CCI is a comorbidity index, which measures the number of comorbidities a person has.
Step 2: Next, we need to consider the direction of causality. It is plausible that a change in financial level could indirectly affect a person's health and thus their CCI, for example, through access to healthcare, nutrition, or stress levels. However, it is not immediately clear how a change in CCI would directly or indirectly affect a person's financial level.
Step 3: Given that we cannot definitively establish a direct or indirect causal relationship from CCI to Financial_level, and there is a plausible indirect causal relationship from Financial_level to CCI, the most likely answer is that changing Financial_level causes a change in CCI, either directly or through one or more intermediate variables.

Conclusion: A",False
92,Financial_level,Catastrophizing,C,"Reasoning Process:
Step 1: First, we need to understand the nature of the variables involved. Financial_level is a measure of a person's financial situation, often used as a proxy for socioeconomic status. Pain catastrophizing score is a measure of a person's tendency to magnify the threat value of pain and feel helpless in the presence of pain.
Step 2: Next, we consider the causal relationship between these two variables. Financial level, being a measure of socioeconomic status, may indirectly affect pain catastrophizing through various factors such as access to healthcare, stress levels, and mental health resources. However, it is not immediately clear how a change in financial level would directly cause a change in pain catastrophizing.
Step 3: On the other hand, pain catastrophizing is a psychological construct and is not directly related to financial level. While financial stress can contribute to increased pain catastrophizing, it is not the financial level itself that causes the catastrophizing, but rather the psychological response to the financial stress.
Step 4: Therefore, based on the nature of the variables and the lack of a direct causal relationship, it is most likely that changing Financial_level does not cause a change in Catastrophizing.

Conclusion: C",False
93,Financial_level,Depression,A,"Reasoning Process:
Step 1: First, we need to understand the given variables and their potential relationship. Financial_level is a proxy for socioeconomic status, and PROMIS depression refers to affective and cognitive manifestations of depression.
Step 2: Next, we consider the nature of the question, which asks about a causal relationship between the two variables.
Step 3: Research has shown that socioeconomic status can have a significant impact on mental health, including depression. For example, financial stress, a common issue in lower socioeconomic groups, can lead to depression. This suggests a potential causal relationship from Financial_level to Depression.
Step 4: However, it's also possible that depression can affect a person's financial situation. For instance, depression can lead to reduced productivity, increased healthcare costs, and poor financial decision-making, which could negatively impact a person's financial level.
Step 5: Given the bidirectional nature of the relationship between Financial_level and Depression, it's challenging to definitively state that one variable causes the other without further information or a controlled study.
Step 6: However, the question asks for the most likely scenario, and the initial thought is that financial stress could be a more direct and immediate cause of depression compared to depression causing financial problems. This is based on the common understanding that financial stress is a significant source of distress and can lead to depression.
Step 7: Therefore, the most likely answer is A: Changing Financial_level causes a change in Depression, either directly or through one or more intermediate variables.

Conclusion: A",True
94,Financial_level,Education,B,"Reasoning Process:
Step 1: First, we need to understand the nature of the variables involved. Financial_level and Education are both factors that can be influenced by various other factors, but they are not inherently causally linked.
Step 2: However, it is well-established that Education can indirectly influence Financial_level. Higher levels of Education often lead to better job opportunities, higher salaries, and a more stable financial situation.
Step 3: On the other hand, while Financial_level can affect an individual's ability to afford education, it does not directly cause Education. For example, someone with a low Financial_level may not be able to afford higher education, but they can still acquire education through scholarships, grants, or self-study.
Step 4: Therefore, based on the given information and general knowledge, it is more likely that Changing Education causes a change in Financial_level, either directly or through one or more intermediate variables.

Conclusion: B",False
95,Financial_level,Fear_avoidance,C,"Reasoning Process:
Step 1: The question asks about the causal relationship between Financial_level and Fear_avoidance.
Step 2: Financial_level is a proxy for socioeconomic status, which can affect a person's access to healthcare, stress levels, and overall quality of life. However, it is not directly related to fear avoidance beliefs about physical activity and work.
Step 3: Fear avoidance, on the other hand, is a patient-reported questionnaire that specifically focuses on how a patient's fear avoidance beliefs about physical activity and work may affect and contribute to their low back pain and resulting disability.
Step 4: While a person's financial situation could potentially indirectly influence fear avoidance through factors such as access to healthcare or stress levels, there is no direct causal relationship between the two.
Step 5: Therefore, based on the given information, it is most likely that changing Financial_level does not cause a change in Fear_avoidance.

Conclusion: C",False
96,Financial_level,Obesity,C,"Reasoning Process:
Step 1: First, we need to understand the nature of the relationship between Financial_level and Obesity. While there can be indirect associations, such as access to healthy food or ability to afford gym memberships, there is no established direct causal relationship between the two.
Step 2: On the other hand, Obesity is primarily influenced by factors such as diet, physical activity, genetics, and mental health, which are not directly related to Financial_level.
Step 3: Therefore, based on the given information and general knowledge, it is most reasonable to conclude that Changing Financial_level does not cause a change in Obesity, either directly or through one or more intermediate variables.

Conclusion: C",True
97,Financial_level,PEG,C,"Reasoning Process:
Step 1: The PEG score is a measure of pain interference and pain intensity due to chronic low back pain. It does not directly relate to a person's financial level.
Step 2: While a person's financial level might indirectly affect their ability to seek and afford healthcare for their chronic pain, there is no inherent mechanism that suggests a direct causal relationship between financial level and PEG score.
Step 3: Therefore, it is reasonable to conclude that changing Financial_level does not cause a change in PEG, either directly or through one or more intermediate variables.

Conclusion: C",True
98,Financial_level,Sleep disturbance,C,"Reasoning Process:
Step 1: First, we need to understand the nature of the variables involved. Financial_level is a proxy for socioeconomic status, which can indirectly affect various aspects of life, including health. Sleep disturbance, on the other hand, is a self-reported perception of sleep quality and restoration.
Step 2: Directly, it's plausible that financial stress could lead to sleep disturbances due to anxiety and stress. However, it's also possible that financial level could indirectly affect sleep disturbance through factors such as access to healthcare, work schedule, or diet.
Step 3: Conversely, sleep disturbance could potentially affect financial level indirectly. For example, poor sleep could lead to decreased productivity at work, which could in turn affect one's financial status. However, the causal relationship might not be as straightforward as financial level affecting sleep disturbance.
Step 4: Given the nature of the variables and the potential indirect relationships, it's also possible that there is no direct causal relationship between Financial_level and Sleep disturbance. This could mean that changes in one variable do not necessarily cause changes in the other.
Step 5: Based on the given information, it's not possible to definitively say that one variable causes the other. Therefore, the most reasonable conclusion is that there is no causal relationship between Financial_level and Sleep disturbance (C).

Conclusion: C",True
99,Financial_level,Smoking,B,"Reasoning Process:
Step 1: First, we need to understand the nature of the variables given: Financial_level and Smoking. Financial_level is a proxy for socioeconomic status, which can influence various aspects of a person's life, including their lifestyle choices. Smoking is a lifestyle choice that can be influenced by various factors, including socioeconomic status.
Step 2: However, the question asks for a causal relationship between the two variables. While socioeconomic status can influence smoking habits, it is not necessarily the cause of smoking. People from lower socioeconomic backgrounds may smoke more due to factors such as stress, peer pressure, or lack of access to health information, but these are not direct causes of their financial level.
Step 3: On the other hand, smoking can potentially affect a person's financial level. Smoking is an expensive habit, and the cost of cigarettes, healthcare for smoking-related diseases, and lost productivity due to smoking-related illnesses can all negatively impact a person's financial situation.
Step 4: Therefore, based on the given information, it is more likely that changing Smoking causes a change in Financial_level, either directly or through one or more intermediate variables.

Conclusion: B",False
100,Obesity,Alcohol,C,"Reasoning Process:
Step 1: First, we need to understand the given definitions of the variables. Obesity is defined as weight or BMI associations, and Alcohol is defined as alcohol consumption (number of drinks per week).
Step 2: Next, we consider the causal relationship between the two variables. Obesity is a condition related to weight or BMI, while alcohol consumption is a behavior. There is no inherent causal relationship between the two, as one does not directly affect the other.
Step 3: However, it is possible that there could be indirect relationships between the two. For example, excessive alcohol consumption can lead to poor dietary choices, which in turn could lead to obesity. But, this is an indirect relationship, not a direct one.
Step 4: On the other hand, obesity does not directly cause a change in alcohol consumption. While some may argue that obesity could lead to social isolation, which in turn could lead to increased alcohol consumption, this is also an indirect relationship.
Step 5: Given that there are no direct causal relationships and the potential for only indirect relationships, it is reasonable to conclude that there is no strong causal relationship between Obesity and Alcohol.

Conclusion: C",False
101,Obesity,Anxiety,C,"Reasoning Process:
Step 1: Obesity, as defined, refers to being overweight or having a high BMI. It is a physical condition that can be influenced by factors such as diet, exercise, genetics, and lifestyle.
Step 2: Anxiety, as defined, refers to a psychological state characterized by feelings of fear, worry, and nervousness, often accompanied by physical symptoms such as increased heart rate, sweating, and dizziness.
Step 3: There is no direct causal relationship established between Obesity and Anxiety in the given information.
Step 4: While it is possible that obesity could indirectly influence anxiety through factors such as poor self-esteem, depression, or physical health issues, there is no evidence to suggest a direct causal link.
Step 5: Similarly, while anxiety could potentially influence obesity through factors such as stress-induced eating or lack of exercise, there is no evidence to suggest a direct causal link.
Step 6: Therefore, based on the given information and general knowledge, it is most likely that there is no causal relationship between Obesity and Anxiety.

Conclusion: C",True
102,Obesity,CCI,A,"Reasoning Process:
Step 1: Obesity and CCI are two different concepts. Obesity refers to a condition where a person has excess body weight, often measured by BMI. CCI, on the other hand, is a comorbidity index that measures the number of health conditions a person has.
Step 2: While obesity and CCI are related, they are not directly causally linked. Obesity can increase the risk of certain health conditions, which in turn can increase the CCI. However, CCI is not a direct cause of obesity.
Step 3: Therefore, changing Obesity does not directly cause a change in CCI, but it can indirectly influence it through the development of comorbidities.

Conclusion: A",True
103,Obesity,Catastrophizing,C,"Reasoning Process:
Step 1: Obesity, as defined, refers to a condition of being overweight or having a high Body Mass Index (BMI).
Step 2: Catastrophizing, as defined, is a psychological construct related to an individual's response to pain, characterized by magnifying the threat value of pain, feeling helpless, and an inability to prevent or inhibit pain-related thoughts.
Step 3: There is no direct causal relationship established between obesity and catastrophizing in the given definitions.
Step 4: However, it is possible that obesity could indirectly influence catastrophizing through factors such as depression, anxiety, or poor physical health, which are associated with both obesity and pain catastrophizing.
Step 5: On the other hand, there is no evidence in the given definitions to suggest that catastrophizing directly causes obesity or that it does so through any intermediate variables.
Step 6: Therefore, based on the given definitions and lack of direct causal relationship, it is most likely that there is no causal relationship between Obesity and Catastrophizing.

Conclusion: C",False
104,Obesity,Depression,C,"Reasoning Process:
Step 1: First, we need to understand the given definitions of the variables. Obesity is defined as weight or BMI associations, while Depression is defined as PROMIS depression, which refers to affective and cognitive manifestations of depression.
Step 2: Next, we consider the causal relationship between the two variables. Obesity is a physical condition, while Depression is a mental health condition. There is evidence that suggests a correlation between the two, but it is not clear that one directly causes the other.
Step 3: We also consider the possibility of intermediate variables. For example, lifestyle factors such as diet, exercise, and sleep patterns could potentially influence both Obesity and Depression. However, these factors are not causal relationships between Obesity and Depression themselves.
Step 4: Given the lack of clear evidence for a direct causal relationship between Obesity and Depression, and the presence of potential intermediate variables, it is reasonable to conclude that there may be a correlation, but not necessarily a causal relationship.
Step 5: Therefore, based on the given information and our understanding of the variables, we can conclude that there is no definitive evidence to support the claim that Changing Obesity causes a change in Depression, either directly or through one or more intermediate variables.

Conclusion: C",True
105,Obesity,Education,C,"Reasoning Process:
Step 1: First, we need to understand the causal relationship between two variables: Obesity and Education.
Step 2: Obesity is defined as a condition related to weight or BMI, which is a physical characteristic. Education, on the other hand, is a social and cultural factor.
Step 3: Physical characteristics like obesity are generally not directly influenced by social and cultural factors such as education.
Step 4: While there may be indirect relationships (for example, a lack of education could lead to a lack of knowledge about healthy eating and exercise, potentially contributing to obesity), the causality is not straightforward.
Step 5: On the other hand, education can indirectly influence physical health through various factors, such as access to healthcare, knowledge about nutrition, and lifestyle choices.
Step 6: However, education does not directly cause obesity, as it is not a physical characteristic that can be altered by education alone.
Step 7: Therefore, it is most likely that there is no causal relationship between Obesity and Education.

Conclusion: C",False
106,Obesity,Fear_avoidance,A,"Reasoning Process:
Step 1: Obesity, as defined, refers to a condition of being overweight or having a high Body Mass Index (BMI).
Step 2: Fear avoidance, as defined, is a patient's fear and avoidance of physical activity and work, which may contribute to low back pain and resulting disability.
Step 3: There is no direct causal relationship mentioned between Obesity and Fear avoidance in the given definitions.
Step 4: However, it is possible that obesity could indirectly influence fear avoidance through factors such as reduced physical mobility, increased pain, or psychological factors like low self-esteem.
Step 5: On the other hand, fear avoidance, as a psychological factor, is not directly related to obesity or BMI.
Step 6: Therefore, it is more likely that changing Obesity causes a change in Fear avoidance, either directly or through one or more intermediate variables, rather than the other way around.

Conclusion: A",False
107,Obesity,Financial_level,B,"Reasoning Process:
Step 1: First, we need to understand the nature of the relationship between Obesity and Financial_level. Obesity is often associated with higher healthcare costs due to increased risk of chronic diseases.
Step 2: On the other hand, Financial_level can also influence Obesity. People with lower financial levels may have limited access to healthy food options, leading to a higher risk of obesity.
Step 3: However, it's important to note that the relationship between these two variables is complex and bidirectional. For example, obesity can lead to financial strain due to healthcare costs, which in turn can lead to further financial difficulties.
Step 4: Given the complex and bidirectional nature of the relationship, it's reasonable to assume that changes in either Obesity or Financial_level can influence each other. Therefore, it's not accurate to say that one causes the other directly.
Step 5: Based on the above reasoning, we can conclude that there is a causal relationship between Obesity and Financial_level, but it's not a simple cause-and-effect relationship.

Conclusion: B",False
108,Obesity,PEG,C,"Reasoning Process:
Step 1: The PEG score is a measure of pain interference and pain intensity due to chronic low back pain. It does not directly relate to obesity or being overweight.
Step 2: Obesity, on the other hand, is a condition related to weight or BMI. While there may be indirect associations between obesity and pain (such as increased pressure on joints or inflammation), there is no established causal relationship that suggests changing obesity would directly or indirectly affect the PEG score.
Step 3: Therefore, based on the given information and general knowledge, it can be concluded that there is no causal relationship between Obesity and PEG.

Conclusion: C",True
109,Obesity,Sleep disturbance,B,"Reasoning Process:
Step 1: First, we need to understand the definitions of the variables given: Obesity (weight or BMI associations) and Sleep disturbance (self-reported perceptions of sleep quality, sleep depth, and restoration associated with sleep).
Step 2: Next, we consider the causal relationship between the two variables. Obesity is a physical condition related to weight or BMI, while Sleep disturbance is a self-reported perception of sleep quality. There is no inherent reason why a change in one's weight or BMI would directly or indirectly cause a change in one's perception of sleep quality.
Step 3: On the other hand, it is plausible that a change in Sleep disturbance could potentially affect Obesity. For example, poor sleep quality might lead to changes in appetite, energy levels, and physical activity, which could in turn affect weight or BMI.
Step 4: Therefore, based on the given definitions and our understanding of the causal relationships between the variables, it is more likely that Changing Sleep disturbance causes a change in Obesity, either directly or through one or more intermediate variables.

Conclusion: B",False
110,Obesity,Smoking,B,"Reasoning Process:
Step 1: First, we need to understand the definitions of the variables given: Obesity is associated with weight or BMI, and Smoking is the action of inhaling and exhaling tobacco smoke. We are looking for a causal relationship between these two variables.
Step 2: Obesity is a condition related to weight or BMI, and it is not directly related to the act of smoking. Therefore, it is unlikely that changing Obesity causes a change in Smoking.
Step 3: On the other hand, Smoking can potentially have an impact on Obesity. Smoking can lead to weight gain due to increased appetite and decreased metabolism. However, it is important to note that this is an indirect relationship, as Smoking does not cause Obesity directly.
Step 4: Given the information provided, we can conclude that changing Obesity does not cause a change in Smoking. However, Smoking can cause a change in Obesity, albeit indirectly.

Conclusion: B",False
111,Sex,Alcohol,C,"Reasoning Process:
Step 1: First, we need to understand the given definitions of the variables Sex and Alcohol. Sex refers to the reproductive functions of an organism, while Alcohol refers to the consumption of alcoholic beverages.
Step 2: Next, we need to consider if there is a causal relationship between Sex and Alcohol. From the given definitions, there is no inherent connection between the two, and no biological or medical evidence suggests that changing one's sex directly or indirectly affects alcohol consumption.
Step 3: On the other hand, alcohol consumption can potentially affect an individual's behavior, which in turn might influence their actions, including their decisions about sex. However, this is not a direct causal relationship between Sex and Alcohol, but rather an indirect one mediated by behavior.
Step 4: Given the above analysis, we can conclude that changing Sex does not cause a change in Alcohol, either directly or through one or more intermediate variables. However, alcohol consumption can potentially influence an individual's behavior, which might indirectly affect their sex life.

Conclusion: C",True
112,Sex,Anxiety,C,"Reasoning Process:
Step 1: The definition of Sex provided states that it is a biological category based on reproductive functions. This implies that it is a stable, biological trait that does not change easily or frequently.
Step 2: The definition of Anxiety provided refers to a psychological state characterized by feelings of worry, fear, and nervousness. This is a mental state that can be influenced by various factors, including stress, genetics, and environmental factors, but it is not directly related to biological sex.
Step 3: There is no evidence or logical reasoning provided in the question to suggest that changing Sex could cause a change in Anxiety, or vice versa. The two are separate entities, one being a biological trait and the other a psychological state.
Step 4: Given the lack of evidence or logical reasoning to support a causal relationship between Sex and Anxiety, it is reasonable to conclude that there is no causal relationship between the two.

Conclusion: C",True
113,Sex,CCI,C,"Reasoning Process:
Step 1: First, let's define the question: it asks about a causal relationship between Sex and CCI. In other words, does a change in one variable cause a change in the other?
Step 2: Next, let's consider the definitions of the variables: Sex is a biological characteristic that does not typically change over time, while CCI is a measure of the number of comorbidities a person has. There is no inherent reason or biological mechanism for a change in Sex to cause a change in CCI.
Step 3: On the other hand, a change in CCI could potentially cause a change in Sex, but only in very specific and unusual circumstances. For example, certain diseases or conditions associated with multiple comorbidities might affect reproductive organs, but these are exceptions rather than the rule.
Step 4: Therefore, based on the definitions and general knowledge, it is most likely that there is no causal relationship between Sex and CCI. Changing Sex does not cause a change in CCI, and changing CCI does not cause a change in Sex in the majority of cases.

Conclusion: C",True
114,Sex,Catastrophizing,C,"Reasoning Process:
Step 1: Sex is a biological characteristic that is determined at birth and does not change over a person's lifetime. It is not a factor that can be altered or changed.
Step 2: Catastrophizing, on the other hand, is a psychological construct related to an individual's thoughts and perceptions about pain. It is not directly linked to biological sex.
Step 3: Therefore, it is not plausible that changing Sex causes a change in Catastrophizing, as Sex remains constant.
Step 4: Similarly, since Sex is a biological characteristic and not a psychological construct, it cannot be influenced by Catastrophizing.
Step 5: Therefore, it is also not plausible that changing Catastrophizing causes a change in Sex.
Step 6: Given that there is no evidence to suggest a causal relationship between Sex and Catastrophizing in either direction, the most reasonable conclusion is that there is no causal relationship between the two.

Conclusion: C",True
115,Sex,Depression,C,"Reasoning Process:
Step 1: The definition of Sex provided states that it is a biological category based on reproductive functions. This implies that it is a biological trait that is relatively stable and does not change easily.
Step 2: The definition of Depression provided refers to affective and cognitive manifestations of depression, which are psychological or emotional states. These states can be influenced by a variety of factors, including biological, psychological, and social factors, but they are not directly linked to biological sex.
Step 3: Given that Sex is a relatively stable biological trait and Depression is a psychological state that can be influenced by various factors, it is unlikely that changing Sex would cause a change in Depression, either directly or through one or more intermediate variables.
Step 4: Similarly, it is also unlikely that changing Depression would cause a change in Sex, as Depression is a psychological state and not a biological trait that can be altered by changing one's emotional state.
Step 5: Therefore, based on the provided definitions and general knowledge, it is most reasonable to conclude that there is no causal relationship between Sex and Depression.

Conclusion: C",True
116,Sex,Education,C,"Reasoning Process:
Step 1: First, we need to understand the given definitions of the variables Sex and Education. Sex refers to the biological characteristics that determine the reproductive functions of an individual, while Education refers to the level of formal schooling an individual has received.
Step 2: Next, we consider the question, which asks about a causal relationship between Sex and Education. A causal relationship implies that a change in one variable directly or indirectly leads to a change in the other variable.
Step 3: Given the definitions, it is not biologically plausible for changing Sex to cause a change in Education, as Sex is a biological characteristic and Education is a social construct.
Step 4: Similarly, it is not biologically plausible for changing Education to cause a change in Sex, as Education does not affect an individual's biological characteristics.
Step 5: However, it is possible that there could be an indirect relationship between Sex and Education, for example, if societal biases lead to different educational opportunities for males and females. But this is not a causal relationship in the sense of one variable directly causing a change in the other.
Step 6: Given the above, the most reasonable conclusion is that there is no causal relationship between Sex and Education.

Conclusion: C",True
117,Sex,Fear_avoidance,C,"Reasoning Process:
Step 1: The definition of Sex provided states that it is a biological category based on reproductive functions. This category does not change over time, and it is not influenced by psychological factors such as fear avoidance.
Step 2: The definition of Fear_avoidance provided states that it is a patient-reported questionnaire focusing on beliefs about physical activity and work that may affect low back pain and resulting disability. This is a psychological construct and not related to biological sex.
Step 3: Therefore, based on the definitions provided and general knowledge, it can be inferred that changing Sex does not cause a change in Fear_avoidance, and changing Fear_avoidance does not cause a change in Sex.

Conclusion: C",True
118,Sex,Financial_level,C,"Reasoning Process:
Step 1: First, we need to understand the definitions of the variables involved: Sex refers to the reproductive functions of an individual, while Financial_level refers to the financial situation or socioeconomic status of a person.
Step 2: Next, we consider the causal relationship between the two variables. It is biologically implausible for a change in Sex to directly or indirectly cause a change in Financial_level, as Sex is a biological characteristic and not related to financial status.
Step 3: On the other hand, it is plausible that a change in Financial_level could indirectly affect Sex, for example, through access to healthcare, education, or opportunities. However, it is important to note that Financial_level does not directly cause a change in Sex.
Step 4: Finally, we consider the statement that there is no causal relationship between Sex and Financial_level. While it is possible for Financial_level to indirectly affect Sex, it is not accurate to say that there is no causal relationship at all, as there is a potential for an indirect causal relationship.
Step 5: Based on the above reasoning, the most accurate statement would be C. There is no causal relationship between Sex and Financial_level, but there is a potential for an indirect causal relationship from Financial_level to Sex.

Conclusion: C",True
119,Sex,Obesity,C,"Reasoning Process:
Step 1: First, let's define the variables: Sex refers to the reproductive functions of an individual, while Obesity refers to a condition related to weight or BMI.
Step 2: Next, we consider the causal relationship between the two variables. Sex is a biological characteristic that is determined at birth and does not change throughout a person's life, unless through medical intervention. Obesity, on the other hand, can change over time due to factors such as diet, exercise, and genetics.
Step 3: Given that Sex is a fixed characteristic and Obesity can change, it is more likely that changing Obesity would cause a change in health conditions, such as weight-related issues, rather than the other way around.
Step 4: Therefore, we can conclude that changing Sex does not cause a change in Obesity, either directly or through one or more intermediate variables.

Conclusion: C",True
120,Sex,PEG,C,"Reasoning Process:
Step 1: The definition of Sex provided states that it is a biological category based on reproductive functions, which does not inherently involve pain or pain interference.
Step 2: The definition of PEG score states that it measures pain interference and pain intensity due to chronic low back pain. It does not involve sex.
Step 3: From the given information, there is no evidence or logical connection between Sex and PEG that would suggest a causal relationship.
Step 4: Therefore, it can be concluded that there is no causal relationship between Sex and PEG.

Conclusion: C",True
121,Sex,Sleep disturbance,C,"Reasoning Process:
Step 1: First, we need to understand the given definitions of the variables involved: Sex and Sleep disturbance. Sex refers to the biological characteristics that define males and females, while Sleep disturbance refers to self-reported perceptions of sleep quality, sleep depth, and restoration associated with sleep.
Step 2: Next, we consider the causal relationship between the two variables. There is no biological evidence to suggest that changing one's sex directly or indirectly affects sleep disturbance. Similarly, there is no evidence to suggest that sleep disturbance directly or indirectly affects one's sex.
Step 3: Therefore, based on the given information and our understanding of the variables, it can be concluded that there is no causal relationship between Sex and Sleep disturbance.

Conclusion: C",True
122,Sex,Smoking,C,"Reasoning Process:
Step 1: First, we need to understand the given definitions of the variables Sex and Smoking. Sex is a biological characteristic determined by reproductive functions, while Smoking is the action of inhaling tobacco smoke.
Step 2: There is no inherent connection between Sex and Smoking in the given definitions. Biological sex does not cause someone to start smoking, nor does smoking change a person's biological sex.
Step 3: While it's true that certain factors like societal influences, stress, or mental health issues might indirectly link Sex and Smoking, these factors are not causal relationships but rather correlations.
Step 4: Therefore, based on the given definitions and our general knowledge, we can conclude that Sex does not cause a change in Smoking, and Smoking does not cause a change in Sex.

Conclusion: C",True
123,Sleep disturbance,Alcohol,B,"Reasoning Process:
Step 1: First, we need to understand the definitions of the variables given: Sleep disturbance and Alcohol. Sleep disturbance is a self-reported perception of sleep quality, sleep depth, and restoration. Alcohol is the number of drinks consumed per week.
Step 2: Next, we consider the question: which of the following is the most likely: A, B, or C. A and B suggest a causal relationship between the two variables, while C suggests no causal relationship.
Step 3: To determine the most likely causal relationship, we need to consider if one variable could reasonably influence the other. For example, excessive alcohol consumption can lead to sleep disturbances due to factors such as disrupted sleep patterns, frequent urination, and alcohol-induced sleep apnea.
Step 4: However, it is less likely that sleep disturbances directly cause changes in alcohol consumption, as sleep quality does not typically influence an individual's decision to drink alcohol.
Step 5: Therefore, based on the given information and general knowledge, it is more likely that changing Alcohol causes a change in Sleep disturbance, either directly or through one or more intermediate variables. This aligns with answer B.
Step 6: In conclusion, the most likely causal relationship between Sleep disturbance and Alcohol is that changing Alcohol causes a change in Sleep disturbance, either directly or through one or more intermediate variables.

Conclusion: B",False
124,Sleep disturbance,Anxiety,A,"Reasoning Process:
Step 1: First, we need to understand the variables given: Sleep disturbance and Anxiety. Sleep disturbance is a self-reported perception of sleep quality, sleep depth, and restoration. Anxiety, on the other hand, focuses on fear, anxious misery, hyperarousal, and somatic symptoms related to arousal.
Step 2: Next, we consider the question: which of the following is the most likely: A. Changing Sleep disturbance causes a change in Anxiety, either directly or through one or more intermediate variables. B. Changing Anxiety causes a change in Sleep disturbance, either directly or through one or more intermediate variables. C. There is no causal relationship between Sleep disturbance and Anxiety.
Step 3: To answer this question, we need to consider the nature of the variables and their potential causal relationships. Sleep disturbance is a self-reported perception of sleep quality, which is not directly related to the symptoms of anxiety. However, it is possible that poor sleep could lead to increased stress and anxiety, which in turn could exacerbate sleep problems. This suggests a potential indirect causal relationship between Sleep disturbance and Anxiety.
Step 4: On the other hand, Anxiety is characterized by symptoms such as fear, worry, and hyperarousal, which are not directly related to sleep disturbance. However, high levels of anxiety could potentially lead to insomnia or other sleep disturbances due to the physiological effects of anxiety on the body. This suggests a potential indirect causal relationship between Anxiety and Sleep disturbance.
Step 5: Given the potential for both indirect causal relationships, it is reasonable to conclude that there is a causal relationship between Sleep disturbance and Anxiety, and vice versa. However, the question asks for the most likely scenario, and the symptoms of anxiety are more directly related to sleep disturbance than vice versa. Therefore, it is more likely that changing Sleep disturbance causes a change in Anxiety, either directly or through one or more intermediate variables.

Conclusion: A",True
125,Sleep disturbance,CCI,C,"Reasoning Process:
Step 1: The Sleep disturbance is a self-reported perception of sleep quality, sleep depth, and restoration associated with sleep. It does not directly measure any medical conditions or diseases, which are typically the focus of a comorbidity index (CCI).
Step 2: A change in Sleep disturbance is more likely to be a symptom or consequence of a change in health status, rather than a cause of a change in health status, as measured by the CCI.
Step 3: The CCI, on the other hand, measures the number of comorbidities, which are typically medical conditions or diseases. A change in CCI is more likely to be a result of changes in these underlying health conditions, rather than a change in sleep quality.
Step 4: Therefore, based on the definitions and the nature of the variables, it is more reasonable to conclude that a change in Sleep disturbance is less likely to cause a change in CCI.

Conclusion: C",True
126,Sleep disturbance,Catastrophizing,B,"Reasoning Process:
Step 1: First, we need to understand the definitions of the variables involved: Sleep disturbance and Catastrophizing. Sleep disturbance is a self-reported perception of sleep quality, sleep depth, and restoration. Catastrophizing is the tendency to magnify the threat value of a pain stimulus and to feel helpless in the presence of pain.
Step 2: Next, we consider the question: which of the following is the most likely: A. Changing Sleep disturbance causes a change in Catastrophizing, either directly or through one or more intermediate variables. B. Changing Catastrophizing causes a change in Sleep disturbance, either directly or through one or more intermediate variables. C. There is no causal relationship between Sleep disturbance and Catastrophizing.
Step 3: Given the definitions, it is not immediately clear that a change in Sleep disturbance would directly cause a change in Catastrophizing. While poor sleep could potentially increase stress levels, which in turn could lead to increased catastrophizing, there is no inherent mechanism that suggests a direct causal relationship.
Step 4: On the other hand, it is plausible that Catastrophizing could affect Sleep disturbance. Individuals who catastrophize about pain may have difficulty falling asleep or staying asleep due to their negative thoughts and feelings about pain.
Step 5: Therefore, based on the given information and general knowledge, it seems more likely that changing Catastrophizing causes a change in Sleep disturbance, either directly or through one or more intermediate variables.

Conclusion: B",False
127,Sleep disturbance,Depression,B,"Reasoning Process:
Step 1: First, we need to understand the given definitions of the variables: Sleep disturbance and Depression. Sleep disturbance refers to self-reported perceptions of sleep quality, sleep depth, and restoration associated with sleep. Depression, on the other hand, refers to the affective and cognitive manifestations of depression.
Step 2: Next, we consider the question: which of the following is the most likely: A, B, or C. A and B suggest a causal relationship between Sleep disturbance and Depression, while C suggests no causal relationship.
Step 3: Given the definitions, it is plausible that a change in Sleep disturbance could potentially affect Depression, as sleep quality and depth are known to impact mood and cognitive function. However, it is also plausible that a change in Depression could affect Sleep disturbance, as depression is associated with sleep disorders such as insomnia.
Step 4: To determine the most likely answer, we need to consider the direction of the causality. While it is possible for Sleep disturbance to cause Depression, the evidence suggests that Depression is more likely to cause Sleep disturbance. This is because depression is a known risk factor for sleep disorders, and the symptoms of depression can directly impact sleep quality and depth.
Step 5: Therefore, based on the given definitions and general knowledge, the most likely answer is B: Changing Depression causes a change in Sleep disturbance, either directly or through one or more intermediate variables.

Conclusion: B",True
128,Sleep disturbance,Education,C,"Reasoning Process:
Step 1: Sleep disturbance is a self-reported perception of sleep quality, sleep depth, and restoration associated with sleep. It does not have a direct causal relationship with Education.
Step 2: Education is the level of education of the participant. It does not have a direct causal relationship with Sleep disturbance.
Step 3: There is no evidence in the given information that suggests a causal relationship between Sleep disturbance and Education through one or more intermediate variables.

Conclusion: C",False
129,Sleep disturbance,Fear_avoidance,C,"Reasoning Process:
Step 1: Sleep disturbance is a self-reported perception of sleep quality, sleep depth, and restoration associated with sleep. It does not directly relate to fear avoidance beliefs about physical activity and work.
Step 2: Fear avoidance, on the other hand, is a patient's fear avoidance beliefs about physical activity and work, which may affect and contribute to their low back pain and resulting disability. It does not directly relate to sleep disturbance.
Step 3: There is no immediate or direct causal relationship between sleep disturbance and fear avoidance as defined.

Conclusion: C",False
130,Sleep disturbance,Financial_level,B,"Reasoning Process:
Step 1: First, we need to understand the nature of the variables given. Sleep disturbance is a self-reported perception of sleep quality, while Financial_level is a measure of the participant's financial situation. Neither variable directly affects the other in a causal manner.
Step 2: However, it is possible that there could be intermediate variables that link these two. For example, poor sleep quality might lead to decreased productivity at work, which could in turn lead to financial difficulties. On the other hand, financial stress could potentially lead to sleep disturbances due to anxiety or other stress-related factors.
Step 3: Given that we do not have specific information about any established intermediate variables linking these two, it is reasonable to assume that there could be a bidirectional relationship between Sleep disturbance and Financial_level. However, without more information, it is not possible to definitively say that one causes the other.
Step 4: Given the above reasoning, it is also possible that there is no causal relationship between Sleep disturbance and Financial_level. This would mean that changes in one do not necessarily lead to changes in the other. However, this assumption is less likely given the potential intermediate variables.
Step 5: Based on the given information, it is most reasonable to conclude that there could be a causal relationship between Sleep disturbance and Financial_level, either directly or through one or more intermediate variables. However, without more specific information, we cannot definitively say that one causes the other.

Conclusion: B",False
131,Sleep disturbance,Obesity,C,"Reasoning Process:
Step 1: First, we need to understand the given definitions of the variables. Sleep disturbance is a self-reported perception of sleep quality, sleep depth, and restoration associated with sleep. Obesity, on the other hand, is defined as having a high BMI or being overweight.
Step 2: Next, we consider the causal relationship between the two variables. While there are studies suggesting that sleep disturbance can lead to weight gain and obesity due to factors like increased appetite, decreased metabolism, and reduced physical activity, there is also evidence that obesity can lead to sleep disturbances due to conditions like sleep apnea and other sleep disorders.
Step 3: However, it's important to note that the relationship between sleep disturbance and obesity is complex and bidirectional, meaning that both can influence each other. This means that changing one variable can potentially cause a change in the other, but it's not always clear which one is the primary cause.
Step 4: Given the complexity of the relationship and the evidence of bidirectional causality, it's not accurate to definitively state that changing Sleep disturbance causes a change in Obesity, or vice versa. Therefore, the most appropriate answer is C. There is no causal relationship between Sleep disturbance and Obesity.

Conclusion: C",False
132,Sleep disturbance,PEG,B,"Reasoning Process:
Step 1: First, we need to understand the definitions of the variables involved: Sleep disturbance and PEG score. Sleep disturbance is a self-reported perception of sleep quality, sleep depth, and restoration associated with sleep. PEG score is an index measuring pain interference and pain intensity due to chronic low back pain.
Step 2: Next, we consider the causal relationship between the two variables. Sleep disturbance is a self-reported perception of sleep quality, which is not directly related to pain intensity or pain interference (as measured by the PEG score).
Step 3: On the other hand, pain (as measured by the PEG score) can potentially affect sleep quality. For example, severe pain might make it difficult to fall asleep or stay asleep, leading to a sleep disturbance. However, this relationship is not one-directional, as other factors such as stress, anxiety, and depression can also affect both sleep and pain.
Step 4: Given the definitions and the potential for a bidirectional relationship between sleep and pain, it is more likely that changes in PEG score can cause changes in Sleep disturbance, either directly or through one or more intermediate variables. This is not to say that Sleep disturbance cannot influence PEG score, but the direct relationship is less clear.

Conclusion: B",True
133,Sleep disturbance,Smoking,B,"Reasoning Process:
Step 1: First, we need to understand the definitions of the variables given: Sleep disturbance and Smoking. Sleep disturbance refers to self-reported perceptions of sleep quality, sleep depth, and restoration associated with sleep. Smoking is the action or habit of inhaling and exhaling the smoke of tobacco by sucking on the end of a lit cigarette, cigar, pipe, etc.
Step 2: Next, we need to consider if there is a causal relationship between the two variables. A causal relationship implies that a change in one variable directly or indirectly leads to a change in the other variable.
Step 3: In this case, it is not immediately clear that a change in Sleep disturbance would directly or indirectly lead to a change in Smoking. While stress or poor sleep can potentially lead to increased smoking, it is not a guaranteed causal relationship as there are many factors that influence smoking behavior.
Step 4: On the other hand, it is well-established that Smoking can negatively impact sleep quality and lead to sleep disturbances. Nicotine, a substance found in tobacco, is a stimulant that can make it harder to fall asleep and stay asleep. Additionally, smoking can lead to physical discomfort and withdrawal symptoms that can disrupt sleep.
Step 5: Therefore, based on the given information and general knowledge, it is more likely that changing Smoking causes a change in Sleep disturbance, either directly or through one or more intermediate variables.

Conclusion: B",True
134,Smoking,Alcohol,C,"Reasoning Process:
Step 1: First, we need to understand the given information and definitions. Smoking refers to the act of inhaling and exhaling tobacco smoke, while Alcohol refers to the consumption of alcoholic beverages.
Step 2: Next, we need to consider if there is a causal relationship between Smoking and Alcohol. A causal relationship implies that a change in one variable directly or indirectly leads to a change in the other.
Step 3: Smoking and Alcohol are two distinct behaviors, and there is no inherent connection between them. Smoking does not directly affect the consumption of alcohol, and vice versa.
Step 4: However, it's important to note that there may be indirect relationships between the two. For example, some people may drink more alcohol when they smoke, or some people may start smoking as a result of socializing in environments where alcohol is consumed. But these relationships are not causal in the sense that changing one variable directly leads to a change in the other.
Step 5: Given the lack of a direct causal relationship and the absence of any intermediate variables that would establish a causal link, we can conclude that changing Smoking does not cause a change in Alcohol.
Step 6: Similarly, changing Alcohol does not cause a change in Smoking, as there is no direct causal relationship or any intermediate variables that would establish a causal link.
Step 7: Therefore, the most appropriate answer is C. There is no causal relationship between Smoking and Alcohol.

Conclusion: C",False
135,Smoking,Anxiety,B,"Reasoning Process:
Step 1: Smoking is defined as the action of inhaling and exhaling the smoke of tobacco. It is a physical action and does not inherently involve anxiety.
Step 2: PROMIS anxiety is defined as a measure of fear, anxious misery, hyperarousal, and somatic symptoms related to arousal. It is a psychological state and does not directly involve smoking.
Step 3: There is no immediate or direct causal relationship between smoking and anxiety, as defined.
Step 4: However, it is possible that smoking could indirectly affect anxiety through various intermediate variables, such as stress, sleep disturbances, or other psychological factors. But without specific evidence or a clear causal pathway, it is not possible to definitively say that changing smoking causes a change in anxiety.
Step 5: On the other hand, anxiety can directly or indirectly affect smoking. For example, someone with high levels of anxiety might turn to smoking as a coping mechanism, or anxiety could lead to stress, which in turn could lead to smoking.
Step 6: Given the definitions and the lack of a direct causal relationship between smoking and anxiety, it is more likely that changing anxiety causes a change in smoking, either directly or through one or more intermediate variables.

Conclusion: B",False
136,Smoking,CCI,C,"Reasoning Process:
Step 1: Smoking is an action or habit that involves the inhalation of tobacco smoke. This action is not directly related to the CCI, which is a comorbidity index.
Step 2: While smoking can lead to various health conditions (comorbidities), these conditions are not included in the CCI by definition. Therefore, a change in smoking habits does not necessarily cause a change in CCI.
Step 3: On the other hand, a change in CCI refers to the number of comorbidities a person has. These comorbidities can be caused by various factors, but smoking is not necessarily one of them.
Step 4: Since smoking does not directly affect the CCI and the CCI does not directly affect smoking, there is no causal relationship between the two.
Step 5: Therefore, the most likely answer is C. There is no causal relationship between Smoking and CCI.

Conclusion: C",False
137,Smoking,Catastrophizing,C,"Reasoning Process:
Step 1: Smoking is defined as the action of inhaling and exhaling the smoke of tobacco. It is a physical action and does not inherently involve mental processes such as catastrophizing.
Step 2: Catastrophizing, on the other hand, is a mental process characterized by the tendency to magnify the threat value of a pain stimulus and to feel helpless in the presence of pain. It is not directly related to physical actions like smoking.
Step 3: There is no evidence or logical connection provided in the given information that suggests a causal relationship between smoking and catastrophizing.
Step 4: Therefore, based on the definitions and the lack of evidence, it is most likely that there is no causal relationship between Smoking and Catastrophizing.

Conclusion: C",False
138,Smoking,Depression,C,"Reasoning Process:
Step 1: Smoking is defined as the action of inhaling and exhaling the smoke of tobacco. It is a physical action and does not inherently cause depression, which is a mental health condition.
Step 2: Depression, as defined by PROMIS, refers to affective and cognitive manifestations of depression. These are mental health symptoms, not physical actions or habits.
Step 3: Therefore, it is not plausible that changing Smoking directly or indirectly causes a change in Depression, as they are distinctly different phenomena.

Conclusion: C",False
139,Smoking,Education,C,"Reasoning Process:
Step 1: First, we need to understand the given definitions of the variables Smoking and Education.
Step 2: Smoking is defined as the action or habit of inhaling and exhaling the smoke of tobacco by sucking on the end of a lit cigarette, cigar, pipe, etc. This action is a personal choice and habit, not something that can be influenced by education level.
Step 3: Education is defined as the level of education of the participant. This is a measure of the knowledge and skills that a person has acquired through learning and schooling.
Step 4: There is no inherent connection between the action of smoking and the level of education. While it's true that some people may choose not to smoke due to health education, the act of smoking itself is not a result of education level.
Step 5: Therefore, it can be concluded that changing Education does not cause a change in Smoking.
Step 6: Since we have established that changing Education does not cause a change in Smoking, we can also infer that there is no causal relationship between Smoking and Education in the reverse direction (changing Smoking causes a change in Education).
Step 7: Lastly, since we have found that changing Education does not cause a change in Smoking, and changing Smoking does not cause a change in Education, we can conclude that there is no causal relationship between Smoking and Education.

Conclusion: C",False
140,Smoking,Fear_avoidance,C,"Reasoning Process:
Step 1: Smoking is an action related to tobacco use, and it is not directly related to fear avoidance beliefs about physical activity and work.
Step 2: Fear avoidance beliefs are related to a patient's perception and attitudes towards physical activity and work, which are not typically influenced by smoking.
Step 3: There is no evidence or logical connection between smoking and fear avoidance beliefs that would suggest a causal relationship.

Conclusion: C",False
141,Smoking,Financial_level,B,"Reasoning Process:
Step 1: Smoking is an action that involves the consumption of tobacco products, which can be expensive. However, the cost of smoking is not the only factor affecting a person's financial level.
Step 2: Financial level is a measure of a person's economic resources, which can be influenced by various factors such as income, savings, debt, and expenses. Smoking is not a direct factor in determining a person's financial level.
Step 3: While it is true that some people may spend a significant portion of their income on smoking, this does not necessarily mean that a change in smoking habits will cause a change in financial level. Other factors such as income, savings, and expenses play a more significant role in determining a person's financial level.
Step 4: Therefore, it is more likely that a change in financial level does not cause a change in smoking habits, as financial level is a broader concept that encompasses many factors beyond smoking.

Conclusion: B",False
142,Smoking,Obesity,A,"Reasoning Process:
Step 1: First, we need to understand the definitions of the variables given: Smoking and Obesity. Smoking refers to the action of inhaling and exhaling tobacco smoke, while Obesity refers to a condition of having excess body fat.
Step 2: Next, we consider the causal relationship between the two variables. Smoking does not inherently cause obesity, as it is a behavior rather than a physiological condition. However, smoking can lead to weight gain due to increased appetite and decreased metabolism, which are intermediate variables.
Step 3: On the other hand, Obesity does not directly cause smoking. While there may be some correlation between the two, such as stress eating or using smoking as a coping mechanism, there is no causal relationship in the sense that becoming obese causes someone to start smoking.
Step 4: Therefore, based on the given definitions and our understanding of the causal relationship between Smoking and Obesity, we can conclude that changing Smoking causes a change in Obesity, either directly or through one or more intermediate variables.

Conclusion: A",False
143,Smoking,PEG,C,"Reasoning Process:
Step 1: Smoking is the action of inhaling and exhaling tobacco smoke, which is not directly related to pain interference and pain intensity due to chronic low back pain, as measured by the PEG score.
Step 2: There is no inherent mechanism or biological evidence that suggests that smoking causes changes in pain interference and pain intensity due to chronic low back pain, as measured by the PEG score.
Step 3: On the other hand, chronic pain, such as chronic low back pain, can potentially affect an individual's lifestyle, including their smoking habits. However, this is an indirect relationship, not a causal one.
Step 4: Therefore, based on the given information and general knowledge, it is most reasonable to conclude that there is no causal relationship between Smoking and PEG.

Conclusion: C",True
144,Smoking,Sleep disturbance,C,"Reasoning Process:
Step 1: Smoking is defined as the action of inhaling and exhaling the smoke of tobacco. This action is not directly related to sleep disturbance.
Step 2: Sleep disturbance is defined as self-reported perceptions of sleep quality, sleep depth, and restoration associated with sleep. There is no mention of smoking as a direct or indirect cause of sleep disturbance in this definition.
Step 3: While it is known that certain substances in tobacco can affect the body's physiology, there is no direct causal link established in the given information between smoking and sleep disturbance.
Step 4: There is no mention of any intermediate variables that could potentially link smoking and sleep disturbance.
Step 5: Therefore, based on the given information, it is reasonable to conclude that there is no causal relationship between Smoking and Sleep disturbance.

Conclusion: C",False
