Var1,Var2,Temporality,Temporality Reasoning,Temporality Report,Plausibility Report,Association Report,Direction_Resolved,Direction Report
Anxiety,Alcohol,True,"Reasoning Process:
Step 1: The report provides evidence that anxiety disorders, specifically Social Anxiety Disorder (SAD), are associated with an increased risk of Alcohol Use Disorder (AUD). This suggests a potential causal relationship where anxiety (SAD) precedes and leads to a change in alcohol consumption (AUD).
Step 2: The report also mentions that SAD is a causal influence on AUD, as indicated by various studies. This further supports the idea that anxiety (SAD) temporally precedes and influences alcohol consumption (AUD).
Step 3: The report also suggests that the association between SAD and AUD reflects a broader association between AUD and anxiety disorders, rather than SAD specifically. However, since SAD is a specific type of anxiety disorder, it still supports the idea that anxiety disorders can lead to AUD.
Step 4: The report does not provide evidence of any intermediate variables that would break the causal relationship between anxiety and alcohol. Therefore, the causal relationship between anxiety and alcohol appears to be direct.

Conclusion: Yes","# Report:
## Chunks:

hedy et al., [2020](#page-28-0); Ritchie et al., [2014\)](#page-29-0). There were contradicting findings for Alzheimer's disease, with one study finding no causal effects of alcohol (Larsson et al., [2017\)](#page-28-0) and another finding that while a higher number of drinks caused an earlier onset of Alzheimer's disease, alcohol use disorder caused a later onset (Andrews, Goate, & Anstey, [2020](#page-26-0)). The latter likely reflects survival bias.

#### Sleep problems

There was some evidence that drinking more alcohol per week increases sleep duration, but this was based on only one, lowquality rated study (Nishiyama et al., [2019\)](#page-29-0).

#### Internalizing/mood disorders

A recent, particularly large study reported strong evidence that major depressive disorder (MDD) liability increases alcohol use disorder risk (Polimanti et al., [2019](#page-29-0)). Similarly, there was evidence that worrying and neuroticism increase alcohol use disorder risk (Zhou et al., [2020](#page-30-0)). There was no clear evidence that feelings of loneliness affect alcohol use (disorder) (Wootton et al., [2020](#page-30-0)). In the other direction, there was no clear evidence that alcohol use (disorder) causally impacts internalizing symptoms (Almeida et al., [2014a,](#page-25-0) [2014b;](#page-25-0) Chao, Li, & McGue, [2017;](#page-26-0) Lim et al., [2020;](#page-28-0) Polimanti et al., [2019](#page-29-0); Wium-Andersen, Orsted, Tolstrup, & Nordestgaard, [2015b](#page-30-0); Wootton et al., [2020](#page-30-0); Zhou et al., [2020\)](#page-30-0).

#### Externalizing disorders

There was weak evidence that ADHD liability increases alcohol use disorder risk (Treur et al., [2019](#page-30-0)). In the other direction, there was some evidence that higher alcohol use frequency increases
, or a general tendency to psychopathology could influence SAD at a young age and later AUD. Shared genetic risk factors for AUD and anxiety disorders have been found in twin (Lahey, Krueger, Rathouz, Waldman, & Zald, 2017; Nelson et al., 2000; Tambs, Harris, & Magnus,

1997) and molecular genetic studies (Cerda, Sagdeo, Johnson, & Galea, 2010; Hodgson et al., 2016).

Finally, SAD is part of the internalizing spectrum and unlikely to be entirely distinct from other anxiety disorders (Lahey et al., 2017). AUD is also associated with other anxiety disorders (Grant et al., 2004). It could therefore be that the association between SAD and AUD reflects a broader association between AUD and anxiety disorders, rather than SAD specifically. One study has supported this hypothesis (Kushner et al., 2012). On the other hand, alcohol is likely to be particularly 'useful' to individuals with SAD (Bulley, Miloyan, Brilot, Gullo, & Suddendorf, 2016), and in studies that analysed all anxiety disorders together, only SAD predicted AUD in adjusted analyses (Buckner & Schmidt, 2009; Buckner et al., 2008; Buckner & Turner, 2009).

Thus, we have four possible explanations of the association: i) direct effects from SAD to AUD, ii) direct effects from AUD to SAD, iii) shared genetic and/or environmental risk factors, and iv) a general relationship between anxiety disorders and AUD. A lack of studies with diagnostic assessment of anxiety disorders and AUD has left this question unanswered. The explanatory models have different practical implications: In treatment and prevention, higher gains will be achieved by intervening on the disorder that influences the risk of developing the other disorder. In the present study, we utilize a population-based twin study with repeated diagnostic assessment of AUD, SAD and other anxiety disorders in order distinguish between the possible explanations of the association between SAD and AUD. We aim to i) test if SAD has a unique association with AUD over and beyond that of other anxiety disorders, ii) describe the longitudinal relationship between these disorders, and iii) determine whether the associations between anxiety disorders and AUD are in line with direct effects between the disorders.

## **Methods**

#### **Participants**

The data for the current study originated from the Norwegian Institute of Public Health T
2% of all cigarettes consumed in England are consumed by those with mental illness, although this includes substance use disorders[.4](#page-6-3) Additionally, while cigarette consumption in the general population has shown a sustained decrease over the past 20 years, consumption among smokers with mental illness has remained relatively unchanged[.1](#page-6-0) There is therefore a pressing need to understand the mechanisms underlying the high rate of smoking in people with mental illness. Here, we focus specifically on the relationship between cigarette smoking and depression and anxiety.

Currently, there are several hypotheses that have been proposed to explain the high rates of smoking in people with depression and anxiety. The self-medication hypothesis postulates that individuals turn to smoking to alleviate their symptoms[5–7](#page-6-4) and therefore suggests that symptoms of depression and anxiety may lead to smoking. An alternative hypothesis is that smoking may lead to depression or anxiety, through effects on an individual's neurocircuitry that increases susceptibility to environmental stressors. Animal models indicate that prolonged nicotine exposure dysregulates the hypothalamic–pituitary–adrenal system, resulting in hypersecretion of cortisol and alterations in the activity of the associated monoamine neurotransmitter system, whose function is to regulate reactions to stressors,[8](#page-6-5) an effect that appears to normalize after nicotine withdrawal.[9](#page-6-6) The association between smoking and depression/anxiety may also be bidirectional, with occasional smoking initially used to alleviate symptoms, but in fact worsening them over time.[10](#page-6-7) Finally, there may in fact be no causal relationship between smoking and depression/anxiety. Instead, the association may be a product of shared risk factors (eg, common genetic influences[\)10,](#page-6-7)[11](#page-6-8) or confounding. Smokers may also report that cigarettes alleviate their symptoms due to the misattribution of withdrawal relief. Given the short half-life of nicotine that results in withdrawal symptoms (including mood symptoms) after a short period of abstinence, smokers may misattribute the relief of short-term withdrawal as reflecting a genuine anxiolytic effect of smoking[.7](#page-6-9) That is, withdrawal symptoms of increased anxiety and negative affect may be misattributed as reflecting genuine mood symptoms, which would lead to the impression that smoking improves mood.

We are therefore presented with multiple different hypotheses regarding whether there is a causal relationship between smoking and depression/anxiety and if so, what the direction of caus
**Introduction**

In 1985, the self-medication hypothesis (SMH) was proposed to explain clinical observations of the co-occurrence between emotional and substance use disorders [\[1\]](#page-5-0). The SMH proposes that individuals with emotional disorders are susceptible to developing substance use disorders because the use of such substances leads to a reduction in negative affective states. The SMH further proposes that specific types of substances should correspond with specific patterns of negative affect. For example, the results of populationbased studies link Social Anxiety Disorder (SAD) and Alcohol Use Disorder (AUD) on the basis of cross-sectional data [\[2–](#page-5-1)[4\]](#page-5-2), and longitudinal studies suggest that suffering from

\* Beyon Miloyan

b.miloyan@federation.edu.au

SAD is associated with increased risk of developing AUD [[5–](#page-5-3)[8\]](#page-5-4).

A number of recent theoretical models have built on the SMH in an attempt to explain this relationship. These models regard alcohol's role in the self-medication of social anxiety as extending beyond the reduction of negative affect, and incorporate other cognitive and behavioural symptoms. For example, it has been proposed that, in addition to reducing negative affect, alcohol also plays a role in reducing attentional biases to threat-related stimuli, diminishing fear of scrutiny, and facilitating social approach behaviours [\[9](#page-5-5)[–12](#page-5-6)]. These findings have been largely borne out in laboratory studies, where anxiety induction and the administration of alcohol occur in a controlled way. Although socially anxious individuals tend to believe that alcohol will reduce distress, its anxiolytic effects may depend on the dose and timing of administration, as well as the nature of the social situation [[13\]](#page-5-7).

Upon closer examination of the relevant epidemiological data underlying these models, three observations raise questions about the longitudinal association between SAD and AUD. First, previous findings indicate that SAD is associated with increased risk of alcohol dependence, but

<sup>1</sup> Department of Psychology, Faculty of Health, Federation University Australia, Northways Rd., Churchill, VIC 3842, Australia

<sup>2</sup> Department of Mental Health, Bloomberg School of Public Health, Johns Hopkins University, Baltimore, USA

not abuse, based on DSM-IV criteria [[6\]](#page-5-8). The relationship between SAD and risk of AUD incidence has
no-early imaging in the elderly, we envision other evaluations such as the comparative effectiveness of physical therapy vs. no physical therapy.

#### Data access

As the registry progresses in size and maturity, we anticipate making the BOLD resources available to researchers interested in evaluating diagnostic tests, treatments, and outcomes among elderly patients with back pain. Detailed information regarding data sharing will be available at www.backpainproject.org.

## Discussion

#### Back pain registries

In the U.S., many spine-related registries are device- or procedure-focused and hence recruit patients primarily from specialists. Outside the U.S., several prospective spine registries/cohorts have been established to study various aspects of back pain and while somewhat broader in scope, most still have a specialist focus [48-50]. In contrast, Costa and colleagues established an inception cohort of 973 primary care patients with acute (less than two weeks) low back pain [51], demonstrating both the feasibility and value of such an approach. Identifying patients early in the course allowed measurement of baseline factors that predicted progression and chronicity.

The Back Complaints in the Elders (BACE) consortium is an international group of investigators who have independently established prospective cohorts in a primary care setting to investigate back pain among seniors [52]. Investigators from the Netherlands, Australia and Brazil are collaborating to identify prognostic indicators leading to the transition from acute to chronic back pain in the elderly. The objectives of BOLD parallel those of BACE and similar study structures facilitate international comparisons.

#### Strengths of registries

A great advantage of registries is that patient enrollment is easier than intervention trials, so large sample sizes are feasible. This increases generalizability and the ability to detect rare events, such as complications.

#### Limitations of registries

Roovers highlighted the limitations of registries, including lack of proper control groups, confounding, bias, poor data quality control, and potential conflicts of interest due to industry sponsorship [53]. Due to these limitations, registries will never replace randomized controlled trials (RCTs). The most important limitation of registries in general is the lack of a pre-defined control group. However, we can identify important subgroups contained within the registry to use for comparative effectiveness evaluations, such as patients with and without early imaging, and use propensity-matched controls to minimize selection bias associated with treatment or diagnostic testing.

<sup>††</sup> Conservatively assumes 1:1 case to control ratio, calculated for one-year time period, cost standard deviations of
checks the data for quality. We defined specific logic rules for establishing the internal consistency of responses across several variables. When necessary, we check the original data collection forms or re-contact the subject.

#### Analytic approach

In many registries, there may be a relatively small subgroup of interest (e.g., a treatment or diagnostic testing prevalence of 1 or 2%) and a large number of controls available for a comparative analysis of outcomes. As a general analytic approach in BOLD, we will evaluate cases in comparative studies using 3:1 matched controls with the nearest propensity score [31].

Propensity-based matching is a strategy for assembling similar groups of patients in the absence of randomization. We will use this method to select control patients who are

similar to patients who have selectively received the intervention of interest (e.g. early imaging). If we do not appropriately match controls on important baseline characteristics to patients who receive the intervention, there is a risk of obtaining biased results when comparing cases with controls due to confounding [31-37]. Propensity score matching aims to provide a valid estimate of the intervention effect by comparing patients who have and have not had the intervention and who also have similar observed characteristics.

For a given research question and set of patients, we will use logistic regression models (or multi-level logistic regression models for ordinal or multilevel treatments; e.g., levels of treatment dose) to generate a propensity score for each person, using variables that are significant predictors of the intervention of interest. We will then match the propensity score of each case who received the intervention to the nearest propensity scores (up to 3) available among control patients whose propensity scores lie within a caliper window of 0.2σ of the case index, where σ is a measure of variation in the propensity score distributions of cases and controls as given in Rosenbaum and Rubin [35]. If no control propensity scores fall within the caliper window of a particular index case, then the index case will be excluded from any analyses.

#### Observational cohort of early imaging

We will conduct an observational cohort study of early imaging in seniors with new visits for back pain as our first comparative study using data from the BOLD registry. Our goal is to test the hypothesis that imaging of the lumbar spine within 6 weeks of the index visit (early imaging) is associated with worse patient outcomes and increased health care utilization and costs. Patients who get early imaging may be those with the worst pain or most alarming clinical presentation. However, given the variability in clinician ordering patterns, there is also a reasonable likelihood that those patients who do and do not get early## Communities:

### Mental Health Community: Depression and Anxiety
### Summary
This report focuses on the community of individuals affected by depression and anxiety, two closely related mental health conditions. The analysis reveals that depression and anxiety are associated, comorbid, and often co-occur in the same individuals. The text also suggests a causal relationship between depression and anxiety, as well as an increased risk of depression in individuals with anxiety. Additionally, the study of depression includes data from the UK Biobank, a large-scale health study, and the selected genetic variants for depression were obtained from the largest GWAS meta-analysis of 807,553 European-descent individuals. Furthermore, depression is associated with an increased risk of cardiovascular disease (CAD), particularly in patients with diabetes.
### Key Findings
Depression and anxiety are related mental health conditions: The text provides multiple instances of the association between depression and anxiety, suggesting that they are closely related emotional states. This relationship is further supported by the fact that they share similar symptoms and risk factors.
Depression and anxiety are comorbid conditions: The text indicates that depression and anxiety often co-occur in the same individuals. This comorbidity is significant, as it can lead to more severe symptoms and increased healthcare costs.
Depression is associated with an increased risk of CAD: The text suggests a causal relationship between depression and an increased risk of CAD, particularly in patients with diabetes. This association is supported by multiple pieces of evidence, including genetic studies and inverse-variance weighted (IVW) analysis.
Depression is associated with insomnia: The text indicates that insomnia is associated with an increased risk of depression. This association is supported by multiple pieces of evidence, including genetic studies and the fact that insomnia symptoms/disorder are reported to independently increase the risk of subsequent depression in older persons.
Depression is associated with multimorbidity: The text suggests that depression is associated with an increased risk of multimorbidity, a condition where an individual has two or more chronic diseases. This association is supported by multiple pieces of evidence, including the fact that depression increases the risk for onset of multimorbidity by 80–90%.
### Impact Rating: 8.5
The high impact severity rating is due to the prevalence of depression and anxiety, their comorbidity, and the associated health risks, including cardiovascular disease.

### Adult Mental Health Community
### Summary
The Adult Mental Health Community is a demographic group consisting of individuals aged 18 years and above. This community is associated with various mental health issues, including Any Mental Illness (AMI), Serious Mental Illness (SMI), Major Depressive Episode (MDE), and Illicit Drug or Alcohol Use Disorder. The community also experiences the misuse of prescription pain relievers, prescription stimulants, and synthetic marijuana. The COVID-19 pandemic has had a negative impact on the mental health of adults, leading to perceived unmet needs for mental health services.
### Key Findings
Adults are associated with various mental health issues: The text provides evidence that adults are associated with mental health issues such as Any Mental Illness (AMI), Serious Mental Illness (SMI), Major Depressive Episode (MDE), and Illicit Drug or Alcohol Use Disorder. For example, AMI affects 46.1% of adults aged 18 or older, SMI affects 39.7% of adults aged 18 or older, and MDE affects 8.5% of adults aged 18 or older.
Adults experience the misuse of prescription pain relievers: The text mentions that prescription pain relievers were misused by some adults. This misuse can lead to harmful consequences, including addiction and overdose.
Adults may suffer from Major Depressive Episode: The text states that adults can suffer from a Major Depressive Episode, a serious and common mental health disorder characterized by persistent feelings of sadness, hopelessness, and a lack of interest or pleasure in activities.
Adults may have a perceived unmet need for mental health services: The text mentions that adults have a perceived unmet need for mental health services. This can lead to a lack of treatment and potentially worsening mental health conditions.
The COVID-19 pandemic has had a negative impact on the mental health of adults: The text provides evidence that the COVID-19 pandemic has had a negative impact on the mental health of adults. For example, adults have perceived a negative effect of the pandemic on their mental health, and the pandemic has led to appointment delays for mental health services.
### Impact Rating: 8.5
The high impact severity rating is due to the prevalence of mental health issues among adults, including serious mental illness and major depressive episode, as well as the misuse of various substances.

### Alcohol Use Disorder and Seasonal Affective Disorder Community
### Summary
This report examines the relationship between Alcohol Use Disorder (AUD) and Seasonal Affective Disorder (SAD), two mental health disorders that share a complex interplay. The analysis reveals a significant association between the two disorders, with SAD being a causal influence on AUD, as indicated by various studies. However, the relationship is not bidirectional, as AUD does not prospectively predict SAD. The findings also suggest that SAD increases the risk of incident AUD, and the two disorders often occur together in comorbid cases.
### Key Findings
SAD is a causal influence on AUD: The text suggests a causal relationship between SAD and AUD, as SAD may lead to AUD. This is supported by findings that SAD prospectively predicted AUD, but other anxiety disorders did not. The biometric modelling favoured models with direct phenotypic paths from SAD to AUD over models with shared genetic and environmental risk factors and models with direct paths from AUD to SAD.
SAD increases the risk of incident AUD: The text suggests that SAD is associated with an increased risk of incident AUD. This is supported by findings that SAD at T1 was associated with AUD at T2 in a longitudinal association.
SAD and AUD often occur together in comorbid cases: The text suggests that SAD and AUD often occur together in comorbid cases. This is supported by findings that SAD and AUD are associated, and that the two disorders share genetic risk factors.
AUD does not prospectively predict SAD: The text suggests that AUD did not prospectively predict SAD, but possibly other anxiety disorders. This indicates that the relationship between SAD and AUD is not bidirectional.
Shared genetic risk factors for AUD and anxiety disorders: The text suggests that shared genetic risk factors for AUD and anxiety disorders have been found in twin and molecular genetic studies. This indicates that there may be a genetic predisposition to both disorders.
### Impact Rating: 7.5
The high impact severity rating is due to the significant association between AUD and SAD, which can have serious consequences for individuals suffering from both disorders.

### Community of Individuals Seeking Mental Health Care and Experiencing Chronic Lower Back Pain
### Summary
This report focuses on a community of individuals who seek care from general practitioners for their mental health disorders and also experience chronic lower back pain. The community's entities are interconnected, with pain being a common factor that influences various aspects of their lives, including their health, economic resources, and daily activities. The entities are also associated with other factors such as fear avoidance beliefs, hardship, and unhealthy health behaviors.
### Key Findings
The presence of chronic lower back pain is a common experience among the community members.: The text indicates that individuals in the community seek care from general practitioners for their mental health disorders and also experience chronic lower back pain. This pain is described as an unpleasant sensory and emotional experience associated with actual or potential tissue damage.
Hardship is associated with the community, particularly in relation to Medicare Insurance Coverage.: The presence of hardship, a state of severe and prolonged difficulty or distress, is associated with the community. This hardship may be caused by factors such as poverty or other adverse circumstances. The text suggests that those with financial difficulties may be more likely to rely on Medicare for health insurance.
Fear avoidance beliefs are related to the community and may be important targets for early interventions.: Fear avoidance beliefs, as measured by a questionnaire, are associated with the community. These beliefs might be useful for early interventions, as they could be good screening variables for identifying individuals at risk for chronic pain. The text also suggests that fear avoidance beliefs might be important targets for early interventions to prevent further progression or complications.
Unhealthy health behaviors, such as smoking and alcohol consumption, may be related to the community and contribute to the development or exacerbation of pain.: The text indicates that unhealthy health behaviors, such as smoking and alcohol consumption, are associated with the community. These behaviors may be related to pain, as they can contribute to its development or exacerbation.
The International Association for the Study of Pain is related to the study of pain and the community.: The International Association for the Study of Pain is a professional organization dedicated to the study of pain and its mechanisms. The text indicates that this organization is related to the study of pain and the community, suggesting a connection between the community and the broader field of pain research.
### Impact Rating: 7.5
The community's impact severity rating of 7.5 indicates a significant influence on the individuals' health, well-being, and daily functioning due to chronic lower back pain and associated factors.

### Ethanol Consumption in Mice: A Scientific Research Community
### Summary
This report provides an overview of a community of researchers studying the effects of ethanol consumption in mice. The community is centered around the substance ethanol, which is metabolized in the human body and consumed by mice in various studies. The mice are often used due to their small size, short lifespan, and ease of breeding. The research focuses on understanding the mechanisms of ethanol metabolism, its effects on behavior, and its role in Alcohol Use Disorder (AUD).
### Key Findings
Ethanol Metabolism in Mice: Ethanol is metabolized in mice by a series of enzymes, including alcohol dehydrogenase (ADH) and aldehyde dehydrogenase (ALDH). Deficiency of Adh1 in mice leads to increased blood ethanol levels and reduced ethanol metabolism. Manipulations of dynorphin signalling in Pdyn KO mice appear to have inconsistent effects on ethanol consumption.
Role of Glutamate Receptors in Ethanol Consumption: Ionotropic and metabotropic glutamate receptors mediate the actions of ethanol and are involved in AUD. Gria1, a genetic mutation in glutamate receptor subunit 1, does not affect alcohol consumption or preference under baseline conditions but blunts consumption after ethanol deprivation. Grin1, another gene involved in synaptic transmission at glutamatergic synapses, is upregulated in frontal cortex modules of AUD patients.
Opioid System and Ethanol Consumption: The opioidergic system, specifically the dynorphin receptor (Oprk), plays a role in pain modulation, reward, and addiction. Ethanol consumption affects the opioidergic systems in mice, which might account for the increased ethanol consumption observed in some studies.
Behavioral Tests and Ethanol Consumption: Behavioral tests such as operant self-administration, righting assays, conditioned place preference, and 2-bottle DID are used to measure alcohol consumption and preference in mice. These tests provide insights into the effects of ethanol on motor function, coordination, and behavioral learning.
Dopamine Transporter and Ethanol Consumption: The Dopamine Transporter, a protein responsible for the reuptake of dopamine, interacts with the DRD1 Receptor. Gria1 gene expression affects the function of the Dopamine Transporter, which could impact ethanol consumption.
### Impact Rating: 8.5
The high impact severity rating is due to the potential implications of the research in understanding the mechanisms of ethanol consumption and AUD, which could lead to the development of new treatments and interventions.

## Relationships:

(Age: The age of the participants in the study.)--[AGE: The study sample characteristics by depression-anxiety status showed significant group differences in age]-->(Comorbid Depression And Anxiety: The co-occurrence of depression and anxiety in an individual. This can exacerbate the symptoms of both conditions and can be more difficult to treat.)
(Smoking: The smoking habits of the participants in the study by Linton et al.)--[ASSOCIATION: Smoking has been associated with an increased risk of comorbid depression and anxiety.]-->(Comorbid Depression And Anxiety: The co-occurrence of depression and anxiety in an individual. This can exacerbate the symptoms of both conditions and can be more difficult to treat.)
(Female: One of the two main categories of sex, the other being male.)--[GENDER: A higher proportion of women had comorbid depression and anxiety compared to men]-->(Comorbid Depression And Anxiety: The co-occurrence of depression and anxiety in an individual. This can exacerbate the symptoms of both conditions and can be more difficult to treat.)
(Li: One of the authors of the studies that found no clear evidence that alcohol use disorder causally impacts internalizing symptoms)--[CONDUCTED: Li conducted a study on the incubation of alcohol craving in humans.]-->(Study: A systematic investigation to establish or confirm a fact or the existence of a phenomenon)
(Genetic Risk Factors: Genetic Risk Factors are hereditary traits that increase the likelihood of developing a disorder. They have been found to be shared between AUD and anxiety disorders.)--[CAUSE: Genetic risk factors can increase an individual's likelihood of developing MDD.]-->(Mdd: Major Depressive Disorder (MDD) is a mental health disorder characterized by persistent feelings of sadness, hopelessness, and a lack of interest or pleasure in activities. It can also lead to a variety of physical and emotional problems and can greatly affect a person's ability to function at work and in relationships.)
(Alcohol_Association: The association between alcohol consumption and various health issues, including pain, depression, anxiety, and sleep disturbance)--[ASSOCIATED_WITH: Alcohol consumption is associated with pain]-->(Pain: An unpleasant sensory and emotional experience associated with actual or potential tissue damage)
(Aud: Alcohol Use Disorder (AUD) is a chronic relapsing brain disorder characterized by an impaired ability to stop or control alcohol use despite adverse social, occupational, or health consequences. It is often associated with a range of physical, psychological, and social problems.)--[SHARED_GENETIC_RISK_FACTORS: Shared genetic risk factors for AUD and anxiety disorders have been found in twin and molecular genetic studies.]-->(Genetic Risk Factors: Genetic Risk Factors are hereditary traits that increase the likelihood of developing a disorder. They have been found to be shared between AUD and anxiety disorders.)
(Aud: Alcohol Use Disorder (AUD) is a chronic relapsing brain disorder characterized by an impaired ability to stop or control alcohol use despite adverse social, occupational, or health consequences. It is often associated with a range of physical, psychological, and social problems.)--[SHARED_RISK_FACTOR: Genetic risk factors may influence the development of AUD and anxiety disorders, including SAD.]-->(Genetic Risk Factors: Genetic Risk Factors are hereditary traits that increase the likelihood of developing a disorder. They have been found to be shared between AUD and anxiety disorders.)
(Social Anxiety Disorder: Social Anxiety Disorder is an anxiety disorder characterized by significant fear, anxiety, and avoidance of social situations due to fear of embarrassment, scrutiny, or negative evaluation. In the context of the text, it is being discussed in relation to its comorbidity with AUD.)--[RISK_FACTOR: Having Social Anxiety Disorder increases the risk of developing AUD.]-->(Aud: Alcohol Use Disorder (AUD) is a chronic relapsing brain disorder characterized by an impaired ability to stop or control alcohol use despite adverse social, occupational, or health consequences. It is often associated with a range of physical, psychological, and social problems.)
(Aud: Alcohol Use Disorder (AUD) is a chronic relapsing brain disorder characterized by an impaired ability to stop or control alcohol use despite adverse social, occupational, or health consequences. It is often associated with a range of physical, psychological, and social problems.)--[COMORBID: AUD and Social Anxiety Disorder often occur together.]-->(Social Anxiety Disorder: Social Anxiety Disorder is an anxiety disorder characterized by significant fear, anxiety, and avoidance of social situations due to fear of embarrassment, scrutiny, or negative evaluation. In the context of the text, it is being discussed in relation to its comorbidity with AUD.)
(Aud: Alcohol Use Disorder (AUD) is a chronic relapsing brain disorder characterized by an impaired ability to stop or control alcohol use despite adverse social, occupational, or health consequences. It is often associated with a range of physical, psychological, and social problems.)--[GENERAL_RELATIONSHIP_BETWEEN_ANXIETY_DISORDERS_AND_AUD: The text suggests that the association between SAD and AUD reflects a broader association between AUD and anxiety disorders, rather than SAD specifically.]-->(General Relationship Between Anxiety Disorders And Aud: General Relationship between Anxiety Disorders and AUD refers to the overall association between anxiety disorders and AUD, which may not be specific to SAD.)
(Genetic Risk Factors: Genetic Risk Factors are hereditary traits that increase the likelihood of developing a disorder. They have been found to be shared between AUD and anxiety disorders.)--[CAUSE: Genetic risk factors can increase an individual's likelihood of developing CVD.]-->(Cvd: Cardiovascular disease, a group of conditions that affect the heart and blood vessels)
(Arthritis: Arthritis is a joint disorder characterized by inflammation.)--[CHRONIC_CONDITION: Individuals with comorbid depression and anxiety had the highest prevalence of arthritis]-->(Comorbid Depression And Anxiety: The co-occurrence of depression and anxiety in an individual. This can exacerbate the symptoms of both conditions and can be more difficult to treat.)
(Co-Occurring Ami And An Illicit Drug Or Alcohol Use Disorder: Co-Occurring AMI and an Illicit Drug or Alcohol Use Disorder refers to the presence of both Anxiety and Mood Disorders (AMI) and an illicit drug or alcohol use disorder in an individual.)--[TREATMENT_ASSOCIATION: Individuals with Co-Occurring AMI and an Illicit Drug or Alcohol Use Disorder may seek mental health services.]-->(Mental Health Service: A service provided to individuals for the purpose of addressing mental health issues)
",,,False,
Anxiety,Smoking,True,"Reasoning Process:
Step 1: The report on 'The Association of Cigarette Smoking With Depression and Anxiety: A Systematic Review' discusses the various hypotheses regarding the relationship between smoking and depression/anxiety. One of the hypotheses is that symptoms of depression and anxiety may lead to smoking, suggesting a potential causal relationship where anxiety temporally precedes and influences smoking.
Step 2: The report on 'Mental Health Community: Depression and Anxiety' discusses the association between depression and anxiety, and suggests a causal relationship between depression and an increased risk of cardiovascular disease (CAD), particularly in patients with diabetes. This association is supported by multiple pieces of evidence, including genetic studies and inverse-variance weighted (IVW) analysis. Since anxiety is a risk factor for depression, it is possible that anxiety could also be a risk factor for smoking, as smoking is associated with an increased risk of CAD.
Step 3: The report on 'Alcohol Use Disorder and Seasonal Affective Disorder Community' discusses the relationship between Alcohol Use Disorder (AUD) and Seasonal Affective Disorder (SAD), two mental health disorders that share a complex interplay. The text suggests a causal relationship between SAD and AUD, as SAD may lead to AUD. Although the question asks about anxiety, SAD is a type of mood disorder that is characterized by the onset of depressive symptoms during the winter months and is associated with symptoms such as anxiety. Therefore, it is possible that anxiety could also be a risk factor for smoking, as it is associated with SAD, which in turn is a risk factor for AUD, which is associated with smoking.
Step 4: The report on 'Community of Cigarette Smoking, Depression, and Anxiety' discusses the bidirectional relationship between smoking and depression/anxiety. The theory suggests that smoking can worsen symptoms of depression and anxiety over time, but it can also be initially used as a coping mechanism, further perpetuating the cycle. This relationship is crucial to understand as it highlights the complex interplay between these conditions. Since anxiety is one of the conditions involved in this bidirectional relationship, it is possible that anxiety could temporally precede and influence smoking.
Step 5: The report on 'Discordant Twin Analyses Community' discusses the role of genetic and environmental factors in the development of traits. The community's primary tool, Discordant Twin Analyses, is used to study the impact of these factors on various health outcomes, including depression and anxiety. However, it is important to note that the assumption made by this technique, that genetic associations represent confounding, may not always hold true for phenotypic causality. This misassumption could lead to inaccurate conclusions about the relationship between genetic factors and health outcomes. Therefore, it is possible that anxiety could temporally precede and influence smoking, but the relationship may be confounded by other factors.

Conclusion: Yes","# Report:
## Chunks:

2% of all cigarettes consumed in England are consumed by those with mental illness, although this includes substance use disorders[.4](#page-6-3) Additionally, while cigarette consumption in the general population has shown a sustained decrease over the past 20 years, consumption among smokers with mental illness has remained relatively unchanged[.1](#page-6-0) There is therefore a pressing need to understand the mechanisms underlying the high rate of smoking in people with mental illness. Here, we focus specifically on the relationship between cigarette smoking and depression and anxiety.

Currently, there are several hypotheses that have been proposed to explain the high rates of smoking in people with depression and anxiety. The self-medication hypothesis postulates that individuals turn to smoking to alleviate their symptoms[5–7](#page-6-4) and therefore suggests that symptoms of depression and anxiety may lead to smoking. An alternative hypothesis is that smoking may lead to depression or anxiety, through effects on an individual's neurocircuitry that increases susceptibility to environmental stressors. Animal models indicate that prolonged nicotine exposure dysregulates the hypothalamic–pituitary–adrenal system, resulting in hypersecretion of cortisol and alterations in the activity of the associated monoamine neurotransmitter system, whose function is to regulate reactions to stressors,[8](#page-6-5) an effect that appears to normalize after nicotine withdrawal.[9](#page-6-6) The association between smoking and depression/anxiety may also be bidirectional, with occasional smoking initially used to alleviate symptoms, but in fact worsening them over time.[10](#page-6-7) Finally, there may in fact be no causal relationship between smoking and depression/anxiety. Instead, the association may be a product of shared risk factors (eg, common genetic influences[\)10,](#page-6-7)[11](#page-6-8) or confounding. Smokers may also report that cigarettes alleviate their symptoms due to the misattribution of withdrawal relief. Given the short half-life of nicotine that results in withdrawal symptoms (including mood symptoms) after a short period of abstinence, smokers may misattribute the relief of short-term withdrawal as reflecting a genuine anxiolytic effect of smoking[.7](#page-6-9) That is, withdrawal symptoms of increased anxiety and negative affect may be misattributed as reflecting genuine mood symptoms, which would lead to the impression that smoking improves mood.

We are therefore presented with multiple different hypotheses regarding whether there is a causal relationship between smoking and depression/anxiety and if so, what the direction of caus
physical illness in the elderly.[16,17,38-40] Lindesay[38] The DSM-IV diagnosis of GAD is made on the basis found a statistically significant association between of excessive uncontrollable worry with at least three depression, generalised anxiety and physical illness, of six associated symptoms (table I). However, four but 90% of persons with GAD had case-level de- of these six symptoms (restlessness if it is observapression. Among community-dwelling elderly indi- ble, fatigue, difficulty concentrating and sleep disviduals attending a general medical outpatient clin- turbance) are also features of major depression. Furic, only 2.2% met criteria for GAD compared with thermore, many patients with major depression ex-18% who met criteria for a depressive disorder.[41] perience significant anxiety symptoms, including Studies of clinical populations of older adults worry, apprehension, and motor tension, as part of with physical disorders have focused mainly on the the depressive illness.[27,47] Thus, differentiation of association of GAD with either stroke or Parkin- GAD from an episode of major depression funda-

criminating between GAD and major depression is contamination by germs or dirt. further confounded by the fact that some older adults do not use the word 'depression' to describe **5. Patient Evaluation** depressed mood or a depressive illness. Enquiry present with 'anxiety' or 'nerves' as their main B12 and folate, thyroid function tests and ECG.

in post-traumatic stress disorder the worry is about stomach aches, chest pain or sore muscles?""[51]

mentally rests on whether or not the person reports reliving or being reminded of a trauma, and in anhedonia (which is the core feature of major de- obsessive-compulsive disorder the worry is associpression) and/or depressed mood. However, dis- ated with obsessions, such as an irrational fear of

about depressed mood, therefore, requires use of a The diagnosis of GAD in older persons is based range of synonyms, including 'low', 'sad', 'down', on a thorough history obtained from the patient and 'unhappy', 'blue' or 'empty'. If a person has symp- the patient's family or caregivers, mental state extoms that meet criteria for both major depression amination, physical examination and laboratory and GAD, a separate diagnosis of GAD is not war- tests used to screen for physical factors that could be ranted unless it is clear that the generalised anxiety contributing to the anxiety. Screening investigations also occurs outside of episodes of
<s> Advance Access publication May 19, 2016

# **The Association of Cigarette Smoking With Depression and Anxiety: A Systematic Review**

**Meg Fluharty MRes[1,](#page-0-0)[2](#page-0-1) , Amy E. Taylor Ph[D1,](#page-0-0)[2](#page-0-1) , Meryem Grabski MRes[1,](#page-0-0)[2](#page-0-1) , Marcus R. Munafò PhD[1,](#page-0-0)[2](#page-0-1)**

<span id=""page-0-1""></span><span id=""page-0-0""></span>1 MRC Integrative Epidemiology Unit (IEU), University of Bristol, Bristol, United Kingdom; 2 UK Centre for Tobacco and Alcohol Studies, School of Experimental Psychology, University of Bristol, Bristol, United Kingdom

Corresponding Author: Meg Fluharty, MRes, UK Centre for Tobacco and Alcohol Studies, School of Experimental Psychology, University of Bristol, 12a Priory Road, Bristol BS8 1TU, United Kingdom. Telephone: 44-117-9546614; Fax: 44-117-9288588; E-mail: [meg.fluharty@bristol.ac.uk](mailto:meg.fluharty@bristol.ac.uk?subject=)

## Abstract

**Background:** Many studies report a positive association between smoking and mental illness. However, the literature remains mixed regarding the direction of this association. We therefore conducted a systematic review evaluating the association of smoking and depression and/or anxiety in longitudinal studies.

**Methods:** Studies were identified by searching PubMed, Scopus, and Web of Science and were included if they: (1) used human participants, (2) were longitudinal, (3) reported primary data, (4) had smoking as an exposure and depression and/or anxiety as an outcome, or (5) had depression and/or anxiety as the exposure and smoking as an outcome.

**Results:** Outcomes from 148 studies were categorized into: smoking onset, smoking status, smoking heaviness, tobacco dependence, and smoking trajectory. The results for each category varied substantially, with evidence for positive associations in both directions (smoking to later mental health and mental health to later smoking) as well as null findings. Overall, nearly half the studies reported that baseline depression/an
no-early imaging in the elderly, we envision other evaluations such as the comparative effectiveness of physical therapy vs. no physical therapy.

#### Data access

As the registry progresses in size and maturity, we anticipate making the BOLD resources available to researchers interested in evaluating diagnostic tests, treatments, and outcomes among elderly patients with back pain. Detailed information regarding data sharing will be available at www.backpainproject.org.

## Discussion

#### Back pain registries

In the U.S., many spine-related registries are device- or procedure-focused and hence recruit patients primarily from specialists. Outside the U.S., several prospective spine registries/cohorts have been established to study various aspects of back pain and while somewhat broader in scope, most still have a specialist focus [48-50]. In contrast, Costa and colleagues established an inception cohort of 973 primary care patients with acute (less than two weeks) low back pain [51], demonstrating both the feasibility and value of such an approach. Identifying patients early in the course allowed measurement of baseline factors that predicted progression and chronicity.

The Back Complaints in the Elders (BACE) consortium is an international group of investigators who have independently established prospective cohorts in a primary care setting to investigate back pain among seniors [52]. Investigators from the Netherlands, Australia and Brazil are collaborating to identify prognostic indicators leading to the transition from acute to chronic back pain in the elderly. The objectives of BOLD parallel those of BACE and similar study structures facilitate international comparisons.

#### Strengths of registries

A great advantage of registries is that patient enrollment is easier than intervention trials, so large sample sizes are feasible. This increases generalizability and the ability to detect rare events, such as complications.

#### Limitations of registries

Roovers highlighted the limitations of registries, including lack of proper control groups, confounding, bias, poor data quality control, and potential conflicts of interest due to industry sponsorship [53]. Due to these limitations, registries will never replace randomized controlled trials (RCTs). The most important limitation of registries in general is the lack of a pre-defined control group. However, we can identify important subgroups contained within the registry to use for comparative effectiveness evaluations, such as patients with and without early imaging, and use propensity-matched controls to minimize selection bias associated with treatment or diagnostic testing.

<sup>††</sup> Conservatively assumes 1:1 case to control ratio, calculated for one-year time period, cost standard deviations of
checks the data for quality. We defined specific logic rules for establishing the internal consistency of responses across several variables. When necessary, we check the original data collection forms or re-contact the subject.

#### Analytic approach

In many registries, there may be a relatively small subgroup of interest (e.g., a treatment or diagnostic testing prevalence of 1 or 2%) and a large number of controls available for a comparative analysis of outcomes. As a general analytic approach in BOLD, we will evaluate cases in comparative studies using 3:1 matched controls with the nearest propensity score [31].

Propensity-based matching is a strategy for assembling similar groups of patients in the absence of randomization. We will use this method to select control patients who are

similar to patients who have selectively received the intervention of interest (e.g. early imaging). If we do not appropriately match controls on important baseline characteristics to patients who receive the intervention, there is a risk of obtaining biased results when comparing cases with controls due to confounding [31-37]. Propensity score matching aims to provide a valid estimate of the intervention effect by comparing patients who have and have not had the intervention and who also have similar observed characteristics.

For a given research question and set of patients, we will use logistic regression models (or multi-level logistic regression models for ordinal or multilevel treatments; e.g., levels of treatment dose) to generate a propensity score for each person, using variables that are significant predictors of the intervention of interest. We will then match the propensity score of each case who received the intervention to the nearest propensity scores (up to 3) available among control patients whose propensity scores lie within a caliper window of 0.2σ of the case index, where σ is a measure of variation in the propensity score distributions of cases and controls as given in Rosenbaum and Rubin [35]. If no control propensity scores fall within the caliper window of a particular index case, then the index case will be excluded from any analyses.

#### Observational cohort of early imaging

We will conduct an observational cohort study of early imaging in seniors with new visits for back pain as our first comparative study using data from the BOLD registry. Our goal is to test the hypothesis that imaging of the lumbar spine within 6 weeks of the index visit (early imaging) is associated with worse patient outcomes and increased health care utilization and costs. Patients who get early imaging may be those with the worst pain or most alarming clinical presentation. However, given the variability in clinician ordering patterns, there is also a reasonable likelihood that those patients who do and do not get early
P = 3.6×10<sup>-10</sup>). This was very similar to results of the direct observational case-control study between OSAS and BC risk (OR = 2.80; 95% CI = 2.24-3.50; P =1.4×10<sup>-19</sup>). Replication in the Asian population of the BCAC study also supported our results (IVW OR, 1.33 for BC risk per log-odds increment in OSAS risk, 95% CI = 1.13-1.56; P = 0.0006). Sensitivity analyses confirmed the robustness of our findings. We provide novel evidence that genetically determined higher risk of OSAS has a causal effect on higher risk of BC. Further studies focused on the mechanisms of the relationship between OSAS and breast carcinogenesis are needed.

#### **INTRODUCTION**

Breast cancer (BC) ranks as the most common cancer and the second most common cause of death from cancers in women worldwide [1-4]. According to the report of the Global Burden of Disease (GBD) Study 2017, the estimated annual deaths of BC was 611.6 thousand, and the all-age years of life lost (YLLs) was 16400.7 thousand globally [5]. Sleep-related mechanisms, which might initiate, exacerbate or modulate the phenotypic expression of multiple diseases, have been widely investigated for their relationships with BC [6–8]. However, less investigation has explored the potential detrimental effects of obstructive sleep apnea syndrome (OSAS), which has become a highly prevalent condition throughout the lifespan [9–16].

OSAS, a sleep-related breathing disorder characterized by recurrent cessations of breathing during sleep, could lead to intermittent hypoxia and sleep fragmentation [17]. Chronic and intermittent hypoxia have been shown to play an essential role in the progress of carcinogenesis and tumor progression [18–20]. Many observational studies have implicated the potential detrimental role of OSAS in multiple cancers, although the results were inconsistent [6, 21–24]. The causality of OSAS and BC still remains unknown due to the inherent limitations in observational studies of confounding and reverse causation.

Mendelian randomization (MR), using genetic variants as an instrument variable (IV) for the exposure to estimate causal effects of modifiable risk factors on disease outcomes, could overcome the limitations of the

<sup>&</## Communities:

### Mental Health Community: Depression and Anxiety
### Summary
This report focuses on the community of individuals affected by depression and anxiety, two closely related mental health conditions. The analysis reveals that depression and anxiety are associated, comorbid, and often co-occur in the same individuals. The text also suggests a causal relationship between depression and anxiety, as well as an increased risk of depression in individuals with anxiety. Additionally, the study of depression includes data from the UK Biobank, a large-scale health study, and the selected genetic variants for depression were obtained from the largest GWAS meta-analysis of 807,553 European-descent individuals. Furthermore, depression is associated with an increased risk of cardiovascular disease (CAD), particularly in patients with diabetes.
### Key Findings
Depression and anxiety are related mental health conditions: The text provides multiple instances of the association between depression and anxiety, suggesting that they are closely related emotional states. This relationship is further supported by the fact that they share similar symptoms and risk factors.
Depression and anxiety are comorbid conditions: The text indicates that depression and anxiety often co-occur in the same individuals. This comorbidity is significant, as it can lead to more severe symptoms and increased healthcare costs.
Depression is associated with an increased risk of CAD: The text suggests a causal relationship between depression and an increased risk of CAD, particularly in patients with diabetes. This association is supported by multiple pieces of evidence, including genetic studies and inverse-variance weighted (IVW) analysis.
Depression is associated with insomnia: The text indicates that insomnia is associated with an increased risk of depression. This association is supported by multiple pieces of evidence, including genetic studies and the fact that insomnia symptoms/disorder are reported to independently increase the risk of subsequent depression in older persons.
Depression is associated with multimorbidity: The text suggests that depression is associated with an increased risk of multimorbidity, a condition where an individual has two or more chronic diseases. This association is supported by multiple pieces of evidence, including the fact that depression increases the risk for onset of multimorbidity by 80–90%.
### Impact Rating: 8.5
The high impact severity rating is due to the prevalence of depression and anxiety, their comorbidity, and the associated health risks, including cardiovascular disease.

### Alcohol Use Disorder and Seasonal Affective Disorder Community
### Summary
This report examines the relationship between Alcohol Use Disorder (AUD) and Seasonal Affective Disorder (SAD), two mental health disorders that share a complex interplay. The analysis reveals a significant association between the two disorders, with SAD being a causal influence on AUD, as indicated by various studies. However, the relationship is not bidirectional, as AUD does not prospectively predict SAD. The findings also suggest that SAD increases the risk of incident AUD, and the two disorders often occur together in comorbid cases.
### Key Findings
SAD is a causal influence on AUD: The text suggests a causal relationship between SAD and AUD, as SAD may lead to AUD. This is supported by findings that SAD prospectively predicted AUD, but other anxiety disorders did not. The biometric modelling favoured models with direct phenotypic paths from SAD to AUD over models with shared genetic and environmental risk factors and models with direct paths from AUD to SAD.
SAD increases the risk of incident AUD: The text suggests that SAD is associated with an increased risk of incident AUD. This is supported by findings that SAD at T1 was associated with AUD at T2 in a longitudinal association.
SAD and AUD often occur together in comorbid cases: The text suggests that SAD and AUD often occur together in comorbid cases. This is supported by findings that SAD and AUD are associated, and that the two disorders share genetic risk factors.
AUD does not prospectively predict SAD: The text suggests that AUD did not prospectively predict SAD, but possibly other anxiety disorders. This indicates that the relationship between SAD and AUD is not bidirectional.
Shared genetic risk factors for AUD and anxiety disorders: The text suggests that shared genetic risk factors for AUD and anxiety disorders have been found in twin and molecular genetic studies. This indicates that there may be a genetic predisposition to both disorders.
### Impact Rating: 7.5
The high impact severity rating is due to the significant association between AUD and SAD, which can have serious consequences for individuals suffering from both disorders.

### Community of Individuals Seeking Mental Health Care and Experiencing Chronic Lower Back Pain
### Summary
This report focuses on a community of individuals who seek care from general practitioners for their mental health disorders and also experience chronic lower back pain. The community's entities are interconnected, with pain being a common factor that influences various aspects of their lives, including their health, economic resources, and daily activities. The entities are also associated with other factors such as fear avoidance beliefs, hardship, and unhealthy health behaviors.
### Key Findings
The presence of chronic lower back pain is a common experience among the community members.: The text indicates that individuals in the community seek care from general practitioners for their mental health disorders and also experience chronic lower back pain. This pain is described as an unpleasant sensory and emotional experience associated with actual or potential tissue damage.
Hardship is associated with the community, particularly in relation to Medicare Insurance Coverage.: The presence of hardship, a state of severe and prolonged difficulty or distress, is associated with the community. This hardship may be caused by factors such as poverty or other adverse circumstances. The text suggests that those with financial difficulties may be more likely to rely on Medicare for health insurance.
Fear avoidance beliefs are related to the community and may be important targets for early interventions.: Fear avoidance beliefs, as measured by a questionnaire, are associated with the community. These beliefs might be useful for early interventions, as they could be good screening variables for identifying individuals at risk for chronic pain. The text also suggests that fear avoidance beliefs might be important targets for early interventions to prevent further progression or complications.
Unhealthy health behaviors, such as smoking and alcohol consumption, may be related to the community and contribute to the development or exacerbation of pain.: The text indicates that unhealthy health behaviors, such as smoking and alcohol consumption, are associated with the community. These behaviors may be related to pain, as they can contribute to its development or exacerbation.
The International Association for the Study of Pain is related to the study of pain and the community.: The International Association for the Study of Pain is a professional organization dedicated to the study of pain and its mechanisms. The text indicates that this organization is related to the study of pain and the community, suggesting a connection between the community and the broader field of pain research.
### Impact Rating: 7.5
The community's impact severity rating of 7.5 indicates a significant influence on the individuals' health, well-being, and daily functioning due to chronic lower back pain and associated factors.

### Community of Cigarette Smoking, Depression, and Anxiety
### Summary
This report examines a community centered around the habit of cigarette smoking, its relationship with depression and anxiety, and the potential impact on the neurocircuitry of individuals. The community's key entities include cigarette smoking, depression/anxiety, bidirectional relationship, neurocircuitry, shared risk factors, and withdrawal relief.
### Key Findings
Bidirectional Relationship between Smoking and Depression/Anxiety: The community's central relationship is the bidirectional one between cigarette smoking and depression/anxiety. This theory suggests that smoking can worsen symptoms of depression and anxiety over time, but it can also be initially used as a coping mechanism, further perpetuating the cycle. This relationship is crucial to understand as it highlights the complex interplay between these conditions.
Influence of Smoking on Neurocircuitry: Animal models indicate that prolonged nicotine exposure can dysregulate the hypothalamic–pituitary–adrenal system, leading to hypersecretion of cortisol and alterations in the activity of the associated monoamine neurotransmitter system. These changes can have long-lasting effects on the neurocircuitry, potentially contributing to the development and maintenance of depression and anxiety.
Shared Risk Factors for Smoking and Depression/Anxiety: The association between smoking and depression/anxiety may be a product of shared risk factors, such as common genetic influences. Understanding these shared risk factors can help in the development of targeted interventions for both smoking cessation and the treatment of depression and anxiety.
Cause of Withdrawal Symptoms: The short half-life of nicotine results in withdrawal symptoms, including mood symptoms, after a short period of abstinence. These withdrawal symptoms can be a significant barrier to quitting smoking, as they may lead individuals to resume smoking for temporary relief.
Implication of Smoking on Depression/Anxiety: The association between smoking and depression/anxiety may also be bidirectional, with occasional smoking initially used to alleviate symptoms, but in fact worsening them over time. This implies that smoking may not be an effective coping mechanism for depression and anxiety, and may actually exacerbate these conditions.
### Impact Rating: 7.5
The community's impact is significant due to the potential for cigarette smoking to exacerbate depression and anxiety, and the long-term effects on the neurocircuitry.

### Discordant Twin Analyses Community
### Summary
This report presents an analysis of the Discordant Twin Analyses community, a group of researchers and practitioners focused on investigating the role of genetic and environmental factors in the development of traits. The community's primary tool, Discordant Twin Analyses, is used to study the impact of these factors on various health outcomes, including depression and anxiety. However, it is important to note that the assumption made by this technique, that genetic associations represent confounding, may not always hold true for phenotypic causality.
### Key Findings
Discordant Twin Analyses Assumption: Discordant Twin Analyses assumes that genetic associations represent confounding, but this assumption may not always hold true for phenotypic causality. This misassumption could lead to inaccurate conclusions about the relationship between genetic factors and health outcomes.
Role of Non-Shared Environment: Non-shared environmental factors, unique to each individual, can significantly affect the relationship between education and various health outcomes. This factor can lead to confounding, making it difficult to determine the true causality between education and health outcomes.
Impact on Smoking and Depression/Anxiety: Non-shared environmental factors can also affect the relationship between smoking and depression/anxiety, potentially leading to confounding. This means that it may be difficult to determine whether smoking directly causes depression/anxiety or if there are other factors at play.
Role of Shared Environment: Shared environmental factors, such as family environment, parenting, and upbringing, can also affect the relationship between education and various health outcomes. This factor can lead to confounding, making it difficult to determine the true causality between education and health outcomes.
Impact on Smoking and Depression/Anxiety: Shared environmental factors can also affect the relationship between smoking and depression/anxiety, potentially leading to confounding. This means that it may be difficult to determine whether smoking directly causes depression/anxiety or if there are other shared factors at play.
Implications for Research: Understanding the role of non-shared and shared environmental factors in the relationship between various health outcomes and factors such as smoking and education is crucial for conducting accurate research. The Discordant Twin Analyses community's work highlights the need for careful consideration of these factors to avoid confounding and ensure accurate conclusions.
### Impact Rating: 7.5
The Discordant Twin Analyses community's work has a significant impact on understanding the complex interplay between genetics, environment, and health outcomes.

## Relationships:

(Age: The age of the participants in the study.)--[AGE: The study sample characteristics by depression-anxiety status showed significant group differences in age]-->(Comorbid Depression And Anxiety: The co-occurrence of depression and anxiety in an individual. This can exacerbate the symptoms of both conditions and can be more difficult to treat.)
(Smoking: The smoking habits of the participants in the study by Linton et al.)--[ASSOCIATION: Smoking has been associated with an increased risk of comorbid depression and anxiety.]-->(Comorbid Depression And Anxiety: The co-occurrence of depression and anxiety in an individual. This can exacerbate the symptoms of both conditions and can be more difficult to treat.)
(Smoking: The smoking habits of the participants in the study by Linton et al.)--[EXPOSURE: Smoking is the exposure in the systematic review 'The Association of Cigarette Smoking With Depression and Anxiety: A Systematic Review'.]-->(The Association Of Cigarette Smoking With Depression And Anxiety: A Systematic Review: None)
(Depression: Depression refers to a mood disorder characterized by persistent feelings of sadness, hopelessness, and a lack of interest or pleasure in activities.)--[OUTCOME: Depression is one of the outcomes in the systematic review 'The Association of Cigarette Smoking With Depression and Anxiety: A Systematic Review'.]-->(The Association Of Cigarette Smoking With Depression And Anxiety: A Systematic Review: None)
(Depression: Depression refers to a mood disorder characterized by persistent feelings of sadness, hopelessness, and a lack of interest or pleasure in activities.)--[RELATED_TO: It is possible the associations observed between smoking and depression may be a result of shared genetic and environmental factors.]-->(Shared Genetic And Environmental Factors: The idea that the associations observed between smoking and mental health may be a result of shared genetic and environmental factors.)
(Female: One of the two main categories of sex, the other being male.)--[GENDER: A higher proportion of women had comorbid depression and anxiety compared to men]-->(Comorbid Depression And Anxiety: The co-occurrence of depression and anxiety in an individual. This can exacerbate the symptoms of both conditions and can be more difficult to treat.)
(Anxiety: Anxiety refers to feelings of worry, fear, and apprehension.)--[OUTCOME: Anxiety is one of the outcomes in the systematic review 'The Association of Cigarette Smoking With Depression and Anxiety: A Systematic Review'.]-->(The Association Of Cigarette Smoking With Depression And Anxiety: A Systematic Review: None)
(Anxiety: Anxiety refers to feelings of worry, fear, and apprehension.)--[RELATED_TO: It is possible the associations observed between smoking and anxiety may be a result of shared genetic and environmental factors.]-->(Shared Genetic And Environmental Factors: The idea that the associations observed between smoking and mental health may be a result of shared genetic and environmental factors.)
(Unadjusted: A statistical analysis that does not take into account other variables that may influence the relationship between obesity/overweight and anxiety.)--[STATISTICAL_ANALYSIS: The text refers to a statistical analysis that does not take into account other variables that may influence the relationship between obesity/overweight and anxiety.]-->(Anxiety: Anxiety refers to feelings of worry, fear, and apprehension.)
(Smoking_Association: The association between smoking and various health issues, including pain, depression, anxiety, and sleep disturbance)--[ASSOCIATED_WITH: Smoking is associated with pain]-->(Pain: An unpleasant sensory and emotional experience associated with actual or potential tissue damage)
(Aud: Alcohol Use Disorder (AUD) is a chronic relapsing brain disorder characterized by an impaired ability to stop or control alcohol use despite adverse social, occupational, or health consequences. It is often associated with a range of physical, psychological, and social problems.)--[GENERAL_RELATIONSHIP_BETWEEN_ANXIETY_DISORDERS_AND_AUD: The text suggests that the association between SAD and AUD reflects a broader association between AUD and anxiety disorders, rather than SAD specifically.]-->(General Relationship Between Anxiety Disorders And Aud: General Relationship between Anxiety Disorders and AUD refers to the overall association between anxiety disorders and AUD, which may not be specific to SAD.)
(Arthritis: Arthritis is a joint disorder characterized by inflammation.)--[CHRONIC_CONDITION: Individuals with comorbid depression and anxiety had the highest prevalence of arthritis]-->(Comorbid Depression And Anxiety: The co-occurrence of depression and anxiety in an individual. This can exacerbate the symptoms of both conditions and can be more difficult to treat.)
(Sad: Seasonal Affective Disorder (SAD) is a type of mood disorder that is characterized by the onset of depressive symptoms during the winter months. It is believed to be caused by a lack of sunlight and is associated with symptoms such as depression, fatigue, and difficulty sleeping.)--[GENERAL_RELATIONSHIP_BETWEEN_ANXIETY_DISORDERS_AND_AUD: The text suggests that the association between SAD and AUD reflects a broader association between AUD and anxiety disorders, rather than SAD specifically.]-->(General Relationship Between Anxiety Disorders And Aud: General Relationship between Anxiety Disorders and AUD refers to the overall association between anxiety disorders and AUD, which may not be specific to SAD.)
(Obese: A condition characterized by an excess of body fat, as measured by a body mass index (BMI) of 30 or more. Obesity is associated with a higher risk of various health problems, including intervertebral disc disease (IVDD), sciatica, and lower back pain (LBP).)--[WEIGHT: A higher proportion of obese individuals had comorbid depression and anxiety compared to those with normal weight]-->(Comorbid Depression And Anxiety: The co-occurrence of depression and anxiety in an individual. This can exacerbate the symptoms of both conditions and can be more difficult to treat.)
(Confounding: A factor that may influence the relationship between smoking and depression/anxiety, making it difficult to determine causality.)--[ISSUE: The inherent limitations in observational studies of confounding.]-->(Observational Studies: Studies that observe and measure variables without manipulating them)
(Psychotropic Medication: Medications used to treat mental disorders. In this text, the number of patients taking at least one psychotropic medication is provided.)--[TREATS: Psychotropic medications are often used to treat comorbid depression and anxiety]-->(Comorbid Depression And Anxiety: The co-occurrence of depression and anxiety in an individual. This can exacerbate the symptoms of both conditions and can be more difficult to treat.)
",,,False,
Depression,Catastrophizing,True,"Reasoning Process:
Step 1: The report on the community of Mediation and Cognitive Change in Lower Back Pain Treatment suggests that cognitive change is a result of treatment, which includes interventions for depression. This implies that a change in Depression (through treatment) could lead to a change in Catastrophizing, as Catastrophizing is one of the variables measured in the study.
Step 2: The report on Major Depressive Disorder (MDD) and Loneliness Community states that MDD is associated with increased risk of catastrophizing. Since MDD is a mental health disorder characterized by persistent feelings of sadness, hopelessness, and a lack of interest or pleasure in activities, it can be inferred that a change in Depression (in this case, an increase in Depression) could lead to an increase in Catastrophizing.
Step 3: The report on Cigarette Smoking, Depression, and Anxiety suggests a bidirectional relationship between smoking and depression, with occasional smoking initially used to alleviate symptoms, but in fact worsening them over time. Since catastrophizing is a symptom of depression, it can be inferred that a change in Depression (an increase in Depression due to smoking) could lead to an increase in Catastrophizing.
Step 4: The report on the community of Mental Health (Depression and Anxiety) states that depression and anxiety are related mental health conditions and often co-occur in the same individuals. Since catastrophizing is a symptom of both depression and anxiety, it can be inferred that a change in Depression (an increase in Depression due to any cause) could lead to an increase in Catastrophizing.
Step 5: The report on Chronic Lower Back Pain Research Community does not directly address the relationship between Depression and Catastrophizing. However, since the report focuses on various aspects of chronic lower back pain, including its risk factors and potential treatments, it is reasonable to infer that Depression (as a risk factor or a symptom of chronic lower back pain) could indirectly influence Catastrophizing through the pain experience.
Step 6: The report on MDD and Loneliness Community does not directly address the relationship between Depression and Catastrophizing. However, since MDD is associated with increased risk of catastrophizing, it is reasonable to infer that a change in Depression (an increase in Depression due to any cause) could lead to an increase in Catastrophizing.

Conclusion: Yes","# Report:
## Chunks:

P = 3.6×10<sup>-10</sup>). This was very similar to results of the direct observational case-control study between OSAS and BC risk (OR = 2.80; 95% CI = 2.24-3.50; P =1.4×10<sup>-19</sup>). Replication in the Asian population of the BCAC study also supported our results (IVW OR, 1.33 for BC risk per log-odds increment in OSAS risk, 95% CI = 1.13-1.56; P = 0.0006). Sensitivity analyses confirmed the robustness of our findings. We provide novel evidence that genetically determined higher risk of OSAS has a causal effect on higher risk of BC. Further studies focused on the mechanisms of the relationship between OSAS and breast carcinogenesis are needed.

#### **INTRODUCTION**

Breast cancer (BC) ranks as the most common cancer and the second most common cause of death from cancers in women worldwide [1-4]. According to the report of the Global Burden of Disease (GBD) Study 2017, the estimated annual deaths of BC was 611.6 thousand, and the all-age years of life lost (YLLs) was 16400.7 thousand globally [5]. Sleep-related mechanisms, which might initiate, exacerbate or modulate the phenotypic expression of multiple diseases, have been widely investigated for their relationships with BC [6–8]. However, less investigation has explored the potential detrimental effects of obstructive sleep apnea syndrome (OSAS), which has become a highly prevalent condition throughout the lifespan [9–16].

OSAS, a sleep-related breathing disorder characterized by recurrent cessations of breathing during sleep, could lead to intermittent hypoxia and sleep fragmentation [17]. Chronic and intermittent hypoxia have been shown to play an essential role in the progress of carcinogenesis and tumor progression [18–20]. Many observational studies have implicated the potential detrimental role of OSAS in multiple cancers, although the results were inconsistent [6, 21–24]. The causality of OSAS and BC still remains unknown due to the inherent limitations in observational studies of confounding and reverse causation.

Mendelian randomization (MR), using genetic variants as an instrument variable (IV) for the exposure to estimate causal effects of modifiable risk factors on disease outcomes, could overcome the limitations of the

<sup>&</
, the present study results might be caused at least partially by nonspecific factors of the treatment such as a clear treatment rationale, a highly structured and standardized treatment program, and emphasis on active participation and responsibility for generalization[.26,44](#page-9-0)

In conclusion, this study showed that treatment elements that do not deliberately target cognitive factors but instead concentrate on letting the patients experience that performing physical exercises or normally hampered activities in a controlled environment is still possible are responsible for a substantial cognitive change.

The lack of change in internal control of pain was not expected. This might be attributed to the fact that the cognitive treatment consisting of the PST and the operant behavioral GA training was not specifically aimed at changing the internal control of pain. In the study of Spinhoven et al[,44](#page-9-0) which did show an increase of control of pain, the cognitive treatment specifically aimed at increasing pain control and self-efficacy beliefs. Another explanation might be the internal control of pain subscale of the PCL itself. Currently there is no information about the responsiveness of this scale. In addition, the baseline score seemed already moderate to high in all treatment groups (mean score ranged from 15.6 to 16.6). However, in the absence of normative values for the <span id=""page-8-0""></span>healthy population, it is difficult to judge whether there existed a ceiling effect for this measure.

A weakness of this study and most previous studies alike is that the results are based on self-report only, which might be influenced by a number of self-serving biases. On the other hand, by using the 3-step process for assessing mediation as described by Baron and Kenny5 and statistically testing the results with Sobel's *t* test, the mediating effect of pain catastrophizing seems quite solid. To examine whether we are not merely measuring correlation and that the change in mediator really precedes the change in outcome, Burns et al11,12 suggested using cross-lagged correlation. In their uncontrolled study on chronic pain patients attending a multidisciplinary treatment, they collected data on pain catastrophizing, helplessness, depression, and the outcome (multidimensional pain inventory) at before, during, and after treatment. An early change in cognitions appeared to predict late treatment change of pain and disability but not the other way around.

Although we performed a controlled study, we were not able to collect data at mid-treatment, and a crosslagged correlation was not possible. Therefore, the direction of causality among the variables remains ambiguous. Taking the results of Burns et al11,12 into consideration, it seems that the direction
physical illness in the elderly.[16,17,38-40] Lindesay[38] The DSM-IV diagnosis of GAD is made on the basis found a statistically significant association between of excessive uncontrollable worry with at least three depression, generalised anxiety and physical illness, of six associated symptoms (table I). However, four but 90% of persons with GAD had case-level de- of these six symptoms (restlessness if it is observapression. Among community-dwelling elderly indi- ble, fatigue, difficulty concentrating and sleep disviduals attending a general medical outpatient clin- turbance) are also features of major depression. Furic, only 2.2% met criteria for GAD compared with thermore, many patients with major depression ex-18% who met criteria for a depressive disorder.[41] perience significant anxiety symptoms, including Studies of clinical populations of older adults worry, apprehension, and motor tension, as part of with physical disorders have focused mainly on the the depressive illness.[27,47] Thus, differentiation of association of GAD with either stroke or Parkin- GAD from an episode of major depression funda-

criminating between GAD and major depression is contamination by germs or dirt. further confounded by the fact that some older adults do not use the word 'depression' to describe **5. Patient Evaluation** depressed mood or a depressive illness. Enquiry present with 'anxiety' or 'nerves' as their main B12 and folate, thyroid function tests and ECG.

in post-traumatic stress disorder the worry is about stomach aches, chest pain or sore muscles?""[51]

mentally rests on whether or not the person reports reliving or being reminded of a trauma, and in anhedonia (which is the core feature of major de- obsessive-compulsive disorder the worry is associpression) and/or depressed mood. However, dis- ated with obsessions, such as an irrational fear of

about depressed mood, therefore, requires use of a The diagnosis of GAD in older persons is based range of synonyms, including 'low', 'sad', 'down', on a thorough history obtained from the patient and 'unhappy', 'blue' or 'empty'. If a person has symp- the patient's family or caregivers, mental state extoms that meet criteria for both major depression amination, physical examination and laboratory and GAD, a separate diagnosis of GAD is not war- tests used to screen for physical factors that could be ranted unless it is clear that the generalised anxiety contributing to the anxiety. Screening investigations also occurs outside of episodes of
2% of all cigarettes consumed in England are consumed by those with mental illness, although this includes substance use disorders[.4](#page-6-3) Additionally, while cigarette consumption in the general population has shown a sustained decrease over the past 20 years, consumption among smokers with mental illness has remained relatively unchanged[.1](#page-6-0) There is therefore a pressing need to understand the mechanisms underlying the high rate of smoking in people with mental illness. Here, we focus specifically on the relationship between cigarette smoking and depression and anxiety.

Currently, there are several hypotheses that have been proposed to explain the high rates of smoking in people with depression and anxiety. The self-medication hypothesis postulates that individuals turn to smoking to alleviate their symptoms[5–7](#page-6-4) and therefore suggests that symptoms of depression and anxiety may lead to smoking. An alternative hypothesis is that smoking may lead to depression or anxiety, through effects on an individual's neurocircuitry that increases susceptibility to environmental stressors. Animal models indicate that prolonged nicotine exposure dysregulates the hypothalamic–pituitary–adrenal system, resulting in hypersecretion of cortisol and alterations in the activity of the associated monoamine neurotransmitter system, whose function is to regulate reactions to stressors,[8](#page-6-5) an effect that appears to normalize after nicotine withdrawal.[9](#page-6-6) The association between smoking and depression/anxiety may also be bidirectional, with occasional smoking initially used to alleviate symptoms, but in fact worsening them over time.[10](#page-6-7) Finally, there may in fact be no causal relationship between smoking and depression/anxiety. Instead, the association may be a product of shared risk factors (eg, common genetic influences[\)10,](#page-6-7)[11](#page-6-8) or confounding. Smokers may also report that cigarettes alleviate their symptoms due to the misattribution of withdrawal relief. Given the short half-life of nicotine that results in withdrawal symptoms (including mood symptoms) after a short period of abstinence, smokers may misattribute the relief of short-term withdrawal as reflecting a genuine anxiolytic effect of smoking[.7](#page-6-9) That is, withdrawal symptoms of increased anxiety and negative affect may be misattributed as reflecting genuine mood symptoms, which would lead to the impression that smoking improves mood.

We are therefore presented with multiple different hypotheses regarding whether there is a causal relationship between smoking and depression/anxiety and if so, what the direction of caus
#page-13-17). Likewise, in line with previous evidenc[e66](#page-13-26), we find support for a causal effect of liability to MDD on smoking, which, in turn, can lead to inflammation.

On multivariable MR analysis, we observed that only the association between genetic liability to MDD and coronary artery disease remained statistically significant after adjusting for the psychosocial or lifestyle or metabolic covariates. We found that adjusting for smoking status attenuates the association between genetic liability to MDD and peripheral artery disease, for which smoking is a strong risk factor[67.](#page-13-27) Interestingly, we find that loneliness is an equally important factor explaining the relationship between MDD and peripheral artery disease. This emphasizes the need for interventions and preventive policies for reducing loneliness in the population, which has further increased in prevalence during the coronavirus disease 2019 pandemic and has been described as a pandemic itself[68,](#page-13-28)[69](#page-13-29).

For most CVDs, no risk factor group could fully explain the genetic association between MDD and the CVD, which suggests the existence of additional mechanisms that are not captured by the genetic data used in the study. For instance, GWAS measure lifetime genetic risk and cannot capture dynamic processes of cumulative and interactive risk. Future studies should validate our findings using longitudinal data. Follow-up studies could also investigate the clinical usefulness of PRS for the shared liability to MDD–ASCVD and evaluate their ability to identify individuals at risk for immunometabolic depression, as we were unable to investigate this due to sample overlap in the present study. Another limitation is that the MiXeR model was not able to accurately estimate the genetic overlap between MDD and IL6. The likely reason the MiXeR model failed in this case is the markedly different genetic architectures of the two traits, with MDD being highly polygenic and IL6 being the least polygenic of the traits in the study, combined with the low sample size of the IL6 GWAS. Finally, to assess generalizability, these findings should be replicated with data from different ancestry sources. The lack of large genetic datasets from non-European populations is a crucial limitation that is widely acknowledged and yet difficult to circumvent. Observational studies have shown that MDD and CVDs could demonstrate different associations depending on ancestry[70](#page-13-30)[,71](#page-13-31), and more research is needed to understand such differences[22](#page-12-2
                                    | .34        |     |   |
| Sample 2                                                                                            | 72        | FABQ-PA; FABQ-W                     | NRS                                                                     | .09        |     |   |
| Cleland et al. (2007)                                                                               | 78        | FABQ-PA; FABQ-W;<br>TSK; TSK-13     | CPII                                                                    | .32        | .96 |   |
| Combs et al. (2015)                                                                                 | 102       | TSK                                 | VAS                                                                     | .43        | .76 |   |
| Cook, Brawer, and Vowles (2006)                                                                     | 469       | TSK-13-harm; TSK<br>13-avoidance    | VAS; SF-MPQ-PRI;<br>SF-MPQ-PPI                                          | .40        | .84 |   |
|                                                                                                     |           |                                     |                                                                         |            |     |   |

(*table continues*)

This document is copyrighted by the American Psychological Association or one of its allied publishers. This article is intended solely for the personal use of the individual user and is not to be disseminated broadly. All rights, including for text and data mining, AI training, and similar technologies, are reserved.

Table 4 (*continued*)

| Study                                                                          | N   | FOP                                                 | Pain intensity                    | rxy | x   | y   |
|--------------------------------------------------------------------------------|-----|-----------------------------------------------------|-----------------------------------|-----|-----|-----|
| Coons, Hadjistavropoulos, and Asmundson (2004)                                 | 201 | PASS-20-C; PASS-20-<br>AV; PASS-20-FA;<br>PASS-20-P | MPI-pain severity                 | .26 | .91 |     |
| Corbière et al. (2011)                                                         | 110 | FABQ-PA; FABQ-W                                     | SF-MPQ-PRI; SF<br>MPQ-PPI         | .35 | .82 | .94 |
| Cordeiro, Pezarat-Corre## Communities:

### Mental Health Community: Depression and Anxiety
### Summary
This report focuses on the community of individuals affected by depression and anxiety, two closely related mental health conditions. The analysis reveals that depression and anxiety are associated, comorbid, and often co-occur in the same individuals. The text also suggests a causal relationship between depression and anxiety, as well as an increased risk of depression in individuals with anxiety. Additionally, the study of depression includes data from the UK Biobank, a large-scale health study, and the selected genetic variants for depression were obtained from the largest GWAS meta-analysis of 807,553 European-descent individuals. Furthermore, depression is associated with an increased risk of cardiovascular disease (CAD), particularly in patients with diabetes.
### Key Findings
Depression and anxiety are related mental health conditions: The text provides multiple instances of the association between depression and anxiety, suggesting that they are closely related emotional states. This relationship is further supported by the fact that they share similar symptoms and risk factors.
Depression and anxiety are comorbid conditions: The text indicates that depression and anxiety often co-occur in the same individuals. This comorbidity is significant, as it can lead to more severe symptoms and increased healthcare costs.
Depression is associated with an increased risk of CAD: The text suggests a causal relationship between depression and an increased risk of CAD, particularly in patients with diabetes. This association is supported by multiple pieces of evidence, including genetic studies and inverse-variance weighted (IVW) analysis.
Depression is associated with insomnia: The text indicates that insomnia is associated with an increased risk of depression. This association is supported by multiple pieces of evidence, including genetic studies and the fact that insomnia symptoms/disorder are reported to independently increase the risk of subsequent depression in older persons.
Depression is associated with multimorbidity: The text suggests that depression is associated with an increased risk of multimorbidity, a condition where an individual has two or more chronic diseases. This association is supported by multiple pieces of evidence, including the fact that depression increases the risk for onset of multimorbidity by 80–90%.
### Impact Rating: 8.5
The high impact severity rating is due to the prevalence of depression and anxiety, their comorbidity, and the associated health risks, including cardiovascular disease.

### Chronic Lower Back Pain Research Community: Investigating Prevalence and Risk Factors
### Summary
This report provides an overview of a community of studies investigating chronic lower back pain. The studies vary in their methodology, including cross-sectional data, Mendelian randomization analyses, and clinical trials. The community focuses on various aspects of chronic lower back pain, such as its prevalence, risk factors, and potential treatments. The studies also consider potential confounders, such as physical abuse in childhood, and potential limitations, such as the first-night effect and the potential influence of opioid therapy. The community's findings may have significant implications for understanding and managing chronic lower back pain in the population.
### Key Findings
Studies use various methodologies: The community includes studies that use different methodologies, such as cross-sectional data, Mendelian randomization analyses, and clinical trials. This diversity in methodology allows for a more comprehensive understanding of chronic lower back pain.
Studies investigate various aspects of chronic lower back pain: The community's studies focus on various aspects of chronic lower back pain, including its prevalence, risk factors, and potential treatments. This broad focus provides a holistic understanding of the condition.
Studies consider potential confounders: The community's studies take into account potential confounders, such as physical abuse in childhood and the first-night effect. This consideration helps to ensure that the findings are accurate and reliable.
Studies may have potential limitations: The community's studies may have potential limitations, such as the potential influence of opioid therapy and the use of summary-level data. These limitations should be considered when interpreting the findings.
Findings may have significant implications for managing chronic lower back pain: The community's findings may have significant implications for managing chronic lower back pain in the population. For example, understanding the relationship between physical abuse in childhood and chronic lower back pain could help to identify individuals at risk and develop targeted interventions.
### Impact Rating: 8.5
The high impact severity rating reflects the significant implications of the community's findings for understanding and managing chronic lower back pain in the population.

### Major Depressive Disorder (MDD) and Loneliness Community
### Summary
This report examines the relationships between Major Depressive Disorder (MDD) and loneliness, as well as their associations with cardiovascular diseases, inflammation, and metabolic factors. The findings suggest that loneliness is a significant risk factor for MDD, and that MDD is associated with increased inflammation and metabolic factors. Both MDD and loneliness are also comorbid with cardiovascular diseases.
### Key Findings
Loneliness is a risk factor for MDD: The text provides evidence that loneliness is a risk factor for MDD, as it is associated with an increased liability to MDD and an increased risk of MDD. This suggests that addressing loneliness may be an important intervention for preventing and treating MDD.
Loneliness and MDD are associated with increased risk of cardiovascular diseases: The text indicates that MDD and cardiovascular diseases are often comorbid, with MDD rates of up to 41% in selected physical diseases. Additionally, loneliness has been associated with an increased risk of MDD, which in turn increases the risk of future cardiovascular events. This suggests that addressing loneliness and MDD may be important for reducing the risk of cardiovascular diseases.
Inflammation is a risk factor for MDD: The text suggests that inflammation is involved in the pathophysiology of depression and is a risk factor for MDD. This is supported by the observation that MDD is associated with inflammation in a proportion of individuals, and that MDD shows a genetic correlation with levels of C-reactive protein, a marker of inflammation.
MDD is associated with metabolic factors: The text indicates that MDD is associated with metabolic factors, as people with MDD have a higher total food intake and reduced diet quality. Additionally, MDD is associated with increased risk for Type II Diabetes, and shows a genetic correlation with Type II Diabetes. This suggests that addressing MDD may be important for managing metabolic health.
Loneliness and MDD share genetic and biological pathways: The text suggests that there is a strong genetic overlap between MDD and ASCVD, as well as a shared biological pathway through the gut microbiome. This suggests that there may be numerous pathological mechanisms implicated in both MDD and physical diseases that increase the risk or exacerbate comorbidity.
### Impact Rating: 8.5
The high impact severity rating is due to the significant association between MDD and loneliness, as well as the potential for these conditions to increase the risk of cardiovascular diseases and other physical health problems.

### Community of Mediation and Cognitive Change in Lower Back Pain Treatment
### Summary
This report presents an analysis of a community centered around the use of mediation and cognitive change in the treatment of chronic lower back pain. The key entities within this community are Mediation, Cognitive Change, Sobel's T Test, and Eating Less. The relationships between these entities reveal insights into the analysis and testing of the mediation concept, potential effects of financial hardship on treatment adherence, and the role of cognitive change in the treatment process.
### Key Findings
Mediation Concept and Its Role in Analyzing Treatment Effects: The central entity in this community is Mediation, a statistical concept used to assess the relationship between variables, specifically the mediating effect of pain catastrophizing. This concept is used to analyze the relationship between variables, as demonstrated by the relationship between Mediation and Sobel's T Test. Sobel's T Test is a statistical test used to test the results of the mediation analysis, further validating the use of Mediation in understanding the treatment effects.
Cognitive Change as a Result of Treatment: Cognitive Change is another key entity within this community. It refers to a substantial cognitive change observed in patients after undergoing the treatment, possibly due to the structured and standardized nature of the treatment. This change is significant, as it suggests that the treatment not only alleviates physical pain but also has a positive impact on the patient's cognitive functioning.
Potential Effects of Financial Hardship on Treatment Adherence: Eating Less, which refers to a reduction in food intake, is a factor that may affect an individual's ability to take medications properly. This relationship is indirect, as Eating Less affects the individual's financial situation, which in turn may impact their ability to adhere to the treatment regimen. This finding underscores the importance of addressing financial barriers to treatment to ensure optimal outcomes.
The Importance of Mediation in Understanding Treatment Effects: The relationships within this community highlight the importance of Mediation in understanding the treatment effects. By using Mediation and Sobel's T Test to analyze the relationship between variables, researchers can gain a deeper understanding of the mechanisms underlying the treatment's effects, which can inform the development of more effective interventions.
Implications for Future Research and Treatment: The findings from this community suggest several directions for future research. For instance, further studies could explore the long-term effects of cognitive change on pain management and overall quality of life. Additionally, interventions could be designed to address financial hardship and improve treatment adherence, potentially enhancing the effectiveness of the treatment.
### Impact Rating: 6.5
The community's impact is moderate, as it provides valuable insights into the treatment of chronic lower back pain through the use of mediation and cognitive change.

### Community of Cigarette Smoking, Depression, and Anxiety
### Summary
This report examines a community centered around the habit of cigarette smoking, its relationship with depression and anxiety, and the potential impact on the neurocircuitry of individuals. The community's key entities include cigarette smoking, depression/anxiety, bidirectional relationship, neurocircuitry, shared risk factors, and withdrawal relief.
### Key Findings
Bidirectional Relationship between Smoking and Depression/Anxiety: The community's central relationship is the bidirectional one between cigarette smoking and depression/anxiety. This theory suggests that smoking can worsen symptoms of depression and anxiety over time, but it can also be initially used as a coping mechanism, further perpetuating the cycle. This relationship is crucial to understand as it highlights the complex interplay between these conditions.
Influence of Smoking on Neurocircuitry: Animal models indicate that prolonged nicotine exposure can dysregulate the hypothalamic–pituitary–adrenal system, leading to hypersecretion of cortisol and alterations in the activity of the associated monoamine neurotransmitter system. These changes can have long-lasting effects on the neurocircuitry, potentially contributing to the development and maintenance of depression and anxiety.
Shared Risk Factors for Smoking and Depression/Anxiety: The association between smoking and depression/anxiety may be a product of shared risk factors, such as common genetic influences. Understanding these shared risk factors can help in the development of targeted interventions for both smoking cessation and the treatment of depression and anxiety.
Cause of Withdrawal Symptoms: The short half-life of nicotine results in withdrawal symptoms, including mood symptoms, after a short period of abstinence. These withdrawal symptoms can be a significant barrier to quitting smoking, as they may lead individuals to resume smoking for temporary relief.
Implication of Smoking on Depression/Anxiety: The association between smoking and depression/anxiety may also be bidirectional, with occasional smoking initially used to alleviate symptoms, but in fact worsening them over time. This implies that smoking may not be an effective coping mechanism for depression and anxiety, and may actually exacerbate these conditions.
### Impact Rating: 7.5
The community's impact is significant due to the potential for cigarette smoking to exacerbate depression and anxiety, and the long-term effects on the neurocircuitry.

## Relationships:

(Mdd: Major Depressive Disorder (MDD) is a mental health disorder characterized by persistent feelings of sadness, hopelessness, and a lack of interest or pleasure in activities. It can also lead to a variety of physical and emotional problems and can greatly affect a person's ability to function at work and in relationships.)--[ASSOCIATION: People with MDD are significantly more likely to engage in excessive alcohol use.]-->(Alcohol: Alcohol consumption (number of drinks per week))
(Age: The age of the participants in the study.)--[ASSOCIATED_WITH: Age is associated with the onset and severity of MDD.]-->(Mdd: Major Depressive Disorder (MDD) is a mental health disorder characterized by persistent feelings of sadness, hopelessness, and a lack of interest or pleasure in activities. It can also lead to a variety of physical and emotional problems and can greatly affect a person's ability to function at work and in relationships.)
(Smoking: The smoking habits of the participants in the study by Linton et al.)--[RISK_FACTOR: Smoking has been identified as a risk factor for MDD.]-->(Mdd: Major Depressive Disorder (MDD) is a mental health disorder characterized by persistent feelings of sadness, hopelessness, and a lack of interest or pleasure in activities. It can also lead to a variety of physical and emotional problems and can greatly affect a person's ability to function at work and in relationships.)
(Mdd: Major Depressive Disorder (MDD) is a mental health disorder characterized by persistent feelings of sadness, hopelessness, and a lack of interest or pleasure in activities. It can also lead to a variety of physical and emotional problems and can greatly affect a person's ability to function at work and in relationships.)--[ASSOCIATED_WITH: MDD is associated with increased smoking behavior.]-->(Smoking: The smoking habits of the participants in the study by Linton et al.)
(Mdd: Major Depressive Disorder (MDD) is a mental health disorder characterized by persistent feelings of sadness, hopelessness, and a lack of interest or pleasure in activities. It can also lead to a variety of physical and emotional problems and can greatly affect a person's ability to function at work and in relationships.)--[CAUSAL_EFFECT: MDD is a causal factor leading to smoking.]-->(Smoking: The smoking habits of the participants in the study by Linton et al.)
(Mdd: Major Depressive Disorder (MDD) is a mental health disorder characterized by persistent feelings of sadness, hopelessness, and a lack of interest or pleasure in activities. It can also lead to a variety of physical and emotional problems and can greatly affect a person's ability to function at work and in relationships.)--[ASSOCIATION: The text suggests an association between increased liability to MDD and increased smoking.]-->(Smoking: The smoking habits of the participants in the study by Linton et al.)
(Smoking: The smoking habits of the participants in the study by Linton et al.)--[CAUSAL_EFFECT: The text suggests a causal effect of smoking on MDD.]-->(Mdd: Major Depressive Disorder (MDD) is a mental health disorder characterized by persistent feelings of sadness, hopelessness, and a lack of interest or pleasure in activities. It can also lead to a variety of physical and emotional problems and can greatly affect a person's ability to function at work and in relationships.)
(Smoking: The smoking habits of the participants in the study by Linton et al.)--[RISKFACTOR: Smoking has been associated with an increased risk of MDD.]-->(Mdd: Major Depressive Disorder (MDD) is a mental health disorder characterized by persistent feelings of sadness, hopelessness, and a lack of interest or pleasure in activities. It can also lead to a variety of physical and emotional problems and can greatly affect a person's ability to function at work and in relationships.)
(Education: The level of education completed by the participants.)--[ASSOCIATION: Higher education is associated with a lower risk of depression diagnosis]-->(Mdd: Major Depressive Disorder (MDD) is a mental health disorder characterized by persistent feelings of sadness, hopelessness, and a lack of interest or pleasure in activities. It can also lead to a variety of physical and emotional problems and can greatly affect a person's ability to function at work and in relationships.)
(Mdd: Major Depressive Disorder (MDD) is a mental health disorder characterized by persistent feelings of sadness, hopelessness, and a lack of interest or pleasure in activities. It can also lead to a variety of physical and emotional problems and can greatly affect a person's ability to function at work and in relationships.)--[CAUSE: MDD causes sleep disturbances, with insomnia being the most common.]-->(Sleep Disturbance: A measure of self-reported perceptions of sleep quality, sleep depth, and restoration)
(Sleep Disturbance: A measure of self-reported perceptions of sleep quality, sleep depth, and restoration)--[CO-OCCURS: Sleep disturbance can persist and become a chronic disorder, and at this stage, the produced neuroendocrine imbalances may induce symptoms shared by both insomnia and depression]-->(Mdd: Major Depressive Disorder (MDD) is a mental health disorder characterized by persistent feelings of sadness, hopelessness, and a lack of interest or pleasure in activities. It can also lead to a variety of physical and emotional problems and can greatly affect a person's ability to function at work and in relationships.)
(Bmi: Body Mass Index, a measure of body fat based on an individual's weight in relation to their height.)--[POTENTIAL_CONFOUNDER: BMI may be a confounder in the pathway from MDD to Type 2 Diabetes and CAD, but after adjusting for BMI, the effect of MDD on these disorders remained significant.]-->(Mdd: Major Depressive Disorder (MDD) is a mental health disorder characterized by persistent feelings of sadness, hopelessness, and a lack of interest or pleasure in activities. It can also lead to a variety of physical and emotional problems and can greatly affect a person's ability to function at work and in relationships.)
(Bmi: Body Mass Index, a measure of body fat based on an individual's weight in relation to their height.)--[RISK_FACTOR: BMI is a risk factor for both MDD and Type 2 Diabetes.]-->(Mdd: Major Depressive Disorder (MDD) is a mental health disorder characterized by persistent feelings of sadness, hopelessness, and a lack of interest or pleasure in activities. It can also lead to a variety of physical and emotional problems and can greatly affect a person's ability to function at work and in relationships.)
",,,False,
Education,Alcohol,True,"Reasoning Process:
Step 1: The report on 'Alcohol Consumption and Age: A Study Analysis' suggests that age may influence alcohol consumption, which implies that education, as a factor related to age, may also have an indirect influence on alcohol consumption.
Step 2: The report on 'Mental Health Community: Depression and Anxiety' does not provide direct evidence of a causal relationship between education and alcohol consumption. However, it does mention that education may indirectly influence alcohol consumption through income or peer effects, which could potentially lead to a change in alcohol consumption.
Step 3: The report on 'Chronic Lower Back Pain Research Community: Investigating Prevalence and Risk Factors' does not provide direct evidence of a causal relationship between education and alcohol consumption. However, it does mention that education may be a confounding factor in the relationship between smoking and chronic lower back pain, which could potentially lead to a change in alcohol consumption through the influence of smoking.
Step 4: The report on 'Two-Sample Mr Analysis Community' does not provide direct evidence of a causal relationship between education and alcohol consumption. However, it does mention that the methodology can be applied to various exposures and outcomes, including Major Depression and Alcohol Dependence with Alcohol Consumption. While there is no direct mention of education, it is possible that education could be an indirect factor influencing alcohol consumption through its relationship with Major Depression or Alcohol Dependence.
Step 5: The report on 'Community of Causal Associations and Direct Effects in Lower Back Pain Management' does not provide direct evidence of a causal relationship between education and alcohol consumption. However, it does mention that education may be a confounding factor in the relationship between smoking and lower back pain, which could potentially lead to a change in alcohol consumption through the influence of smoking.
Step 6: The report on 'Community of Mental Disorders, CAD, and Insomnia' does not provide direct evidence of a causal relationship between education and alcohol consumption. However, it does mention that education may be a confounding factor in the relationship between mental disorders and cardiovascular disease, which could potentially lead to a change in alcohol consumption through the influence of mental disorders.
Step 7: The report on 'Education and BMI' provides evidence of a causal relationship between education and BMI, and BMI is a known risk factor for various health conditions, including alcoholism. While the report does not directly mention alcohol consumption, it suggests a potential indirect causal relationship between education and alcohol consumption through the influence of BMI.

Conclusion: Yes","# Report:
## Chunks:

). The number of chronic health conditions was a sum measure of 15 self-reported chronic health conditions such as arthritis, glaucoma, and high cholesterol. Self-rated health, a valid and reliable measure of general well-being, <sup>28</sup> was assessed by asking: 'How would you describe your general health?' (1 = excellent to 4 = poor) (see Table 1).

#### Focal predictor: low educational attainment (age 21)

Participants who did not graduate from high school by age 21 were coded 1 (including those with a GED); all other participants were coded 0. Individuals with a GED have been reported to be more comparable to those without a high school diploma rather than those with a high school diploma with regard to health status.<sup>29-31</sup> Accordingly, participants with a GED were grouped with high school dropouts for the analysis. It has been also shown that completion of a degree, rather than an additional year of schooling, is associated with improvement in health, 2,32 although this association remains debatable.4 Because the majority of participants at the age 21 survey had not completed a postsecondary degree, and high school completion remains an important marker in an individual's educational career and has been shown to have long-term impacts on various life outcomes, 33-35 educational attainment was operationalized as previously described.

#### Pathway measures

Health behaviours (at age 30) included: (a) heavy episodic drinking, i.e. the number of times of having five or more drinks in a row during the past month; (b) cigarette smoking, i.e. the number of times of smoking during the past month (ranging from 1 = not at all to 5 = about a pack a day or more); and (c) meeting physical activity guidelines (1 = yes, 0 = no).

| Variable (metric or range) M or %  Educational attainment, age 21 No high school diploma (1 = yes), age 21 18.7  Health outcomes  Major depression (1 = yes), age 33 10.0 Obesity (1 = yes), age 33 34.0  Number of chronic health conditions, age 33 0 77.1 1 19.0 2 2.7 3 0.7 4 0.1 Self-rated general health, age 33 2.1  Mediators Health behaviours Heavy episodic drinking, age 30 0.6 C
power calculation. Strength of genetic instruments

for each MR analysis are presented in Table 1. For each pair of causal relationship under investigation, a plot of power against odds ratio of the true underlying association is shown in Supplementary Figure S1.

### *MR analyses*

All the genetic instruments were oriented such that the effect alleles were positively associated with the exposure. The effect alleles were matched across the summary data of the exposure, potential mediator and outcome dataset. Due to the unavailability of effect allele frequency of some GWAS datasets, allele frequencies were not used to align palindromic genetic instruments on ambiguous strands across different datasets. Non palindromic proxies in high LD (r2≥0.8) were identified for the palindromic instruments (Hartwig et al., 2016). Univariable inverse-variance weighted (IVW) method was used

10

for main MR analysis to assess the total effect of the exposure on the outcome (Burgess et al., 2013, Burgess *et al.*, 2017). Weighted median method (Bowden et al., 2016) was employed as a sensitivity analysis. MR-Egger intercept test (Bowden et al., 2015) and global test of MR-PRESSO (Verbanck et al., 2018) were employed to detect for the presence of pleiotropy. In case univariable MR analysis suggested the presence of causal association, multivariable IVW analysis was also performed to dissect the mechanisms in the causal pathway from the risk factor to the outcome (Burgess *et al.*, 2017, Burgess and Thompson, 2015). It was reported that the causal estimates derived from univariable MR analysis represents the total effect of the exposure on the outcome. Multivariable MR analysis can be used to estimate the direct causal effect of the exposure on the outcome by keeping the potential mediator constant. Presence of difference between the causal estimates of the univariable (total effect) and multivariable MR analysis (direct causal effect) implies that causal effect acts at least in part via the potential mediator (indirect effect) (Burgess *et al.*, 2017). Multivariable MR-Egger intercept test was applied to detect for presence of residual pleiotropy via other unmeasured risk factors (Rees et al., 2017). Different methods of MR analyses are described in Supplementary Methods 2.

As the exposures in all the MR analyses are binary variables
*vice versa*, supporting the independent role of genetic liability of insomnia in etiology of MDD, reminiscent of the notion of using sleep interventions as therapies for neurodegenerative and psychiatric disorders ([Akers et al., 2018](#page-3-0)).

The SNPs and genes contributing to the causal effect of insomnia on depression and depression on insomnia are listed in [Tables 1 and 2](#page-2-0). For the causal effect of insomnia on depression, the instrumental variants in depression were mapped to 30 genes, including 10 non-coding genes

**Fig. 1.** The causal effects between major depressive disorder and insomnia. A. Causal effect of major depressive disorder on insomnia. B. Causal effect of insomnia on major depressive disorder. The dot lines denote effect sizes (bxy).

<span id=""page-2-0""></span>*Gene 768 (2021) 145271 L. Cai et al.* 

**Table 1**  Instrumental variants mediating causal effect of MDD on insomnia.

| SNP        | CHR | Base position | A1 | A2 | Gene name     | Gene ID     |
|------------|-----|---------------|----|----|---------------|-------------|
| rs10141157 | 14  | 104,018,105   | T  | C  | NA            | NA          |
| rs17727765 | 17  | 27,576,962    | C  | T  | CRYBA1        | 1411        |
| rs2327715  | 9   | 2,975,170     | T  | C  | CARM1P1       | 100,130,873 |
| rs7305875  | 12  | 23,971,243    | T  | A  | SOX5          | 6660        |
| rs11561993 | 7   | 109,102,855   | T  | C  | NA            | NA          |
| rs12080622 | 1   | 80,792,881    | T  | C  | NA            | NA          |
IVW) method. The standard error of the ratio estimates may be calculated using the delta approach, and the IVW estimate of the causal effect combines the ratio estimates of each variant in a meta-analysis model (Burgess et al., 2013). If all instrumental variables are valid and any horizontal pleiotropy is balanced, the results of the IVW method are robust (Hartwig et al., 2017). The Cochran Q statistic and I-squared ( $I^2$ ) were used to assess the heterogeneity of the IVW estimations. To evaluate the robustness of our findings, we performed sensitivity analyses using the weighted-median approach, the MR-Egger method, the MR-robust adjusted profile score (MR-RAPS) method, and the leave-one-out analysis, and produced funnel plots.

If valid instrumental variables account for at least 50% of the weight variance, the weighted-median method provides a consistent estimate (Bowden et al., 2016). A test for directional pleiotropy is provided by the MR-Egger regression method. The directional pleiotropic effect differs from zero if the intercept from the MR-Egger analysis is not equal to zero (*P* for intercept <0.05). In contrast, if the intercept is zero, the IVW method can provide a consistent estimate of the causal effect(Bowden et al., 2015). The MR-RAPS used robust adjusted profile scores to correct for horizontal pleiotropy in the IVW analyses (Zhao et al., 2019). The plots of leave-one-out analysis were produced to determine if any outlier SNPs had an impact on the model, and the overall MR estimates were compared to the estimates of the most precise individual SNP estimators

<span id=""page-2-0""></span>**Fig. 1.** The flowchart of the selection of instrumental variables. The independent SNPs (LD cut-off *r* <sup>2</sup>*<* 0.001, 10,000-kb) were associated with insomnia, short sleep, and long sleep at the genome-wide significance levels (*P <* 5 × 10<sup>−</sup> <sup>8</sup> ). The repeated MR analysis was performed after excluding the potential pleiotropic SNPs, which were found by the PhenoScanner.

using funnel plots [\(Burgess et al., 2017\)](#page-5-0).

The MR analysis was repeated after excl
#page-13-17). Likewise, in line with previous evidenc[e66](#page-13-26), we find support for a causal effect of liability to MDD on smoking, which, in turn, can lead to inflammation.

On multivariable MR analysis, we observed that only the association between genetic liability to MDD and coronary artery disease remained statistically significant after adjusting for the psychosocial or lifestyle or metabolic covariates. We found that adjusting for smoking status attenuates the association between genetic liability to MDD and peripheral artery disease, for which smoking is a strong risk factor[67.](#page-13-27) Interestingly, we find that loneliness is an equally important factor explaining the relationship between MDD and peripheral artery disease. This emphasizes the need for interventions and preventive policies for reducing loneliness in the population, which has further increased in prevalence during the coronavirus disease 2019 pandemic and has been described as a pandemic itself[68,](#page-13-28)[69](#page-13-29).

For most CVDs, no risk factor group could fully explain the genetic association between MDD and the CVD, which suggests the existence of additional mechanisms that are not captured by the genetic data used in the study. For instance, GWAS measure lifetime genetic risk and cannot capture dynamic processes of cumulative and interactive risk. Future studies should validate our findings using longitudinal data. Follow-up studies could also investigate the clinical usefulness of PRS for the shared liability to MDD–ASCVD and evaluate their ability to identify individuals at risk for immunometabolic depression, as we were unable to investigate this due to sample overlap in the present study. Another limitation is that the MiXeR model was not able to accurately estimate the genetic overlap between MDD and IL6. The likely reason the MiXeR model failed in this case is the markedly different genetic architectures of the two traits, with MDD being highly polygenic and IL6 being the least polygenic of the traits in the study, combined with the low sample size of the IL6 GWAS. Finally, to assess generalizability, these findings should be replicated with data from different ancestry sources. The lack of large genetic datasets from non-European populations is a crucial limitation that is widely acknowledged and yet difficult to circumvent. Observational studies have shown that MDD and CVDs could demonstrate different associations depending on ancestry[70](#page-13-30)[,71](#page-13-31), and more research is needed to understand such differences[22](#page-12-2
enables identification of causal effects.

Results. The years of education in 2007 were associated with lower BMI in 2007/2011 (regression coefficient (b) =-0.22; 95% Confidence Intervals [CI] =-0.29, -0.14) according to the linear regression results. The results based on Mendelian randomization suggests that there may be a negative causal effect of education on BMI (b = -0.84; 95% CI = -1.77, 0.09).

Conclusion. The findings indicate that education could be a protective factor against obesity in advanced countries.

#### 1. Introduction

Higher education has been associated with a lower risk of obesity in most developed countries (Cohen et al., 2013; Marmot, 2015). However, it is unclear whether the relationship is causal or not (Eide and Showalter, 2011). Unobserved confounders may influence both person's education and body weight later in life (Björklund and Salvanes, 2011; Clark and Roayer, 2013). This may bias results in a non-experimental settings where confounders, such as the ability to delay gratification (a low level known to be associated with lower

Corresponding author. E-mail address: petri.bockerman@labour.fi (P. Böckerman). education and higher body weight), are very difficult to account for using standard covariates in observational studies (Clark and Roayer, 2013).

There are only few studies that have examined the causal relationship between education and BMI. These studies, which exploited changes in compulsory schooling laws to identify the causal effect, have either found that education has a protective effect on BMI (Spasojević, 2010) or that the effect is zero (Clark and Roayer, 2013) or inconclusive (Arendt, 2005). There is only one concurrent methodological study that used a genetic instrument to estimate the effect of education on obesity (van Kippersluis and Rietveld, 2017).

The current study examines the relationship between education and BMI using Mendelian randomization, which is based on the random assignment of genotypes at conception (Tyrrell et al., 2016; Gupta et al., [2017; Davey Smith et al., 2017\)](#page-## Communities:

### Alcohol Consumption and Age: A Study Analysis
### Summary
This report examines the relationship between alcohol consumption and age, as well as the potential influence of age on other substance use behaviors such as smoking. The analysis is based on a study that assessed the alcohol consumption of participants across various age groups, and also considered the smoking habits of the participants.
### Key Findings
Alcohol consumption is associated with age: The analysis reveals that alcohol consumption can be associated with age, as both entities are present in the text and there are multiple relationships indicating a potential association. The text suggests that alcohol consumption can change with age, and that older individuals may have different drinking habits and social norms.
Age may influence alcohol consumption: The text suggests that age can influence an individual's alcohol consumption, as older individuals may have different drinking habits and social norms. This influence may be due to factors such as societal norms, health awareness, and personal choices.
Age may be associated with smoking habits: The analysis also reveals that age may be associated with smoking habits, as both entities are present in the text and there are multiple relationships indicating a potential association. The text suggests that smoking may be more common in younger age groups and decreases with age.
Smoking may be associated with alcohol consumption: The text suggests that smoking may be associated with alcohol consumption, as both entities are present in the text and there are multiple relationships indicating a potential association. The text suggests that smoking and alcohol consumption may be coping mechanisms for stress and negative emotions.
Sleep disturbance may be associated with alcohol consumption: The text suggests that poor sleep quality may be associated with increased alcohol consumption, as sleep disturbances can lead to self-medication. However, the analysis did not show a causal effect of sleep disturbance on alcohol consumption.
Education may be associated with alcohol consumption: The text suggests that education may be associated with alcohol consumption, but the relationship is not clearly defined. The text does not provide specific data to support this association, but it is mentioned that education may indirectly influence alcohol consumption through income or peer effects.
### Impact Rating: 7.5
The impact severity rating of 7.5 indicates a significant association between alcohol consumption and age, as well as a potential indirect relationship with smoking habits.

### Mental Health Community: Depression and Anxiety
### Summary
This report focuses on the community of individuals affected by depression and anxiety, two closely related mental health conditions. The analysis reveals that depression and anxiety are associated, comorbid, and often co-occur in the same individuals. The text also suggests a causal relationship between depression and anxiety, as well as an increased risk of depression in individuals with anxiety. Additionally, the study of depression includes data from the UK Biobank, a large-scale health study, and the selected genetic variants for depression were obtained from the largest GWAS meta-analysis of 807,553 European-descent individuals. Furthermore, depression is associated with an increased risk of cardiovascular disease (CAD), particularly in patients with diabetes.
### Key Findings
Depression and anxiety are related mental health conditions: The text provides multiple instances of the association between depression and anxiety, suggesting that they are closely related emotional states. This relationship is further supported by the fact that they share similar symptoms and risk factors.
Depression and anxiety are comorbid conditions: The text indicates that depression and anxiety often co-occur in the same individuals. This comorbidity is significant, as it can lead to more severe symptoms and increased healthcare costs.
Depression is associated with an increased risk of CAD: The text suggests a causal relationship between depression and an increased risk of CAD, particularly in patients with diabetes. This association is supported by multiple pieces of evidence, including genetic studies and inverse-variance weighted (IVW) analysis.
Depression is associated with insomnia: The text indicates that insomnia is associated with an increased risk of depression. This association is supported by multiple pieces of evidence, including genetic studies and the fact that insomnia symptoms/disorder are reported to independently increase the risk of subsequent depression in older persons.
Depression is associated with multimorbidity: The text suggests that depression is associated with an increased risk of multimorbidity, a condition where an individual has two or more chronic diseases. This association is supported by multiple pieces of evidence, including the fact that depression increases the risk for onset of multimorbidity by 80–90%.
### Impact Rating: 8.5
The high impact severity rating is due to the prevalence of depression and anxiety, their comorbidity, and the associated health risks, including cardiovascular disease.

### Chronic Lower Back Pain Research Community: Investigating Prevalence and Risk Factors
### Summary
This report provides an overview of a community of studies investigating chronic lower back pain. The studies vary in their methodology, including cross-sectional data, Mendelian randomization analyses, and clinical trials. The community focuses on various aspects of chronic lower back pain, such as its prevalence, risk factors, and potential treatments. The studies also consider potential confounders, such as physical abuse in childhood, and potential limitations, such as the first-night effect and the potential influence of opioid therapy. The community's findings may have significant implications for understanding and managing chronic lower back pain in the population.
### Key Findings
Studies use various methodologies: The community includes studies that use different methodologies, such as cross-sectional data, Mendelian randomization analyses, and clinical trials. This diversity in methodology allows for a more comprehensive understanding of chronic lower back pain.
Studies investigate various aspects of chronic lower back pain: The community's studies focus on various aspects of chronic lower back pain, including its prevalence, risk factors, and potential treatments. This broad focus provides a holistic understanding of the condition.
Studies consider potential confounders: The community's studies take into account potential confounders, such as physical abuse in childhood and the first-night effect. This consideration helps to ensure that the findings are accurate and reliable.
Studies may have potential limitations: The community's studies may have potential limitations, such as the potential influence of opioid therapy and the use of summary-level data. These limitations should be considered when interpreting the findings.
Findings may have significant implications for managing chronic lower back pain: The community's findings may have significant implications for managing chronic lower back pain in the population. For example, understanding the relationship between physical abuse in childhood and chronic lower back pain could help to identify individuals at risk and develop targeted interventions.
### Impact Rating: 8.5
The high impact severity rating reflects the significant implications of the community's findings for understanding and managing chronic lower back pain in the population.

### Two-Sample Mr Analysis Community
### Summary
This report provides an overview of the Two-Sample Mr Analysis community, a group of researchers and practitioners who utilize this method in Mendelian Randomization to estimate causal effects. The community's key entities are primarily focused on understanding the causal relationship between exposures and outcomes, particularly in the context of Major Depression and Alcohol Dependence with Alcohol Consumption.
### Key Findings
Methodology and Application: The Two-Sample Mr Analysis method is a valuable tool for estimating causal effects using summary statistics from different samples. This method is particularly useful in situations where traditional methods, such as randomized controlled trials, are not feasible or ethical. The community's research focuses on applying this method to various exposures and outcomes, such as Major Depression and Alcohol Dependence on Alcohol Consumption.
Reputation and Credibility: The Two-Sample Mr Analysis community is recognized for its rigorous research and contributions to the field of Mendelian Randomization. The method's credibility stems from its ability to address potential confounding factors and provide more robust estimates of causal effects compared to traditional methods.
Legal Compliance: The Two-Sample Mr Analysis community operates within the legal framework of academic research, adhering to ethical guidelines and obtaining necessary approvals for their studies. However, it is important to note that the specific legal requirements may vary depending on the jurisdiction and the nature of the research.
Technical Capabilities: The community possesses a strong technical foundation, with expertise in statistical analysis, bioinformatics, and genetics. They utilize advanced software tools and techniques to perform their analyses and interpret their results.
Collaboration and Networking: The Two-Sample Mr Analysis community collaborates extensively with other research groups and organizations, sharing knowledge, resources, and best practices. This collaboration helps to advance the field and improve the quality of research.
Potential Limitations: While the Two-Sample Mr Analysis method offers many advantages, it is not without limitations. For example, the method relies on the instrumental variable assumption, which may not always hold. Additionally, the method may be limited by the availability and quality of summary statistics from different samples.
### Impact Rating: 7.5
The Two-Sample Mr Analysis community's impact is significant due to its potential to contribute to a better understanding of causal relationships in various fields, including mental health and substance use.

### Community of Causal Associations and Direct Effects in Lower Back Pain Management
### Summary
This report presents an analysis of a community centered around Causal Associations and Direct Effects in the context of lower back pain management. The community's entities are interconnected, revealing insights into the causal relationships between treatments and health conditions, and the direct effects of specific treatments on lower back pain.
### Key Findings
Causal Associations in Lower Back Pain Management: The community reveals several causal associations between various treatments and lower back pain. For instance, the use of physical therapy has been causally associated with a reduction in lower back pain, while smoking has been causally associated with an increased risk of lower back pain. These associations can help healthcare providers make informed decisions about treatment options for their patients.
Direct Effects of Treatments on Lower Back Pain: The community also highlights the direct effects of certain treatments on lower back pain. For example, the direct effect of non-steroidal anti-inflammatory drugs (NSAIDs) on lower back pain is independent of any mediators. This means that NSAIDs can directly reduce pain levels, providing immediate relief for patients. However, it's important to note that these drugs may have side effects, and their long-term use should be carefully monitored.
The Role of Mediators in Lower Back Pain: While some treatments have direct effects on lower back pain, many others work through mediators. For instance, the effect of exercise on lower back pain is often mediated by factors such as improved flexibility and muscle strength. Understanding these mediators can help healthcare providers design more effective treatment plans for their patients.
Potential for Personalized Treatment: The insights from this community can potentially lead to more personalized treatment plans for lower back pain. By understanding the causal associations and direct effects of various treatments, healthcare providers can tailor treatment plans to individual patients based on their specific needs and risk factors.
Implications for Research and Policy: The findings from this community can also inform research and policy in the field of lower back pain management. For example, further research could be conducted to confirm the causal associations and direct effects identified, and to explore the role of mediators in treatment outcomes. Policy makers could use this information to develop guidelines for the use of various treatments in lower back pain management.
### Impact Rating: 7.5
The community's impact is significant due to its potential to influence treatment decisions and pain management strategies for individuals suffering from lower back pain.

### Community of Mental Disorders, CAD, and Insomnia
### Summary
This report examines a community of entities centered around mental disorders, Coronary Artery Disease (CAD), and insomnia. The relationships between these entities are complex, with confounding factors potentially influencing the causal relationship between mental disorders and CAD, and SNP Mendelian randomization being used to test the causal relationship between mental disorders and insomnia.
### Key Findings
Confounding Factors Affecting the Causal Relationship between Mental Disorders and CAD: Confounding factors can complicate the understanding of the causal relationship between mental disorders and CAD. These factors are variables that can influence the relationship between the two, making it difficult to determine whether changes in one variable are directly causing changes in the other. For instance, lifestyle factors such as diet, exercise, and smoking can affect both mental health and CAD risk, potentially confounding any observed relationship.
SNP Mendelian Randomization for Testing the Causal Relationship between Mental Disorders and Insomnia: SNP Mendelian randomization is a method used to test the causal relationship between mental disorders and insomnia. This technique uses genetic variants as instrumental variables to estimate the causal effect of mental disorders on insomnia. By using genetic variants that are associated with mental disorders but not directly related to insomnia, researchers can reduce the influence of confounding factors and more accurately determine the causal relationship between the two.
Potential Implications for Public Health and Treatment Strategies: Understanding the causal relationships between mental disorders, CAD, and insomnia could have significant implications for public health and treatment strategies. For example, if mental disorders are found to cause CAD, this could lead to the development of targeted interventions to prevent or treat CAD in individuals with mental disorders. Similarly, if insomnia is found to be a causal factor in mental disorders, this could lead to the development of new treatments for mental disorders that target insomnia.
Challenges in Establishing Causality: Establishing causality in the relationships between mental disorders, CAD, and insomnia is challenging due to the complex nature of these relationships and the presence of confounding factors. However, the use of techniques such as SNP Mendelian randomization can help to reduce the influence of confounding factors and provide more accurate estimates of causality.
Potential for Further Research: Further research is needed to fully understand the causal relationships between mental disorders, CAD, and insomnia. This research could involve large-scale epidemiological studies, genetic studies, and interventional trials. By continuing to investigate these relationships, we can gain a more comprehensive understanding of the interplay between these conditions and develop more effective strategies for prevention and treatment.
### Impact Rating: 7.5
The high impact severity rating is due to the potential implications of understanding the causal relationships between mental disorders, CAD, and insomnia for public health and treatment strategies.

## Relationships:

(Short-Term Randomized Feeding Studies: Short-Term Randomized Feeding Studies are small-scale studies that test the effects of alcohol on several intermediate mechanisms, such as lipids, inflammation, and glycemia, but not on hard clinical endpoints.)--[TESTS_EFFECTS_ON: Short-term randomized feeding studies test the effects of alcohol on several intermediate mechanisms.]-->(Alcohol: Alcohol consumption (number of drinks per week))
(Alcohol: Alcohol consumption (number of drinks per week))--[CAUSES: Alcohol consumption and subsequent abstinence can lead to the alcohol deprivation effect, where the desire for alcohol increases.]-->(Alcohol Deprivation Effect: Alcohol Deprivation Effect refers to the increased desire for alcohol that occurs after a period of abstinence.)
(Alcohol: Alcohol consumption (number of drinks per week))--[GENERATES: The cause-specific relative risk curve is generated based on the relationship between the level of alcohol consumption and the risk of a specific health outcome.]-->(Cause-Specific Relative Risk Curve: A graphical representation of the relationship between the level of alcohol consumption and the risk of a specific health outcome, such as a particular type of cancer or cardiovascular disease.)
(Reverse Causation: A situation where the effect of the dependent variable on the independent variable is mistaken for the opposite)--[INFLUENCE: Early onset of psychiatric symptoms may hamper subsequent school attendance and performance.]-->(Education: The level of education completed by the participants.)
(Education: The level of education completed by the participants.)--[ASSOCIATION: The association between education and lung cancer remains unclear.]-->(Causality: The relationship between a cause and its effect. In this context, it refers to the causality of potential factors for lung cancer.)
(Education: The level of education completed by the participants.)--[CAUSAL: The Mendelian randomization suggests that there may be a negative causal effect of education on BMI.]-->(Causal Effect: A cause-and-effect relationship between two variables, where a change in one variable causes a change in another.)
(Causal Association: A relationship between two variables where a change in one variable causes a change in the other)--[APPLICABLE: The concept of causal association is applicable to the study of the relationship between BMI and back pain and chronic back pain]-->(Bmi: Body Mass Index, a measure of body fat based on an individual's weight in relation to their height.)
(Study: A systematic investigation to establish or confirm a fact or the existence of a phenomenon)--[TOOK_INTO_ACCOUNT: The study took into account the statistical concept]-->(Reverse Causality: A situation where the causal relationship between an exposure and an outcome is incorrectly assumed, with the outcome causing the exposure instead)
(Study: A systematic investigation to establish or confirm a fact or the existence of a phenomenon)--[SUPPORTS_FUNDAMENTAL_CAUSE: The study findings provide preliminary empirical support for the fundamental cause approach]-->(Fundamental_Cause: The theory suggesting that intervening factors cannot account for the association between education and health, supported by the study findings)
(Genetic Variants: Genetic Variants are differences in DNA sequence that can influence an individual's risk for certain diseases or traits.)--[INFLUENCE: Reverse causation is checked by testing whether those SNPs that best predict CHD also associate with educational outcomes.]-->(Reverse Causation: A situation where the effect of the dependent variable on the independent variable is mistaken for the opposite)
(Rct: Randomized Controlled Trial (ISRCTN22714229) that the study is part of.)--[POTENTIAL: Reverse causation was a potential issue in the RCT due to the use of patient-reported outcomes.]-->(Reverse Causation: A situation where the effect of the dependent variable on the independent variable is mistaken for the opposite)
(Reverse Causation: A situation where the effect of the dependent variable on the independent variable is mistaken for the opposite)--[USED_TO_EXAMINE: Reverse causation is the possibility that genetic instruments for RA, smoking exposure, and BMI are used to examine their effects on educational attainment.]-->(Genetic Instruments: Genetic variants used as instrumental variables in Mendelian Randomization)
(Reverse Causation: A situation where the effect of the dependent variable on the independent variable is mistaken for the opposite)--[POSSIBILITY: The possibility of reverse causation was not formally assessed in the MR analyses]-->(Mr Analyses: Statistical analyses performed on the data to establish relationships between variables)
(Reverse Causation: A situation where the effect of the dependent variable on the independent variable is mistaken for the opposite)--[ISSUE: The inherent limitations in observational studies of reverse causation.]-->(Observational Studies: Studies that observe and measure variables without manipulating them)
",,,False,
Education,Catastrophizing,True,"Reasoning Process:
Step 1: The report on the Mental Health Community states that depression and anxiety are related mental health conditions and often co-occur in the same individuals, suggesting an association between depression and anxiety. Depression is associated with an increased risk of catastrophizing, which is a psychological factor used in the study by Linton as a variable in the logistic regression analysis. This association suggests a potential causal relationship between depression and catastrophizing.
Step 2: The report on the Chronic Lower Back Pain Research Community discusses the potential mediating factor of catastrophizing in the relationship between chronic lower back pain and pain-related symptoms. This suggests that catastrophizing may be an intermediate variable in the relationship between chronic lower back pain and pain-related symptoms, potentially linking education (as a risk factor for chronic lower back pain) to catastrophizing.
Step 3: The report on the Community of Mediation and Cognitive Change in Lower Back Pain Treatment discusses the potential mediating role of catastrophizing in the treatment process. This suggests that catastrophizing may be an intermediate variable in the relationship between education (as a potential factor influencing treatment adherence) and pain-related symptoms.
Step 4: The report on the Two-Sample Mr Analysis Community does not directly discuss a causal relationship between education and catastrophizing. However, it does mention the potential mediating role of catastrophizing in the relationship between Major Depression and Alcohol Consumption, which indirectly suggests that catastrophizing may be an intermediate variable in the relationship between education (as a potential factor influencing depression) and catastrophizing.
Step 5: The reports do not provide any evidence to suggest a reverse causal relationship where catastrophizing precedes and leads to a change in education. The reports discuss education as a potential risk factor for various health conditions, but do not suggest that catastrophizing has a causal effect on education.
Step 6: Given the reports' discussions of catastrophizing as an intermediate variable in the relationships between education and pain-related symptoms, and the lack of evidence for a reverse causal relationship, it is reasonable to infer that there may be a causal relationship where a change in Education precedes and leads to a change in Catastrophizing, either directly or through one or more intermediate variables.
Step 7: The reports do not provide any evidence to suggest that Education temporally precedes and influences Catastrophizing in a way inconsistent with a directional causal link.

Conclusion: Yes","# Report:
## Chunks:

, the present study results might be caused at least partially by nonspecific factors of the treatment such as a clear treatment rationale, a highly structured and standardized treatment program, and emphasis on active participation and responsibility for generalization[.26,44](#page-9-0)

In conclusion, this study showed that treatment elements that do not deliberately target cognitive factors but instead concentrate on letting the patients experience that performing physical exercises or normally hampered activities in a controlled environment is still possible are responsible for a substantial cognitive change.

The lack of change in internal control of pain was not expected. This might be attributed to the fact that the cognitive treatment consisting of the PST and the operant behavioral GA training was not specifically aimed at changing the internal control of pain. In the study of Spinhoven et al[,44](#page-9-0) which did show an increase of control of pain, the cognitive treatment specifically aimed at increasing pain control and self-efficacy beliefs. Another explanation might be the internal control of pain subscale of the PCL itself. Currently there is no information about the responsiveness of this scale. In addition, the baseline score seemed already moderate to high in all treatment groups (mean score ranged from 15.6 to 16.6). However, in the absence of normative values for the <span id=""page-8-0""></span>healthy population, it is difficult to judge whether there existed a ceiling effect for this measure.

A weakness of this study and most previous studies alike is that the results are based on self-report only, which might be influenced by a number of self-serving biases. On the other hand, by using the 3-step process for assessing mediation as described by Baron and Kenny5 and statistically testing the results with Sobel's *t* test, the mediating effect of pain catastrophizing seems quite solid. To examine whether we are not merely measuring correlation and that the change in mediator really precedes the change in outcome, Burns et al11,12 suggested using cross-lagged correlation. In their uncontrolled study on chronic pain patients attending a multidisciplinary treatment, they collected data on pain catastrophizing, helplessness, depression, and the outcome (multidimensional pain inventory) at before, during, and after treatment. An early change in cognitions appeared to predict late treatment change of pain and disability but not the other way around.

Although we performed a controlled study, we were not able to collect data at mid-treatment, and a crosslagged correlation was not possible. Therefore, the direction of causality among the variables remains ambiguous. Taking the results of Burns et al11,12 into consideration, it seems that the direction
). The number of chronic health conditions was a sum measure of 15 self-reported chronic health conditions such as arthritis, glaucoma, and high cholesterol. Self-rated health, a valid and reliable measure of general well-being, <sup>28</sup> was assessed by asking: 'How would you describe your general health?' (1 = excellent to 4 = poor) (see Table 1).

#### Focal predictor: low educational attainment (age 21)

Participants who did not graduate from high school by age 21 were coded 1 (including those with a GED); all other participants were coded 0. Individuals with a GED have been reported to be more comparable to those without a high school diploma rather than those with a high school diploma with regard to health status.<sup>29-31</sup> Accordingly, participants with a GED were grouped with high school dropouts for the analysis. It has been also shown that completion of a degree, rather than an additional year of schooling, is associated with improvement in health, 2,32 although this association remains debatable.4 Because the majority of participants at the age 21 survey had not completed a postsecondary degree, and high school completion remains an important marker in an individual's educational career and has been shown to have long-term impacts on various life outcomes, 33-35 educational attainment was operationalized as previously described.

#### Pathway measures

Health behaviours (at age 30) included: (a) heavy episodic drinking, i.e. the number of times of having five or more drinks in a row during the past month; (b) cigarette smoking, i.e. the number of times of smoking during the past month (ranging from 1 = not at all to 5 = about a pack a day or more); and (c) meeting physical activity guidelines (1 = yes, 0 = no).

| Variable (metric or range) M or %  Educational attainment, age 21 No high school diploma (1 = yes), age 21 18.7  Health outcomes  Major depression (1 = yes), age 33 10.0 Obesity (1 = yes), age 33 34.0  Number of chronic health conditions, age 33 0 77.1 1 19.0 2 2.7 3 0.7 4 0.1 Self-rated general health, age 33 2.1  Mediators Health behaviours Heavy episodic drinking, age 30 0.6 C
.

# 4.2. Strengths and limitations

The data in this study come from a subsample of patients in a RCT that was conducted with attention to important methodological considerations such as following an apriori published protocol, using concealed allocation, using validated measurement instruments. In this way, we have tried to minimise bias and improve the internal validity of the findings. However, we note several limitations with respect to the methodological quality of the original RCT including thatthe treatment provider and the participants were not blinded, since the outcomes were patient-reported the outcome assessor would also be considered unblinded. Additionally, including only a subsample ofthe the larger trial data, albeit a consecutive sample, may impact on the representativeness of the study sample.

The use of an experimental design also facilitates interpretation of the mediation analysis as it rules out the possibility of reverse causation between the mediator and random allocation. Even with experimental designs, investigators cannot rule out the possibility of unmeasured confounding between the mediator and outcome, which can bias any resulting mediation analysis[.21](#page-5-0) We attempt to control for measured confounding by including baseline measures of the mediators and outcomes in our models, but we cannot rule out the presence of other unmeasured variables accounting for an association between catastrophising and the outcomes.

The sample used in the analysis was a subsample of the total number included in the RCT; it has been recommended that a sample of at least 200 is necessary to calculate a reliable estimate of mediated pathways. Indeed, observation of the confidence intervals around the indirect effects in this study show considerable imprecision in the estimates. Larger samples are also needed to generate stable estimates of the proportion mediated [\(Table](#page-3-0) 2), as such these findings should be interpreted with circumspection.

Finally, this is an exploratory study and our interpretation of the results is severely limited by the timing of the measurements for both the mediator and the outcome. Both were measured at the same time point and thus the direction of the relationship between catastrophising and outcome is unclear. Although a difficult issue, it may be possible through regular, repeated assessment of the mediator and outcome over time that this relationship could be modelled and better understood.[26](#page-5-0) While this study cannot draw conclusion regarding exact mechanism, it does provide evidence to support the hypothesis that should be confirmed in a more robust design with a larger sample.

# **5. Conclusion**

Tai chi is a gentle form of exercise that has empirical support attesting to its benefit and has been recommended for therapeutic use in people with chronic pain conditions.
ically significant, all MR estimates in these 2 strata, more than 0 and 3.5 or fewer drinks per week and more than 3.5 and 7 or fewer drinks per week, overlapped with the null. This suggests that even if there exists a protective effect of light-to-moderate alcohol consumption, the magnitude of such an effect would be small, given that the population strata created in this study had a minimum sample size of approximately 18 000. These findings were strongly supported by sensitivity analyses using the doubly ranked stratification approach, where no MR estimate suggested a protective effect of light-to-moderate alcohol consumption.

Our study has important limitations. First, all findings in this study were based on European ancestry participants from the UK Biobank. It has been shown that the UK Biobank participants were healthier, less obese, and less likely <span id=""page-7-4""></span><span id=""page-7-3""></span>to smoke and drink compared to the general population in the United Kingdom [\(42](#page-9-0)). Meanwhile, the genetic instrument identified from a meta-analysis of GWASs predominantly of European ancestry may have limited generalizability. For instance, alcohol intake frequency in East Asian ancestry populations can be strongly influenced by polymorphisms in the aldehyde dehydrogenase gene *ALDH2* ([30,](#page-9-0) [43](#page-9-0)), where aldehyde dehydrogenase catalyzes the oxidation of aldehyde to acetate. However, these polymorphisms rarely affect European ancestry populations. Hence, we believe that our work should be replicated in populations of diverse genetic ancestries and different demographic and socioeconomic characteristics. Our exploratory age-stratified analyses may introduce survivorship bias and cautions must be taken when interpreting these results, although MR estimates appeared to be largely consistent between individuals younger than 60 years and those 60 years or older. Moreover, while correct causal direction (alcohol intake-to-health outcome) was supported for all MR analyses, we did not conduct a formal assessment of reverse causation through reverse MR. This can be enabled by largescale GWASs of health outcomes in population strata defined with respect to alcohol intake frequency. Last, to ensure statistical power of nonlinear MR analyses, we did not create a narrower stratification of the population. We posit that improved characterization of dose-dependent effects of alcohol consumption may be pursued in future studies with a larger sample size, in particular, for ascertaining detrimental or protective effects of light-to-moder
P = 3.6×10<sup>-10</sup>). This was very similar to results of the direct observational case-control study between OSAS and BC risk (OR = 2.80; 95% CI = 2.24-3.50; P =1.4×10<sup>-19</sup>). Replication in the Asian population of the BCAC study also supported our results (IVW OR, 1.33 for BC risk per log-odds increment in OSAS risk, 95% CI = 1.13-1.56; P = 0.0006). Sensitivity analyses confirmed the robustness of our findings. We provide novel evidence that genetically determined higher risk of OSAS has a causal effect on higher risk of BC. Further studies focused on the mechanisms of the relationship between OSAS and breast carcinogenesis are needed.

#### **INTRODUCTION**

Breast cancer (BC) ranks as the most common cancer and the second most common cause of death from cancers in women worldwide [1-4]. According to the report of the Global Burden of Disease (GBD) Study 2017, the estimated annual deaths of BC was 611.6 thousand, and the all-age years of life lost (YLLs) was 16400.7 thousand globally [5]. Sleep-related mechanisms, which might initiate, exacerbate or modulate the phenotypic expression of multiple diseases, have been widely investigated for their relationships with BC [6–8]. However, less investigation has explored the potential detrimental effects of obstructive sleep apnea syndrome (OSAS), which has become a highly prevalent condition throughout the lifespan [9–16].

OSAS, a sleep-related breathing disorder characterized by recurrent cessations of breathing during sleep, could lead to intermittent hypoxia and sleep fragmentation [17]. Chronic and intermittent hypoxia have been shown to play an essential role in the progress of carcinogenesis and tumor progression [18–20]. Many observational studies have implicated the potential detrimental role of OSAS in multiple cancers, although the results were inconsistent [6, 21–24]. The causality of OSAS and BC still remains unknown due to the inherent limitations in observational studies of confounding and reverse causation.

Mendelian randomization (MR), using genetic variants as an instrument variable (IV) for the exposure to estimate causal effects of modifiable risk factors on disease outcomes, could overcome the limitations of the

<sup>&</
that could be mediators of this?"" We firstly updated traditional observational estimates of the association between education and risk of CHD from several large studies and consortia. Secondly, we applied two sample mendelian randomisation analyses to investigate whether people with a genetic predisposition towards higher education have a lower risk of CHD. A recent GWAS from the Social Science Genetic Association Consortium (SSGAC) identified a large number of independent genetic variants (single nucleotide polymorphisms— SNPs) associated with educational attainment.16 We used 162 such SNPs to mimic the process of randomly allocating some participants to more education and other participants to less education. To compare the CHD risk of participants randomised in such a manner, we then used data from the Coronary Artery Disease Genome wide Replication and Meta-analysis plus the Coronary Artery Disease Genetics Consortium (CARDIoGRAMplusC4D) to see whether participants with genetic variants for longer education had an altered risk of CHD compared with participants with genetic variants for shorter education.17 Careful consideration of the results from such analyses, as well as the wider literature, can support inferences about the likely cardiac consequences from environmentally acquired alterations to education. We checked the robustness of our findings across a range of sensitivity analyses and additionally tested for reverse causation by checking whether those SNPs that best predict CHD also associate with educational outcomes. Supplementary figure 2 illustrates the mains steps taken in this study.

### **Methods**

Throughout all analyses, we defined education in the same way as in the original GWAS analysis, in which data from 65 studies were harmonised against the International Standard Classification of Education 1997 classification system (see supplementary table 1.3 of the original GWAS study16). After harmonisation, self reported educational attainment was modelled linearly, expressed as one standard deviation (that is, 3.6 years) of additional schooling. In this form, one year of vocational education was equivalent to one year of academic education, and we did not assume any qualitative differences in the type of education. We defined CHD as a composite of myocardial infarction, acute coronary syndrome, chronic stable angina or coronary stenosis of more than 50%, or coronary death.

# Observational association between education and CHD

In traditional observational analysis, we used a combination of cross sectional and prospective data, collected between 1983 and 2014 (table 1). For prevalent CHD cases in cross sectional data, we analysed 43 6## Communities:

### Mental Health Community: Depression and Anxiety
### Summary
This report focuses on the community of individuals affected by depression and anxiety, two closely related mental health conditions. The analysis reveals that depression and anxiety are associated, comorbid, and often co-occur in the same individuals. The text also suggests a causal relationship between depression and anxiety, as well as an increased risk of depression in individuals with anxiety. Additionally, the study of depression includes data from the UK Biobank, a large-scale health study, and the selected genetic variants for depression were obtained from the largest GWAS meta-analysis of 807,553 European-descent individuals. Furthermore, depression is associated with an increased risk of cardiovascular disease (CAD), particularly in patients with diabetes.
### Key Findings
Depression and anxiety are related mental health conditions: The text provides multiple instances of the association between depression and anxiety, suggesting that they are closely related emotional states. This relationship is further supported by the fact that they share similar symptoms and risk factors.
Depression and anxiety are comorbid conditions: The text indicates that depression and anxiety often co-occur in the same individuals. This comorbidity is significant, as it can lead to more severe symptoms and increased healthcare costs.
Depression is associated with an increased risk of CAD: The text suggests a causal relationship between depression and an increased risk of CAD, particularly in patients with diabetes. This association is supported by multiple pieces of evidence, including genetic studies and inverse-variance weighted (IVW) analysis.
Depression is associated with insomnia: The text indicates that insomnia is associated with an increased risk of depression. This association is supported by multiple pieces of evidence, including genetic studies and the fact that insomnia symptoms/disorder are reported to independently increase the risk of subsequent depression in older persons.
Depression is associated with multimorbidity: The text suggests that depression is associated with an increased risk of multimorbidity, a condition where an individual has two or more chronic diseases. This association is supported by multiple pieces of evidence, including the fact that depression increases the risk for onset of multimorbidity by 80–90%.
### Impact Rating: 8.5
The high impact severity rating is due to the prevalence of depression and anxiety, their comorbidity, and the associated health risks, including cardiovascular disease.

### Chronic Lower Back Pain Research Community: Investigating Prevalence and Risk Factors
### Summary
This report provides an overview of a community of studies investigating chronic lower back pain. The studies vary in their methodology, including cross-sectional data, Mendelian randomization analyses, and clinical trials. The community focuses on various aspects of chronic lower back pain, such as its prevalence, risk factors, and potential treatments. The studies also consider potential confounders, such as physical abuse in childhood, and potential limitations, such as the first-night effect and the potential influence of opioid therapy. The community's findings may have significant implications for understanding and managing chronic lower back pain in the population.
### Key Findings
Studies use various methodologies: The community includes studies that use different methodologies, such as cross-sectional data, Mendelian randomization analyses, and clinical trials. This diversity in methodology allows for a more comprehensive understanding of chronic lower back pain.
Studies investigate various aspects of chronic lower back pain: The community's studies focus on various aspects of chronic lower back pain, including its prevalence, risk factors, and potential treatments. This broad focus provides a holistic understanding of the condition.
Studies consider potential confounders: The community's studies take into account potential confounders, such as physical abuse in childhood and the first-night effect. This consideration helps to ensure that the findings are accurate and reliable.
Studies may have potential limitations: The community's studies may have potential limitations, such as the potential influence of opioid therapy and the use of summary-level data. These limitations should be considered when interpreting the findings.
Findings may have significant implications for managing chronic lower back pain: The community's findings may have significant implications for managing chronic lower back pain in the population. For example, understanding the relationship between physical abuse in childhood and chronic lower back pain could help to identify individuals at risk and develop targeted interventions.
### Impact Rating: 8.5
The high impact severity rating reflects the significant implications of the community's findings for understanding and managing chronic lower back pain in the population.

### Community of Mediation and Cognitive Change in Lower Back Pain Treatment
### Summary
This report presents an analysis of a community centered around the use of mediation and cognitive change in the treatment of chronic lower back pain. The key entities within this community are Mediation, Cognitive Change, Sobel's T Test, and Eating Less. The relationships between these entities reveal insights into the analysis and testing of the mediation concept, potential effects of financial hardship on treatment adherence, and the role of cognitive change in the treatment process.
### Key Findings
Mediation Concept and Its Role in Analyzing Treatment Effects: The central entity in this community is Mediation, a statistical concept used to assess the relationship between variables, specifically the mediating effect of pain catastrophizing. This concept is used to analyze the relationship between variables, as demonstrated by the relationship between Mediation and Sobel's T Test. Sobel's T Test is a statistical test used to test the results of the mediation analysis, further validating the use of Mediation in understanding the treatment effects.
Cognitive Change as a Result of Treatment: Cognitive Change is another key entity within this community. It refers to a substantial cognitive change observed in patients after undergoing the treatment, possibly due to the structured and standardized nature of the treatment. This change is significant, as it suggests that the treatment not only alleviates physical pain but also has a positive impact on the patient's cognitive functioning.
Potential Effects of Financial Hardship on Treatment Adherence: Eating Less, which refers to a reduction in food intake, is a factor that may affect an individual's ability to take medications properly. This relationship is indirect, as Eating Less affects the individual's financial situation, which in turn may impact their ability to adhere to the treatment regimen. This finding underscores the importance of addressing financial barriers to treatment to ensure optimal outcomes.
The Importance of Mediation in Understanding Treatment Effects: The relationships within this community highlight the importance of Mediation in understanding the treatment effects. By using Mediation and Sobel's T Test to analyze the relationship between variables, researchers can gain a deeper understanding of the mechanisms underlying the treatment's effects, which can inform the development of more effective interventions.
Implications for Future Research and Treatment: The findings from this community suggest several directions for future research. For instance, further studies could explore the long-term effects of cognitive change on pain management and overall quality of life. Additionally, interventions could be designed to address financial hardship and improve treatment adherence, potentially enhancing the effectiveness of the treatment.
### Impact Rating: 6.5
The community's impact is moderate, as it provides valuable insights into the treatment of chronic lower back pain through the use of mediation and cognitive change.

### Tai Chi Program in Sydney, NSW, Australia: A Comprehensive Analysis of a 10-Week Chronic Lower Back Pain Intervention
### Summary
This report presents an analysis of a 10-week Tai Chi program conducted in Sydney, NSW, Australia, aimed at managing chronic lower back pain. The program, delivered by instructor AH, was approved by the University of Sydney Human Research Ethics Committee and included two 40-minute classes per week for the first 8 weeks, followed by one 40-minute class for the last 2 weeks. The program was found to have a positive effect on self-reported pain-related symptoms and was used to explore the potential mediating factor of catastrophising.
### Key Findings
Tai Chi Program Structure: The Tai Chi program is a 10-week program, with two 40-minute classes per week for the first 8 weeks, and one 40-minute class for the last 2 weeks. The program is conducted at various community venues in the Sydney area, NSW, Australia.
Instructor's Qualifications: The Tai Chi program is conducted by AH, who is a certified Tai Chi instructor with 4 years of teaching experience and completed a 1-week refresher course prior to the study.
Ethical Approval: The University of Sydney Human Research Ethics Committee approved the Tai Chi program, ensuring that it adheres to ethical standards for research involving human participants.
Role of Catastrophising: The Tai Chi program assesses catastrophising, a psychological factor used in the study by Linton as a variable in the logistic regression analysis. Catastrophising can influence the degree to which pain is perceived as bothersome and can affect pain-related symptoms, as it involves an irrationally negative forecast of future events.
Impact on Pain-Related Symptoms: The Tai Chi program had a positive effect on self-reported pain-related symptoms, suggesting that it may be an effective intervention for managing chronic lower back pain.
Potential Mediating Factor of Catastrophising: The Tai Chi program was used to explore the potential mediating factor of catastrophising in the relationship between chronic lower back pain and pain-related symptoms. This could provide valuable insights into the psychological aspects of chronic pain management.
### Impact Rating: 6.5
The Tai Chi program's impact is moderate due to its potential to alleviate chronic lower back pain and its contribution to understanding the role of catastrophising in pain perception.

### Two-Sample Mr Analysis Community
### Summary
This report provides an overview of the Two-Sample Mr Analysis community, a group of researchers and practitioners who utilize this method in Mendelian Randomization to estimate causal effects. The community's key entities are primarily focused on understanding the causal relationship between exposures and outcomes, particularly in the context of Major Depression and Alcohol Dependence with Alcohol Consumption.
### Key Findings
Methodology and Application: The Two-Sample Mr Analysis method is a valuable tool for estimating causal effects using summary statistics from different samples. This method is particularly useful in situations where traditional methods, such as randomized controlled trials, are not feasible or ethical. The community's research focuses on applying this method to various exposures and outcomes, such as Major Depression and Alcohol Dependence on Alcohol Consumption.
Reputation and Credibility: The Two-Sample Mr Analysis community is recognized for its rigorous research and contributions to the field of Mendelian Randomization. The method's credibility stems from its ability to address potential confounding factors and provide more robust estimates of causal effects compared to traditional methods.
Legal Compliance: The Two-Sample Mr Analysis community operates within the legal framework of academic research, adhering to ethical guidelines and obtaining necessary approvals for their studies. However, it is important to note that the specific legal requirements may vary depending on the jurisdiction and the nature of the research.
Technical Capabilities: The community possesses a strong technical foundation, with expertise in statistical analysis, bioinformatics, and genetics. They utilize advanced software tools and techniques to perform their analyses and interpret their results.
Collaboration and Networking: The Two-Sample Mr Analysis community collaborates extensively with other research groups and organizations, sharing knowledge, resources, and best practices. This collaboration helps to advance the field and improve the quality of research.
Potential Limitations: While the Two-Sample Mr Analysis method offers many advantages, it is not without limitations. For example, the method relies on the instrumental variable assumption, which may not always hold. Additionally, the method may be limited by the availability and quality of summary statistics from different samples.
### Impact Rating: 7.5
The Two-Sample Mr Analysis community's impact is significant due to its potential to contribute to a better understanding of causal relationships in various fields, including mental health and substance use.

## Relationships:

(Education: The level of education completed by the participants.)--[APPLICATION: Education is used as a mediator in the study of the relationship between socioeconomic position and RA risk.]-->(Mediation: The statistical concept used to assess the relationship between variables, specifically the mediating effect of pain catastrophizing.)
(Reverse Causation: A situation where the effect of the dependent variable on the independent variable is mistaken for the opposite)--[INFLUENCE: Early onset of psychiatric symptoms may hamper subsequent school attendance and performance.]-->(Education: The level of education completed by the participants.)
(Education: The level of education completed by the participants.)--[ASSOCIATION: The association between education and lung cancer remains unclear.]-->(Causality: The relationship between a cause and its effect. In this context, it refers to the causality of potential factors for lung cancer.)
(Education: The level of education completed by the participants.)--[CAUSAL: The Mendelian randomization suggests that there may be a negative causal effect of education on BMI.]-->(Causal Effect: A cause-and-effect relationship between two variables, where a change in one variable causes a change in another.)
(Social Causation Theory: A theory that suggests that stressful financial circumstances might lead to the occurrence of new depressive symptoms or maintain previous depression. This might be due to exposure to worse living conditions, malnutrition, unhealthy lifestyle, lower social capital, social isolation, or decreased coping ability with negative life events.)--[EXPLANATION: The social causation theory suggests that stressful financial circumstances might lead to the occurrence of new depressive symptoms or maintain previous depression.]-->(Depression: Depression refers to a mood disorder characterized by persistent feelings of sadness, hopelessness, and a lack of interest or pleasure in activities.)
(Study: A systematic investigation to establish or confirm a fact or the existence of a phenomenon)--[TOOK_INTO_ACCOUNT: The study took into account the statistical concept]-->(Reverse Causality: A situation where the causal relationship between an exposure and an outcome is incorrectly assumed, with the outcome causing the exposure instead)
(Study: A systematic investigation to establish or confirm a fact or the existence of a phenomenon)--[SUPPORTS_FUNDAMENTAL_CAUSE: The study findings provide preliminary empirical support for the fundamental cause approach]-->(Fundamental_Cause: The theory suggesting that intervening factors cannot account for the association between education and health, supported by the study findings)
(Mediation: The statistical concept used to assess the relationship between variables, specifically the mediating effect of pain catastrophizing.)--[TREATMENT: Participants were allowed to use their normal medication during the study.]-->(Participant: An individual who takes part in a study or research.)
(Catastrophising: Psychological factor of catastrophizing, used in the study by Linton as a variable in the logistic regression analysis.)--[INFLUENCES: Catastrophising is a mental health factor that can influence the experience of pain.]-->(Pain: An unpleasant sensory and emotional experience associated with actual or potential tissue damage)
(Mediation: The statistical concept used to assess the relationship between variables, specifically the mediating effect of pain catastrophizing.)--[TREATMENT: Medication is used to treat back pain.]-->(Back Pain: A condition characterized by pain in the lower back region)
(Catastrophising: Psychological factor of catastrophizing, used in the study by Linton as a variable in the logistic regression analysis.)--[INFLUENCES: Catastrophising can influence the level of disability due to pain.]-->(Disability: The inability to perform normal activities due to chronic lower back pain)
(Financial Hardship: Financial hardship refers to a state of limited financial resources, which may lead to reduced ability or capability.)--[AFFECTS: Financial hardship may affect an individual's ability to purchase necessary medications.]-->(Mediation: The statistical concept used to assess the relationship between variables, specifically the mediating effect of pain catastrophizing.)
(Mediation: The statistical concept used to assess the relationship between variables, specifically the mediating effect of pain catastrophizing.)--[PRESCRIBED_TO: Older adults are often prescribed medication, which can have side effects.]-->(Older Adult: An individual aged 65 or older)
(Genetic Variants: Genetic Variants are differences in DNA sequence that can influence an individual's risk for certain diseases or traits.)--[INFLUENCE: Reverse causation is checked by testing whether those SNPs that best predict CHD also associate with educational outcomes.]-->(Reverse Causation: A situation where the effect of the dependent variable on the independent variable is mistaken for the opposite)
(Mediation: The statistical concept used to assess the relationship between variables, specifically the mediating effect of pain catastrophizing.)--[ADVISED_NOT_TO_TAKE: The patients in the group were advised not to take medication 24 hours prior to the investigation.]-->(Patients: A group of patients with nonspecific chronic back pain, recruited for the 'LOGIN' study project. The group consists of patients with a wide range of ages, genders, marital statuses, and education levels.)
(Rct: Randomized Controlled Trial (ISRCTN22714229) that the study is part of.)--[POTENTIAL: Reverse causation was a potential issue in the RCT due to the use of patient-reported outcomes.]-->(Reverse Causation: A situation where the effect of the dependent variable on the independent variable is mistaken for the opposite)
(Health Insurance: A type of insurance that provides coverage for healthcare services, including mental health services. In the context of the text, it is discussed in relation to its potential impact on mental health.)--[RELATED_TO: Medication is a part of treatment for mental health conditions, and health insurance may impact access to medication through its coverage policies.]-->(Mediation: The statistical concept used to assess the relationship between variables, specifically the mediating effect of pain catastrophizing.)
(Rct: Randomized Controlled Trial (ISRCTN22714229) that the study is part of.)--[INVOLVED: Catastrophising was one of the mediators in the RCT.]-->(Catastrophising: Psychological factor of catastrophizing, used in the study by Linton as a variable in the logistic regression analysis.)
(Reverse Causation: A situation where the effect of the dependent variable on the independent variable is mistaken for the opposite)--[USED_TO_EXAMINE: Reverse causation is the possibility that genetic instruments for RA, smoking exposure, and BMI are used to examine their effects on educational attainment.]-->(Genetic Instruments: Genetic variants used as instrumental variables in Mendelian Randomization)
(Reverse Causation: A situation where the effect of the dependent variable on the independent variable is mistaken for the opposite)--[POSSIBILITY: The possibility of reverse causation was not formally assessed in the MR analyses]-->(Mr Analyses: Statistical analyses performed on the data to establish relationships between variables)
",,,False,
Education,Depression,True,"Reasoning Process:
Step 1: The report on 'Mental Health Community: Depression and Anxiety' provides evidence of a causal relationship between depression and education, as it mentions that depression is associated with an increased risk of lower educational attainment.
Step 2: The report on 'Discordant Twin Analyses Community' mentions that non-shared environmental factors can affect the relationship between education and various health outcomes, but it does not provide evidence of a causal relationship in the opposite direction.
Step 3: The report on 'Two-Sample Mr Analysis Community' suggests that there may be a negative causal effect of education on BMI, but it does not provide evidence of a causal relationship between depression and education.
Step 4: The report on 'Chronic Lower Back Pain Research Community' does not provide any evidence of a causal relationship between education and depression.
Step 5: The report on 'Alcohol Consumption and Age: A Study Analysis' does not provide any evidence of a causal relationship between education and depression.

Conclusion: Yes","# Report:
## Chunks:

). The number of chronic health conditions was a sum measure of 15 self-reported chronic health conditions such as arthritis, glaucoma, and high cholesterol. Self-rated health, a valid and reliable measure of general well-being, <sup>28</sup> was assessed by asking: 'How would you describe your general health?' (1 = excellent to 4 = poor) (see Table 1).

#### Focal predictor: low educational attainment (age 21)

Participants who did not graduate from high school by age 21 were coded 1 (including those with a GED); all other participants were coded 0. Individuals with a GED have been reported to be more comparable to those without a high school diploma rather than those with a high school diploma with regard to health status.<sup>29-31</sup> Accordingly, participants with a GED were grouped with high school dropouts for the analysis. It has been also shown that completion of a degree, rather than an additional year of schooling, is associated with improvement in health, 2,32 although this association remains debatable.4 Because the majority of participants at the age 21 survey had not completed a postsecondary degree, and high school completion remains an important marker in an individual's educational career and has been shown to have long-term impacts on various life outcomes, 33-35 educational attainment was operationalized as previously described.

#### Pathway measures

Health behaviours (at age 30) included: (a) heavy episodic drinking, i.e. the number of times of having five or more drinks in a row during the past month; (b) cigarette smoking, i.e. the number of times of smoking during the past month (ranging from 1 = not at all to 5 = about a pack a day or more); and (c) meeting physical activity guidelines (1 = yes, 0 = no).

| Variable (metric or range) M or %  Educational attainment, age 21 No high school diploma (1 = yes), age 21 18.7  Health outcomes  Major depression (1 = yes), age 33 10.0 Obesity (1 = yes), age 33 34.0  Number of chronic health conditions, age 33 0 77.1 1 19.0 2 2.7 3 0.7 4 0.1 Self-rated general health, age 33 2.1  Mediators Health behaviours Heavy episodic drinking, age 30 0.6 C
P = 3.6×10<sup>-10</sup>). This was very similar to results of the direct observational case-control study between OSAS and BC risk (OR = 2.80; 95% CI = 2.24-3.50; P =1.4×10<sup>-19</sup>). Replication in the Asian population of the BCAC study also supported our results (IVW OR, 1.33 for BC risk per log-odds increment in OSAS risk, 95% CI = 1.13-1.56; P = 0.0006). Sensitivity analyses confirmed the robustness of our findings. We provide novel evidence that genetically determined higher risk of OSAS has a causal effect on higher risk of BC. Further studies focused on the mechanisms of the relationship between OSAS and breast carcinogenesis are needed.

#### **INTRODUCTION**

Breast cancer (BC) ranks as the most common cancer and the second most common cause of death from cancers in women worldwide [1-4]. According to the report of the Global Burden of Disease (GBD) Study 2017, the estimated annual deaths of BC was 611.6 thousand, and the all-age years of life lost (YLLs) was 16400.7 thousand globally [5]. Sleep-related mechanisms, which might initiate, exacerbate or modulate the phenotypic expression of multiple diseases, have been widely investigated for their relationships with BC [6–8]. However, less investigation has explored the potential detrimental effects of obstructive sleep apnea syndrome (OSAS), which has become a highly prevalent condition throughout the lifespan [9–16].

OSAS, a sleep-related breathing disorder characterized by recurrent cessations of breathing during sleep, could lead to intermittent hypoxia and sleep fragmentation [17]. Chronic and intermittent hypoxia have been shown to play an essential role in the progress of carcinogenesis and tumor progression [18–20]. Many observational studies have implicated the potential detrimental role of OSAS in multiple cancers, although the results were inconsistent [6, 21–24]. The causality of OSAS and BC still remains unknown due to the inherent limitations in observational studies of confounding and reverse causation.

Mendelian randomization (MR), using genetic variants as an instrument variable (IV) for the exposure to estimate causal effects of modifiable risk factors on disease outcomes, could overcome the limitations of the

<sup>&</
public health implications. First, it strengthens the case for investment in education interventions by demonstrating that educational attainment can reduce mental health burden, which is itself a significant source of morbidity and mortality.46 Second, by illustrating the links between education, mental health, and CVD, we have reinforced the need to recognize the potential interplay between social determinants and physical and mental health problems. Indeed, our study shows how a physical disease burden could be partly alleviated by targeting a social determinant of mental health and provides further support for the use of existing mental health interventions to reduce risk for CVD.47,48 Finally, we have also illustrated how to further explore potential mediators between depression and CVD in order to elucidate additional intervention targets. Here, we have highlighted tobacco smoking as such a target.

# Strengths and Limitations

The strengths of our study include the use of MR analysis to complement a conventional observational approach, which allowed us to better overcome bias arising from confounding, measurement error, and reverse causation. The use of a ""triangulation approach"" also allowed for greater confidence in causal inference when there was consistency between the different approaches.49 We were also able to limit bias arising from self-reporting and misclassification by using strict case definitions for both our observational and MR data sources. Although more relaxed case definitions may have improved the generalizability of results, potential bias arising from their use can be particularly problematic when using binary exposures in MR.50 An additional strength of our study was the use of 2-step MR for a mediation analysis. This allowed us to specifically quantify the proportion of our exposure's effect attributable to our proposed mediators. Finally, we extended our analysis to illustrate how our methodology could explore multiple mediators in the proposed pathway.

In our study, the use of MR demonstrated a discrepancy when observing the effects of mental health on CVD. When adjusting for confounding in our mediation analysis, we likely overadjusted in order to confidently isolate the effects of the mediator. To measure this, we conducted a sensitivity analysis without adjustment, although this suggested that the effect sizes we have found may actually be underestimates (Table S14). Instead, the discrepancy may have primarily been caused by reverse causation, with CVD leading to mental health problems and exaggerating observed associations. In a further sensitivity analysis, where CVD was the exposure and depression and then anxiety the outcomes, we did indeed find such bidirectionality (Table S15).

A common limitation of MR studies is weak instrument strength,51 especially when strict case definitions are used. Our instruments for both educational attainment and depression were adequate in this regard, with
of high job demands and low job control [\(Karasek](#page-16-49) [et al., 1988](#page-16-49)). Convincing evidence indicates that job strain is a risk factor for depression, and the same level of evidence remained after sensitivity analysis restricted to either prospective studies or studies in which depression was assessed through structured diagnostic interviews. However, all of the included studies were conducted in Europe and Canada [\(Madsen et al., 2017](#page-16-30)), and thus the extent to which those findings apply to other countries (for example, low- and middle-income countries) deserves further investigation. In addition, the studies did not adjust for baseline depressive symptoms or a history of clinical depression, and the definition of job strain varied across studies. Considering that job strain across the included studies was assessed through self-reported instruments, one cannot rule out the possible influence of the participants' affective states on the reporting of work conditions. Furthermore, reverse causality is possible since the evidence suggests that depression is associated with a significant detrimental impact on work productivity [\(Broadhead et al., 1990](#page-15-43); [McIntyre et al., 2015](#page-17-44); [Stewart et al., 2003\)](#page-17-45).

# 4.2. Assessment of bias in the literature on environmental risk factors for depression

First, our analyses included assessment of several hints of bias, but did not provide definitive proof thereof ([Ioannidis et al., 2007](#page-16-50); [Ioannidis, and Trikalinos, 2007a,](#page-16-12)[2007b](#page-16-13)). Evidence of high heterogeneity was observed in 56.4% of eligible meta-analyses. There are clear limitations when interpreting Egger's test, which provides an indication of small-study effects in the context of large heterogeneity ([Sterne et al., 2011](#page-17-46)). A high degree of heterogeneity across studies in a meta-analysis may constitute an indication of bias, which may hinder the interpretation of otherwise statistically significant associations. Nevertheless, it is possible that genuine heterogeneity exists across studies. Several lines of evidence indicate that genuine heterogeneity might operate in depression research. First, significant cross-cultural differences have been reported in the prevalence of depression ([Bromet](#page-15
Research has emerged in the past two decades focusing on the association between the individual or household financial stressors and common mental disorders such as depression and anxiety. However, findings regarding the relationship between different indicators of financial stress and depression are inconclusive in the previous literature. Studies have shown positive associations between depression and various indicators of financial stress such as debt or debt stress, financial hardship, or difficulties [\[13–15](#page-16-0)]. Some other studies find no relationships when financial stress was indicated by low income. For example, Zimmerman and Katon [[16](#page-17-0)] found that when other socioeconomic confounders were considered, no relationship between low income and depression was observed. Besides, there is evidence showing a negative association between low income and major depressive disorder in South Korea [[17](#page-17-0)]. A 2010 review on poverty and mental disorders also finds that the association between income and mental disorders (including depression) was still unclear [[18](#page-17-0)].

The social causation theory is one of the theories that has been proposed to explain possible mechanisms underlying the effect of poverty on mental disorders [\[18,](#page-17-0) [19\]](#page-17-0). It states that stressful financial circumstances might lead to the occurrence of new depressive symptoms or maintain previous depression. This might be due to exposure to worse living conditions, malnutrition, unhealthy lifestyle, lower social capital, social isolation, or decreased coping ability with negative life events. Individuals or households with limited financial resources are more vulnerable to stressful life events (e.g., economic crises, public-health crises), which might increase the risk of mental health problems [[18–20\]](#page-17-0). However, practically, social causation might not be applicable to situations where individuals are not in poverty or deprivation but still can experience depression due to financial stress.

Reviews to date have examined the relationship between debt specifically and broader mental health outcomes with depression being one of them. For example, two reviews published in 2013 and 2014 reviewed the literature on the relationship between debt and both mental health and physical health [\[21,](#page-17-0) [22](#page-17-0)]. They concluded that there was a significant relationship between personal unsecured debt or unpaid debt obligations and the increased risk of common mental disorders, suicidal ideation and so on [[21](#page-17-0), [22](#page-17-0)]. In terms of depression, they found that there was a strong and consistent positive relationship
causal e ect of education on depression using an IV approach. Chevalier and Feinstein (2007) use longitudinal data form the British National Child Development Survey (NCDS) to estimate the connection between education and mental health. They use two di erent measures for mental well-being: a malaise score, which uses 24 items to assess depression and a self-reported measure of currently feeling sad or depressed. As instruments, Chevalier and Feinstein (2007) use teacher assessments concerning the benefits the child would get from post-compulsory schooling and the child's smoking behaviour at age 16. The latter is assumed to be a proxy for the discount rate (a higher discount rate implies lower investments in education). Based on the IV results education has a protective e ect on mental health. The e ect seems to be larger for women and for those with mid-level qualifications. Crespo et al. (2014) exploit schooling reforms in several European countries as instruments for educational attainment. They find that education has a large protective e ect on mental health. However, other studies come to di erent conclusions. Kamhöfer et al. (2015) use variation in college availability and student loan regulations in Germany as instruments for higher education but do not find e ects on mental health.

This paper examines whether higher education protects against depressive symptoms. Our contribution to the literature is to use a new instrument, a genetic-based risk score for years of education to identify the causal e ect. Over the past decade this method, called Mendelian randomization (MR), has become an established tool for achieving causal inference in observational research (Pingault et al., 2018). Using rich, longitudinal population-based data which combines survey data with administrative register information on educational attainment and parental background we do not find causal support for the hypothesis that education would protect against depressive symptoms.

# 2 Methods

### 2.1. Data

The Cardiovascular Young Finns Study (YFS) is a longitudinal,

nationally representative study of 4320 individuals in six age cohorts (aged 3, 6, 9, 12, 15, 18) who were randomly chosen from five Finnish university hospital regions (Raitakari et al., 2008). In 1980 3596 subjects participated in the study and since then seven follow-up studies have been conducted.

In the YFS, depressive symptoms were evaluated in 2007 using a revised version of the Beck's Depression Inventory (B## Communities:

### Alcohol Consumption and Age: A Study Analysis
### Summary
This report examines the relationship between alcohol consumption and age, as well as the potential influence of age on other substance use behaviors such as smoking. The analysis is based on a study that assessed the alcohol consumption of participants across various age groups, and also considered the smoking habits of the participants.
### Key Findings
Alcohol consumption is associated with age: The analysis reveals that alcohol consumption can be associated with age, as both entities are present in the text and there are multiple relationships indicating a potential association. The text suggests that alcohol consumption can change with age, and that older individuals may have different drinking habits and social norms.
Age may influence alcohol consumption: The text suggests that age can influence an individual's alcohol consumption, as older individuals may have different drinking habits and social norms. This influence may be due to factors such as societal norms, health awareness, and personal choices.
Age may be associated with smoking habits: The analysis also reveals that age may be associated with smoking habits, as both entities are present in the text and there are multiple relationships indicating a potential association. The text suggests that smoking may be more common in younger age groups and decreases with age.
Smoking may be associated with alcohol consumption: The text suggests that smoking may be associated with alcohol consumption, as both entities are present in the text and there are multiple relationships indicating a potential association. The text suggests that smoking and alcohol consumption may be coping mechanisms for stress and negative emotions.
Sleep disturbance may be associated with alcohol consumption: The text suggests that poor sleep quality may be associated with increased alcohol consumption, as sleep disturbances can lead to self-medication. However, the analysis did not show a causal effect of sleep disturbance on alcohol consumption.
Education may be associated with alcohol consumption: The text suggests that education may be associated with alcohol consumption, but the relationship is not clearly defined. The text does not provide specific data to support this association, but it is mentioned that education may indirectly influence alcohol consumption through income or peer effects.
### Impact Rating: 7.5
The impact severity rating of 7.5 indicates a significant association between alcohol consumption and age, as well as a potential indirect relationship with smoking habits.

### Mental Health Community: Depression and Anxiety
### Summary
This report focuses on the community of individuals affected by depression and anxiety, two closely related mental health conditions. The analysis reveals that depression and anxiety are associated, comorbid, and often co-occur in the same individuals. The text also suggests a causal relationship between depression and anxiety, as well as an increased risk of depression in individuals with anxiety. Additionally, the study of depression includes data from the UK Biobank, a large-scale health study, and the selected genetic variants for depression were obtained from the largest GWAS meta-analysis of 807,553 European-descent individuals. Furthermore, depression is associated with an increased risk of cardiovascular disease (CAD), particularly in patients with diabetes.
### Key Findings
Depression and anxiety are related mental health conditions: The text provides multiple instances of the association between depression and anxiety, suggesting that they are closely related emotional states. This relationship is further supported by the fact that they share similar symptoms and risk factors.
Depression and anxiety are comorbid conditions: The text indicates that depression and anxiety often co-occur in the same individuals. This comorbidity is significant, as it can lead to more severe symptoms and increased healthcare costs.
Depression is associated with an increased risk of CAD: The text suggests a causal relationship between depression and an increased risk of CAD, particularly in patients with diabetes. This association is supported by multiple pieces of evidence, including genetic studies and inverse-variance weighted (IVW) analysis.
Depression is associated with insomnia: The text indicates that insomnia is associated with an increased risk of depression. This association is supported by multiple pieces of evidence, including genetic studies and the fact that insomnia symptoms/disorder are reported to independently increase the risk of subsequent depression in older persons.
Depression is associated with multimorbidity: The text suggests that depression is associated with an increased risk of multimorbidity, a condition where an individual has two or more chronic diseases. This association is supported by multiple pieces of evidence, including the fact that depression increases the risk for onset of multimorbidity by 80–90%.
### Impact Rating: 8.5
The high impact severity rating is due to the prevalence of depression and anxiety, their comorbidity, and the associated health risks, including cardiovascular disease.

### Chronic Lower Back Pain Research Community: Investigating Prevalence and Risk Factors
### Summary
This report provides an overview of a community of studies investigating chronic lower back pain. The studies vary in their methodology, including cross-sectional data, Mendelian randomization analyses, and clinical trials. The community focuses on various aspects of chronic lower back pain, such as its prevalence, risk factors, and potential treatments. The studies also consider potential confounders, such as physical abuse in childhood, and potential limitations, such as the first-night effect and the potential influence of opioid therapy. The community's findings may have significant implications for understanding and managing chronic lower back pain in the population.
### Key Findings
Studies use various methodologies: The community includes studies that use different methodologies, such as cross-sectional data, Mendelian randomization analyses, and clinical trials. This diversity in methodology allows for a more comprehensive understanding of chronic lower back pain.
Studies investigate various aspects of chronic lower back pain: The community's studies focus on various aspects of chronic lower back pain, including its prevalence, risk factors, and potential treatments. This broad focus provides a holistic understanding of the condition.
Studies consider potential confounders: The community's studies take into account potential confounders, such as physical abuse in childhood and the first-night effect. This consideration helps to ensure that the findings are accurate and reliable.
Studies may have potential limitations: The community's studies may have potential limitations, such as the potential influence of opioid therapy and the use of summary-level data. These limitations should be considered when interpreting the findings.
Findings may have significant implications for managing chronic lower back pain: The community's findings may have significant implications for managing chronic lower back pain in the population. For example, understanding the relationship between physical abuse in childhood and chronic lower back pain could help to identify individuals at risk and develop targeted interventions.
### Impact Rating: 8.5
The high impact severity rating reflects the significant implications of the community's findings for understanding and managing chronic lower back pain in the population.

### Discordant Twin Analyses Community
### Summary
This report presents an analysis of the Discordant Twin Analyses community, a group of researchers and practitioners focused on investigating the role of genetic and environmental factors in the development of traits. The community's primary tool, Discordant Twin Analyses, is used to study the impact of these factors on various health outcomes, including depression and anxiety. However, it is important to note that the assumption made by this technique, that genetic associations represent confounding, may not always hold true for phenotypic causality.
### Key Findings
Discordant Twin Analyses Assumption: Discordant Twin Analyses assumes that genetic associations represent confounding, but this assumption may not always hold true for phenotypic causality. This misassumption could lead to inaccurate conclusions about the relationship between genetic factors and health outcomes.
Role of Non-Shared Environment: Non-shared environmental factors, unique to each individual, can significantly affect the relationship between education and various health outcomes. This factor can lead to confounding, making it difficult to determine the true causality between education and health outcomes.
Impact on Smoking and Depression/Anxiety: Non-shared environmental factors can also affect the relationship between smoking and depression/anxiety, potentially leading to confounding. This means that it may be difficult to determine whether smoking directly causes depression/anxiety or if there are other factors at play.
Role of Shared Environment: Shared environmental factors, such as family environment, parenting, and upbringing, can also affect the relationship between education and various health outcomes. This factor can lead to confounding, making it difficult to determine the true causality between education and health outcomes.
Impact on Smoking and Depression/Anxiety: Shared environmental factors can also affect the relationship between smoking and depression/anxiety, potentially leading to confounding. This means that it may be difficult to determine whether smoking directly causes depression/anxiety or if there are other shared factors at play.
Implications for Research: Understanding the role of non-shared and shared environmental factors in the relationship between various health outcomes and factors such as smoking and education is crucial for conducting accurate research. The Discordant Twin Analyses community's work highlights the need for careful consideration of these factors to avoid confounding and ensure accurate conclusions.
### Impact Rating: 7.5
The Discordant Twin Analyses community's work has a significant impact on understanding the complex interplay between genetics, environment, and health outcomes.

### Two-Sample Mr Analysis Community
### Summary
This report provides an overview of the Two-Sample Mr Analysis community, a group of researchers and practitioners who utilize this method in Mendelian Randomization to estimate causal effects. The community's key entities are primarily focused on understanding the causal relationship between exposures and outcomes, particularly in the context of Major Depression and Alcohol Dependence with Alcohol Consumption.
### Key Findings
Methodology and Application: The Two-Sample Mr Analysis method is a valuable tool for estimating causal effects using summary statistics from different samples. This method is particularly useful in situations where traditional methods, such as randomized controlled trials, are not feasible or ethical. The community's research focuses on applying this method to various exposures and outcomes, such as Major Depression and Alcohol Dependence on Alcohol Consumption.
Reputation and Credibility: The Two-Sample Mr Analysis community is recognized for its rigorous research and contributions to the field of Mendelian Randomization. The method's credibility stems from its ability to address potential confounding factors and provide more robust estimates of causal effects compared to traditional methods.
Legal Compliance: The Two-Sample Mr Analysis community operates within the legal framework of academic research, adhering to ethical guidelines and obtaining necessary approvals for their studies. However, it is important to note that the specific legal requirements may vary depending on the jurisdiction and the nature of the research.
Technical Capabilities: The community possesses a strong technical foundation, with expertise in statistical analysis, bioinformatics, and genetics. They utilize advanced software tools and techniques to perform their analyses and interpret their results.
Collaboration and Networking: The Two-Sample Mr Analysis community collaborates extensively with other research groups and organizations, sharing knowledge, resources, and best practices. This collaboration helps to advance the field and improve the quality of research.
Potential Limitations: While the Two-Sample Mr Analysis method offers many advantages, it is not without limitations. For example, the method relies on the instrumental variable assumption, which may not always hold. Additionally, the method may be limited by the availability and quality of summary statistics from different samples.
### Impact Rating: 7.5
The Two-Sample Mr Analysis community's impact is significant due to its potential to contribute to a better understanding of causal relationships in various fields, including mental health and substance use.

## Relationships:

(Reverse Causation: A situation where the effect of the dependent variable on the independent variable is mistaken for the opposite)--[INFLUENCE: Early onset of psychiatric symptoms may hamper subsequent school attendance and performance.]-->(Education: The level of education completed by the participants.)
(Education: The level of education completed by the participants.)--[CAUSAL: The Mendelian randomization suggests that there may be a negative causal effect of education on BMI.]-->(Causal Effect: A cause-and-effect relationship between two variables, where a change in one variable causes a change in another.)
(Education: The level of education completed by the participants.)--[INFLUENCE: The study mentions that the effect of education on depressive symptoms may differ based on the level of qualifications.]-->(Qualification Level: The level of qualifications, which is mentioned as a factor that may influence the effect of education on depressive symptoms.)
(Dysfunctional Attitudes And Beliefs: Negative beliefs and attitudes about self, others, and the world that can lead to the development and maintenance of depression.)--[CONTRIBUTES_TO: Dysfunctional attitudes and beliefs can contribute to the development and maintenance of depression.]-->(Depression: Depression refers to a mood disorder characterized by persistent feelings of sadness, hopelessness, and a lack of interest or pleasure in activities.)
(Reverse_Causality: Reverse causality refers to the possibility that depression may cause changes in work productivity rather than the other way around.)--[AFFECTS: Depression is associated with a significant detrimental impact on work productivity, which may lead to reverse causality.]-->(Depression: Depression refers to a mood disorder characterized by persistent feelings of sadness, hopelessness, and a lack of interest or pleasure in activities.)
(Social Causation Theory: A theory that suggests that stressful financial circumstances might lead to the occurrence of new depressive symptoms or maintain previous depression. This might be due to exposure to worse living conditions, malnutrition, unhealthy lifestyle, lower social capital, social isolation, or decreased coping ability with negative life events.)--[EXPLANATION: The social causation theory suggests that stressful financial circumstances might lead to the occurrence of new depressive symptoms or maintain previous depression.]-->(Depression: Depression refers to a mood disorder characterized by persistent feelings of sadness, hopelessness, and a lack of interest or pleasure in activities.)
(Study: A systematic investigation to establish or confirm a fact or the existence of a phenomenon)--[SUPPORTS_FUNDAMENTAL_CAUSE: The study findings provide preliminary empirical support for the fundamental cause approach]-->(Fundamental_Cause: The theory suggesting that intervening factors cannot account for the association between education and health, supported by the study findings)
(Social Causation: The theory that social and economic factors, such as poverty, are the primary causes of mental health problems)--[EXPLAINS: Social causation theory suggests that financial stress is primarily caused by social and economic factors, such as poverty]-->(Financial Stress: Financial Stress refers to the emotional and physical strain caused by financial difficulties.)
(Social Causation: The theory that social and economic factors, such as poverty, are the primary causes of mental health problems)--[EXPLANATION: The paper mentions the 'social causation' pathway as a way to explain the effects of financial stress on depression]-->(Financial Stress: Financial Stress refers to the emotional and physical strain caused by financial difficulties.)
(Genetic Variants: Genetic Variants are differences in DNA sequence that can influence an individual's risk for certain diseases or traits.)--[INFLUENCE: Reverse causation is checked by testing whether those SNPs that best predict CHD also associate with educational outcomes.]-->(Reverse Causation: A situation where the effect of the dependent variable on the independent variable is mistaken for the opposite)
(Rct: Randomized Controlled Trial (ISRCTN22714229) that the study is part of.)--[POTENTIAL: Reverse causation was a potential issue in the RCT due to the use of patient-reported outcomes.]-->(Reverse Causation: A situation where the effect of the dependent variable on the independent variable is mistaken for the opposite)
(Reverse Causation: A situation where the effect of the dependent variable on the independent variable is mistaken for the opposite)--[USED_TO_EXAMINE: Reverse causation is the possibility that genetic instruments for RA, smoking exposure, and BMI are used to examine their effects on educational attainment.]-->(Genetic Instruments: Genetic variants used as instrumental variables in Mendelian Randomization)
(Social Causation: The theory that social and economic factors, such as poverty, are the primary causes of mental health problems)--[EXPLAINS: The text suggests that social causation theory explains the relationship between debt and depression.]-->(Debt: A financial burden where an individual owes money to others.)
(Reverse Causation: A situation where the effect of the dependent variable on the independent variable is mistaken for the opposite)--[POSSIBILITY: The possibility of reverse causation was not formally assessed in the MR analyses]-->(Mr Analyses: Statistical analyses performed on the data to establish relationships between variables)
(Reverse Causation: A situation where the effect of the dependent variable on the independent variable is mistaken for the opposite)--[ISSUE: The inherent limitations in observational studies of reverse causation.]-->(Observational Studies: Studies that observe and measure variables without manipulating them)
(Confounding: A factor that may influence the relationship between smoking and depression/anxiety, making it difficult to determine causality.)--[ISSUE: The inherent limitations in observational studies of confounding.]-->(Observational Studies: Studies that observe and measure variables without manipulating them)
(Cigarette Smoking: The habit of smoking cigarettes)--[ASSOCIATION: Smokers may also report that cigarettes alleviate their symptoms due to the misattribution of withdrawal relief, which may be a confounding factor.]-->(Confounding: A factor that may influence the relationship between smoking and depression/anxiety, making it difficult to determine causality.)
(Mendelian Randomization (Mr): A statistical technique used to assess causal inference by using genetic variants as instrumental variables for the exposure. It helps to diminish residual confounding and reverse causation bias.)--[ESTABLISHES: Mendelian Randomization establishes causal relationships between exposures and outcomes.]-->(Causal Relationship: Causal Relationship refers to a relationship between two variables where a change in one variable causes a change in the other variable.)
(Reverse Causation: A situation where the effect of the dependent variable on the independent variable is mistaken for the opposite)--[TYPE: Reverse causation is a type of bias]-->(Bias: A systematic prejudice or preference, especially one that inhibits impartial judgment)
(Mendelian Randomization (Mr): A statistical technique used to assess causal inference by using genetic variants as instrumental variables for the exposure. It helps to diminish residual confounding and reverse causation bias.)--[OVERCOMES: Mendelian randomization (MR) overcomes reverse causation bias because genetic variants are fixed regardless of the development or progression of the disease (except for certain cancers).]-->(Reverse Causation Bias: A situation in which the direction of causality between an exposure and an outcome is incorrect, due to the outcome affecting the exposure rather than the other way around.)
(Mr Analyses: Statistical analyses performed on the data to establish relationships between variables)--[ESTIMATES: MR analyses estimate the direct causal effect of an exposure on an outcome when controlling for a potential mediator.]-->(Direct_Causal_Effect: The effect of an exposure on an outcome when controlling for a potential mediator, representing the causal effect that does not act via the mediator.)
",,,False,
Education,Financial_level,True,"Reasoning Process:
Step 1: The report provides a knowledge graph relationship that suggests a potential causal relationship between Education and Financial_level, with Education influencing Financial_level. However, the relationship is not direct but may be mediated by other variables.
Step 2: The report also mentions the Social Causation Theory, which suggests that stressful financial circumstances might lead to the occurrence of new depressive symptoms or maintain previous depression. This theory implies a potential indirect causal relationship between Education (through its influence on financial circumstances) and Financial_level.
Step 3: The report also mentions the Mendelian randomization study that suggests a negative causal effect of Education on BMI. While BMI is not directly related to Financial_level, it could be an intermediate variable that mediates the relationship between Education and Financial_level.
Step 4: The report does not provide any evidence that contradicts the potential causal relationship between Education and Financial_level. Therefore, the absence of evidence against the relationship does not necessarily mean that the relationship does not exist.

Conclusion: Yes","# Report:
## Chunks:

). The number of chronic health conditions was a sum measure of 15 self-reported chronic health conditions such as arthritis, glaucoma, and high cholesterol. Self-rated health, a valid and reliable measure of general well-being, <sup>28</sup> was assessed by asking: 'How would you describe your general health?' (1 = excellent to 4 = poor) (see Table 1).

#### Focal predictor: low educational attainment (age 21)

Participants who did not graduate from high school by age 21 were coded 1 (including those with a GED); all other participants were coded 0. Individuals with a GED have been reported to be more comparable to those without a high school diploma rather than those with a high school diploma with regard to health status.<sup>29-31</sup> Accordingly, participants with a GED were grouped with high school dropouts for the analysis. It has been also shown that completion of a degree, rather than an additional year of schooling, is associated with improvement in health, 2,32 although this association remains debatable.4 Because the majority of participants at the age 21 survey had not completed a postsecondary degree, and high school completion remains an important marker in an individual's educational career and has been shown to have long-term impacts on various life outcomes, 33-35 educational attainment was operationalized as previously described.

#### Pathway measures

Health behaviours (at age 30) included: (a) heavy episodic drinking, i.e. the number of times of having five or more drinks in a row during the past month; (b) cigarette smoking, i.e. the number of times of smoking during the past month (ranging from 1 = not at all to 5 = about a pack a day or more); and (c) meeting physical activity guidelines (1 = yes, 0 = no).

| Variable (metric or range) M or %  Educational attainment, age 21 No high school diploma (1 = yes), age 21 18.7  Health outcomes  Major depression (1 = yes), age 33 10.0 Obesity (1 = yes), age 33 34.0  Number of chronic health conditions, age 33 0 77.1 1 19.0 2 2.7 3 0.7 4 0.1 Self-rated general health, age 33 2.1  Mediators Health behaviours Heavy episodic drinking, age 30 0.6 C
expansion. Although their superior performances in some school subjects (e.g. languages) is not at all new, there has been an increase in the opportunities for transition and successful completion of upper secondary education. In many countries, girls are now more likely than boys to transition to upper secondary schools (Hannum and Buchmann [2005;](#page-8-0) Hadjar and Berger [2011](#page-8-0)). However, the actual transition rates to tertiary education for women being eligible to enter Higher Education institutions are still lower than those of men, and there is still a rather persistent gender separation in the choice of study subjects and vocational options.

This special issue focuses on current educational inequalities but also brings fresh insights by looking back in time to trace continuities and discontinuities, employing a historical perspective. It centres, however, on the current debate on the underperformance of boys in comparison with girls. This is often regarded as a European phenomenon, but is also visible outside Europe (Hannum and Buchmann [2005](#page-8-0)). While focusing on gender and educational achievement, we employ a broader definition of achievement that covers all aspects of educational success – including educational transitions and school grades. Although school grades and transitions are linked to achievement and ability, they are indicative of a type of success in school that does not necessarily equate to aptitude and is, therefore, inextricably constrained by assessment processes. For the individual school students, it can be argued that such aspects of educational success are, in reality, even more important than actual ability, since school grades are usually 'what counts' for the greater part of a continuing educational career, school pathways and the labour market.

The main aims of the special issue are to theorise gender inequalities from different disciplinary perspectives and to bring together different methodological approaches. This also involves consideration of practical implications for improving boys' and girls' school outcomes. Within the scientific debate about gender differences in educational success, several aspects are discussed that include long-term perspectives on gender debates about differences of educational careers, school student characteristics as well as institutional settings and the role of the teacher. The special issue comprises a collection of papers that explore different aspects of the topic and deal with gender differences in educational success from a range of disciplinary perspectives, including historical, sociological and psychological approaches.

### What is known about gender differences in educational success?

From the perspective of gender differences in education today, patterns of gender inequalities that are specific to a certain stage within the educational career need to be considered. A recent meta-analysis of empirical studies from Germany and Switzerland (Blossfeld et al. [2009;](#page-7-0) Hadjar [201
<s> # **Educational Research**

# **Gender and educational achievement**

**Andreas Hadjar, Sabine Krolak-Schwerdt, Karin Priem & Sabine Glock**

**To cite this article:** Andreas Hadjar, Sabine Krolak-Schwerdt, Karin Priem & Sabine Glock (2014) Gender and educational achievement, Educational Research, 56:2, 117-125, DOI: [10.1080/00131881.2014.898908](https://www.tandfonline.com/action/showCitFormats?doi=10.1080/00131881.2014.898908)

**To link to this article:** <https://doi.org/10.1080/00131881.2014.898908>

| Published online: 29 Apr 2014.           |
|------------------------------------------|
| Submit your article to this journal      |
| Article views: 41273                     |
| View related articles                    |
| View Crossmark data                      |
| Citing articles: 23 View citing articles |

# Gender and educational achievement

In many countries, gender differences in educational success are part of long standing political, public and scientific debates about education. Whereas, for example, at the end of the nineteenth century and in the 1960s, the educational disadvantages of women (but also their difference) were central to debates about gender, by the end of the 20th century attention had turned to boys, their difference from girls and their lack of educational success. However, though the focus of the gender difference debate changed very much in some respects, in other ways there is a common thread. Before educational expansion in Europe, girls attained lower educational levels than boys. Upper secondary schooling and tertiary education were male-dominated. After the 1960s, girls benefited greatly from the educational expansion. Although their superior performances in some school subjects (e.g. languages) is not at all new, there has been an increase in the opportunities for transition and successful completion of upper secondary education. In many countries, girls are now more likely than boys to transition to upper secondary schools (Hannum and Buchmann [2005;](#page-8-0) Hadjar and Berger [2011](#page-8-0)). However, the
, the present study results might be caused at least partially by nonspecific factors of the treatment such as a clear treatment rationale, a highly structured and standardized treatment program, and emphasis on active participation and responsibility for generalization[.26,44](#page-9-0)

In conclusion, this study showed that treatment elements that do not deliberately target cognitive factors but instead concentrate on letting the patients experience that performing physical exercises or normally hampered activities in a controlled environment is still possible are responsible for a substantial cognitive change.

The lack of change in internal control of pain was not expected. This might be attributed to the fact that the cognitive treatment consisting of the PST and the operant behavioral GA training was not specifically aimed at changing the internal control of pain. In the study of Spinhoven et al[,44](#page-9-0) which did show an increase of control of pain, the cognitive treatment specifically aimed at increasing pain control and self-efficacy beliefs. Another explanation might be the internal control of pain subscale of the PCL itself. Currently there is no information about the responsiveness of this scale. In addition, the baseline score seemed already moderate to high in all treatment groups (mean score ranged from 15.6 to 16.6). However, in the absence of normative values for the <span id=""page-8-0""></span>healthy population, it is difficult to judge whether there existed a ceiling effect for this measure.

A weakness of this study and most previous studies alike is that the results are based on self-report only, which might be influenced by a number of self-serving biases. On the other hand, by using the 3-step process for assessing mediation as described by Baron and Kenny5 and statistically testing the results with Sobel's *t* test, the mediating effect of pain catastrophizing seems quite solid. To examine whether we are not merely measuring correlation and that the change in mediator really precedes the change in outcome, Burns et al11,12 suggested using cross-lagged correlation. In their uncontrolled study on chronic pain patients attending a multidisciplinary treatment, they collected data on pain catastrophizing, helplessness, depression, and the outcome (multidimensional pain inventory) at before, during, and after treatment. An early change in cognitions appeared to predict late treatment change of pain and disability but not the other way around.

Although we performed a controlled study, we were not able to collect data at mid-treatment, and a crosslagged correlation was not possible. Therefore, the direction of causality among the variables remains ambiguous. Taking the results of Burns et al11,12 into consideration, it seems that the direction
status in young adulthood.

We note three limitations of our study. First, most of the measures were derived from respondent self-reports, with the exception of two teacher-reported measures and obesity. Respondents' report of their health risk behaviours in particular might be underreported due to social desirability. However, it is noteworthy that cigarette smoking, arguably the most highly stigmatized health behaviour,[57](#page-8-0) showed predictive capacity in the present study, which lends confidence to our findings. Second, our health insurance variable was operationalized to indicate whether an individual was covered either through their employer or union or via a family member. The intent behind this approach was to minimize possible variation across varying health insurance policies. More detailed information about health insurance policies was not available in the SSDP data. Third, it should be acknowledged that the study sample was not nationally representative and generalization of findings should be conducted with caution. These findings should be interpreted in the context of the study sample, which was ethnically diverse and originally from economically challenged backgrounds in Seattle.

The current study made four main contributions to research on the link between education and health outcomes. First, it examined multiple pathways and multiple health outcomes. These analyses were intended to help clarify the pervasiveness or specificity of the role of different mediating factors across varying health outcome measures. Findings can inform efforts to develop effective public health interventions targeting educational disparities in health outcomes. Second, the study findings suggest that different explanatory mechanisms were evident for different health measures. This finding might provide preliminary empirical support for how the fundamental cause approach[17,18](#page-7-0) might operate in a sample of individuals with more disadvantaged backgrounds. This approach suggests that intervening factors, and certainly a single intervening factor, cannot account for the association between education and health. Because the SSDP sample was originally from high-crime neighbourhoods, the SSDP sample represents a group of people who are

socio-economically disadvantaged relative to national samples. Our findings suggest that the fundamental cause might be more evident among those with economically disadvantaged backgrounds. Third, our study contributed to a better understanding of young adulthood, which may hold particular promise for prevention of later health problems that often take a more serious form and require more costly treatment plans.[22](#page-7-0)e[24](#page-7-0) Fourth, our study capitalized on prospective longitudinal data to better clarify the association between education and later health measures. Specifically, these data can help address the alternative explanation of social selection or drift (i.e. that pre-existing health problems impair an
plicated our findings in the Asian population of the BCAC study, we also found the detrimental causal effect (IVW OR, 1.33 for BC risk per log-odds increment in OSAS risk, 95% CI = 1.13-1.56; P = 0.0006). Sensitivity analyses by MBE, penalized IVW, robust IVW, simple median, and weighted median method confirmed the robustness of our findings. For the potential pleiotropy effect, we didn't find any other associations by searching MR-Base, PhenoScanner database and the GWAS catalog. The intercept from MR-Egger regression didn't differed from zero (P>0.05). Also, MR-PRESSO analyses revealed that no potential outliers were detected in both our sample and Asian population of the BCAC study.

## **DISCUSSION**

In current study, we applied a two-sample MR approach to comprehensively evaluate the causal relationships of OSAS and etiology of BC in both Chinese samples and Asian population of the BCAC study. The primary MR analyses showed that genetic predisposition to higher risk of OSAS was associated with higher risk of BC. Meanwhile, sensitivity analyses validated the robustness of the primary results. We also didn't detect any pleiotropy effect of the IV for OSAS using series of methods. To the best of our knowledge, this should be first study which aims to explore the causal relationships between OSAS and risk of BC.

Sleep-related disorders is a series of different medical disorders of the sleep patterns, including dyssomnias, parasomnias, circadian rhythm sleep disorders, and others [35, 36]. Among them, OSAS is the most frequent type of respiratory disturbance [37]. It was estimated that OSAS owned a mean prevalence rate of 22% (range, 9-37%) in men and 17% (range, 4-50%) in women globally [38]. According to the results of a meta-analysis in Asian countries, China and India present the highest prevalence of OSAS [39]. Previous retrospective and prospective observational studies revealed there was a possible association between OSAS and elevated cancer risk, although it was not determined that whether it was a causal relationship [22, 40–43]. Even some studies reported null association or reversed conclusion that cancers and its related therapies caused the occurrence of OSAS [44–46]. Against this background, the implement of MR in the causal inference was much more essential. Recently, a MR analysis evaluated the associations of self-## Communities:

### Mental Health Community: Depression and Anxiety
### Summary
This report focuses on the community of individuals affected by depression and anxiety, two closely related mental health conditions. The analysis reveals that depression and anxiety are associated, comorbid, and often co-occur in the same individuals. The text also suggests a causal relationship between depression and anxiety, as well as an increased risk of depression in individuals with anxiety. Additionally, the study of depression includes data from the UK Biobank, a large-scale health study, and the selected genetic variants for depression were obtained from the largest GWAS meta-analysis of 807,553 European-descent individuals. Furthermore, depression is associated with an increased risk of cardiovascular disease (CAD), particularly in patients with diabetes.
### Key Findings
Depression and anxiety are related mental health conditions: The text provides multiple instances of the association between depression and anxiety, suggesting that they are closely related emotional states. This relationship is further supported by the fact that they share similar symptoms and risk factors.
Depression and anxiety are comorbid conditions: The text indicates that depression and anxiety often co-occur in the same individuals. This comorbidity is significant, as it can lead to more severe symptoms and increased healthcare costs.
Depression is associated with an increased risk of CAD: The text suggests a causal relationship between depression and an increased risk of CAD, particularly in patients with diabetes. This association is supported by multiple pieces of evidence, including genetic studies and inverse-variance weighted (IVW) analysis.
Depression is associated with insomnia: The text indicates that insomnia is associated with an increased risk of depression. This association is supported by multiple pieces of evidence, including genetic studies and the fact that insomnia symptoms/disorder are reported to independently increase the risk of subsequent depression in older persons.
Depression is associated with multimorbidity: The text suggests that depression is associated with an increased risk of multimorbidity, a condition where an individual has two or more chronic diseases. This association is supported by multiple pieces of evidence, including the fact that depression increases the risk for onset of multimorbidity by 80–90%.
### Impact Rating: 8.5
The high impact severity rating is due to the prevalence of depression and anxiety, their comorbidity, and the associated health risks, including cardiovascular disease.

### Chronic Lower Back Pain Research Community: Investigating Prevalence and Risk Factors
### Summary
This report provides an overview of a community of studies investigating chronic lower back pain. The studies vary in their methodology, including cross-sectional data, Mendelian randomization analyses, and clinical trials. The community focuses on various aspects of chronic lower back pain, such as its prevalence, risk factors, and potential treatments. The studies also consider potential confounders, such as physical abuse in childhood, and potential limitations, such as the first-night effect and the potential influence of opioid therapy. The community's findings may have significant implications for understanding and managing chronic lower back pain in the population.
### Key Findings
Studies use various methodologies: The community includes studies that use different methodologies, such as cross-sectional data, Mendelian randomization analyses, and clinical trials. This diversity in methodology allows for a more comprehensive understanding of chronic lower back pain.
Studies investigate various aspects of chronic lower back pain: The community's studies focus on various aspects of chronic lower back pain, including its prevalence, risk factors, and potential treatments. This broad focus provides a holistic understanding of the condition.
Studies consider potential confounders: The community's studies take into account potential confounders, such as physical abuse in childhood and the first-night effect. This consideration helps to ensure that the findings are accurate and reliable.
Studies may have potential limitations: The community's studies may have potential limitations, such as the potential influence of opioid therapy and the use of summary-level data. These limitations should be considered when interpreting the findings.
Findings may have significant implications for managing chronic lower back pain: The community's findings may have significant implications for managing chronic lower back pain in the population. For example, understanding the relationship between physical abuse in childhood and chronic lower back pain could help to identify individuals at risk and develop targeted interventions.
### Impact Rating: 8.5
The high impact severity rating reflects the significant implications of the community's findings for understanding and managing chronic lower back pain in the population.

### Community of Authors Discussing Gender and Educational Achievement
### Summary
This community consists of four authors who have collaborated on the article 'Gender and Educational Achievement'. The authors discuss various aspects of education, including languages, tertiary education, upper secondary schooling, and overall educational achievement. The article highlights the disparities in educational attainment between genders, particularly in the transition rates for women to tertiary education.
### Key Findings
Authors' Discussion on Languages: The authors discuss the subject of languages in their article, although no specific language is mentioned. This could indicate a broader focus on language policies, language acquisition, or language use in educational settings.
Authors' Focus on Tertiary Education: The authors emphasize the level of education beyond upper secondary education, where the transition rates for women are still lower than those of men. This finding highlights the need for policies and initiatives to support women in pursuing higher education and achieving equal opportunities.
Authors' Emphasis on Upper Secondary Schooling: The authors discuss upper secondary schooling, which often provides a broad foundation of knowledge. This level of education is crucial for future success in higher education and the workforce. The authors' focus on this stage of education suggests a concern for the preparation of students for their future academic and professional lives.
Authors' Analysis of Educational Achievement: The authors discuss the level of educational success achieved by individuals, as highlighted in their article. This finding underscores the importance of understanding the factors that contribute to educational achievement and the need for policies and interventions to address disparities.
Collaborative Effort Among Authors: The four authors collaborate on the article, demonstrating a shared commitment to addressing gender disparities in educational achievement. This collaboration suggests a strong network of researchers working together to advance knowledge and promote change.
Authors' Reputation and Credibility: The authors are recognized experts in their fields, with publications in reputable academic journals. Their collective expertise lends credibility to the findings and recommendations presented in the article.
### Impact Rating: 7.5
The community's work sheds light on the ongoing gender disparities in educational achievement, which has significant implications for social and economic equality.

### Two-Sample Mr Analysis Community
### Summary
This report provides an overview of the Two-Sample Mr Analysis community, a group of researchers and practitioners who utilize this method in Mendelian Randomization to estimate causal effects. The community's key entities are primarily focused on understanding the causal relationship between exposures and outcomes, particularly in the context of Major Depression and Alcohol Dependence with Alcohol Consumption.
### Key Findings
Methodology and Application: The Two-Sample Mr Analysis method is a valuable tool for estimating causal effects using summary statistics from different samples. This method is particularly useful in situations where traditional methods, such as randomized controlled trials, are not feasible or ethical. The community's research focuses on applying this method to various exposures and outcomes, such as Major Depression and Alcohol Dependence on Alcohol Consumption.
Reputation and Credibility: The Two-Sample Mr Analysis community is recognized for its rigorous research and contributions to the field of Mendelian Randomization. The method's credibility stems from its ability to address potential confounding factors and provide more robust estimates of causal effects compared to traditional methods.
Legal Compliance: The Two-Sample Mr Analysis community operates within the legal framework of academic research, adhering to ethical guidelines and obtaining necessary approvals for their studies. However, it is important to note that the specific legal requirements may vary depending on the jurisdiction and the nature of the research.
Technical Capabilities: The community possesses a strong technical foundation, with expertise in statistical analysis, bioinformatics, and genetics. They utilize advanced software tools and techniques to perform their analyses and interpret their results.
Collaboration and Networking: The Two-Sample Mr Analysis community collaborates extensively with other research groups and organizations, sharing knowledge, resources, and best practices. This collaboration helps to advance the field and improve the quality of research.
Potential Limitations: While the Two-Sample Mr Analysis method offers many advantages, it is not without limitations. For example, the method relies on the instrumental variable assumption, which may not always hold. Additionally, the method may be limited by the availability and quality of summary statistics from different samples.
### Impact Rating: 7.5
The Two-Sample Mr Analysis community's impact is significant due to its potential to contribute to a better understanding of causal relationships in various fields, including mental health and substance use.

### Educational Transitions and Success Community
### Summary
This community focuses on the progression from one level of education to another, known as educational transitions, and its impact on overall educational success. The key entities within this community are Educational Transitions, School Student Characteristics, and Institutional Settings, all of which have a significant influence on educational success.
### Key Findings
Educational Transitions' Contribution to Educational Success: The transition from one level of education to another plays a crucial role in an individual's educational journey. A smooth transition can help students adapt to new learning environments, build upon their existing knowledge, and set them up for future success. Conversely, a difficult transition can lead to academic struggles and decreased motivation.
Influence of School Student Characteristics on Educational Success: Individual traits of school students, such as motivation, learning style, and prior knowledge, can significantly impact their educational success. Students with a strong work ethic, a growth mindset, and a willingness to learn are more likely to succeed academically. Additionally, understanding a student's learning style can help teachers tailor their instruction methods to better meet the student's needs.
Impact of Institutional Settings on Educational Success: The environment in which education takes place, including the role of the teacher, can greatly influence educational success. A supportive and engaging learning environment, with a competent and dedicated teacher, can foster a love for learning and encourage students to reach their full potential. Conversely, a negative or unsupportive learning environment can hinder a student's academic progress and overall success.
The Interplay between Educational Transitions, Student Characteristics, and Institutional Settings: The relationship between these three entities is complex and interdependent. For example, a student's characteristics can influence their transition from one level of education to another, and the quality of the institutional setting can impact a student's ability to succeed in their new educational environment. Understanding these relationships is crucial for developing effective strategies to support students during their educational journey.
Implications for Education Policy and Practice: The findings from this community have important implications for education policy and practice. Policymakers can develop strategies to support smooth educational transitions, such as providing additional resources for students during transition periods. Teachers can tailor their instruction methods to meet the needs of individual students, and schools can create supportive and engaging learning environments to foster academic success.
### Impact Rating: 8.5
The impact of this community is high due to the significant role educational transitions, student characteristics, and institutional settings play in shaping an individual's educational success.

### Community of Mental Disorders, CAD, and Insomnia
### Summary
This report examines a community of entities centered around mental disorders, Coronary Artery Disease (CAD), and insomnia. The relationships between these entities are complex, with confounding factors potentially influencing the causal relationship between mental disorders and CAD, and SNP Mendelian randomization being used to test the causal relationship between mental disorders and insomnia.
### Key Findings
Confounding Factors Affecting the Causal Relationship between Mental Disorders and CAD: Confounding factors can complicate the understanding of the causal relationship between mental disorders and CAD. These factors are variables that can influence the relationship between the two, making it difficult to determine whether changes in one variable are directly causing changes in the other. For instance, lifestyle factors such as diet, exercise, and smoking can affect both mental health and CAD risk, potentially confounding any observed relationship.
SNP Mendelian Randomization for Testing the Causal Relationship between Mental Disorders and Insomnia: SNP Mendelian randomization is a method used to test the causal relationship between mental disorders and insomnia. This technique uses genetic variants as instrumental variables to estimate the causal effect of mental disorders on insomnia. By using genetic variants that are associated with mental disorders but not directly related to insomnia, researchers can reduce the influence of confounding factors and more accurately determine the causal relationship between the two.
Potential Implications for Public Health and Treatment Strategies: Understanding the causal relationships between mental disorders, CAD, and insomnia could have significant implications for public health and treatment strategies. For example, if mental disorders are found to cause CAD, this could lead to the development of targeted interventions to prevent or treat CAD in individuals with mental disorders. Similarly, if insomnia is found to be a causal factor in mental disorders, this could lead to the development of new treatments for mental disorders that target insomnia.
Challenges in Establishing Causality: Establishing causality in the relationships between mental disorders, CAD, and insomnia is challenging due to the complex nature of these relationships and the presence of confounding factors. However, the use of techniques such as SNP Mendelian randomization can help to reduce the influence of confounding factors and provide more accurate estimates of causality.
Potential for Further Research: Further research is needed to fully understand the causal relationships between mental disorders, CAD, and insomnia. This research could involve large-scale epidemiological studies, genetic studies, and interventional trials. By continuing to investigate these relationships, we can gain a more comprehensive understanding of the interplay between these conditions and develop more effective strategies for prevention and treatment.
### Impact Rating: 7.5
The high impact severity rating is due to the potential implications of understanding the causal relationships between mental disorders, CAD, and insomnia for public health and treatment strategies.

## Relationships:

(Age: The age of the participants in the study.)--[INFLUENCE: Age may influence the financial confidence of an individual]-->(Financial_Confidence: A measure of an individual's confidence in their ability to make financial decisions, based on a survey question asking about changes in confidence over the past five years.)
(Financial_Confidence: A measure of an individual's confidence in their ability to make financial decisions, based on a survey question asking about changes in confidence over the past five years.)--[ASSOCIATION: The financial confidence is associated with the age of the respondent, as shown in the provided table.]-->(Age: The age of the participants in the study.)
(Reverse Causation: A situation where the effect of the dependent variable on the independent variable is mistaken for the opposite)--[INFLUENCE: Early onset of psychiatric symptoms may hamper subsequent school attendance and performance.]-->(Education: The level of education completed by the participants.)
(Education: The level of education completed by the participants.)--[CAUSAL: The Mendelian randomization suggests that there may be a negative causal effect of education on BMI.]-->(Causal Effect: A cause-and-effect relationship between two variables, where a change in one variable causes a change in another.)
(Social Causation Theory: A theory that suggests that stressful financial circumstances might lead to the occurrence of new depressive symptoms or maintain previous depression. This might be due to exposure to worse living conditions, malnutrition, unhealthy lifestyle, lower social capital, social isolation, or decreased coping ability with negative life events.)--[EXPLANATION: The social causation theory suggests that stressful financial circumstances might lead to the occurrence of new depressive symptoms or maintain previous depression.]-->(Depression: Depression refers to a mood disorder characterized by persistent feelings of sadness, hopelessness, and a lack of interest or pleasure in activities.)
(Study: A systematic investigation to establish or confirm a fact or the existence of a phenomenon)--[TOOK_INTO_ACCOUNT: The study took into account the statistical concept]-->(Reverse Causality: A situation where the causal relationship between an exposure and an outcome is incorrectly assumed, with the outcome causing the exposure instead)
(Study: A systematic investigation to establish or confirm a fact or the existence of a phenomenon)--[SUPPORTS_FUNDAMENTAL_CAUSE: The study findings provide preliminary empirical support for the fundamental cause approach]-->(Fundamental_Cause: The theory suggesting that intervening factors cannot account for the association between education and health, supported by the study findings)
(Women: Women are the female sex.)--[PARTICIPATION_IN: Women participate in upper secondary schooling due to their increasing educational motivation]-->(Upper Secondary Schooling: The level of education that follows primary education and precedes higher education, often providing a broad foundation of knowledge)
(Gender: The sex of the participants in the study by Linton et al.)--[INFLUENCES: Gender is discussed as a factor that influences tertiary education]-->(Tertiary Education: Represents the level of education beyond upper secondary education, where the transition rates for women are still lower than those of men.)
(Gender: The sex of the participants in the study by Linton et al.)--[INFLUENCES: Gender is discussed as a factor that influences upper secondary schooling]-->(Upper Secondary Schooling: The level of education that follows primary education and precedes higher education, often providing a broad foundation of knowledge)
(Low_Educational_Attainment: A lower level of formal education, which may be associated with an increased risk of various health issues, including cardiovascular disease.)--[RISK_FACTOR: Lower levels of education are associated with an increased risk of cardiovascular disease.]-->(Cvd: Cardiovascular disease, a group of conditions that affect the heart and blood vessels)
(Genetic Variants: Genetic Variants are differences in DNA sequence that can influence an individual's risk for certain diseases or traits.)--[INFLUENCE: Reverse causation is checked by testing whether those SNPs that best predict CHD also associate with educational outcomes.]-->(Reverse Causation: A situation where the effect of the dependent variable on the independent variable is mistaken for the opposite)
(Older_Adults: A group of individuals typically aged 60 years and above, characterized by potential experience in facing critical life events and using adequate coping strategies.)--[HAS_FINANCIAL_CONFIDENCE: Older adults generally are confident about their own decisionmaking, but the text does not provide specific percentages]-->(Financial_Confidence: A measure of an individual's confidence in their ability to make financial decisions, based on a survey question asking about changes in confidence over the past five years.)
(Rct: Randomized Controlled Trial (ISRCTN22714229) that the study is part of.)--[POTENTIAL: Reverse causation was a potential issue in the RCT due to the use of patient-reported outcomes.]-->(Reverse Causation: A situation where the effect of the dependent variable on the independent variable is mistaken for the opposite)
",,,False,
Education,Obesity,True,"Reasoning Process:
Step 1: The report on Obesity and Body Mass Index (BMI) mentions a causal relationship between Education and BMI, specifically stating that Mendelian randomization suggests a negative causal effect of education on BMI.
Step 2: The report on Chronic Lower Back Pain Research Community mentions that Education is a potential confounder in the study of chronic lower back pain, suggesting that Education may have an indirect effect on Obesity through its association with chronic lower back pain.
Step 3: The report on Two-Sample Mr Analysis Community does not directly mention a causal relationship between Education and Obesity, but it does mention that the method can be used to estimate causal effects, including those between exposures and outcomes such as Major Depression and Alcohol Consumption. However, the specific exposures and outcomes mentioned are not Education and Obesity.
Step 4: The report on Mental Health Community does not mention a causal relationship between Education and Obesity.
Step 5: The report on Community of Causal Associations and Direct Effects in Lower Back Pain Management does not mention a causal relationship between Education and Obesity.
Step 6: Given the reports, there is evidence of a potential causal relationship between Education and BMI, but no direct evidence of a causal relationship between Education and Obesity. However, Education may have an indirect effect on Obesity through its association with chronic lower back pain.
Step 7: Since there is evidence of a potential causal relationship between Education and BMI, and since BMI is a measure of obesity, it is reasonable to infer that Education may have a causal relationship with Obesity, albeit an indirect one.

Conclusion: Yes","# Report:
## Chunks:

). The number of chronic health conditions was a sum measure of 15 self-reported chronic health conditions such as arthritis, glaucoma, and high cholesterol. Self-rated health, a valid and reliable measure of general well-being, <sup>28</sup> was assessed by asking: 'How would you describe your general health?' (1 = excellent to 4 = poor) (see Table 1).

#### Focal predictor: low educational attainment (age 21)

Participants who did not graduate from high school by age 21 were coded 1 (including those with a GED); all other participants were coded 0. Individuals with a GED have been reported to be more comparable to those without a high school diploma rather than those with a high school diploma with regard to health status.<sup>29-31</sup> Accordingly, participants with a GED were grouped with high school dropouts for the analysis. It has been also shown that completion of a degree, rather than an additional year of schooling, is associated with improvement in health, 2,32 although this association remains debatable.4 Because the majority of participants at the age 21 survey had not completed a postsecondary degree, and high school completion remains an important marker in an individual's educational career and has been shown to have long-term impacts on various life outcomes, 33-35 educational attainment was operationalized as previously described.

#### Pathway measures

Health behaviours (at age 30) included: (a) heavy episodic drinking, i.e. the number of times of having five or more drinks in a row during the past month; (b) cigarette smoking, i.e. the number of times of smoking during the past month (ranging from 1 = not at all to 5 = about a pack a day or more); and (c) meeting physical activity guidelines (1 = yes, 0 = no).

| Variable (metric or range) M or %  Educational attainment, age 21 No high school diploma (1 = yes), age 21 18.7  Health outcomes  Major depression (1 = yes), age 33 10.0 Obesity (1 = yes), age 33 34.0  Number of chronic health conditions, age 33 0 77.1 1 19.0 2 2.7 3 0.7 4 0.1 Self-rated general health, age 33 2.1  Mediators Health behaviours Heavy episodic drinking, age 30 0.6 C
21**, *11*, 738 2 of 18

Obesity is a disease defined by excessive fat accumulation that might impair health [\[8\]](#page-15-6); it also displays a strong sexual dimorphism in particular with respect to body fat distribution mediated by steroid hormones [\[9](#page-15-7)[,10\]](#page-15-8). Two common measures of obesity are body mass index (BMI) and waist-to-hip ratio (WHR). While BMI is highly correlated to the percentage of body fat [\[11\]](#page-15-9), WHR takes differences in body shape into account. WHR adjusted for BMI (WHRadj) has been shown to be a good predictor of cardiovascular events such as ischaemic heart disease [\[12\]](#page-15-10). Recent sex-stratified genome-wide association meta-analyses (GWAMA) of BMI and WHRadj found 346 associated loci of which one third was sex-related, mostly with stronger effects in women [\[13\]](#page-15-11).

It has been shown that steroid hormone signaling is relevant in adipose tissue (AT) regulation [\[14\]](#page-15-12), e.g., aldosterone receptor signaling induces abnormal secretion of adipokines [\[15\]](#page-15-13). Steroid-hormone-converting enzymes have an effect on AT function [\[16\]](#page-15-14) and their gene expression in AT changes in response to exercise and diet [\[17\]](#page-15-15). A cross-sectional study in adult males showed an association between WHR and sex steroid hormones, including the ratio of testosterone (T) and estradiol (E2) [\[18\]](#page-15-16). The T/E2 ratio has been suggested as a parameter of the disturbance of the physiological balance of these hormones and might be more meaningful than the absolute quantities of T and E2 [\[19\]](#page-15-17).

While the causal link of obesity to CAD is well established [\[20\]](#page-15-18), the relation between steroid hormones and their effects on BMI, WHR, and CAD is less analyzed regarding causality. A longitudinal analysis found no influence of baseline sex hormone levels on changes in ob
al muscle; however, expandability is not an unlimited process (Hersch and Merriam [2008](#page-15-0)). The expandability hypothesis states that when AT reaches its capacity to store fat, insulin sensitivity deteriorates (Tan

Spalding et al. (2008) showed that adipocyte number remains constant in adulthood for both lean and obese individuals, and the difference in cell number between lean and obese is established during childhood and adolescence (Spalding et al. [2008\)](#page-16-0). Adipocyte turnover appears to be constant throughout adult life, and the life span of adipocytes is 10 years on average. Interestingly, the adipocyte number in AT depots in obese individuals declined between 45 and 65 years of age (Virtue and Vidal-Puig [2010;](#page-16-0) Spalding et al. [2008\)](#page-16-0). Metabolic responsiveness decrease at the end of life (Slawik and Vidal-Puig [2006](#page-12-0); Visser et al. [2003](#page-12-0)), and there is an age-related decline in expression of pro-adipogenic transcription factors such as PPARγ or C/EBPα (Karagiannides et al. [2001\)](#page-16-0). As ATE may fail with advancing age, the need for increased storage of fat may lead to ectopic fat deposition, i.e., in muscle or bone marrow (Slawik and Vidal-Puig [2006](#page-12-0); Rudman et al. [1991\)](#page-15-0). The decline in adipocyte number in obese people after the age of 45 years can be expected to limit ATE, and the resulting lipotoxicity may contribute to pathogenesis of obesity and type 2 diabetes in later life. In general, DIO is associated with hypertrophy (increase in adipocyte size) (Avram et al. [2005a\)](#page-13-0); nonetheless, there is sparse evidence indicating that ageing has any effect on the development of adipocyte hypertrophy. In individuals predisposed to develop hypertrophic obesity, ageing might facilitate early onset of metabolic disorders (Slawik and
status in young adulthood.

We note three limitations of our study. First, most of the measures were derived from respondent self-reports, with the exception of two teacher-reported measures and obesity. Respondents' report of their health risk behaviours in particular might be underreported due to social desirability. However, it is noteworthy that cigarette smoking, arguably the most highly stigmatized health behaviour,[57](#page-8-0) showed predictive capacity in the present study, which lends confidence to our findings. Second, our health insurance variable was operationalized to indicate whether an individual was covered either through their employer or union or via a family member. The intent behind this approach was to minimize possible variation across varying health insurance policies. More detailed information about health insurance policies was not available in the SSDP data. Third, it should be acknowledged that the study sample was not nationally representative and generalization of findings should be conducted with caution. These findings should be interpreted in the context of the study sample, which was ethnically diverse and originally from economically challenged backgrounds in Seattle.

The current study made four main contributions to research on the link between education and health outcomes. First, it examined multiple pathways and multiple health outcomes. These analyses were intended to help clarify the pervasiveness or specificity of the role of different mediating factors across varying health outcome measures. Findings can inform efforts to develop effective public health interventions targeting educational disparities in health outcomes. Second, the study findings suggest that different explanatory mechanisms were evident for different health measures. This finding might provide preliminary empirical support for how the fundamental cause approach[17,18](#page-7-0) might operate in a sample of individuals with more disadvantaged backgrounds. This approach suggests that intervening factors, and certainly a single intervening factor, cannot account for the association between education and health. Because the SSDP sample was originally from high-crime neighbourhoods, the SSDP sample represents a group of people who are

socio-economically disadvantaged relative to national samples. Our findings suggest that the fundamental cause might be more evident among those with economically disadvantaged backgrounds. Third, our study contributed to a better understanding of young adulthood, which may hold particular promise for prevention of later health problems that often take a more serious form and require more costly treatment plans.[22](#page-7-0)e[24](#page-7-0) Fourth, our study capitalized on prospective longitudinal data to better clarify the association between education and later health measures. Specifically, these data can help address the alternative explanation of social selection or drift (i.e. that pre-existing health problems impair an
                   | 0.65–2.04              | 14       | No/No                                                      | NS                    | 2                        |
|                                                           | (vs. epilepsy)                                            |                                   |                              |                       |                                                   |                          |                        |          |                                                            |                       |                          |
| Obesity and metabolic abnormalities                       |                                                           |                                   |                              |                       |                                                   | < 10−6                   |                        |          |                                                            |                       |                          |
| Jokela et al., 2014                                       | 4 or 5 metabolic risk factors                             | 1191/9586                         | 8                            | OR                    | 2.06 (1.59–2.68)                                  | < 10−6                   | 1.19–3.56              | 24       | No/No                                                      | I                     | 3                        |
| Luppino et al., 2010<br>Jokela et al., 2014               | Obesity (prospective studies)<br>3 metabolic risk factors | 3014/9586<br>NA                   | 8<br>8                       | OR<br>OR              | 1.99 (1.60–2.48)<br>1.55 (1.22–1.98)              | > 10−6                   | 1.20–3.30<br>0.86–2.79 | 35<br>38 | Yes/No<br>No/No                                            | III<br>II             | 3<br>7                   |
|                                                           |                                                           |                                   |                              |                       |                                                   | but < 10−3               |                        |          |                                                            |                       |                          |
| Pan et al., 2012                                          | Metabolic syndrome (prospective<br>studies)               | 2316/27034                        | 9                            | OR                    | 1.48 (1.17–1.87)                                  | 0.001                    | 0.74–2.95              | 6
plicated our findings in the Asian population of the BCAC study, we also found the detrimental causal effect (IVW OR, 1.33 for BC risk per log-odds increment in OSAS risk, 95% CI = 1.13-1.56; P = 0.0006). Sensitivity analyses by MBE, penalized IVW, robust IVW, simple median, and weighted median method confirmed the robustness of our findings. For the potential pleiotropy effect, we didn't find any other associations by searching MR-Base, PhenoScanner database and the GWAS catalog. The intercept from MR-Egger regression didn't differed from zero (P>0.05). Also, MR-PRESSO analyses revealed that no potential outliers were detected in both our sample and Asian population of the BCAC study.

## **DISCUSSION**

In current study, we applied a two-sample MR approach to comprehensively evaluate the causal relationships of OSAS and etiology of BC in both Chinese samples and Asian population of the BCAC study. The primary MR analyses showed that genetic predisposition to higher risk of OSAS was associated with higher risk of BC. Meanwhile, sensitivity analyses validated the robustness of the primary results. We also didn't detect any pleiotropy effect of the IV for OSAS using series of methods. To the best of our knowledge, this should be first study which aims to explore the causal relationships between OSAS and risk of BC.

Sleep-related disorders is a series of different medical disorders of the sleep patterns, including dyssomnias, parasomnias, circadian rhythm sleep disorders, and others [35, 36]. Among them, OSAS is the most frequent type of respiratory disturbance [37]. It was estimated that OSAS owned a mean prevalence rate of 22% (range, 9-37%) in men and 17% (range, 4-50%) in women globally [38]. According to the results of a meta-analysis in Asian countries, China and India present the highest prevalence of OSAS [39]. Previous retrospective and prospective observational studies revealed there was a possible association between OSAS and elevated cancer risk, although it was not determined that whether it was a causal relationship [22, 40–43]. Even some studies reported null association or reversed conclusion that cancers and its related therapies caused the occurrence of OSAS [44–46]. Against this background, the implement of MR in the causal inference was much more essential. Recently, a MR analysis evaluated the associations of self-## Communities:

### Mental Health Community: Depression and Anxiety
### Summary
This report focuses on the community of individuals affected by depression and anxiety, two closely related mental health conditions. The analysis reveals that depression and anxiety are associated, comorbid, and often co-occur in the same individuals. The text also suggests a causal relationship between depression and anxiety, as well as an increased risk of depression in individuals with anxiety. Additionally, the study of depression includes data from the UK Biobank, a large-scale health study, and the selected genetic variants for depression were obtained from the largest GWAS meta-analysis of 807,553 European-descent individuals. Furthermore, depression is associated with an increased risk of cardiovascular disease (CAD), particularly in patients with diabetes.
### Key Findings
Depression and anxiety are related mental health conditions: The text provides multiple instances of the association between depression and anxiety, suggesting that they are closely related emotional states. This relationship is further supported by the fact that they share similar symptoms and risk factors.
Depression and anxiety are comorbid conditions: The text indicates that depression and anxiety often co-occur in the same individuals. This comorbidity is significant, as it can lead to more severe symptoms and increased healthcare costs.
Depression is associated with an increased risk of CAD: The text suggests a causal relationship between depression and an increased risk of CAD, particularly in patients with diabetes. This association is supported by multiple pieces of evidence, including genetic studies and inverse-variance weighted (IVW) analysis.
Depression is associated with insomnia: The text indicates that insomnia is associated with an increased risk of depression. This association is supported by multiple pieces of evidence, including genetic studies and the fact that insomnia symptoms/disorder are reported to independently increase the risk of subsequent depression in older persons.
Depression is associated with multimorbidity: The text suggests that depression is associated with an increased risk of multimorbidity, a condition where an individual has two or more chronic diseases. This association is supported by multiple pieces of evidence, including the fact that depression increases the risk for onset of multimorbidity by 80–90%.
### Impact Rating: 8.5
The high impact severity rating is due to the prevalence of depression and anxiety, their comorbidity, and the associated health risks, including cardiovascular disease.

### Obesity and Body Mass Index (BMI) Community
### Summary
This report focuses on the community of obesity and Body Mass Index (BMI), two interconnected entities that are closely related to each other and have significant implications for health. The report explores the associations, causalities, and measurements between obesity and BMI, as well as their impact on various health conditions such as chronic back pain, sciatica, and depression.
### Key Findings
Obesity and BMI are closely related: Obesity is a condition characterized by an excess of body fat, and BMI is a measure used to classify individuals as obese. The text suggests a strong association between the two, with higher BMI being indicative of obesity.
BMI is used to measure obesity: BMI is a measure used to determine obesity. It is calculated from an individual's weight and height, and a BMI of 30 or more is used to classify an individual as obese.
Higher BMI is associated with an increased risk of chronic back pain: Recent studies have shown that a higher BMI has causal associations with chronic back pain. This suggests that weight loss may provide an important step in the prevention of chronic back pain.
BMI is associated with other health conditions: BMI is also associated with other health conditions such as sciatica, depression, and sarcopenia. Higher BMI is associated with a higher risk of sciatica due to increased mechanical forces on the lumbar spine. A 1-SD higher genetically instrumented BMI is associated with 1.65 [95%CI: 1.08, 2.52] higher odds of current depression.
Steroid hormones may be associated with BMI: Steroid hormones may influence BMI, as suggested by the Mendelian Randomization study. However, the specific causal effect is not provided in the text.
17-OHP has a causal effect on BMI: 17-OHP, a steroid hormone, has been found to have causal effects on BMI. The text suggests a causal effect of 17-OHP on BMI, but no numerical value is provided.
BMI influences the levels of Leptin: BMI influences the levels of Leptin, a protein that acts in synergy with vascular endothelial growth factor to promote angiogenesis.
BMI is associated with individuals who are both obese and have low muscle mass: Individuals with sarcopenic obesity, who have both sarcopenia and obesity, typically have an elevated BMI.
### Impact Rating: 8.5
The high impact severity rating is due to the significant association between obesity and BMI, and their impact on various health conditions, particularly chronic back pain.

### Chronic Lower Back Pain Research Community: Investigating Prevalence and Risk Factors
### Summary
This report provides an overview of a community of studies investigating chronic lower back pain. The studies vary in their methodology, including cross-sectional data, Mendelian randomization analyses, and clinical trials. The community focuses on various aspects of chronic lower back pain, such as its prevalence, risk factors, and potential treatments. The studies also consider potential confounders, such as physical abuse in childhood, and potential limitations, such as the first-night effect and the potential influence of opioid therapy. The community's findings may have significant implications for understanding and managing chronic lower back pain in the population.
### Key Findings
Studies use various methodologies: The community includes studies that use different methodologies, such as cross-sectional data, Mendelian randomization analyses, and clinical trials. This diversity in methodology allows for a more comprehensive understanding of chronic lower back pain.
Studies investigate various aspects of chronic lower back pain: The community's studies focus on various aspects of chronic lower back pain, including its prevalence, risk factors, and potential treatments. This broad focus provides a holistic understanding of the condition.
Studies consider potential confounders: The community's studies take into account potential confounders, such as physical abuse in childhood and the first-night effect. This consideration helps to ensure that the findings are accurate and reliable.
Studies may have potential limitations: The community's studies may have potential limitations, such as the potential influence of opioid therapy and the use of summary-level data. These limitations should be considered when interpreting the findings.
Findings may have significant implications for managing chronic lower back pain: The community's findings may have significant implications for managing chronic lower back pain in the population. For example, understanding the relationship between physical abuse in childhood and chronic lower back pain could help to identify individuals at risk and develop targeted interventions.
### Impact Rating: 8.5
The high impact severity rating reflects the significant implications of the community's findings for understanding and managing chronic lower back pain in the population.

### Two-Sample Mr Analysis Community
### Summary
This report provides an overview of the Two-Sample Mr Analysis community, a group of researchers and practitioners who utilize this method in Mendelian Randomization to estimate causal effects. The community's key entities are primarily focused on understanding the causal relationship between exposures and outcomes, particularly in the context of Major Depression and Alcohol Dependence with Alcohol Consumption.
### Key Findings
Methodology and Application: The Two-Sample Mr Analysis method is a valuable tool for estimating causal effects using summary statistics from different samples. This method is particularly useful in situations where traditional methods, such as randomized controlled trials, are not feasible or ethical. The community's research focuses on applying this method to various exposures and outcomes, such as Major Depression and Alcohol Dependence on Alcohol Consumption.
Reputation and Credibility: The Two-Sample Mr Analysis community is recognized for its rigorous research and contributions to the field of Mendelian Randomization. The method's credibility stems from its ability to address potential confounding factors and provide more robust estimates of causal effects compared to traditional methods.
Legal Compliance: The Two-Sample Mr Analysis community operates within the legal framework of academic research, adhering to ethical guidelines and obtaining necessary approvals for their studies. However, it is important to note that the specific legal requirements may vary depending on the jurisdiction and the nature of the research.
Technical Capabilities: The community possesses a strong technical foundation, with expertise in statistical analysis, bioinformatics, and genetics. They utilize advanced software tools and techniques to perform their analyses and interpret their results.
Collaboration and Networking: The Two-Sample Mr Analysis community collaborates extensively with other research groups and organizations, sharing knowledge, resources, and best practices. This collaboration helps to advance the field and improve the quality of research.
Potential Limitations: While the Two-Sample Mr Analysis method offers many advantages, it is not without limitations. For example, the method relies on the instrumental variable assumption, which may not always hold. Additionally, the method may be limited by the availability and quality of summary statistics from different samples.
### Impact Rating: 7.5
The Two-Sample Mr Analysis community's impact is significant due to its potential to contribute to a better understanding of causal relationships in various fields, including mental health and substance use.

### Community of Causal Associations and Direct Effects in Lower Back Pain Management
### Summary
This report presents an analysis of a community centered around Causal Associations and Direct Effects in the context of lower back pain management. The community's entities are interconnected, revealing insights into the causal relationships between treatments and health conditions, and the direct effects of specific treatments on lower back pain.
### Key Findings
Causal Associations in Lower Back Pain Management: The community reveals several causal associations between various treatments and lower back pain. For instance, the use of physical therapy has been causally associated with a reduction in lower back pain, while smoking has been causally associated with an increased risk of lower back pain. These associations can help healthcare providers make informed decisions about treatment options for their patients.
Direct Effects of Treatments on Lower Back Pain: The community also highlights the direct effects of certain treatments on lower back pain. For example, the direct effect of non-steroidal anti-inflammatory drugs (NSAIDs) on lower back pain is independent of any mediators. This means that NSAIDs can directly reduce pain levels, providing immediate relief for patients. However, it's important to note that these drugs may have side effects, and their long-term use should be carefully monitored.
The Role of Mediators in Lower Back Pain: While some treatments have direct effects on lower back pain, many others work through mediators. For instance, the effect of exercise on lower back pain is often mediated by factors such as improved flexibility and muscle strength. Understanding these mediators can help healthcare providers design more effective treatment plans for their patients.
Potential for Personalized Treatment: The insights from this community can potentially lead to more personalized treatment plans for lower back pain. By understanding the causal associations and direct effects of various treatments, healthcare providers can tailor treatment plans to individual patients based on their specific needs and risk factors.
Implications for Research and Policy: The findings from this community can also inform research and policy in the field of lower back pain management. For example, further research could be conducted to confirm the causal associations and direct effects identified, and to explore the role of mediators in treatment outcomes. Policy makers could use this information to develop guidelines for the use of various treatments in lower back pain management.
### Impact Rating: 7.5
The community's impact is significant due to its potential to influence treatment decisions and pain management strategies for individuals suffering from lower back pain.

## Relationships:

(Education: The level of education completed by the participants.)--[CAUSAL: The Mendelian randomization suggests that there may be a negative causal effect of education on BMI.]-->(Causal Effect: A cause-and-effect relationship between two variables, where a change in one variable causes a change in another.)
(Causal Association: A relationship between two variables where a change in one variable causes a change in the other)--[APPLICABLE: The concept of causal association is applicable to the study of the relationship between BMI and back pain and chronic back pain]-->(Bmi: Body Mass Index, a measure of body fat based on an individual's weight in relation to their height.)
(Dio: Diet-induced obesity (DIO) is a condition in mice that results from a high-fat diet. Both Mest and Cav1 KO mice have reduced DIO, suggesting that these genes are involved in the remodeling of cellular structures associated with the uptake and assembly of lipids into lipid vesicles.)--[EFFECT: A diet rich in fat (DIO) leads to obesity.]-->(Obesity: A condition characterized by excess body fat)
(Obesity: A condition characterized by excess body fat)--[CAUSE: Obesity is caused by a diet rich in fat (DIO).]-->(Dio: Diet-induced obesity (DIO) is a condition in mice that results from a high-fat diet. Both Mest and Cav1 KO mice have reduced DIO, suggesting that these genes are involved in the remodeling of cellular structures associated with the uptake and assembly of lipids into lipid vesicles.)
(Obesity-Related Diseases: Diseases that are associated with obesity, such as heart disease, diabetes, and stroke.)--[ASSOCIATED_WITH: Obesity is associated with an increased probability of suffering from obesity-related diseases.]-->(Obesity: A condition characterized by excess body fat)
(Obesity: A condition characterized by excess body fat)--[CAUSES: Obesity causes physiological consequences, such as increased inflammation and metabolic dysfunction]-->(Physiological Consequences Of Obesity: Health problems that may result from obesity, such as increased inflammation and metabolic dysfunction)
(Obesity_And_Type_2_Diabetes: The relationship between obesity and type 2 diabetes, where obesity increases the risk of developing type 2 diabetes.)--[CAUSES: Obesity increases the risk of developing type 2 diabetes.]-->(Obesity: A condition characterized by excess body fat)
(Obesity Risk Factors: A set of factors that increase the likelihood of becoming obese, including diet, physical activity, genetics, and socioeconomic status.)--[CAUSES: Obesity risk factors contribute to the development of obesity.]-->(Obesity: A condition characterized by excess body fat)
(Study: A systematic investigation to establish or confirm a fact or the existence of a phenomenon)--[SUPPORTS_FUNDAMENTAL_CAUSE: The study findings provide preliminary empirical support for the fundamental cause approach]-->(Fundamental_Cause: The theory suggesting that intervening factors cannot account for the association between education and health, supported by the study findings)
(Mendelian Randomization (Mr): A statistical technique used to assess causal inference by using genetic variants as instrumental variables for the exposure. It helps to diminish residual confounding and reverse causation bias.)--[ESTABLISHES: Mendelian Randomization establishes causal relationships between exposures and outcomes.]-->(Causal Relationship: Causal Relationship refers to a relationship between two variables where a change in one variable causes a change in the other variable.)
(Mendelian Randomization (Mr): A statistical technique used to assess causal inference by using genetic variants as instrumental variables for the exposure. It helps to diminish residual confounding and reverse causation bias.)--[OVERCOMES: Mendelian randomization (MR) overcomes reverse causation bias because genetic variants are fixed regardless of the development or progression of the disease (except for certain cancers).]-->(Reverse Causation Bias: A situation in which the direction of causality between an exposure and an outcome is incorrect, due to the outcome affecting the exposure rather than the other way around.)
(Causal Effect: A cause-and-effect relationship between two variables, where a change in one variable causes a change in another.)--[ESTIMATED: The causal effect is estimated using instrumental variables]-->(Instrumental Variables: Genetic variants used as proxies for a particular trait or exposure in Mendelian randomization analyses)
(Reverse Causality: A situation where the causal relationship between an exposure and an outcome is incorrectly assumed, with the outcome causing the exposure instead)--[AFFECTS: Reverse causality can affect the causal relationship between mental disorders and CAD]-->(Causal Relationship: Causal Relationship refers to a relationship between two variables where a change in one variable causes a change in the other variable.)
(Dio: Diet-induced obesity (DIO) is a condition in mice that results from a high-fat diet. Both Mest and Cav1 KO mice have reduced DIO, suggesting that these genes are involved in the remodeling of cellular structures associated with the uptake and assembly of lipids into lipid vesicles.)--[CAUSE_AND_EFFECT: Enhanced UCP1 activity in BAT leads to resistance to DIO.]-->(Ucp1: UCP1 is a protein found in brown adipocytes that plays a key role in thermogenesis.)
(Potential Causal Effect: Potential causal effect refers to a relationship between two variables where there is evidence suggesting that one variable may cause changes in the other.)--[REQUIRES: Follow-up is required to confirm the reliability of potential causal effects.]-->(Follow Up: The period of time after the initial study or intervention during which the effects are observed and data is collected.)
(Gsmr: Generalized Summary-Data-Based Mendelian Randomization, a method used to estimate causal effects of exposures on outcomes using summary-level data from GWAS)--[USED: GSMR is used to test the causal relationship between MDD and insomnia]-->(Causal Relationship: Causal Relationship refers to a relationship between two variables where a change in one variable causes a change in the other variable.)
(Cav1: Cav1 is a protein that is relevant for insulin signaling in adipose tissue.)--[INVOLVED_IN: Both Mest and Cav1 KO mice have reduced DIO, suggesting that these genes are involved in the remodeling of cellular structures associated with the uptake and assembly of lipids into lipid vesicles.]-->(Dio: Diet-induced obesity (DIO) is a condition in mice that results from a high-fat diet. Both Mest and Cav1 KO mice have reduced DIO, suggesting that these genes are involved in the remodeling of cellular structures associated with the uptake and assembly of lipids into lipid vesicles.)
",,,False,
Fear_avoidance,Catastrophizing,True,"Reasoning Process:
Step 1: The Fear Avoidance Model, a model that explains the relationship between fear of pain and pain-related disability, postulates that pain catastrophizing leads to Fear of Pain (FOP) and in the long run to pain-related disability. This suggests a potential causal relationship where Fear Avoidance (the questionnaire that assesses fear avoidance beliefs about physical activity and work) may influence Pain Catastrophizing.
Step 2: The report also mentions that fear avoidance beliefs, as measured by the Fear Avoidance questionnaire, predict future presence or intensity of pain and disability at 6 and 12 months, suggesting a temporal precedence of fear avoidance beliefs over pain catastrophizing.
Step 3: Additionally, the report states that fear avoidance beliefs about work-related activities also predicted weekly perceived reductions in work productivity, higher frequency of pain episodes and reduced recovery, which are all related to pain catastrophizing. This further supports the idea of a causal relationship where fear avoidance beliefs may influence pain catastrophizing.
Step 4: While the report does not explicitly state that there are no intermediate variables between Fear Avoidance and Catastrophizing, the relationships mentioned suggest a direct causal link between the two.
Step 5: Given the information provided in the report, it is reasonable to conclude that there is a causal relationship where Fear_avoidance precedes and leads to a change in Catastrophizing.

Conclusion: Yes","# Report:
## Chunks:

ing (one study; Mannion et al., 2013), recent back pain-related work absence (one study; Mannion et al., 2009) and a perceived reduction in work productivity (one study; Mannion et al., 2009). Prospectively, more agreement with fear-avoidance beliefs predicted future presence or intensity of pain (three studies; Linton et al., 2000a; Picavet et al., 2002; Elfering et al., 2009) and disability (two studies; Linton et al., 2000a; Picavet et al., 2002) at 6 and 12 months; fear-avoidance beliefs about workrelated activities also predicted weekly perceived reductions in work productivity, higher frequency of pain episodes and reduced recovery (one study; Elfering et al., 2009).

Within a cross-sectional analysis, holding a belief about whether back pain was perceived to be a lifelong problem was associated with previous healthcare-seeking, bed rest, medicine use, X-ray and surgery for back pain (one study; Szpalski et al., 1995). Prospectively, back pain-related catastrophizing predicted future pain intensity and disability at 6 months (one study; Picavet et al., 2002).

## 4. Discussion

### 4.1 Principal findings

While the prevalence of a number of beliefs has been assessed within the general population, presumably because they are thought to be important

Table 3 Factors associated with beliefs about back pain: results from cross-sectional and longitudinal studies where beliefs about back pain were hypothesized to represent the independent vari-

| Article                                           | Sample (country, n, description)                                | Belief   | Dependent variable                                                                                                                         | Statistical analysis                                                                           | Results                                                                                                                                                                                             |
|---------------------------------------------------|-----------------------------------------------------------------|----------|--------------------------------------------------------------------------------------------------------------------------------------------|------------------------------------------------------------------------------------------------|-----------------------------------------------------------------------------------------------------------------------------------------------------------------------------------------------------|
| Cross-sectional studies<br>Elfering et al. (2015) | Switzerland, 2507, mixed BP                                     | BBQ      | Pain intensity (0–6 scale)                                                                                                                 | regression analysis<br>Pearson correlation,<br>cross-lagged panel                              | BBQ scores in those with BP<br>Pain intensity associated with<br>(b =
ingsten & Schöps, 2004\)](#page-33-0).

# **Fear Avoidance Model**

The FAM offers a cognitive–behavioral explanation of why some acute musculoskeletal pain experiencers do not recover but struggle with ongoing pain [\(Lethem, Slade, Troup, & Bentley,](#page-30-0) [1983\)](#page-30-0). An advanced version of the model postulates a selfcontained, consecutive sequence of constructs, which unidirectionally follow each other, that is, pain catastrophizing leads to FOP and in the long run to pain-related disability [\(Vlaeyen & Linton,](#page-37-0) [2000\)](#page-37-0). The reference to the FAM in the guidelines for the prevention of low back pain [\(Burton et al., 2006\)](#page-25-1) and therefrom derived therapy elements emphasize its relevance [\(Baez, Hoch, & Hoch,](#page-24-1) [2018;](#page-24-1) [Vlaeyen, Morley, Linton, Boersma, & de Jong, 2012\)](#page-37-1).

Correspondence concerning this article should be addressed to Paul Pauli, Department of Psychology, University of Würzburg, Marcusstrasse 9-11, 97070 Würzburg, Germany. E-mail: [pauli@mail.uni-wuerzburg.de](mailto:pauli@mail.uni-wuerzburg.de)

This article was published Online First March 26, 2020.

Tobias Markfelder and X [Paul Pauli,](https://orcid.org/0000-0003-0692-6720) Department of Psychology (Biological Psychology, Clinical Psychology and Psychotherapy) and Center of Mental Health, University of Würzburg.

Data are stored on a permanent repository: See [https://osf.io/vrafq/?](https://osf.io/vrafq/?view_only=271050d8362c406ab2ffdb7818ba9523) view\_only-[271050d8362c406ab2ffdb7818ba95
we used the following search terms: mediation analysis, structural equation modelling, product of coefficient, and indirect effect. Our search strategy was informed by previous systematic reviews that had specifically searched for studies that used a mediation analysis. 15,52,57,74 The complete search strategy is provided in Appendix A (available online as Supplemental Digital Content at http://links.lww.com/PAIN/A57).

Studies that included individuals who were 18 years or older with complaints of acute or chronic neck pain or LBP were eligible. Studies that included patients with specific spinal pathology (eg., fracture, cauda equina syndrome, inflammatory arthritis, malignancy, or spinal stenosis) were excluded. In studies where mixed populations were sampled, we included only those studies in which patients with LBP or neck pain represented more than 75% of the sample. We included cross-sectional and longitudinal mediation analyses from observational cohort studies and randomised controlled trials. We included studies that used mediation analysis to investigate the relationship between pain and physical disability. Disease-specific (eg, Neck disability index<sup>76</sup>) and generic measures (eg, SF-36 physical function subscale<sup>7</sup>) of physical disability were included. We did not limit the inclusion of studies based on the mediator. We also included studies that investigated the core elements of the fear avoidance model with mediation analysis. Two sequential paths of the fear avoidance model that explicitly describe the development of disability from pain were included: pain and fear mediated by catastrophizing, and catastrophizing and disability mediated by fear. We included only studies that had formally conducted a mediation analysis (eg, product of coefficient test, difference in coefficient test, Baron and Kenny's causal steps of mediation, structural equation modelling) or significance tests of mediation (eg, Sobel's first-order test or bootstrapped confidence intervals [Cls]). We excluded studies published in languages for which we could not find a translator and also excluded non-original research, conference proceedings, and dissertations. Two independent reviewers used the above inclusion criteria to screen the titles and abstracts of the identified studies. Full texts were retrieved for studies that were potentially relevant or where exclusion could not be determined from the study title or abstract. Disagreements between reviewers were resolved by discussion and consensus. Any remaining disagreements were resolved by consulting a third reviewer.

### 2.3. Data extraction

Data were extracted by one reviewer using a data extraction form, and the extracted data were verified independently by a second reviewer. Study and participant characteristics including study

design, setting
1999).

Vlaeyen et al. (1995b) suggested a more specific form of fear-avoidance, namely fear of movement/(re) injury, see Fig. 1. A chain of reactions including catastrophizing and avoidance can lead to disuse, disability and depression, creating a vicious circle. The non-catastrophizing and confronting alternative would promote recovery.

<sup>\*</sup> Corresponding author. Tel.: +46-19-602-5772; fax: +46-19-602-5778. *E-mail address:* nina.buer@orebroll.se (N. Buer).

Fig. 1. Cognitive-behavioural model of fear-of-movement/(re) injury based on Vlaeyen et al. (1995b).

A relationship between fear-avoidance beliefs, as powerful and specific cognitive behavioural components, and chronic pain has been reported in the literature (Waddell et al., 1993; Burton et al., 1995; Vlaeyen et al., 1995a,b, 1999; Asmundson and Taylor, 1996). Catastrophizing, which is said to be the exaggerated and negative orientation toward pain, may have a role as a mediator to pain (Geisser et al., 1994; Sullivan et al., 1995; Crombez et al., 1998a). Individuals that catastrophise, expect that they cause a new episode of pain or activate an earlier injury. That could create fear of movement and reinforcement of avoidance behaviour. The issue of fear-avoidance beliefs raises further questions, since most of the research is conducted with chronic low back pain patients. Are fear-avoidance beliefs developed in a chronicity process and thus a result of the pain process, in line with theories of learning? Are fearavoidance beliefs presented already before injury, as a tendency to react in an avoiding way generally?

The body of knowledge has to date some limitations concerning the level of fear-avoidance beliefs in the acute phase of pain. Fritz et al. (2001) showed that fear-avoidance beliefs about work were present in acute low back pain patients. Furthermore, the beliefs functioned as a predictor of 4-week disability. In a prospective study, fear-avoidance beliefs had a relationship with the inception of back pain 1 year later (Linton et al., 2000).

In order to search for some
younger age is associated with stronger pain catastrophizing [\(Turner, Mancl, & Aaron, 2004\)](#page-36-5), which was proposed to be a precursor of FOP [\(Leeuw et al., 2007\)](#page-30-2). Third, elderly pain patients seemed to have relatively less FOP and a rather indifferent approach to personal pain experiences [\(Cook, Brawer, & Vowles,](#page-26-8) [2006\)](#page-26-8), and a subgroup of elderly pain patients appeared to have a conspicuous affective impairment in relation to pain intensity [\(Cook & Chastain, 2001\)](#page-26-9). Finally, [Kovacs et al. \(2007\)](#page-30-4) presumed that elderly populations suffer from more serious comorbidities than just pain and therefore show a reduced FOP and pain intensity association. Based on these findings, the FOP–PI relation was expected to show greater effect sizes for childhood and adolescence and smaller effect sizes for old age, both compared with young and middle adulthood.

**Nationality.** [Kovacs et al. \(2007\)](#page-30-4) assumed differences in FOP, particularly fear avoidance beliefs, between southern European compared with Anglo American and northern European populations because of a stronger influence of pain intensity compared with fear avoidance beliefs on disability and quality of life for the former [\(Kovacs et al., 2004;](#page-30-5) [Kovacs, Abraira, Zamora, & Fernán-](#page-30-6) [dez, 2005;](#page-30-6) [Kovacs, Muriel, et al., 2005\)](#page-30-7), whereas the opposite seems true for the latter [\(Camacho-Soto, Sowa, Perera, & Weiner,](#page-25-9) [2012;](#page-25-9) [Fritz, George, & Delitto, 2001\)](#page-27-8). Therefore, we considered nationality as a moderator of the FOP–PI relation.

# **Pain Characteristics**

**Treatment status.** FOP is influenced by the anticipated pain experience [\(Ciccone & Just, 2001;](#page-25-10) [
PA; FABQ-W                     | NRS                                                                            | .33 |     |   |
| Pielech et al. (2015)                                  | 302 | PASS-20                             | NRS                                                                            | .30 |     |   |
| Pillastrini et al. (2016)                              | 94  | TSK-13                              | VAS                                                                            | .16 |     |   |
| Piva et al. (2009)                                     | 74  | FABQ-PA; FABQ-W                     | CPII                                                                           | .40 |     |   |
| Poiraudeau et al. (2006)                               | 438 | FABQ-PA                             | VRS                                                                            | .23 |     |   |
| Pruneti et al. (2014)                                  | 250 | FABQ                                | VAS                                                                            | .24 | .89 |   |
| Ramírez-Maestre et al. (2014)                          | 686 | PASS; FABQ                          | CPII                                                                           | .28 | .93 |   |
| Reme et al. (2012)                                     | 496 | TSK                                 | NRS                                                                            | .30 |     |   |
|                                                        |     |                                     |                                                                                |     |     |   |
| Reneman, Schiphorts Preuper, Kleen, Geertzen, and      |     |                                     |                                                                                |     |     |   |
| Dijkstra (2007)                                        |     |                                     |                                                                                |     |     |   |
| Sample 1                                               | 79  | TSK                                 | NRS                                                                            | .04 |     |   |
| Sample 2                                               | 58  | FABQ-PA; FABQ-W                     | NRS                                                                            | .16 |     |   |
| Richard, Dionne, and Nouwen (2011)                     | 946 | FABQ-PA                             | NRS                                                                            | .23 |     |   |

Table 4 (*continued*)## Communities:

### Alcohol Consumption and Age: A Study Analysis
### Summary
This report examines the relationship between alcohol consumption and age, as well as the potential influence of age on other substance use behaviors such as smoking. The analysis is based on a study that assessed the alcohol consumption of participants across various age groups, and also considered the smoking habits of the participants.
### Key Findings
Alcohol consumption is associated with age: The analysis reveals that alcohol consumption can be associated with age, as both entities are present in the text and there are multiple relationships indicating a potential association. The text suggests that alcohol consumption can change with age, and that older individuals may have different drinking habits and social norms.
Age may influence alcohol consumption: The text suggests that age can influence an individual's alcohol consumption, as older individuals may have different drinking habits and social norms. This influence may be due to factors such as societal norms, health awareness, and personal choices.
Age may be associated with smoking habits: The analysis also reveals that age may be associated with smoking habits, as both entities are present in the text and there are multiple relationships indicating a potential association. The text suggests that smoking may be more common in younger age groups and decreases with age.
Smoking may be associated with alcohol consumption: The text suggests that smoking may be associated with alcohol consumption, as both entities are present in the text and there are multiple relationships indicating a potential association. The text suggests that smoking and alcohol consumption may be coping mechanisms for stress and negative emotions.
Sleep disturbance may be associated with alcohol consumption: The text suggests that poor sleep quality may be associated with increased alcohol consumption, as sleep disturbances can lead to self-medication. However, the analysis did not show a causal effect of sleep disturbance on alcohol consumption.
Education may be associated with alcohol consumption: The text suggests that education may be associated with alcohol consumption, but the relationship is not clearly defined. The text does not provide specific data to support this association, but it is mentioned that education may indirectly influence alcohol consumption through income or peer effects.
### Impact Rating: 7.5
The impact severity rating of 7.5 indicates a significant association between alcohol consumption and age, as well as a potential indirect relationship with smoking habits.

### Chronic Lower Back Pain Community: Pain Catastrophising, Pain Intensity, and Disability
### Summary
This report examines the community of individuals experiencing chronic lower back pain (CLBP). The key entities within this community are pain catastrophising, pain intensity, and disability. The relationships between these entities reveal that pain catastrophising significantly influences pain intensity, which in turn affects disability. Alcohol consumption, stress, and sleep quality are also associated with pain intensity and disability.
### Key Findings
Pain catastrophising is a significant factor in the experience of pain intensity.: Pain catastrophising, the tendency to magnify the threat value of pain, feel helpless in the presence of pain, and have a relative inability to prevent or inhibit pain-related thoughts, is a key entity within the chronic lower back pain community. Studies have shown that pain catastrophising is associated with increased pain intensity, negatively correlated with pain intensity, and influences the pain intensity experienced by participants. It can also influence the level of pain intensity and may mediate the effect of treatments like Pilates exercise and tai chi on pain intensity.
Pain intensity significantly affects disability.: Pain intensity is a component of chronic pain and is a significant factor in the development and maintenance of disability in individuals with CLBP. Higher pain intensity is associated with higher disability, making it difficult for individuals to perform daily activities. Pain intensity may also influence disability by making it difficult for individuals to perform physical tasks and thus affect their ability to manage their disability.
Alcohol consumption is associated with increased pain intensity and disability.: Alcohol consumption is associated with pain intensity and disability. Alcohol can exacerbate pain, contribute to disability, and lead to physical impairments. The amount of alcohol consumed by an individual, typically measured in standard drinks per week, is correlated with disability, and excessive drinking can lead to a worsening of both pain intensity and disability.
Stress and perceived stress can increase pain intensity.: Stress and perceived stress can increase the perception of pain intensity in chronic lower back pain. Stress can exacerbate pain and vice versa, making it a significant factor in the experience of pain intensity. Perceived stress, the subjective experience of the appraisal and reaction to stressors, including their emotional and physical impact, can also affect physical state and exacerbate pain intensity.
Sleep quality is associated with pain intensity.: Sleep quality is associated with pain intensity. People who report poorer sleep quality also report worse pain intensity, although the underlying cause is still unclear. Self-reported sleep quality and proportion of time in slow-wave sleep (SWS) are associated with next-day pain intensity.
### Impact Rating: 8.5
The high impact severity rating of 8.5 indicates that the entities within this community have a significant impact on the quality of life and functioning of individuals with chronic lower back pain.

### Community of Individuals Seeking Mental Health Care and Experiencing Chronic Lower Back Pain
### Summary
This report focuses on a community of individuals who seek care from general practitioners for their mental health disorders and also experience chronic lower back pain. The community's entities are interconnected, with pain being a common factor that influences various aspects of their lives, including their health, economic resources, and daily activities. The entities are also associated with other factors such as fear avoidance beliefs, hardship, and unhealthy health behaviors.
### Key Findings
The presence of chronic lower back pain is a common experience among the community members.: The text indicates that individuals in the community seek care from general practitioners for their mental health disorders and also experience chronic lower back pain. This pain is described as an unpleasant sensory and emotional experience associated with actual or potential tissue damage.
Hardship is associated with the community, particularly in relation to Medicare Insurance Coverage.: The presence of hardship, a state of severe and prolonged difficulty or distress, is associated with the community. This hardship may be caused by factors such as poverty or other adverse circumstances. The text suggests that those with financial difficulties may be more likely to rely on Medicare for health insurance.
Fear avoidance beliefs are related to the community and may be important targets for early interventions.: Fear avoidance beliefs, as measured by a questionnaire, are associated with the community. These beliefs might be useful for early interventions, as they could be good screening variables for identifying individuals at risk for chronic pain. The text also suggests that fear avoidance beliefs might be important targets for early interventions to prevent further progression or complications.
Unhealthy health behaviors, such as smoking and alcohol consumption, may be related to the community and contribute to the development or exacerbation of pain.: The text indicates that unhealthy health behaviors, such as smoking and alcohol consumption, are associated with the community. These behaviors may be related to pain, as they can contribute to its development or exacerbation.
The International Association for the Study of Pain is related to the study of pain and the community.: The International Association for the Study of Pain is a professional organization dedicated to the study of pain and its mechanisms. The text indicates that this organization is related to the study of pain and the community, suggesting a connection between the community and the broader field of pain research.
### Impact Rating: 7.5
The community's impact severity rating of 7.5 indicates a significant influence on the individuals' health, well-being, and daily functioning due to chronic lower back pain and associated factors.

### Chronic Lower Back Pain Research Community: A Comprehensive Analysis of Studies and Meta-Analyses
### Summary
This report provides an overview of a community of studies and meta-analyses focused on chronic lower back pain. The community includes a diverse range of studies, including systematic reviews, experimental studies, and meta-analyses, which investigate various aspects of chronic lower back pain, such as its relationship with anxiety, depression, and financial stress. The community also includes studies that use different research designs, such as cross-sectional designs, longitudinal designs, and experimental designs. The studies are primarily conducted on general population samples and use well-validated measures. The community also includes studies that focus on specific subgroups, such as elderly individuals and back pain patients.
### Key Findings
The community includes a diverse range of studies and meta-analyses focused on chronic lower back pain.: The community includes a wide variety of studies, including systematic reviews, experimental studies, and meta-analyses. These studies investigate various aspects of chronic lower back pain, such as its relationship with anxiety, depression, and financial stress. The studies use different research designs, such as cross-sectional designs, longitudinal designs, and experimental designs.
The studies in the community are primarily conducted on general population samples.: The majority of the studies in the community recruit participants from the general population. This means that the findings of the studies are likely to be representative of the broader population and can help inform public health policies and interventions.
The studies in the community use well-validated measures.: Most of the studies in the community use well-validated measures, which have been tested and shown to be reliable and accurate. This ensures that the findings of the studies are robust and can be trusted.
The community includes studies that focus on specific subgroups, such as elderly individuals and back pain patients.: Some of the studies in the community focus on specific subgroups, such as elderly individuals and back pain patients. This allows for a more nuanced understanding of chronic lower back pain in these populations and can help inform targeted interventions.
The community includes studies that use a theoretical framework to guide their research and understanding of chronic lower back pain.: Some of the studies in the community use a theoretical framework to guide their research and understanding of chronic lower back pain. This helps to provide a coherent and systematic approach to the study of chronic lower back pain and can help to identify key factors that contribute to the condition.
The community includes studies that use diagnostic codes to classify conditions.: Some of the studies in the community use diagnostic codes to classify conditions, such as chronic lower back pain. This helps to ensure that the studies are using a standardized approach to diagnosing conditions and can help to improve the comparability of the findings across studies.
The community includes studies that conduct subgroup analyses to investigate the effect of specific variables on the relationship between other variables.: Some of the studies in the community conduct subgroup analyses to investigate the effect of specific variables on the relationship between other variables. This helps to provide a more nuanced understanding of the factors that contribute to chronic lower back pain and can help to identify potential targets for interventions.
The community includes studies that use claims databases to access healthcare data.: Some of the studies in the community use claims databases to access healthcare data. This allows for a large-scale analysis of healthcare data and can help to identify patterns and trends in the incidence and management of chronic lower back pain.
The community includes studies that rely on self-reported diagnoses from participants.: Some of the studies in the community rely on self-reported diagnoses from participants. This can help to identify individuals who are experiencing chronic lower back pain but may not have sought medical treatment. However, it is important to note that self-reported diagnoses may not always be accurate.
The community includes studies that use direct clinical assessments to diagnose conditions.: Some of the studies in the community use direct clinical assessments to diagnose conditions. This allows for a more accurate diagnosis of chronic lower back pain and can help to ensure that the findings of the studies are robust.
### Impact Rating: 8.5
The high impact severity rating reflects the significant number of studies and meta-analyses in the community, the wide range of topics covered, and the potential implications of the findings for understanding and managing chronic lower back pain.

## Relationships:

(Fear Avoidance: A questionnaire that assesses fear avoidance beliefs about physical activity and work)--[ASSOCIATION: Fear avoidance beliefs are associated with fear avoidance questionnaire]-->(Fear_Avoidance_Beliefs: A belief related to fear avoidance, specifically focusing on how a patient's fear avoidance beliefs about physical activity and work may affect and contribute to their low back pain and resulting disability.)
(Fear Avoidance: A questionnaire that assesses fear avoidance beliefs about physical activity and work)--[MEASURES_RELATIONSHIP: Fear Avoidance questionnaire measures fear avoidance beliefs.]-->(Fear_Avoidance_Beliefs: A belief related to fear avoidance, specifically focusing on how a patient's fear avoidance beliefs about physical activity and work may affect and contribute to their low back pain and resulting disability.)
(Fear Avoidance: A questionnaire that assesses fear avoidance beliefs about physical activity and work)--[FOCUSES_ON: Fear Avoidance focuses on how a patient's fear avoidance beliefs about physical activity and work may affect and contribute to their low back pain and resulting disability]-->(Fear_Avoidance_Beliefs: A belief related to fear avoidance, specifically focusing on how a patient's fear avoidance beliefs about physical activity and work may affect and contribute to their low back pain and resulting disability.)
(Fear Avoidance: A questionnaire that assesses fear avoidance beliefs about physical activity and work)--[MEASURES: The fear avoidance questionnaire measures fear avoidance beliefs]-->(Fear_Avoidance_Beliefs: A belief related to fear avoidance, specifically focusing on how a patient's fear avoidance beliefs about physical activity and work may affect and contribute to their low back pain and resulting disability.)
(Fear Avoidance: A questionnaire that assesses fear avoidance beliefs about physical activity and work)--[QUESTIONNAIRE_BELIEF_RELATIONSHIP: Fear avoidance questionnaire measures fear avoidance beliefs.]-->(Fear_Avoidance_Beliefs: A belief related to fear avoidance, specifically focusing on how a patient's fear avoidance beliefs about physical activity and work may affect and contribute to their low back pain and resulting disability.)
(Fear Avoidance: A questionnaire that assesses fear avoidance beliefs about physical activity and work)--[ASSESSES: The Fear Avoidance questionnaire specifically focuses on how a patient's fear avoidance beliefs about physical activity and work may affect and contribute to their low back pain and resulting disability.]-->(Fear_Avoidance_Beliefs: A belief related to fear avoidance, specifically focusing on how a patient's fear avoidance beliefs about physical activity and work may affect and contribute to their low back pain and resulting disability.)
(Fear Avoidance: A questionnaire that assesses fear avoidance beliefs about physical activity and work)--[RELATED_TO: Fear Avoidance Questionnaire is related to fear avoidance beliefs.]-->(Fear_Avoidance_Beliefs: A belief related to fear avoidance, specifically focusing on how a patient's fear avoidance beliefs about physical activity and work may affect and contribute to their low back pain and resulting disability.)
(Fear Avoidance Model: A model that explains the relationship between fear of pain and pain-related disability)--[INFLUENCES: The Fear-Avoidance Model posits that pain catastrophizing, fear of pain, and pain vigilance are key antecedents to depression]-->(Depression: Depression refers to a mood disorder characterized by persistent feelings of sadness, hopelessness, and a lack of interest or pleasure in activities.)
(Fear Avoidance Model: A model that explains the relationship between fear of pain and pain-related disability)--[INFLUENCES: The Fear-Avoidance Model posits that pain catastrophizing, fear of pain, and pain vigilance are key antecedents to anxiety]-->(Anxiety: Anxiety refers to feelings of worry, fear, and apprehension.)
(Fear Avoidance Model: A model that explains the relationship between fear of pain and pain-related disability)--[INFLUENCES: The Fear-Avoidance Model posits that pain catastrophizing, fear of pain, and pain vigilance are key antecedents to pain intensity]-->(Pain Intensity: The level of pain experienced)
(Fear Avoidance Model: A model that explains the relationship between fear of pain and pain-related disability)--[EXPLAINS: The fear-avoidance model explains the relationship between chronic lower back pain, fear, and avoidance behaviors.]-->(Chronic Lower Back Pain: A condition characterized by pain in the lower back that persists for more than 12 weeks)
(Fear Avoidance Model: A model that explains the relationship between fear of pain and pain-related disability)--[EXPLAINS: The Fear Avoidance Model explains how pain leads to disability]-->(Pain: An unpleasant sensory and emotional experience associated with actual or potential tissue damage)
(Picavet_Et_Al._2002: A study conducted by Picavet et al. in 2002, which may have investigated the relationship between fear-avoidance beliefs and future presence or intensity of pain and disability, as well as the relationship between back pain-related catastrophizing and future pain intensity and disability.)--[INVESTIGATED: The study by Picavet et al. in 2002 may have investigated pain.]-->(Pain: An unpleasant sensory and emotional experience associated with actual or potential tissue damage)
(Linton_Et_Al._2000A: A study conducted by Linton et al. in 2000a, which may have investigated the relationship between fear-avoidance beliefs and future presence or intensity of pain and disability.)--[INVESTIGATED: The study by Linton et al. in 2000a may have investigated pain.]-->(Pain: An unpleasant sensory and emotional experience associated with actual or potential tissue damage)
(Pain Catastrophising: The tendency to magnify the threat value of pain, feel helpless in the presence of pain, and have a relative inability to prevent or inhibit pain-related thoughts.)--[SUPPORTS: Pain catastrophizing supports the Fear-Avoidance Model of Chronic Pain.]-->(Fear Avoidance Model: A model that explains the relationship between fear of pain and pain-related disability)
(Fear Avoidance Model: A model that explains the relationship between fear of pain and pain-related disability)--[POSTULATES: The Fear Avoidance Model postulates that pain catastrophizing leads to Fear of Pain (FOP) and in the long run to pain-related disability.]-->(Pain Catastrophising: The tendency to magnify the threat value of pain, feel helpless in the presence of pain, and have a relative inability to prevent or inhibit pain-related thoughts.)
(Fear Avoidance Model: A model that explains the relationship between fear of pain and pain-related disability)--[INVOLVED_IN: The Fear-Avoidance Model posits that pain catastrophizing is a key antecedent to, and driver of, pain intensity and disability]-->(Pain Catastrophising: The tendency to magnify the threat value of pain, feel helpless in the presence of pain, and have a relative inability to prevent or inhibit pain-related thoughts.)
(Fear Avoidance Model: A model that explains the relationship between fear of pain and pain-related disability)--[APPLIES_TO: The Fear Avoidance Model is most commonly applied to back pain]-->(Back Pain: A condition characterized by pain in the lower back region)
(Fear Avoidance Model: A model that explains the relationship between fear of pain and pain-related disability)--[NOTSUPPORTEDBY: The sequential pathway of the fear avoidance model is not supported by longitudinal mediation studies.]-->(Disability: The inability to perform normal activities due to chronic lower back pain)
",,,False,
Sleep disturbance,Anxiety,True,"Reasoning Process:
Step 1: The Mental Health Community report on Depression and Anxiety suggests a causal relationship between depression and anxiety, which can be inferred as a potential causal relationship between anxiety and sleep disturbance as well, given the close relationship between the two conditions.
Step 2: The Sleep Disorders and Coronary Heart Disease Community report provides evidence supporting a causal relationship between sleeplessness and an increased risk of Coronary Heart Disease, which can be inferred as a potential causal relationship between sleep disturbance and anxiety, given the association between anxiety and cardiovascular disease.
Step 3: The Community of Cigarette Smoking, Depression, and Anxiety report suggests a bidirectional relationship between smoking and depression/anxiety, with smoking potentially leading to anxiety. While the question asks about sleep disturbance, it is reasonable to infer that sleep disturbance could be an intermediate variable in this relationship, as sleep disturbance is a common symptom of anxiety and can be exacerbated by smoking.
Step 4: The Discordant Twin Analyses Community report highlights the role of non-shared environmental factors in the relationship between various health outcomes and factors such as smoking and education. While this report does not directly address sleep disturbance and anxiety, it suggests that there may be intermediate variables at play in the relationship between these factors, which could include sleep disturbance.
Step 5: The Alcohol Use Disorder and Seasonal Affective Disorder Community report does not provide direct evidence of a causal relationship between sleep disturbance and anxiety. However, it does suggest a causal relationship between Seasonal Affective Disorder (SAD) and Alcohol Use Disorder, which can be inferred as a potential causal relationship between anxiety (a symptom of SAD) and sleep disturbance (a symptom of SAD and Alcohol Use Disorder).
Step 6: The report on the association between insomnia and anxiety does not provide direct evidence of a causal relationship between sleep disturbance and anxiety. However, it does suggest a complex and mutual relationship between insomnia and anxiety, which can be inferred as a potential causal relationship between sleep disturbance and anxiety, given the association between the two conditions.
Step 7: The report on cigarette smoking, depression, and anxiety suggests that smoking can worsen symptoms of anxiety over time, which can lead to sleep disturbance as a symptom of anxiety. This suggests a potential causal relationship where sleep disturbance temporally precedes and influences anxiety.
Step 8: The report on the association between alcohol consumption and insomnia suggests that alcohol consumption may increase the risk of insomnia, particularly if consumed close to bedtime. This suggests a potential causal relationship where sleep disturbance temporally precedes and influences anxiety, given the association between insomnia and anxiety.
Step 9: The report on the association between insomnia and anxiety in adolescent boys suggests that insomnia is associated with maladaptive lifestyles, including smoking, alcohol, and energy drinks. This suggests a potential causal relationship where sleep disturbance temporally precedes and influences anxiety, given the association between these maladaptive lifestyles and anxiety.
Step 10: The report on the association between insomnia and anxiety in older adults suggests that insomnia is associated with increased anxiety. This suggests a potential causal relationship where sleep disturbance temporally precedes and influences anxiety.

Conclusion: Yes","# Report:
## Chunks:

physical illness in the elderly.[16,17,38-40] Lindesay[38] The DSM-IV diagnosis of GAD is made on the basis found a statistically significant association between of excessive uncontrollable worry with at least three depression, generalised anxiety and physical illness, of six associated symptoms (table I). However, four but 90% of persons with GAD had case-level de- of these six symptoms (restlessness if it is observapression. Among community-dwelling elderly indi- ble, fatigue, difficulty concentrating and sleep disviduals attending a general medical outpatient clin- turbance) are also features of major depression. Furic, only 2.2% met criteria for GAD compared with thermore, many patients with major depression ex-18% who met criteria for a depressive disorder.[41] perience significant anxiety symptoms, including Studies of clinical populations of older adults worry, apprehension, and motor tension, as part of with physical disorders have focused mainly on the the depressive illness.[27,47] Thus, differentiation of association of GAD with either stroke or Parkin- GAD from an episode of major depression funda-

criminating between GAD and major depression is contamination by germs or dirt. further confounded by the fact that some older adults do not use the word 'depression' to describe **5. Patient Evaluation** depressed mood or a depressive illness. Enquiry present with 'anxiety' or 'nerves' as their main B12 and folate, thyroid function tests and ECG.

in post-traumatic stress disorder the worry is about stomach aches, chest pain or sore muscles?""[51]

mentally rests on whether or not the person reports reliving or being reminded of a trauma, and in anhedonia (which is the core feature of major de- obsessive-compulsive disorder the worry is associpression) and/or depressed mood. However, dis- ated with obsessions, such as an irrational fear of

about depressed mood, therefore, requires use of a The diagnosis of GAD in older persons is based range of synonyms, including 'low', 'sad', 'down', on a thorough history obtained from the patient and 'unhappy', 'blue' or 'empty'. If a person has symp- the patient's family or caregivers, mental state extoms that meet criteria for both major depression amination, physical examination and laboratory and GAD, a separate diagnosis of GAD is not war- tests used to screen for physical factors that could be ranted unless it is clear that the generalised anxiety contributing to the anxiety. Screening investigations also occurs outside of episodes of
angsha, 410078, Hunan, China.

<sup>\*\*</sup> Corresponding author. School of Public Health, Peking University, Beijing, 100191, China.

*E-mail addresses:* [zfx\\_8888@163.com](mailto:zfx_8888@163.com) (F. Zhou), [ii10233972@163.com](mailto:ii10233972@163.com) (S. Li), [xhl\\_csu@163.com](mailto:xhl_csu@163.com) (H. Xu). 1 First author: Feixiang Zhou, Department of Social Medicine and Health Management, Xiangya School of Public Health, Central South University, Changsha, 410078, Hunan, China.

observational studies on the association between insomnia and anxiety have emerged, and evolving evidence showed that there was a complex and mutual relationship between insomnia and anxiety (Goldman-Mellor et al., 2014; Hertenstein et al., 2019; Pigeon et al., 2017). These studies are difficult in establishing a causal association because they are limited by potential bias (Reeve et al., 2015).

In other aspects of sleep health, it is obvious that individuals with insomnia often have a short sleep duration (Buysse, 2013). In many previous studies, sleep duration was also related to anxiety in adolescents and adults (Kalmbach et al., 2019; Kim et al., 2020; Roberts and Duong, 2017; Zhou et al., 2020). Adequate sleep is essential for maintaining and promoting individuals' physical and mental health. The National Sleep Foundation in the United States recommended 7-9 h of appropriate sleep for young people and adults (Hirshkowitz et al., 2015). A previous cohort study found that short sleep and long sleep but not insomnia at baseline were associated with an increased risk of anxiety at follow-up (van Mill et al., 2014). However, the evidence for this association was not consistent with the experimental results. A meta-analysis of four experimental studies suggested that 3-6.5 h of sleep restriction for 4-5 consecutive days did not lead to a significant increase in anxiety levels (Pires et al., 2016). These contradictory results might be due to
2% of all cigarettes consumed in England are consumed by those with mental illness, although this includes substance use disorders[.4](#page-6-3) Additionally, while cigarette consumption in the general population has shown a sustained decrease over the past 20 years, consumption among smokers with mental illness has remained relatively unchanged[.1](#page-6-0) There is therefore a pressing need to understand the mechanisms underlying the high rate of smoking in people with mental illness. Here, we focus specifically on the relationship between cigarette smoking and depression and anxiety.

Currently, there are several hypotheses that have been proposed to explain the high rates of smoking in people with depression and anxiety. The self-medication hypothesis postulates that individuals turn to smoking to alleviate their symptoms[5–7](#page-6-4) and therefore suggests that symptoms of depression and anxiety may lead to smoking. An alternative hypothesis is that smoking may lead to depression or anxiety, through effects on an individual's neurocircuitry that increases susceptibility to environmental stressors. Animal models indicate that prolonged nicotine exposure dysregulates the hypothalamic–pituitary–adrenal system, resulting in hypersecretion of cortisol and alterations in the activity of the associated monoamine neurotransmitter system, whose function is to regulate reactions to stressors,[8](#page-6-5) an effect that appears to normalize after nicotine withdrawal.[9](#page-6-6) The association between smoking and depression/anxiety may also be bidirectional, with occasional smoking initially used to alleviate symptoms, but in fact worsening them over time.[10](#page-6-7) Finally, there may in fact be no causal relationship between smoking and depression/anxiety. Instead, the association may be a product of shared risk factors (eg, common genetic influences[\)10,](#page-6-7)[11](#page-6-8) or confounding. Smokers may also report that cigarettes alleviate their symptoms due to the misattribution of withdrawal relief. Given the short half-life of nicotine that results in withdrawal symptoms (including mood symptoms) after a short period of abstinence, smokers may misattribute the relief of short-term withdrawal as reflecting a genuine anxiolytic effect of smoking[.7](#page-6-9) That is, withdrawal symptoms of increased anxiety and negative affect may be misattributed as reflecting genuine mood symptoms, which would lead to the impression that smoking improves mood.

We are therefore presented with multiple different hypotheses regarding whether there is a causal relationship between smoking and depression/anxiety and if so, what the direction of caus
2344675.

**Keywords** Systematic review · Meta-analysis · Prevalence · Correlates · Insomnia · Old persons

# **Introduction**

#### **Rationale**

Broadly defned as a quantitative and/or qualitative sleep deterioration originating from predisposing, precipitating, and perpetuating factors, insomnia is a frequently encountered sleep disturbance, and its nosology have markedly evolved since the Diagnostic and Statistical Manual (DSM)- III-R [[1](#page-9-0)[–3](#page-9-1)]. The respective mean frequencies of insomnia symptoms and insomnia disorder in the general population are estimated to be 30% (variations of 30% to 35%) and 10% (variations of 3.9% to 22.1%), respectively [\[4](#page-9-2)[–7](#page-9-3)]. These proportions are signifcantly afected by the type of assessment tool [[8,](#page-9-4) [9](#page-9-5)]. The reported prevalence of insomnia symptoms in older persons, respectively, fuctuates from 24.5 to 48% [\[8,](#page-9-4) [10](#page-9-6)–[13\]](#page-9-7), aging being a recognized predisposing factor of insomnia symptoms and disturbed sleep, particularly sleep fragmentation [[6,](#page-9-8) [11\]](#page-9-9). This is in part due to age-related changes such as an increase in sleep latency, time awake after sleep onset, the number of arousals from sleep (nocturnal awakenings), as well as a decrease in sleep efciency, total sleep time, and slow wave sleep (deep sleep) [\[11,](#page-9-9) [14–](#page-9-10)[16\]](#page-9-11). Also, modifcations include an advance in circadian timing (advanced sleep phase), a decrease in circadian amplitude, a reduced ability to adjust to changes in the phase of circadian rhythms, and an increase in daytime napping [[11](#page-9-9), [14](#page-9-10), [16\]](#page-9-11). Insomnia symptoms and disorder among seniors seem linked to somatic conditions (painful diseases, cardiovascular conditions, neurocogn
the permitted use, you will need to obtain permission directly from the copyright holder. To view a copy of this licence, visit [http://creativecommons.org/licenses/by/4.0/.](http://creativecommons.org/licenses/by/4.0/) The Creative Commons Public Domain Dedication waiver ([http://creativeco](http://creativecommons.org/publicdomain/zero/1.0/) [mmons.org/publicdomain/zero/1.0/](http://creativecommons.org/publicdomain/zero/1.0/)) applies to the data made available in this article, unless otherwise stated in a credit line to the data. Gibson *et al. BMC Medicine (2023) 21:128* Page 2 of 15

oxygen which damage cells) [[1\]](#page-11-0). It has also been proposed that sleep is vital for the consolidation of information, learning, and memory [[2,](#page-11-1) [3](#page-11-2)]. Insomnia is defned as regular dissatisfaction with the quality or quantity of sleep for a prolonged period and includes difculty initiating or maintaining sleep [[4\]](#page-12-0). Evidence suggests that 6–7% of the European population have a diagnosis of insomnia, while 33–37% self-report having insomnia symptoms [\[5](#page-12-1)[–7](#page-12-2)]. It is the second most prevalent mental health disorder (after anxiety disorder) and is more common in women and the elderly [\[6](#page-12-3), [7](#page-12-2)]. Multimorbidity, defned as patients living with two or more chronic health conditions, is associated with polypharmacy, poor quality of life and premature mortality [[8,](#page-12-4) [9](#page-12-5)]. It is increasingly recognised as a threat to global health and identifying potential causes of multimorbidity is a research priority [[10\]](#page-12-6).

Given the high prevalence of insomnia symptoms, and their potentially causal associations with many diseases (including increased risk of depression [[11](#page-12-7), [12\]](#page-12-8), substance use [\[13,](#page-12-9) [14](#page-12-10)], autism spectrum disorder and bipolar disorder [[15](#page-12-
#page-11-4): Tables S9-S10). Tree of these estimates (HDL cholesterol, triglycerides and absolute leukocyte count) contradicted the direction of the MR-PheWAS estimate. Of the 42 remaining, 30 (7 continuous and 23 binary) of these had efect estimates in the same direction across all main and sensitivity two-sample MR analyses although with CIs often including the null. Tese 30 outcomes include a range of categories: substance use and mental Gibson *et al. BMC Medicine (2023) 21:128* Page 6 of 15

<span id=""page-5-0""></span>**Fig. 2** Proportion of potential causal efects of insomnia on outcomes within diferent mental health subcategories. *n* is the total number of outcomes in the category. Additional fle [2:](#page-11-4) Table S3 gives the subcategory for each outcome. Results shown in this fgure are also provided in Additional fle [2:](#page-11-4) Table S5

health-related outcomes such as acute alcohol intoxication, mental and behavioural disorders due to tobacco, neuroticism, anxiety disorder and post-traumatic stress disorder; body composition outcomes such as obesity, body fat percentage, body mass index, hip circumference and waist circumference; musculoskeletal outcomes such as low back pain, gonarthrosis, unspecifed arthrosis, unspecifed joint disorders, shoulder lesions, unspecifed soft tissue disorders, spondylosis and dorsalgia; digestive health-related outcomes such as irritable bowel syndrome, diverticular disease of intestine, unspecifed gastritis (including duodenitis), gastro-oesophageal refux disease, diaphragmatic hernia and oesophagitis; allergy or respiratory outcomes such as allergic disease (asthma, hay fever or eczema), asthma and bronchitis; and outcomes which were not related to others in the set such as unspecifed headache syndromes, C-reactive protein level and HbA1c. Cochran's Q showed evidence of between SNP heterogeneity (*p*<0.05) in both the IVW and MR-Egger analyses for 16 of these 30 outcomes: Anxiety, asthma, obesity, body mass index, body fat percentage, hip circumference, waist circumference, C-reactive protein level, unspecifed arthrosis## Communities:

### Mental Health Community: Depression and Anxiety
### Summary
This report focuses on the community of individuals affected by depression and anxiety, two closely related mental health conditions. The analysis reveals that depression and anxiety are associated, comorbid, and often co-occur in the same individuals. The text also suggests a causal relationship between depression and anxiety, as well as an increased risk of depression in individuals with anxiety. Additionally, the study of depression includes data from the UK Biobank, a large-scale health study, and the selected genetic variants for depression were obtained from the largest GWAS meta-analysis of 807,553 European-descent individuals. Furthermore, depression is associated with an increased risk of cardiovascular disease (CAD), particularly in patients with diabetes.
### Key Findings
Depression and anxiety are related mental health conditions: The text provides multiple instances of the association between depression and anxiety, suggesting that they are closely related emotional states. This relationship is further supported by the fact that they share similar symptoms and risk factors.
Depression and anxiety are comorbid conditions: The text indicates that depression and anxiety often co-occur in the same individuals. This comorbidity is significant, as it can lead to more severe symptoms and increased healthcare costs.
Depression is associated with an increased risk of CAD: The text suggests a causal relationship between depression and an increased risk of CAD, particularly in patients with diabetes. This association is supported by multiple pieces of evidence, including genetic studies and inverse-variance weighted (IVW) analysis.
Depression is associated with insomnia: The text indicates that insomnia is associated with an increased risk of depression. This association is supported by multiple pieces of evidence, including genetic studies and the fact that insomnia symptoms/disorder are reported to independently increase the risk of subsequent depression in older persons.
Depression is associated with multimorbidity: The text suggests that depression is associated with an increased risk of multimorbidity, a condition where an individual has two or more chronic diseases. This association is supported by multiple pieces of evidence, including the fact that depression increases the risk for onset of multimorbidity by 80–90%.
### Impact Rating: 8.5
The high impact severity rating is due to the prevalence of depression and anxiety, their comorbidity, and the associated health risks, including cardiovascular disease.

### Alcohol Use Disorder and Seasonal Affective Disorder Community
### Summary
This report examines the relationship between Alcohol Use Disorder (AUD) and Seasonal Affective Disorder (SAD), two mental health disorders that share a complex interplay. The analysis reveals a significant association between the two disorders, with SAD being a causal influence on AUD, as indicated by various studies. However, the relationship is not bidirectional, as AUD does not prospectively predict SAD. The findings also suggest that SAD increases the risk of incident AUD, and the two disorders often occur together in comorbid cases.
### Key Findings
SAD is a causal influence on AUD: The text suggests a causal relationship between SAD and AUD, as SAD may lead to AUD. This is supported by findings that SAD prospectively predicted AUD, but other anxiety disorders did not. The biometric modelling favoured models with direct phenotypic paths from SAD to AUD over models with shared genetic and environmental risk factors and models with direct paths from AUD to SAD.
SAD increases the risk of incident AUD: The text suggests that SAD is associated with an increased risk of incident AUD. This is supported by findings that SAD at T1 was associated with AUD at T2 in a longitudinal association.
SAD and AUD often occur together in comorbid cases: The text suggests that SAD and AUD often occur together in comorbid cases. This is supported by findings that SAD and AUD are associated, and that the two disorders share genetic risk factors.
AUD does not prospectively predict SAD: The text suggests that AUD did not prospectively predict SAD, but possibly other anxiety disorders. This indicates that the relationship between SAD and AUD is not bidirectional.
Shared genetic risk factors for AUD and anxiety disorders: The text suggests that shared genetic risk factors for AUD and anxiety disorders have been found in twin and molecular genetic studies. This indicates that there may be a genetic predisposition to both disorders.
### Impact Rating: 7.5
The high impact severity rating is due to the significant association between AUD and SAD, which can have serious consequences for individuals suffering from both disorders.

### Sleep Disorders and Coronary Heart Disease Community
### Summary
This report examines the relationships between sleep disorders, specifically sleeplessness and daytime dozing, and Coronary Heart Disease (CHD). The analysis reveals causal relationships, associations, and risk factors between these entities, as well as the use of genetic variants as instruments in Mendelian Randomization to establish causal associations.
### Key Findings
Causal Relationship between Sleeplessness and CHD: The text provides evidence supporting a causal relationship between sleeplessness and CHD. Three studies found a causal association between sleeplessness and an increased risk of CHD, as well as a positive causal association between genetically predicted sleeplessness and CHD. These findings suggest that addressing sleep disorders may help reduce the risk of CHD.
Causal Association between Daytime Dozing and CHD: The text suggests a causal association between daytime dozing and CHD, as one study aimed to explore the causal associations between daytime dozing and CHD. However, another study did not support a causal relationship. These findings indicate a potential link between daytime dozing and CHD, but further research is needed to confirm this association.
Genetic Variants as Causal Factors for CHD: The text reveals that genetic risk of CHD is a causal factor for the disease, as genetic variants are used as instruments in Mendelian Randomization to establish causal associations. One genetic variant is robustly associated with sleeplessness, suggesting that it may influence CHD through sleep.
Sleeplessness and Daytime Dozing Association: The text suggests that sleeplessness and daytime dozing are likely associated, as poor sleep quality can lead to daytime sleepiness. This association may have implications for understanding the relationship between sleep disorders and CHD.
Smoking as a Risk Factor for CHD: The text identifies smoking 10 to 19 cigarettes per day and 1 to 9 cigarettes per day as significant risk factors for the development of CHD. Ex-smoking may still carry some risk, especially for heavy smokers. These findings highlight the importance of smoking cessation for reducing the risk of CHD.
Inverse Variance Weighted Method for Causal Inference: The Inverse Variance Weighted (IVW) method is used to estimate the causal effect of sleeplessness on CHD. This method assigns more weight to studies with smaller variance, assuming they are more precise. The use of the IVW method in this context demonstrates the application of advanced statistical methods for causal inference in sleep disorders and CHD research.
### Impact Rating: 7.5
The findings suggest a significant association between sleep disorders and CHD, with potential implications for public health and disease prevention strategies.

### Community of Cigarette Smoking, Depression, and Anxiety
### Summary
This report examines a community centered around the habit of cigarette smoking, its relationship with depression and anxiety, and the potential impact on the neurocircuitry of individuals. The community's key entities include cigarette smoking, depression/anxiety, bidirectional relationship, neurocircuitry, shared risk factors, and withdrawal relief.
### Key Findings
Bidirectional Relationship between Smoking and Depression/Anxiety: The community's central relationship is the bidirectional one between cigarette smoking and depression/anxiety. This theory suggests that smoking can worsen symptoms of depression and anxiety over time, but it can also be initially used as a coping mechanism, further perpetuating the cycle. This relationship is crucial to understand as it highlights the complex interplay between these conditions.
Influence of Smoking on Neurocircuitry: Animal models indicate that prolonged nicotine exposure can dysregulate the hypothalamic–pituitary–adrenal system, leading to hypersecretion of cortisol and alterations in the activity of the associated monoamine neurotransmitter system. These changes can have long-lasting effects on the neurocircuitry, potentially contributing to the development and maintenance of depression and anxiety.
Shared Risk Factors for Smoking and Depression/Anxiety: The association between smoking and depression/anxiety may be a product of shared risk factors, such as common genetic influences. Understanding these shared risk factors can help in the development of targeted interventions for both smoking cessation and the treatment of depression and anxiety.
Cause of Withdrawal Symptoms: The short half-life of nicotine results in withdrawal symptoms, including mood symptoms, after a short period of abstinence. These withdrawal symptoms can be a significant barrier to quitting smoking, as they may lead individuals to resume smoking for temporary relief.
Implication of Smoking on Depression/Anxiety: The association between smoking and depression/anxiety may also be bidirectional, with occasional smoking initially used to alleviate symptoms, but in fact worsening them over time. This implies that smoking may not be an effective coping mechanism for depression and anxiety, and may actually exacerbate these conditions.
### Impact Rating: 7.5
The community's impact is significant due to the potential for cigarette smoking to exacerbate depression and anxiety, and the long-term effects on the neurocircuitry.

### Discordant Twin Analyses Community
### Summary
This report presents an analysis of the Discordant Twin Analyses community, a group of researchers and practitioners focused on investigating the role of genetic and environmental factors in the development of traits. The community's primary tool, Discordant Twin Analyses, is used to study the impact of these factors on various health outcomes, including depression and anxiety. However, it is important to note that the assumption made by this technique, that genetic associations represent confounding, may not always hold true for phenotypic causality.
### Key Findings
Discordant Twin Analyses Assumption: Discordant Twin Analyses assumes that genetic associations represent confounding, but this assumption may not always hold true for phenotypic causality. This misassumption could lead to inaccurate conclusions about the relationship between genetic factors and health outcomes.
Role of Non-Shared Environment: Non-shared environmental factors, unique to each individual, can significantly affect the relationship between education and various health outcomes. This factor can lead to confounding, making it difficult to determine the true causality between education and health outcomes.
Impact on Smoking and Depression/Anxiety: Non-shared environmental factors can also affect the relationship between smoking and depression/anxiety, potentially leading to confounding. This means that it may be difficult to determine whether smoking directly causes depression/anxiety or if there are other factors at play.
Role of Shared Environment: Shared environmental factors, such as family environment, parenting, and upbringing, can also affect the relationship between education and various health outcomes. This factor can lead to confounding, making it difficult to determine the true causality between education and health outcomes.
Impact on Smoking and Depression/Anxiety: Shared environmental factors can also affect the relationship between smoking and depression/anxiety, potentially leading to confounding. This means that it may be difficult to determine whether smoking directly causes depression/anxiety or if there are other shared factors at play.
Implications for Research: Understanding the role of non-shared and shared environmental factors in the relationship between various health outcomes and factors such as smoking and education is crucial for conducting accurate research. The Discordant Twin Analyses community's work highlights the need for careful consideration of these factors to avoid confounding and ensure accurate conclusions.
### Impact Rating: 7.5
The Discordant Twin Analyses community's work has a significant impact on understanding the complex interplay between genetics, environment, and health outcomes.

## Relationships:

(Alcohol: Alcohol consumption (number of drinks per week))--[INFLUENCES: Alcohol consumption can increase the risk of insomnia, particularly if consumed close to bedtime]-->(Insomnia: Insomnia is a sleep disorder characterized by difficulty falling asleep, staying asleep, or waking up too early and not being able to go back to sleep. It can lead to fatigue, irritability, and difficulty concentrating.)
(Insomnia: Insomnia is a sleep disorder characterized by difficulty falling asleep, staying asleep, or waking up too early and not being able to go back to sleep. It can lead to fatigue, irritability, and difficulty concentrating.)--[ASSOCIATION: Studies show that a percentage of people with poor sleep quality have reported using alcohol as a sleep aid, suggesting a potential association between alcohol consumption and insomnia]-->(Alcohol: Alcohol consumption (number of drinks per week))
(Insomnia: Insomnia is a sleep disorder characterized by difficulty falling asleep, staying asleep, or waking up too early and not being able to go back to sleep. It can lead to fatigue, irritability, and difficulty concentrating.)--[ASSOCIATEDWITH: Insomnia is associated with increased alcohol consumption.]-->(Alcohol: Alcohol consumption (number of drinks per week))
(Alcohol: Alcohol consumption (number of drinks per week))--[ASSOCIATED_WITH: This study analyzes the association between alcohol consumption and six self-reported sleep traits, including insomnia.]-->(Insomnia: Insomnia is a sleep disorder characterized by difficulty falling asleep, staying asleep, or waking up too early and not being able to go back to sleep. It can lead to fatigue, irritability, and difficulty concentrating.)
(Alcohol: Alcohol consumption (number of drinks per week))--[ASSOCIATEDWITH: Alcohol consumption is nonlinearly associated with insomnia, as per the study]-->(Insomnia: Insomnia is a sleep disorder characterized by difficulty falling asleep, staying asleep, or waking up too early and not being able to go back to sleep. It can lead to fatigue, irritability, and difficulty concentrating.)
(Alcohol: Alcohol consumption (number of drinks per week))--[INFLUENCE: Alcohol consumption may influence insomnia]-->(Insomnia: Insomnia is a sleep disorder characterized by difficulty falling asleep, staying asleep, or waking up too early and not being able to go back to sleep. It can lead to fatigue, irritability, and difficulty concentrating.)
(Alcohol: Alcohol consumption (number of drinks per week))--[ASSOCIATION: Alcohol consumption may be associated with insomnia]-->(Insomnia: Insomnia is a sleep disorder characterized by difficulty falling asleep, staying asleep, or waking up too early and not being able to go back to sleep. It can lead to fatigue, irritability, and difficulty concentrating.)
(Age: The age of the participants in the study.)--[ASSOCIATION: Insomnia prevalence may vary with age.]-->(Insomnia: Insomnia is a sleep disorder characterized by difficulty falling asleep, staying asleep, or waking up too early and not being able to go back to sleep. It can lead to fatigue, irritability, and difficulty concentrating.)
(Insomnia: Insomnia is a sleep disorder characterized by difficulty falling asleep, staying asleep, or waking up too early and not being able to go back to sleep. It can lead to fatigue, irritability, and difficulty concentrating.)--[CHARACTERISTIC: The study population had a mean age of 57 years, and insomnia was a characteristic of some of them]-->(Age: The age of the participants in the study.)
(Insomnia: Insomnia is a sleep disorder characterized by difficulty falling asleep, staying asleep, or waking up too early and not being able to go back to sleep. It can lead to fatigue, irritability, and difficulty concentrating.)--[INCREASE: The text suggests a weak evidence that insomnia increases smoking heaviness.]-->(Smoking: The smoking habits of the participants in the study by Linton et al.)
(Smoking: The smoking habits of the participants in the study by Linton et al.)--[NO_CLEAR_EFFECT: The text suggests no clear evidence that sleep duration impacts smoking.]-->(Insomnia: Insomnia is a sleep disorder characterized by difficulty falling asleep, staying asleep, or waking up too early and not being able to go back to sleep. It can lead to fatigue, irritability, and difficulty concentrating.)
(Insomnia: Insomnia is a sleep disorder characterized by difficulty falling asleep, staying asleep, or waking up too early and not being able to go back to sleep. It can lead to fatigue, irritability, and difficulty concentrating.)--[ASSOCIATEDWITH: Insomnia is associated with increased smoking.]-->(Smoking: The smoking habits of the participants in the study by Linton et al.)
(Smoking: The smoking habits of the participants in the study by Linton et al.)--[ASSOCIATED_WITH: Smoking is associated with insomnia and anxiety and could be considered as a potential confounder in the causal association between insomnia and anxiety.]-->(Insomnia: Insomnia is a sleep disorder characterized by difficulty falling asleep, staying asleep, or waking up too early and not being able to go back to sleep. It can lead to fatigue, irritability, and difficulty concentrating.)
(Insomnia: Insomnia is a sleep disorder characterized by difficulty falling asleep, staying asleep, or waking up too early and not being able to go back to sleep. It can lead to fatigue, irritability, and difficulty concentrating.)--[ASSOCIATION: Adolescent boys with insomnia have more maladaptive lifestyles (smoking, alcohol, and energy drinks)]-->(Smoking: The smoking habits of the participants in the study by Linton et al.)
(Generalized_Anxiety_Disorder: A chronic and debilitating anxiety disorder characterized by excessive and uncontrollable worry about everyday life events, often accompanied by physical symptoms such as restlessness, fatigue, and difficulty sleeping.)--[ASSOCIATION: Alcohol may exacerbate symptoms of Generalized Anxiety Disorder.]-->(Alcohol: Alcohol consumption (number of drinks per week))
(Insomnia: Insomnia is a sleep disorder characterized by difficulty falling asleep, staying asleep, or waking up too early and not being able to go back to sleep. It can lead to fatigue, irritability, and difficulty concentrating.)--[ASSOCIATED_WITH: The study population had varying levels of education, and insomnia was a characteristic of some of them]-->(Education: The level of education completed by the participants.)
(Age: The age of the participants in the study.)--[AGE: The study sample characteristics by depression-anxiety status showed significant group differences in age]-->(Comorbid Depression And Anxiety: The co-occurrence of depression and anxiety in an individual. This can exacerbate the symptoms of both conditions and can be more difficult to treat.)
",,,False,
Smoking,Depression,True,"Reasoning Process:
Step 1: The report on 'The Association of Cigarette Smoking With Depression and Anxiety: A Systematic Review' provides evidence of a bidirectional relationship between smoking and depression/anxiety, suggesting that smoking may both precede and be influenced by depression/anxiety.
Step 2: The report on 'Tobacco, Nicotine, and E-Cigarettes Research Report' suggests that smoking may be used as a coping mechanism to alleviate symptoms of depression and anxiety, implying a potential causal relationship where smoking precedes depression.
Step 3: The report on 'Cigarette Smoking, Depression, and Anxiety' presents evidence that prolonged nicotine exposure can dysregulate the hypothalamic–pituitary–adrenal system, leading to hypersecretion of cortisol and alterations in the activity of the associated monoamine neurotransmitter system, which can have long-lasting effects on the neurocircuitry, potentially contributing to the development and maintenance of depression and anxiety. This suggests a potential causal relationship where smoking precedes depression.
Step 4: The report on 'Discordant Twin Analyses Community' discusses the potential confounding factors in observational studies, which may make it difficult to determine causality between smoking and depression/anxiety. However, the presence of a bidirectional relationship in other reports suggests that a causal relationship may exist.
Step 5: The report on 'Mendelian Randomization (Mr)' discusses the use of genetic variants as instrumental variables to assess causal inference, which can help overcome reverse causation bias. However, the presence of a bidirectional relationship in other reports suggests that a causal relationship may exist.
Step 6: The report on 'Bold' discusses the potential confounding factors in registries, which may make it difficult to determine causality between smoking and depression/anxiety. However, the presence of a bidirectional relationship in other reports suggests that a causal relationship may exist.
Step 7: The report on 'Mental Health Community: Depression and Anxiety' does not directly address the question of causality between smoking and depression. However, the presence of a bidirectional relationship in other reports suggests that a causal relationship may exist.
Step 8: The report on 'Community of Individuals Seeking Mental Health Care and Experiencing Chronic Lower Back Pain' does not directly address the question of causality between smoking and depression. However, the presence of a bidirectional relationship in other reports suggests that a causal relationship may exist.
Step 9: The report on 'Research Report' does not directly address the question of causality between smoking and depression. However, the presence of a bidirectional relationship in other reports suggests that a causal relationship may exist.
Step 10: The report on 'Tobacco, Nicotine, and E-Cigarettes Research Report' does not directly address the question of causality between smoking and depression. However, the presence of a bidirectional relationship in other reports suggests that a causal relationship may exist.

Conclusion: Yes","# Report:
## Chunks:

2% of all cigarettes consumed in England are consumed by those with mental illness, although this includes substance use disorders[.4](#page-6-3) Additionally, while cigarette consumption in the general population has shown a sustained decrease over the past 20 years, consumption among smokers with mental illness has remained relatively unchanged[.1](#page-6-0) There is therefore a pressing need to understand the mechanisms underlying the high rate of smoking in people with mental illness. Here, we focus specifically on the relationship between cigarette smoking and depression and anxiety.

Currently, there are several hypotheses that have been proposed to explain the high rates of smoking in people with depression and anxiety. The self-medication hypothesis postulates that individuals turn to smoking to alleviate their symptoms[5–7](#page-6-4) and therefore suggests that symptoms of depression and anxiety may lead to smoking. An alternative hypothesis is that smoking may lead to depression or anxiety, through effects on an individual's neurocircuitry that increases susceptibility to environmental stressors. Animal models indicate that prolonged nicotine exposure dysregulates the hypothalamic–pituitary–adrenal system, resulting in hypersecretion of cortisol and alterations in the activity of the associated monoamine neurotransmitter system, whose function is to regulate reactions to stressors,[8](#page-6-5) an effect that appears to normalize after nicotine withdrawal.[9](#page-6-6) The association between smoking and depression/anxiety may also be bidirectional, with occasional smoking initially used to alleviate symptoms, but in fact worsening them over time.[10](#page-6-7) Finally, there may in fact be no causal relationship between smoking and depression/anxiety. Instead, the association may be a product of shared risk factors (eg, common genetic influences[\)10,](#page-6-7)[11](#page-6-8) or confounding. Smokers may also report that cigarettes alleviate their symptoms due to the misattribution of withdrawal relief. Given the short half-life of nicotine that results in withdrawal symptoms (including mood symptoms) after a short period of abstinence, smokers may misattribute the relief of short-term withdrawal as reflecting a genuine anxiolytic effect of smoking[.7](#page-6-9) That is, withdrawal symptoms of increased anxiety and negative affect may be misattributed as reflecting genuine mood symptoms, which would lead to the impression that smoking improves mood.

We are therefore presented with multiple different hypotheses regarding whether there is a causal relationship between smoking and depression/anxiety and if so, what the direction of caus
). The number of chronic health conditions was a sum measure of 15 self-reported chronic health conditions such as arthritis, glaucoma, and high cholesterol. Self-rated health, a valid and reliable measure of general well-being, <sup>28</sup> was assessed by asking: 'How would you describe your general health?' (1 = excellent to 4 = poor) (see Table 1).

#### Focal predictor: low educational attainment (age 21)

Participants who did not graduate from high school by age 21 were coded 1 (including those with a GED); all other participants were coded 0. Individuals with a GED have been reported to be more comparable to those without a high school diploma rather than those with a high school diploma with regard to health status.<sup>29-31</sup> Accordingly, participants with a GED were grouped with high school dropouts for the analysis. It has been also shown that completion of a degree, rather than an additional year of schooling, is associated with improvement in health, 2,32 although this association remains debatable.4 Because the majority of participants at the age 21 survey had not completed a postsecondary degree, and high school completion remains an important marker in an individual's educational career and has been shown to have long-term impacts on various life outcomes, 33-35 educational attainment was operationalized as previously described.

#### Pathway measures

Health behaviours (at age 30) included: (a) heavy episodic drinking, i.e. the number of times of having five or more drinks in a row during the past month; (b) cigarette smoking, i.e. the number of times of smoking during the past month (ranging from 1 = not at all to 5 = about a pack a day or more); and (c) meeting physical activity guidelines (1 = yes, 0 = no).

| Variable (metric or range) M or %  Educational attainment, age 21 No high school diploma (1 = yes), age 21 18.7  Health outcomes  Major depression (1 = yes), age 33 10.0 Obesity (1 = yes), age 33 34.0  Number of chronic health conditions, age 33 0 77.1 1 19.0 2 2.7 3 0.7 4 0.1 Self-rated general health, age 33 2.1  Mediators Health behaviours Heavy episodic drinking, age 30 0.6 C
<s> **[Research Report](https://nida.nih.gov/drug-topics/publications/research-reports)**

Tobacco, Nicotine, and E-Cigarettes Research Report

## Are there sex differences in tobacco smoking?

Generally, men tend to use all tobacco products at higher rates than women. In 2015, 16.7 percent of adult males and 13.6 percent of adult females smoked cigarettes[.](https://nida.nih.gov/node/1363) Such diferences may relate to a combination of physiological (particularly ovarian hormones), cultural, and behavioral factors. [128](https://nida.nih.gov/node/1363) [129](https://nida.nih.gov/node/1363) [130](https://nida.nih.gov/node/1363)

Results from neuroimaging studies suggest that smoking activates men's reward pathways more than women's. This finding is consistent with the idea that men smoke for the reinforcing efects of nicotine, whereas women smoke to regulate mood or in response to cigarette-related cues. A study of stress responses and craving among male and female smokers who were trying to quit found that during abstinence, lower levels of the stress hormone cortisol predicted relapse in men. However, high cortisol levels were predictive of relapse in women[.](https://nida.nih.gov/node/1363) Other work on abstinence found that smoking a cigarette with nicotine, as compared to a denicotinized cigarette, alleviated the symptoms of withdrawal and negative mood to a [131](https://nida.nih.gov/node/1363) [132](https://nida.nih.gov/node/1363)

greater extent in men than women. Women obtained equal relief from cigarettes with and without nicotine, suggesting that they found the drug less rewarding than men. [133](https://nida.nih.gov/node/1363)

Cigarette craving is a major reason why smokers find it hard to quit, and this strong urge to smoke can be evoked by sensory cues and stress. Research suggests that women experience stronger craving than men in response to stress[,](https://nida.nih.gov/node/1363) but men may be more responsive to environmental cues. Additionally, longitudinal data from international surveys conducted in four industrialized countries indicated that
no-early imaging in the elderly, we envision other evaluations such as the comparative effectiveness of physical therapy vs. no physical therapy.

#### Data access

As the registry progresses in size and maturity, we anticipate making the BOLD resources available to researchers interested in evaluating diagnostic tests, treatments, and outcomes among elderly patients with back pain. Detailed information regarding data sharing will be available at www.backpainproject.org.

## Discussion

#### Back pain registries

In the U.S., many spine-related registries are device- or procedure-focused and hence recruit patients primarily from specialists. Outside the U.S., several prospective spine registries/cohorts have been established to study various aspects of back pain and while somewhat broader in scope, most still have a specialist focus [48-50]. In contrast, Costa and colleagues established an inception cohort of 973 primary care patients with acute (less than two weeks) low back pain [51], demonstrating both the feasibility and value of such an approach. Identifying patients early in the course allowed measurement of baseline factors that predicted progression and chronicity.

The Back Complaints in the Elders (BACE) consortium is an international group of investigators who have independently established prospective cohorts in a primary care setting to investigate back pain among seniors [52]. Investigators from the Netherlands, Australia and Brazil are collaborating to identify prognostic indicators leading to the transition from acute to chronic back pain in the elderly. The objectives of BOLD parallel those of BACE and similar study structures facilitate international comparisons.

#### Strengths of registries

A great advantage of registries is that patient enrollment is easier than intervention trials, so large sample sizes are feasible. This increases generalizability and the ability to detect rare events, such as complications.

#### Limitations of registries

Roovers highlighted the limitations of registries, including lack of proper control groups, confounding, bias, poor data quality control, and potential conflicts of interest due to industry sponsorship [53]. Due to these limitations, registries will never replace randomized controlled trials (RCTs). The most important limitation of registries in general is the lack of a pre-defined control group. However, we can identify important subgroups contained within the registry to use for comparative effectiveness evaluations, such as patients with and without early imaging, and use propensity-matched controls to minimize selection bias associated with treatment or diagnostic testing.

<sup>††</sup> Conservatively assumes 1:1 case to control ratio, calculated for one-year time period, cost standard deviations of
checks the data for quality. We defined specific logic rules for establishing the internal consistency of responses across several variables. When necessary, we check the original data collection forms or re-contact the subject.

#### Analytic approach

In many registries, there may be a relatively small subgroup of interest (e.g., a treatment or diagnostic testing prevalence of 1 or 2%) and a large number of controls available for a comparative analysis of outcomes. As a general analytic approach in BOLD, we will evaluate cases in comparative studies using 3:1 matched controls with the nearest propensity score [31].

Propensity-based matching is a strategy for assembling similar groups of patients in the absence of randomization. We will use this method to select control patients who are

similar to patients who have selectively received the intervention of interest (e.g. early imaging). If we do not appropriately match controls on important baseline characteristics to patients who receive the intervention, there is a risk of obtaining biased results when comparing cases with controls due to confounding [31-37]. Propensity score matching aims to provide a valid estimate of the intervention effect by comparing patients who have and have not had the intervention and who also have similar observed characteristics.

For a given research question and set of patients, we will use logistic regression models (or multi-level logistic regression models for ordinal or multilevel treatments; e.g., levels of treatment dose) to generate a propensity score for each person, using variables that are significant predictors of the intervention of interest. We will then match the propensity score of each case who received the intervention to the nearest propensity scores (up to 3) available among control patients whose propensity scores lie within a caliper window of 0.2σ of the case index, where σ is a measure of variation in the propensity score distributions of cases and controls as given in Rosenbaum and Rubin [35]. If no control propensity scores fall within the caliper window of a particular index case, then the index case will be excluded from any analyses.

#### Observational cohort of early imaging

We will conduct an observational cohort study of early imaging in seniors with new visits for back pain as our first comparative study using data from the BOLD registry. Our goal is to test the hypothesis that imaging of the lumbar spine within 6 weeks of the index visit (early imaging) is associated with worse patient outcomes and increased health care utilization and costs. Patients who get early imaging may be those with the worst pain or most alarming clinical presentation. However, given the variability in clinician ordering patterns, there is also a reasonable likelihood that those patients who do and do not get early
P = 3.6×10<sup>-10</sup>). This was very similar to results of the direct observational case-control study between OSAS and BC risk (OR = 2.80; 95% CI = 2.24-3.50; P =1.4×10<sup>-19</sup>). Replication in the Asian population of the BCAC study also supported our results (IVW OR, 1.33 for BC risk per log-odds increment in OSAS risk, 95% CI = 1.13-1.56; P = 0.0006). Sensitivity analyses confirmed the robustness of our findings. We provide novel evidence that genetically determined higher risk of OSAS has a causal effect on higher risk of BC. Further studies focused on the mechanisms of the relationship between OSAS and breast carcinogenesis are needed.

#### **INTRODUCTION**

Breast cancer (BC) ranks as the most common cancer and the second most common cause of death from cancers in women worldwide [1-4]. According to the report of the Global Burden of Disease (GBD) Study 2017, the estimated annual deaths of BC was 611.6 thousand, and the all-age years of life lost (YLLs) was 16400.7 thousand globally [5]. Sleep-related mechanisms, which might initiate, exacerbate or modulate the phenotypic expression of multiple diseases, have been widely investigated for their relationships with BC [6–8]. However, less investigation has explored the potential detrimental effects of obstructive sleep apnea syndrome (OSAS), which has become a highly prevalent condition throughout the lifespan [9–16].

OSAS, a sleep-related breathing disorder characterized by recurrent cessations of breathing during sleep, could lead to intermittent hypoxia and sleep fragmentation [17]. Chronic and intermittent hypoxia have been shown to play an essential role in the progress of carcinogenesis and tumor progression [18–20]. Many observational studies have implicated the potential detrimental role of OSAS in multiple cancers, although the results were inconsistent [6, 21–24]. The causality of OSAS and BC still remains unknown due to the inherent limitations in observational studies of confounding and reverse causation.

Mendelian randomization (MR), using genetic variants as an instrument variable (IV) for the exposure to estimate causal effects of modifiable risk factors on disease outcomes, could overcome the limitations of the

<sup>&</## Communities:

### Mental Health Community: Depression and Anxiety
### Summary
This report focuses on the community of individuals affected by depression and anxiety, two closely related mental health conditions. The analysis reveals that depression and anxiety are associated, comorbid, and often co-occur in the same individuals. The text also suggests a causal relationship between depression and anxiety, as well as an increased risk of depression in individuals with anxiety. Additionally, the study of depression includes data from the UK Biobank, a large-scale health study, and the selected genetic variants for depression were obtained from the largest GWAS meta-analysis of 807,553 European-descent individuals. Furthermore, depression is associated with an increased risk of cardiovascular disease (CAD), particularly in patients with diabetes.
### Key Findings
Depression and anxiety are related mental health conditions: The text provides multiple instances of the association between depression and anxiety, suggesting that they are closely related emotional states. This relationship is further supported by the fact that they share similar symptoms and risk factors.
Depression and anxiety are comorbid conditions: The text indicates that depression and anxiety often co-occur in the same individuals. This comorbidity is significant, as it can lead to more severe symptoms and increased healthcare costs.
Depression is associated with an increased risk of CAD: The text suggests a causal relationship between depression and an increased risk of CAD, particularly in patients with diabetes. This association is supported by multiple pieces of evidence, including genetic studies and inverse-variance weighted (IVW) analysis.
Depression is associated with insomnia: The text indicates that insomnia is associated with an increased risk of depression. This association is supported by multiple pieces of evidence, including genetic studies and the fact that insomnia symptoms/disorder are reported to independently increase the risk of subsequent depression in older persons.
Depression is associated with multimorbidity: The text suggests that depression is associated with an increased risk of multimorbidity, a condition where an individual has two or more chronic diseases. This association is supported by multiple pieces of evidence, including the fact that depression increases the risk for onset of multimorbidity by 80–90%.
### Impact Rating: 8.5
The high impact severity rating is due to the prevalence of depression and anxiety, their comorbidity, and the associated health risks, including cardiovascular disease.

### Community of Individuals Seeking Mental Health Care and Experiencing Chronic Lower Back Pain
### Summary
This report focuses on a community of individuals who seek care from general practitioners for their mental health disorders and also experience chronic lower back pain. The community's entities are interconnected, with pain being a common factor that influences various aspects of their lives, including their health, economic resources, and daily activities. The entities are also associated with other factors such as fear avoidance beliefs, hardship, and unhealthy health behaviors.
### Key Findings
The presence of chronic lower back pain is a common experience among the community members.: The text indicates that individuals in the community seek care from general practitioners for their mental health disorders and also experience chronic lower back pain. This pain is described as an unpleasant sensory and emotional experience associated with actual or potential tissue damage.
Hardship is associated with the community, particularly in relation to Medicare Insurance Coverage.: The presence of hardship, a state of severe and prolonged difficulty or distress, is associated with the community. This hardship may be caused by factors such as poverty or other adverse circumstances. The text suggests that those with financial difficulties may be more likely to rely on Medicare for health insurance.
Fear avoidance beliefs are related to the community and may be important targets for early interventions.: Fear avoidance beliefs, as measured by a questionnaire, are associated with the community. These beliefs might be useful for early interventions, as they could be good screening variables for identifying individuals at risk for chronic pain. The text also suggests that fear avoidance beliefs might be important targets for early interventions to prevent further progression or complications.
Unhealthy health behaviors, such as smoking and alcohol consumption, may be related to the community and contribute to the development or exacerbation of pain.: The text indicates that unhealthy health behaviors, such as smoking and alcohol consumption, are associated with the community. These behaviors may be related to pain, as they can contribute to its development or exacerbation.
The International Association for the Study of Pain is related to the study of pain and the community.: The International Association for the Study of Pain is a professional organization dedicated to the study of pain and its mechanisms. The text indicates that this organization is related to the study of pain and the community, suggesting a connection between the community and the broader field of pain research.
### Impact Rating: 7.5
The community's impact severity rating of 7.5 indicates a significant influence on the individuals' health, well-being, and daily functioning due to chronic lower back pain and associated factors.

### Community of Cigarette Smoking, Depression, and Anxiety
### Summary
This report examines a community centered around the habit of cigarette smoking, its relationship with depression and anxiety, and the potential impact on the neurocircuitry of individuals. The community's key entities include cigarette smoking, depression/anxiety, bidirectional relationship, neurocircuitry, shared risk factors, and withdrawal relief.
### Key Findings
Bidirectional Relationship between Smoking and Depression/Anxiety: The community's central relationship is the bidirectional one between cigarette smoking and depression/anxiety. This theory suggests that smoking can worsen symptoms of depression and anxiety over time, but it can also be initially used as a coping mechanism, further perpetuating the cycle. This relationship is crucial to understand as it highlights the complex interplay between these conditions.
Influence of Smoking on Neurocircuitry: Animal models indicate that prolonged nicotine exposure can dysregulate the hypothalamic–pituitary–adrenal system, leading to hypersecretion of cortisol and alterations in the activity of the associated monoamine neurotransmitter system. These changes can have long-lasting effects on the neurocircuitry, potentially contributing to the development and maintenance of depression and anxiety.
Shared Risk Factors for Smoking and Depression/Anxiety: The association between smoking and depression/anxiety may be a product of shared risk factors, such as common genetic influences. Understanding these shared risk factors can help in the development of targeted interventions for both smoking cessation and the treatment of depression and anxiety.
Cause of Withdrawal Symptoms: The short half-life of nicotine results in withdrawal symptoms, including mood symptoms, after a short period of abstinence. These withdrawal symptoms can be a significant barrier to quitting smoking, as they may lead individuals to resume smoking for temporary relief.
Implication of Smoking on Depression/Anxiety: The association between smoking and depression/anxiety may also be bidirectional, with occasional smoking initially used to alleviate symptoms, but in fact worsening them over time. This implies that smoking may not be an effective coping mechanism for depression and anxiety, and may actually exacerbate these conditions.
### Impact Rating: 7.5
The community's impact is significant due to the potential for cigarette smoking to exacerbate depression and anxiety, and the long-term effects on the neurocircuitry.

### Discordant Twin Analyses Community
### Summary
This report presents an analysis of the Discordant Twin Analyses community, a group of researchers and practitioners focused on investigating the role of genetic and environmental factors in the development of traits. The community's primary tool, Discordant Twin Analyses, is used to study the impact of these factors on various health outcomes, including depression and anxiety. However, it is important to note that the assumption made by this technique, that genetic associations represent confounding, may not always hold true for phenotypic causality.
### Key Findings
Discordant Twin Analyses Assumption: Discordant Twin Analyses assumes that genetic associations represent confounding, but this assumption may not always hold true for phenotypic causality. This misassumption could lead to inaccurate conclusions about the relationship between genetic factors and health outcomes.
Role of Non-Shared Environment: Non-shared environmental factors, unique to each individual, can significantly affect the relationship between education and various health outcomes. This factor can lead to confounding, making it difficult to determine the true causality between education and health outcomes.
Impact on Smoking and Depression/Anxiety: Non-shared environmental factors can also affect the relationship between smoking and depression/anxiety, potentially leading to confounding. This means that it may be difficult to determine whether smoking directly causes depression/anxiety or if there are other factors at play.
Role of Shared Environment: Shared environmental factors, such as family environment, parenting, and upbringing, can also affect the relationship between education and various health outcomes. This factor can lead to confounding, making it difficult to determine the true causality between education and health outcomes.
Impact on Smoking and Depression/Anxiety: Shared environmental factors can also affect the relationship between smoking and depression/anxiety, potentially leading to confounding. This means that it may be difficult to determine whether smoking directly causes depression/anxiety or if there are other shared factors at play.
Implications for Research: Understanding the role of non-shared and shared environmental factors in the relationship between various health outcomes and factors such as smoking and education is crucial for conducting accurate research. The Discordant Twin Analyses community's work highlights the need for careful consideration of these factors to avoid confounding and ensure accurate conclusions.
### Impact Rating: 7.5
The Discordant Twin Analyses community's work has a significant impact on understanding the complex interplay between genetics, environment, and health outcomes.

### Community of Researchers in Alcohol Use Disorder and Mental Health
### Summary
This report focuses on a community of researchers studying the relationship between alcohol use disorder (AUD) and mental health conditions, specifically major depressive disorder (MDD) and neuroticism. The key entities in this community are Polimanti, an author who has contributed to studies linking AUD with MDD and neuroticism, and Walters, an author whose work has been compared to Polimanti's.
### Key Findings
Polimanti's research on AUD and MDD: Polimanti's research, in collaboration with others, has identified a relationship between major depressive disorder (MDD) and alcohol use disorder (AUD). This finding is important because it highlights a potential avenue for early intervention and treatment for individuals with MDD who may be at risk of developing AUD. The study compared Polimanti's findings with those of Walters et al., providing a basis for further research and discussion in the field.
Polimanti's research on AUD and neuroticism: Polimanti's research has also found a relationship between neuroticism and AUD. This finding is significant because neuroticism, a personality trait characterized by feelings of anxiety, worry, and fear, is a common factor in many mental health disorders. Understanding the relationship between neuroticism and AUD could help identify individuals at risk of developing AUD and provide targeted interventions.
Comparison of Polimanti's research with Walters et al.: The comparison of Polimanti's research with that of Walters et al. provides a valuable perspective on the relationship between AUD and mental health conditions. This comparison allows for a more comprehensive understanding of the findings and their implications, as well as the identification of potential areas for further research.
Walters' role in the research community: While Walters' specific role in the research community is not fully defined, their work has been compared to that of Polimanti, indicating that they are a recognized researcher in the field of AUD and mental health. Further investigation into Walters' work could provide additional insights into the relationship between AUD and mental health conditions.
Potential implications for treatment and prevention: The findings of Polimanti's research have the potential to inform the development of more effective treatment and prevention strategies for AUD, particularly for individuals with MDD or high levels of neuroticism. By understanding the underlying factors that contribute to AUD, healthcare providers can develop targeted interventions to reduce the risk of AUD and improve outcomes for affected individuals.
### Impact Rating: 7.5
The impact severity rating of 7.5 indicates a significant contribution to the understanding of the relationship between AUD and mental health conditions, which could lead to improved treatment and prevention strategies.

## Relationships:

(Smoking: The smoking habits of the participants in the study by Linton et al.)--[EXPOSURE: Smoking is the exposure in the systematic review 'The Association of Cigarette Smoking With Depression and Anxiety: A Systematic Review'.]-->(The Association Of Cigarette Smoking With Depression And Anxiety: A Systematic Review: None)
(Depression: Depression refers to a mood disorder characterized by persistent feelings of sadness, hopelessness, and a lack of interest or pleasure in activities.)--[OUTCOME: Depression is one of the outcomes in the systematic review 'The Association of Cigarette Smoking With Depression and Anxiety: A Systematic Review'.]-->(The Association Of Cigarette Smoking With Depression And Anxiety: A Systematic Review: None)
(Reverse_Causality: Reverse causality refers to the possibility that depression may cause changes in work productivity rather than the other way around.)--[AFFECTS: Depression is associated with a significant detrimental impact on work productivity, which may lead to reverse causality.]-->(Depression: Depression refers to a mood disorder characterized by persistent feelings of sadness, hopelessness, and a lack of interest or pleasure in activities.)
(Social Causation Theory: A theory that suggests that stressful financial circumstances might lead to the occurrence of new depressive symptoms or maintain previous depression. This might be due to exposure to worse living conditions, malnutrition, unhealthy lifestyle, lower social capital, social isolation, or decreased coping ability with negative life events.)--[EXPLANATION: The social causation theory suggests that stressful financial circumstances might lead to the occurrence of new depressive symptoms or maintain previous depression.]-->(Depression: Depression refers to a mood disorder characterized by persistent feelings of sadness, hopelessness, and a lack of interest or pleasure in activities.)
(Anxiety: Anxiety refers to feelings of worry, fear, and apprehension.)--[OUTCOME: Anxiety is one of the outcomes in the systematic review 'The Association of Cigarette Smoking With Depression and Anxiety: A Systematic Review'.]-->(The Association Of Cigarette Smoking With Depression And Anxiety: A Systematic Review: None)
(Smoking_Association: The association between smoking and various health issues, including pain, depression, anxiety, and sleep disturbance)--[ASSOCIATED_WITH: Smoking is associated with pain]-->(Pain: An unpleasant sensory and emotional experience associated with actual or potential tissue damage)
(Polimanti: One of the authors of the studies that found a relationship between major depressive disorder and alcohol use disorder, and between worrying and neuroticism and alcohol use disorder)--[INCREASES_RISK: The study reported strong evidence that major depressive disorder (MDD) liability increases alcohol use disorder risk]-->(Major Depressive Disorder: Major Depressive Disorder is a type of depression that is characterized by a persistent feeling of sadness or a loss of interest or pleasure in activities, accompanied by other symptoms such as changes in sleep, appetite, energy level, concentration, and self-worth.)
(Polimanti: One of the authors of the studies that found a relationship between major depressive disorder and alcohol use disorder, and between worrying and neuroticism and alcohol use disorder)--[INCREASES_RISK: The study found that worrying and neuroticism increase alcohol use disorder risk]-->(Alcohol Use Disorder: A specific type of substance use disorder that involves the harmful or hazardous use of alcohol.)
(Confounding: A factor that may influence the relationship between smoking and depression/anxiety, making it difficult to determine causality.)--[ISSUE: The inherent limitations in observational studies of confounding.]-->(Observational Studies: Studies that observe and measure variables without manipulating them)
(Cigarette Smoking: The habit of smoking cigarettes)--[ASSOCIATION: Smokers may also report that cigarettes alleviate their symptoms due to the misattribution of withdrawal relief, which may be a confounding factor.]-->(Confounding: A factor that may influence the relationship between smoking and depression/anxiety, making it difficult to determine causality.)
(Mendelian Randomization (Mr): A statistical technique used to assess causal inference by using genetic variants as instrumental variables for the exposure. It helps to diminish residual confounding and reverse causation bias.)--[OVERCOMES: Mendelian randomization (MR) overcomes reverse causation bias because genetic variants are fixed regardless of the development or progression of the disease (except for certain cancers).]-->(Reverse Causation Bias: A situation in which the direction of causality between an exposure and an outcome is incorrect, due to the outcome affecting the exposure rather than the other way around.)
(Cigarette Smoking: The habit of smoking cigarettes)--[IMPLICATION: The association between smoking and depression/anxiety may also be bidirectional, with occasional smoking initially used to alleviate symptoms, but in fact worsening them over time.]-->(Bidirectional Relationship: A theory that suggests the relationship between smoking and depression/anxiety may be reciprocal, with each condition influencing the other.)
(Cigarette Smoking: The habit of smoking cigarettes)--[ASSOCIATION: The association between smoking and depression/anxiety may be a product of shared risk factors (eg, common genetic influences).]-->(Shared Risk Factors: Factors that increase the likelihood of developing both smoking and depression/anxiety.)
(Longitudinal Studies: Research studies that follow participants over a period of time to observe changes and trends.)--[METHOD: Longitudinal Studies is the research method used in the systematic review 'The Association of Cigarette Smoking With Depression and Anxiety: A Systematic Review'.]-->(The Association Of Cigarette Smoking With Depression And Anxiety: A Systematic Review: None)
(Pubmed: A free online database of biomedical and life science literature maintained by the U.S. National Library of Medicine.)--[USED_FOR_SEARCH: PubMed is one of the databases used for the search of studies in the systematic review 'The Association of Cigarette Smoking With Depression and Anxiety: A Systematic Review'.]-->(The Association Of Cigarette Smoking With Depression And Anxiety: A Systematic Review: None)
(Bold: A back pain registry focused on evaluating diagnostic tests, treatments, and outcomes among elderly patients with back pain)--[POTENTIAL_ISSUE: Confounding may be a potential issue in BOLD due to the lack of a pre-defined control group]-->(Confounding: A factor that may influence the relationship between smoking and depression/anxiety, making it difficult to determine causality.)
",,,False,
Smoking,Sleep disturbance,True,"Reasoning Process:
Step 1: The report on tobacco, nicotine, and e-cigarettes states that smoking affects mood and can lead to stress and craving, which can in turn affect sleep quality (see 'Cigarette craving is a major reason why smokers find it hard to quit, and this strong urge to smoke can be evoked by sensory cues and stress. Research suggests that women experience stronger craving than men in response to stress[,](https://nida.nih.gov/node/1363) but men may be more responsive to environmental cues.'). This suggests a potential causal relationship where smoking can lead to stress and craving, which can affect sleep quality.
Step 2: The report on chronic lower back pain states that smoking is associated with pain intensity, and pain intensity is associated with sleep disturbance (see 'Pain intensity significantly affects disability. Higher pain intensity is associated with higher disability, making it difficult for individuals to perform daily activities.' and 'Sleep quality is associated with pain intensity.'). This suggests an intermediate variable where pain intensity mediates the relationship between smoking and sleep disturbance.
Step 3: The report on depression and anxiety states that smoking may lead to depression or anxiety, through effects on an individual's neurocircuitry that increases susceptibility to environmental stressors (see 'An alternative hypothesis is that smoking may lead to depression or anxiety, through effects on an individual's neurocircuitry that increases susceptibility to environmental stressors.'). This suggests another potential intermediate variable where smoking can lead to depression or anxiety, which can in turn affect sleep disturbance.
Step 4: The report on chronic lower back pain also states that stress and perceived stress can increase pain intensity, which can affect sleep quality (see 'Stress and perceived stress can increase the perception of pain intensity in chronic lower back pain.'). This further supports the intermediate variable where stress can mediate the relationship between smoking and sleep disturbance.
Step 5: The report on chronic lower back pain also states that alcohol consumption is associated with increased pain intensity and sleep disturbance (see 'Alcohol consumption is associated with increased pain intensity and disability.' and 'Sleep quality is associated with pain intensity.'). This suggests another potential intermediate variable where alcohol consumption can mediate the relationship between smoking and sleep disturbance, as smoking is associated with alcohol consumption.
Step 6: The report on depression and anxiety states that smoking can exacerbate symptoms of depression and anxiety (see 'While cigarette consumption in the general population has shown a sustained decrease over the past 20 years, consumption among smokers with mental illness has remained relatively unchanged[.1](#page-6-0) There is therefore a pressing need to understand the mechanisms underlying the high rate of smoking in people with mental illness.'). This suggests that smoking can affect sleep disturbance indirectly through its effect on depression and anxiety.
Step 7: The report on chronic lower back pain states that sleep disturbance is associated with chronic lower back pain (see 'Sleep quality is associated with pain intensity.'). This suggests a potential feedback loop where sleep disturbance can affect pain intensity, which can in turn affect sleep quality, creating a cycle that can be influenced by smoking.
Step 8: The report on chronic lower back pain also states that sleep disturbance is a common symptom of chronic pain (see 'Sleep disturbance is a common symptom of chronic pain.'). This further supports the potential feedback loop where sleep disturbance can affect pain intensity, which can in turn affect sleep quality.
Step 9: The report on chronic lower back pain does not provide any evidence that sleep disturbance precedes smoking or that there is a temporal relationship between the two. However, the reports on tobacco, nicotine, and e-cigarettes, depression and anxiety, and healthy sleep cycle all suggest a potential causal relationship where smoking can lead to sleep disturbance.

Conclusion: Yes","# Report:
## Chunks:

). The number of chronic health conditions was a sum measure of 15 self-reported chronic health conditions such as arthritis, glaucoma, and high cholesterol. Self-rated health, a valid and reliable measure of general well-being, <sup>28</sup> was assessed by asking: 'How would you describe your general health?' (1 = excellent to 4 = poor) (see Table 1).

#### Focal predictor: low educational attainment (age 21)

Participants who did not graduate from high school by age 21 were coded 1 (including those with a GED); all other participants were coded 0. Individuals with a GED have been reported to be more comparable to those without a high school diploma rather than those with a high school diploma with regard to health status.<sup>29-31</sup> Accordingly, participants with a GED were grouped with high school dropouts for the analysis. It has been also shown that completion of a degree, rather than an additional year of schooling, is associated with improvement in health, 2,32 although this association remains debatable.4 Because the majority of participants at the age 21 survey had not completed a postsecondary degree, and high school completion remains an important marker in an individual's educational career and has been shown to have long-term impacts on various life outcomes, 33-35 educational attainment was operationalized as previously described.

#### Pathway measures

Health behaviours (at age 30) included: (a) heavy episodic drinking, i.e. the number of times of having five or more drinks in a row during the past month; (b) cigarette smoking, i.e. the number of times of smoking during the past month (ranging from 1 = not at all to 5 = about a pack a day or more); and (c) meeting physical activity guidelines (1 = yes, 0 = no).

| Variable (metric or range) M or %  Educational attainment, age 21 No high school diploma (1 = yes), age 21 18.7  Health outcomes  Major depression (1 = yes), age 33 10.0 Obesity (1 = yes), age 33 34.0  Number of chronic health conditions, age 33 0 77.1 1 19.0 2 2.7 3 0.7 4 0.1 Self-rated general health, age 33 2.1  Mediators Health behaviours Heavy episodic drinking, age 30 0.6 C
2% of all cigarettes consumed in England are consumed by those with mental illness, although this includes substance use disorders[.4](#page-6-3) Additionally, while cigarette consumption in the general population has shown a sustained decrease over the past 20 years, consumption among smokers with mental illness has remained relatively unchanged[.1](#page-6-0) There is therefore a pressing need to understand the mechanisms underlying the high rate of smoking in people with mental illness. Here, we focus specifically on the relationship between cigarette smoking and depression and anxiety.

Currently, there are several hypotheses that have been proposed to explain the high rates of smoking in people with depression and anxiety. The self-medication hypothesis postulates that individuals turn to smoking to alleviate their symptoms[5–7](#page-6-4) and therefore suggests that symptoms of depression and anxiety may lead to smoking. An alternative hypothesis is that smoking may lead to depression or anxiety, through effects on an individual's neurocircuitry that increases susceptibility to environmental stressors. Animal models indicate that prolonged nicotine exposure dysregulates the hypothalamic–pituitary–adrenal system, resulting in hypersecretion of cortisol and alterations in the activity of the associated monoamine neurotransmitter system, whose function is to regulate reactions to stressors,[8](#page-6-5) an effect that appears to normalize after nicotine withdrawal.[9](#page-6-6) The association between smoking and depression/anxiety may also be bidirectional, with occasional smoking initially used to alleviate symptoms, but in fact worsening them over time.[10](#page-6-7) Finally, there may in fact be no causal relationship between smoking and depression/anxiety. Instead, the association may be a product of shared risk factors (eg, common genetic influences[\)10,](#page-6-7)[11](#page-6-8) or confounding. Smokers may also report that cigarettes alleviate their symptoms due to the misattribution of withdrawal relief. Given the short half-life of nicotine that results in withdrawal symptoms (including mood symptoms) after a short period of abstinence, smokers may misattribute the relief of short-term withdrawal as reflecting a genuine anxiolytic effect of smoking[.7](#page-6-9) That is, withdrawal symptoms of increased anxiety and negative affect may be misattributed as reflecting genuine mood symptoms, which would lead to the impression that smoking improves mood.

We are therefore presented with multiple different hypotheses regarding whether there is a causal relationship between smoking and depression/anxiety and if so, what the direction of caus
P = 3.6×10<sup>-10</sup>). This was very similar to results of the direct observational case-control study between OSAS and BC risk (OR = 2.80; 95% CI = 2.24-3.50; P =1.4×10<sup>-19</sup>). Replication in the Asian population of the BCAC study also supported our results (IVW OR, 1.33 for BC risk per log-odds increment in OSAS risk, 95% CI = 1.13-1.56; P = 0.0006). Sensitivity analyses confirmed the robustness of our findings. We provide novel evidence that genetically determined higher risk of OSAS has a causal effect on higher risk of BC. Further studies focused on the mechanisms of the relationship between OSAS and breast carcinogenesis are needed.

#### **INTRODUCTION**

Breast cancer (BC) ranks as the most common cancer and the second most common cause of death from cancers in women worldwide [1-4]. According to the report of the Global Burden of Disease (GBD) Study 2017, the estimated annual deaths of BC was 611.6 thousand, and the all-age years of life lost (YLLs) was 16400.7 thousand globally [5]. Sleep-related mechanisms, which might initiate, exacerbate or modulate the phenotypic expression of multiple diseases, have been widely investigated for their relationships with BC [6–8]. However, less investigation has explored the potential detrimental effects of obstructive sleep apnea syndrome (OSAS), which has become a highly prevalent condition throughout the lifespan [9–16].

OSAS, a sleep-related breathing disorder characterized by recurrent cessations of breathing during sleep, could lead to intermittent hypoxia and sleep fragmentation [17]. Chronic and intermittent hypoxia have been shown to play an essential role in the progress of carcinogenesis and tumor progression [18–20]. Many observational studies have implicated the potential detrimental role of OSAS in multiple cancers, although the results were inconsistent [6, 21–24]. The causality of OSAS and BC still remains unknown due to the inherent limitations in observational studies of confounding and reverse causation.

Mendelian randomization (MR), using genetic variants as an instrument variable (IV) for the exposure to estimate causal effects of modifiable risk factors on disease outcomes, could overcome the limitations of the

<sup>&</
<s> **[Research Report](https://nida.nih.gov/drug-topics/publications/research-reports)**

Tobacco, Nicotine, and E-Cigarettes Research Report

## Are there sex differences in tobacco smoking?

Generally, men tend to use all tobacco products at higher rates than women. In 2015, 16.7 percent of adult males and 13.6 percent of adult females smoked cigarettes[.](https://nida.nih.gov/node/1363) Such diferences may relate to a combination of physiological (particularly ovarian hormones), cultural, and behavioral factors. [128](https://nida.nih.gov/node/1363) [129](https://nida.nih.gov/node/1363) [130](https://nida.nih.gov/node/1363)

Results from neuroimaging studies suggest that smoking activates men's reward pathways more than women's. This finding is consistent with the idea that men smoke for the reinforcing efects of nicotine, whereas women smoke to regulate mood or in response to cigarette-related cues. A study of stress responses and craving among male and female smokers who were trying to quit found that during abstinence, lower levels of the stress hormone cortisol predicted relapse in men. However, high cortisol levels were predictive of relapse in women[.](https://nida.nih.gov/node/1363) Other work on abstinence found that smoking a cigarette with nicotine, as compared to a denicotinized cigarette, alleviated the symptoms of withdrawal and negative mood to a [131](https://nida.nih.gov/node/1363) [132](https://nida.nih.gov/node/1363)

greater extent in men than women. Women obtained equal relief from cigarettes with and without nicotine, suggesting that they found the drug less rewarding than men. [133](https://nida.nih.gov/node/1363)

Cigarette craving is a major reason why smokers find it hard to quit, and this strong urge to smoke can be evoked by sensory cues and stress. Research suggests that women experience stronger craving than men in response to stress[,](https://nida.nih.gov/node/1363) but men may be more responsive to environmental cues. Additionally, longitudinal data from international surveys conducted in four industrialized countries indicated that
                                                                                                                                                                                                  |
| 12      | Gib<br>al.<br>et<br>son<br>(<br>9)<br>201               | oki<br>Sm<br>ng | th<br>Bo                        | oki<br>Sm<br>ini<br>tia<br>tio<br>cig<br>tte<br>ng<br>n,<br>are<br>s p<br>er<br>day<br>oki<br>lee<br>ion<br>sat<br>, sm<br>ng<br>ces<br>, s<br>p<br>(a<br>du<br>ion<br>hro<br>ins<br>nia<br>ll<br>rat<br>not<br>, c<br>ype<br>om<br>,<br>sel<br>f-re<br>rt)<br>po | oki<br>Sm<br>ini<br>tia<br>tio<br>cig<br>tte<br>ng<br>n,<br>are<br>s p<br>er<br>day<br>oki<br>lee<br>ion<br>sat<br>, sm<br>ng<br>ces<br>; s<br>p<br>(a<br>du<br>ion<br>hro<br>ins<br>nia<br>ll<br>rat<br>not<br>, c<br>ype<br>om<br>,<br>sel<br>f-re<br>rt)<br>po                                                                                                                                                                                                                                                                 | +<br>– | ide<br>for<br>l,<br>dec<br>Ev<br>sin<br>nce<br>ca<br>usa<br>rea<br>g<br>eff<br>f c<br>r d<br>the<br>iga<br>ect<br>ret<br>tes<br>s o<br>pe<br>ay<br>on<br>of<br>od<br>ds<br>be<br>ing<br>ing<br>a m<br>orn<br>pe<br>rso<br>n.<br>ak<br>evi<br>de<br>for<br>l,<br>We<br>nce<br>ca<br>usa<br
no-early imaging in the elderly, we envision other evaluations such as the comparative effectiveness of physical therapy vs. no physical therapy.

#### Data access

As the registry progresses in size and maturity, we anticipate making the BOLD resources available to researchers interested in evaluating diagnostic tests, treatments, and outcomes among elderly patients with back pain. Detailed information regarding data sharing will be available at www.backpainproject.org.

## Discussion

#### Back pain registries

In the U.S., many spine-related registries are device- or procedure-focused and hence recruit patients primarily from specialists. Outside the U.S., several prospective spine registries/cohorts have been established to study various aspects of back pain and while somewhat broader in scope, most still have a specialist focus [48-50]. In contrast, Costa and colleagues established an inception cohort of 973 primary care patients with acute (less than two weeks) low back pain [51], demonstrating both the feasibility and value of such an approach. Identifying patients early in the course allowed measurement of baseline factors that predicted progression and chronicity.

The Back Complaints in the Elders (BACE) consortium is an international group of investigators who have independently established prospective cohorts in a primary care setting to investigate back pain among seniors [52]. Investigators from the Netherlands, Australia and Brazil are collaborating to identify prognostic indicators leading to the transition from acute to chronic back pain in the elderly. The objectives of BOLD parallel those of BACE and similar study structures facilitate international comparisons.

#### Strengths of registries

A great advantage of registries is that patient enrollment is easier than intervention trials, so large sample sizes are feasible. This increases generalizability and the ability to detect rare events, such as complications.

#### Limitations of registries

Roovers highlighted the limitations of registries, including lack of proper control groups, confounding, bias, poor data quality control, and potential conflicts of interest due to industry sponsorship [53]. Due to these limitations, registries will never replace randomized controlled trials (RCTs). The most important limitation of registries in general is the lack of a pre-defined control group. However, we can identify important subgroups contained within the registry to use for comparative effectiveness evaluations, such as patients with and without early imaging, and use propensity-matched controls to minimize selection bias associated with treatment or diagnostic testing.

<sup>††</sup> Conservatively assumes 1:1 case to control ratio, calculated for one-year time period, cost standard deviations of## Communities:

### Mental Health Community: Depression and Anxiety
### Summary
This report focuses on the community of individuals affected by depression and anxiety, two closely related mental health conditions. The analysis reveals that depression and anxiety are associated, comorbid, and often co-occur in the same individuals. The text also suggests a causal relationship between depression and anxiety, as well as an increased risk of depression in individuals with anxiety. Additionally, the study of depression includes data from the UK Biobank, a large-scale health study, and the selected genetic variants for depression were obtained from the largest GWAS meta-analysis of 807,553 European-descent individuals. Furthermore, depression is associated with an increased risk of cardiovascular disease (CAD), particularly in patients with diabetes.
### Key Findings
Depression and anxiety are related mental health conditions: The text provides multiple instances of the association between depression and anxiety, suggesting that they are closely related emotional states. This relationship is further supported by the fact that they share similar symptoms and risk factors.
Depression and anxiety are comorbid conditions: The text indicates that depression and anxiety often co-occur in the same individuals. This comorbidity is significant, as it can lead to more severe symptoms and increased healthcare costs.
Depression is associated with an increased risk of CAD: The text suggests a causal relationship between depression and an increased risk of CAD, particularly in patients with diabetes. This association is supported by multiple pieces of evidence, including genetic studies and inverse-variance weighted (IVW) analysis.
Depression is associated with insomnia: The text indicates that insomnia is associated with an increased risk of depression. This association is supported by multiple pieces of evidence, including genetic studies and the fact that insomnia symptoms/disorder are reported to independently increase the risk of subsequent depression in older persons.
Depression is associated with multimorbidity: The text suggests that depression is associated with an increased risk of multimorbidity, a condition where an individual has two or more chronic diseases. This association is supported by multiple pieces of evidence, including the fact that depression increases the risk for onset of multimorbidity by 80–90%.
### Impact Rating: 8.5
The high impact severity rating is due to the prevalence of depression and anxiety, their comorbidity, and the associated health risks, including cardiovascular disease.

### Chronic Lower Back Pain Community: Pain Catastrophising, Pain Intensity, and Disability
### Summary
This report examines the community of individuals experiencing chronic lower back pain (CLBP). The key entities within this community are pain catastrophising, pain intensity, and disability. The relationships between these entities reveal that pain catastrophising significantly influences pain intensity, which in turn affects disability. Alcohol consumption, stress, and sleep quality are also associated with pain intensity and disability.
### Key Findings
Pain catastrophising is a significant factor in the experience of pain intensity.: Pain catastrophising, the tendency to magnify the threat value of pain, feel helpless in the presence of pain, and have a relative inability to prevent or inhibit pain-related thoughts, is a key entity within the chronic lower back pain community. Studies have shown that pain catastrophising is associated with increased pain intensity, negatively correlated with pain intensity, and influences the pain intensity experienced by participants. It can also influence the level of pain intensity and may mediate the effect of treatments like Pilates exercise and tai chi on pain intensity.
Pain intensity significantly affects disability.: Pain intensity is a component of chronic pain and is a significant factor in the development and maintenance of disability in individuals with CLBP. Higher pain intensity is associated with higher disability, making it difficult for individuals to perform daily activities. Pain intensity may also influence disability by making it difficult for individuals to perform physical tasks and thus affect their ability to manage their disability.
Alcohol consumption is associated with increased pain intensity and disability.: Alcohol consumption is associated with pain intensity and disability. Alcohol can exacerbate pain, contribute to disability, and lead to physical impairments. The amount of alcohol consumed by an individual, typically measured in standard drinks per week, is correlated with disability, and excessive drinking can lead to a worsening of both pain intensity and disability.
Stress and perceived stress can increase pain intensity.: Stress and perceived stress can increase the perception of pain intensity in chronic lower back pain. Stress can exacerbate pain and vice versa, making it a significant factor in the experience of pain intensity. Perceived stress, the subjective experience of the appraisal and reaction to stressors, including their emotional and physical impact, can also affect physical state and exacerbate pain intensity.
Sleep quality is associated with pain intensity.: Sleep quality is associated with pain intensity. People who report poorer sleep quality also report worse pain intensity, although the underlying cause is still unclear. Self-reported sleep quality and proportion of time in slow-wave sleep (SWS) are associated with next-day pain intensity.
### Impact Rating: 8.5
The high impact severity rating of 8.5 indicates that the entities within this community have a significant impact on the quality of life and functioning of individuals with chronic lower back pain.

### Women's Health and Financial Status within the Chronic Pain Cohort
### Summary
This report focuses on the community of women within a chronic pain cohort, examining their health, financial status, and associated factors. The study by Linton et al. primarily focuses on women, with a secondary comparison to men. The women in this cohort have a higher prevalence of chronic pain conditions such as asthma and cancer, and they are disproportionately impacted by financial hardship. The study also explores the relationship between women's financial status and their participation in the study, as well as their comfort levels with financial decisions and retirement planning.
### Key Findings
Women in the chronic pain cohort have a higher prevalence of chronic pain conditions: The study by Linton et al. found that women in the chronic pain cohort have a higher prevalence of chronic pain conditions such as asthma and cancer. This suggests that women may be more susceptible to these conditions or that they are more likely to seek medical attention for these conditions.
Women are disproportionately impacted by financial hardship: The study found that women in the chronic pain cohort are disproportionately impacted by financial hardship. This could be due to a variety of factors, including lower household income, higher healthcare costs, and less access to financial resources. This financial hardship may in turn exacerbate their chronic pain and other health issues.
Women's financial status is associated with their participation in the study: The study found that women's financial status, specifically their wealth, was associated with their inclusion in the study. This suggests that financial resources may be a barrier to participation in research studies, particularly for those with chronic pain conditions.
Women have lower comfort levels with investment decisions: The study found that women have lower comfort levels with investment decisions, particularly when it comes to retirement planning. This could be due to a lack of financial literacy, lower financial resources, or a greater risk aversion among women.
Women are more likely to use alternative financial services: The study found that women are more likely to use alternative financial services such as payday loans, auto title loans, or pawn shop loans. This could be due to a lack of access to traditional banking services or a need for quick access to cash in the face of financial hardship.
Women have a higher prevalence of sleep disturbances: The study found that women have a higher prevalence of sleep disturbances compared to men. This could be due to a variety of factors, including chronic pain, financial stress, or hormonal fluctuations.
Women are more likely to be excluded from studies due to chronic conditions: The study by Dalton and Feuerstein (1989) excluded women with cancer from the study, and women with asthma were also excluded from some studies. This could limit our understanding of the impact of these conditions on women and their chronic pain.
Women are more likely to be non-white: The study found that 80% of the participants were non-white, and women were less likely to be non-white. This could have implications for the generalizability of the study findings, as well as for understanding the impact of race and ethnicity on chronic pain and financial status.
Women are less likely to have higher household income: The study found that men are more likely to have higher household income, which could contribute to their lower levels of financial hardship and their greater comfort with investment decisions.
Women are more likely to be affected by the onset of anxiety or depression: The study found that financial stress increases the onset of anxiety or depression for women, potentially contributing to their sleep disturbances and overall health.
### Impact Rating: 7.5
The high impact severity rating is due to the disproportionate impact of financial hardship on women within the chronic pain cohort, as well as the potential implications for their overall health and well-being.

### Substance Use Community: Marijuana, Cocaine, and Other Illicit Drugs
### Summary
This report provides an overview of the Substance Use community, which includes the use of marijuana, cocaine, and other illicit drugs. The community is primarily studied through the National Survey on Drug Use and Health (NSDUH), which collects data on the use of tobacco, alcohol, and illicit drugs. The use of these substances is associated with various life stages, including adolescence and young adulthood, and is influenced by factors such as expectancies, risk perception, and social cognitive theory. Substance use can lead to the development of substance use disorders, which are often comorbid with severe psychotic disorders. The community also includes the use of prescription psychotherapeutic drugs, inhalants, and vaping.
### Key Findings
Substance use is a significant issue in the United States, as evidenced by the data collected by the NSDUH.: The NSDUH collects data on the use of tobacco, alcohol, and illicit drugs, providing a comprehensive picture of substance use in the United States. The survey measures the prevalence of substance use, including the initiation of heroin use, and presents estimates for past year initiation of heroin use.
Marijuana is a commonly used illicit drug in the Substance Use community.: Marijuana use is assessed in the NSDUH, and respondents who reported lifetime use of marijuana were asked SUD questions if they also reported lifetime use of prescription drugs. Marijuana use is also associated with the life stage of adolescence, which is often a time associated with initiation and experimentation of substance use. Marijuana use disorder is also assessed in the NSDUH.
Cocaine is another illicit drug that is part of the Substance Use community.: Cocaine use is also assessed in the NSDUH, and respondents who reported lifetime use of cocaine were asked SUD questions if they also reported lifetime use of prescription drugs. Cocaine is a more potent and addictive drug than marijuana, and is often used for recreational purposes. Heroin is another illicit drug that is part of the Substance Use community, and is highly addictive.
Substance use can lead to the development of substance use disorders.: Substance use, particularly when it becomes excessive, can lead to the development of a substance use disorder. Substance use disorders are mental health disorders characterized by the misuse of substances, including prescription drugs. Substance use disorders are often comorbid with severe psychotic disorders, such as schizophrenia and delusional disorders.
Social cognitive theory explains how individuals learn and perform behaviors, particularly in the context of substance use.: Social cognitive theory emphasizes the role of social factors, personal factors, and behavior in shaping human development and behavior. The perception of others' use plays an important role in the reinforcement of substance use, as supported by Social Cognitive Theory. Social Cognitive Theory also posits that substance use behaviors are reinforced by environmental and social factors via observational learning.
Substance use is associated with various life stages, including adolescence and young adulthood.: Adolescence is often a time associated with initiation and experimentation of substance use, and young adulthood is frequently associated with increased alcohol use and the transition from substance use experimentation to habit, putting individuals at risk for developing a substance use disorder. Substance use is also associated with the life stage of older adulthood, although the risk of substance use may be influenced by factors such as lack of social support and medical comorbidities.
Substance use is influenced by factors such as expectancies, risk perception, and parenting style.: Expectancies about the effects of substances can influence the initiation and maintenance of substance use. Risk perception can influence substance use, with interventions focusing on increasing risk perception to change behavior. Parenting style can also have an impact on an adolescent's substance use.
Substance use can have a range of negative effects on an individual's health, relationships, and daily functioning.: Substance use can lead to a range of problems, including substance use disorders, alcohol-related problems, and medical comorbidities. The financial cost associated with substance use and substance use disorders can also have a significant impact on individuals and society.
### Impact Rating: 8.5
The high impact severity rating is due to the potential for substance use to lead to substance use disorders, which can have significant negative effects on an individual's health, relationships, and daily functioning.

## Relationships:

(Education: The level of education completed by the participants.)--[ASSOCIATION: The association between education and lung cancer remains unclear.]-->(Causality: The relationship between a cause and its effect. In this context, it refers to the causality of potential factors for lung cancer.)
(Reverse_Causality: Reverse causality refers to the possibility that depression may cause changes in work productivity rather than the other way around.)--[AFFECTS: Depression is associated with a significant detrimental impact on work productivity, which may lead to reverse causality.]-->(Depression: Depression refers to a mood disorder characterized by persistent feelings of sadness, hopelessness, and a lack of interest or pleasure in activities.)
(Social Causation Theory: A theory that suggests that stressful financial circumstances might lead to the occurrence of new depressive symptoms or maintain previous depression. This might be due to exposure to worse living conditions, malnutrition, unhealthy lifestyle, lower social capital, social isolation, or decreased coping ability with negative life events.)--[EXPLANATION: The social causation theory suggests that stressful financial circumstances might lead to the occurrence of new depressive symptoms or maintain previous depression.]-->(Depression: Depression refers to a mood disorder characterized by persistent feelings of sadness, hopelessness, and a lack of interest or pleasure in activities.)
(Sleeplessness: Sleeplessness refers to the inability to sleep or difficulty in falling asleep. It is a common sleep complaint that can be caused by various factors such as stress, anxiety, or certain medical conditions.)--[SUBJECT_OF_STUDY: Sleeplessness is the subject of the study.]-->(Study: A systematic investigation to establish or confirm a fact or the existence of a phenomenon)
(Insomnia: Insomnia is a sleep disorder characterized by difficulty falling asleep, staying asleep, or waking up too early and not being able to go back to sleep. It can lead to fatigue, irritability, and difficulty concentrating.)--[COMORBIDITY: The prevalence of OSA was very similar for those patients with insomnia aged over 55 years.]-->(Osa: Sleep disorder characterized by repeated pauses in breathing during sleep. It is often associated with snoring, daytime sleepiness, and increased risk of cardiovascular disease.)
(Insomnia: Insomnia is a sleep disorder characterized by difficulty falling asleep, staying asleep, or waking up too early and not being able to go back to sleep. It can lead to fatigue, irritability, and difficulty concentrating.)--[AGE-RELATED_CHANGE: An increase in sleep latency is an age-related change that contributes to insomnia in older persons.]-->(Sleep Latency: The time it takes for a person to fall asleep after going to bed. It is one of the age-related changes that contribute to insomnia in older persons.)
(Smoking_Association: The association between smoking and various health issues, including pain, depression, anxiety, and sleep disturbance)--[ASSOCIATED_WITH: Smoking is associated with pain]-->(Pain: An unpleasant sensory and emotional experience associated with actual or potential tissue damage)
(Osa: Sleep disorder characterized by repeated pauses in breathing during sleep. It is often associated with snoring, daytime sleepiness, and increased risk of cardiovascular disease.)--[CAUSES: Obstructive sleep apnoea can contribute to disability due to chronic lower back pain by causing sleep disturbances.]-->(Disability: The inability to perform normal activities due to chronic lower back pain)
(Uk Biobank: UK Biobank is a long-term health study that recruited half a million people aged between 40-69 years old in 2006-2010 to investigate the relationship between lifestyle, environment, and disease. It provides a wealth of health-related data for research purposes.)--[PROVIDES_DATA: UK Biobank provides data on sleeplessness symptoms.]-->(Sleeplessness: Sleeplessness refers to the inability to sleep or difficulty in falling asleep. It is a common sleep complaint that can be caused by various factors such as stress, anxiety, or certain medical conditions.)
(Snp: Single Nucleotide Polymorphism, a common type of genetic variation in which a single DNA building block, or nucleotide, is altered)--[GENETIC_ASSOCIATION: The study used SNPs as instrumental variables to investigate the causal effect of sleeplessness on CHD]-->(Sleeplessness: Sleeplessness refers to the inability to sleep or difficulty in falling asleep. It is a common sleep complaint that can be caused by various factors such as stress, anxiety, or certain medical conditions.)
(Sleeplessness: Sleeplessness refers to the inability to sleep or difficulty in falling asleep. It is a common sleep complaint that can be caused by various factors such as stress, anxiety, or certain medical conditions.)--[ASSOCIATED: The text suggests that there is an association between the SNP and sleeplessness.]-->(Snp: Single Nucleotide Polymorphism, a common type of genetic variation in which a single DNA building block, or nucleotide, is altered)
(Snp: Single Nucleotide Polymorphism, a common type of genetic variation in which a single DNA building block, or nucleotide, is altered)--[ASSOCIATION: The text suggests an association between SNPs and sleeplessness, as the study used SNPs to explore the associations with sleep.]-->(Sleeplessness: Sleeplessness refers to the inability to sleep or difficulty in falling asleep. It is a common sleep complaint that can be caused by various factors such as stress, anxiety, or certain medical conditions.)
(Healthy Sleep Cycle: A biological process that, when disrupted, can contribute to sleep disturbances. It can be influenced by various factors such as stress responses and access to health-promoting resources.)--[NEGATIVELY_IMPACTS: Financial hardship can negatively impact access to health-promoting resources, which are associated with healthy sleep.]-->(Financial Hardship: Financial hardship refers to a state of limited financial resources, which may lead to reduced ability or capability.)
",,,False,
Age,Smoking,True,"Reasoning Process:
Step 1: The report provides information on the relationship between Age and Smoking, indicating that men tend to smoke at higher rates than women at a younger age, and that smoking activates men's reward pathways more than women's, suggesting a potential causal relationship.
Step 2: The report also mentions that smoking may be a coping mechanism for stress and negative emotions, which can be influenced by age, further suggesting a potential causal relationship.
Step 3: The report does not provide direct evidence of a causal relationship between Age and Smoking through intermediate variables, but the potential influence of age on stress and negative emotions, which in turn can influence smoking, suggests a possible indirect causal link.
Step 4: The report does not provide any evidence to the contrary, such as a causal relationship where Smoking precedes Age or a lack of association between Age and Smoking.

Conclusion: Yes","# Report:
## Chunks:

<s> **[Research Report](https://nida.nih.gov/drug-topics/publications/research-reports)**

Tobacco, Nicotine, and E-Cigarettes Research Report

## Are there sex differences in tobacco smoking?

Generally, men tend to use all tobacco products at higher rates than women. In 2015, 16.7 percent of adult males and 13.6 percent of adult females smoked cigarettes[.](https://nida.nih.gov/node/1363) Such diferences may relate to a combination of physiological (particularly ovarian hormones), cultural, and behavioral factors. [128](https://nida.nih.gov/node/1363) [129](https://nida.nih.gov/node/1363) [130](https://nida.nih.gov/node/1363)

Results from neuroimaging studies suggest that smoking activates men's reward pathways more than women's. This finding is consistent with the idea that men smoke for the reinforcing efects of nicotine, whereas women smoke to regulate mood or in response to cigarette-related cues. A study of stress responses and craving among male and female smokers who were trying to quit found that during abstinence, lower levels of the stress hormone cortisol predicted relapse in men. However, high cortisol levels were predictive of relapse in women[.](https://nida.nih.gov/node/1363) Other work on abstinence found that smoking a cigarette with nicotine, as compared to a denicotinized cigarette, alleviated the symptoms of withdrawal and negative mood to a [131](https://nida.nih.gov/node/1363) [132](https://nida.nih.gov/node/1363)

greater extent in men than women. Women obtained equal relief from cigarettes with and without nicotine, suggesting that they found the drug less rewarding than men. [133](https://nida.nih.gov/node/1363)

Cigarette craving is a major reason why smokers find it hard to quit, and this strong urge to smoke can be evoked by sensory cues and stress. Research suggests that women experience stronger craving than men in response to stress[,](https://nida.nih.gov/node/1363) but men may be more responsive to environmental cues. Additionally, longitudinal data from international surveys conducted in four industrialized countries indicated that
). The number of chronic health conditions was a sum measure of 15 self-reported chronic health conditions such as arthritis, glaucoma, and high cholesterol. Self-rated health, a valid and reliable measure of general well-being, <sup>28</sup> was assessed by asking: 'How would you describe your general health?' (1 = excellent to 4 = poor) (see Table 1).

#### Focal predictor: low educational attainment (age 21)

Participants who did not graduate from high school by age 21 were coded 1 (including those with a GED); all other participants were coded 0. Individuals with a GED have been reported to be more comparable to those without a high school diploma rather than those with a high school diploma with regard to health status.<sup>29-31</sup> Accordingly, participants with a GED were grouped with high school dropouts for the analysis. It has been also shown that completion of a degree, rather than an additional year of schooling, is associated with improvement in health, 2,32 although this association remains debatable.4 Because the majority of participants at the age 21 survey had not completed a postsecondary degree, and high school completion remains an important marker in an individual's educational career and has been shown to have long-term impacts on various life outcomes, 33-35 educational attainment was operationalized as previously described.

#### Pathway measures

Health behaviours (at age 30) included: (a) heavy episodic drinking, i.e. the number of times of having five or more drinks in a row during the past month; (b) cigarette smoking, i.e. the number of times of smoking during the past month (ranging from 1 = not at all to 5 = about a pack a day or more); and (c) meeting physical activity guidelines (1 = yes, 0 = no).

| Variable (metric or range) M or %  Educational attainment, age 21 No high school diploma (1 = yes), age 21 18.7  Health outcomes  Major depression (1 = yes), age 33 10.0 Obesity (1 = yes), age 33 34.0  Number of chronic health conditions, age 33 0 77.1 1 19.0 2 2.7 3 0.7 4 0.1 Self-rated general health, age 33 2.1  Mediators Health behaviours Heavy episodic drinking, age 30 0.6 C
54 050 estimated deaths and 234 030 new cancer cases in 2018.[1](#page-6-0) The overall 5-year survival rate for lung cancer patients is 18%.[1](#page-6-0) With the increasing burden of lung cancer, it is important to identify potentially modifiable risk factors for better prevention. For instance, smoking is the most common established cause of lung cancer.[2](#page-6-0) Cigarette smoking rates are at historically low levels in the USA due to tobacco control policies, and lung cancer incidence/mortality has significantly declined. Although the causal relationship of risk factors, such as smoking and radon, are generally accepted, the causality of other potential factors, for example education, remains unclear.

Education has been shown to be inversely associated with the incidence of lung cancer in several conventional observational studies.[3](#page-6-0)–[7](#page-6-0) In general, the higher the level of educational attainment, the lower the lung cancer risk. Even when adjusted for smoking, education is still associated with lung cancer in observational studies[.3](#page-6-0) However, this association may be biased due to the methodological limitations of traditional observational study, including confounding, reverse causation and measurement error.[8](#page-6-0) Furthermore, we cannot determine causality through these observational studies. Indeed, clarifying the relationship between education and lung cancer is beneficial for our understanding of the causes of lung cancer, and for the potential development of prevention policies. Given the long latency period between exposure and outcome and the unethical approaches of limiting education in childhood, randomized controlled trials (RCTs), the gold standard in causal inference, are not feasible for this issue. Therefore, we urgently need to assess causal inference through other study designs.

Mendelian randomization (MR) is a novel genetic epidemiological study design that uses genetic variants as instrumental variables ('proxies') to assess causal inferences between risk factors and disease outcomes.[9](#page-6-0) The fundamental principle of MR is that genetic variants, which indicate the level or the biological effects of a modifiable environmental exposure that alters disease risk, should be causally related to disease risk to the extent predicted by their influence on the modifiable environmental exposure.[10](#page-6-0) These genetic variants could serve as unconfounded proxies for modifiable risk factors because they are randomly allocated before birth and fixed at conception, which provides an analogy to randomized controlled trials (RCTs) in a non-experimental (observational) setting
br>init<br>iat<br>ion<br>(se<br>lf-r<br>rt)<br>epo                                                                                                                                                                                                                                                                                                                                                                                                                                                                                                                       | fici<br>Att<br>ion<br>-de<br>t h<br>tiv<br>ity<br>ent<br>ype<br>rac<br>(<br>), c<br>dis<br>ord<br>dia<br>sis<br>nab<br>is<br>er<br>gno<br>an<br>init<br>iat<br>ion<br>(se<br>lf-r<br>rt)<br>epo                                                                                                                                                                                                                                                                                                                                                                                                                                                                                                                       | +<br>– | for<br>Ev<br>ide<br>l,<br>inc<br>sin<br>nce<br>ca<br>usa<br>rea<br>g<br>eff<br>f a<br>nti<br>-de<br>fici<br>ect<br>tte<br>t<br>s o<br>on<br>hyp<br>ctiv<br>ity<br>dis<br>ord<br>bis<br>era<br>er<br>on<br>ca<br>nna<br>init<br>iat<br>ion<br>lea<br>ide<br>l<br>. N<br>o c<br>r ev<br>nce<br>ca<br>usa<br>eff<br>f c<br>nab<br>is i<br>nit<br>iat<br>ion<br>ect<br>s o<br>an<br>on<br>-de<br>fici<br>t h<br>ion<br>tiv<br>ity<br>att<br>ent<br>ype<br>rac<br>dis<br>ord<br>er                                                                                                                                                                                                                                                                                                                                                            |

| Jorien L. Treur |
|-----------------|
|                 |
|                 |
|                 |
| et al.          |

| ble<br>(<br>Ta<br>1. | tin<br>ued<br>.)
6 days from the ESM examination-period, which resulted in 28% missing data. As experience sampling is time-consuming, these missed assessments were expected beforehand, and the repeating character of ESM accounts for, and decreases, the influence of missing data [\[33\]](#page-10-12). However, missed assessments might be a concern, as a sub-group of pain patients might have missed assessments as a consequence of their current mood or level of pain. This may have resulted in overestimation of functioning [\[9\]](#page-9-7). Moreover, the sample size in this study was rather small, with an especially low number of men. The percentage of 29% of men deviates from the 40% of men in the overall pain registry cohort DATA*PAIN* [\[22\]](#page-10-1). Accordingly, a lack of power could explain why no significant association was found between fear-avoidance and pain intensity for men. Many patients who initially indicated to be interested in the study chose not to participate after receiving all information about the study procedures (Figure [1\)](#page-4-0). This indicates that ESM may be (too) burdensome, at least with the current number of questions and repeated measures. As the usability of ESM in chronic pain patients has not yet been validated, it remains difficult to conclude whether this method is suitable for the chronic pain population. Although momentary assessment is recommended in different somatic and psychiatric conditions, and the benefits of the ESM are becoming more and more apparent [\[34\]](#page-10-13), it is important to perform more research about ESM and to evaluate its validity and reliability in chronic pain patients.

Fear-avoidance was assessed by the statement 'due to fear for (more) pain I did not make unnecessary movements since the last beep', asking the participant how the behavior of fear has influenced the level of movement since the last beep. As a result, a time frame is assessed between the afore-appointed beep until the actual beep, representing a lagged item. This was the main reason why we did not add a lagged model, as in our case that would be regressing two time points in time instead of one. Moreover, as mentioned before, no intention of causality was intended, meaning that the direction of predictor and outcome could have been reversed: an analysis we want to recommend for future research.

Furthermore, even though the dataset covered a vast number of relevant factors for chronic pain, some factors such as pain etiology were not accounted for at baseline, and other important factors such as pain catastrophizing were missing
BP to both insomnia and daytime sleepiness. By performing bidirectional MR analyses, our results provided genetic evidence that insomnia causally affects LBP and there is no reverse causality. Specifically, individuals having insomnia have an increased risk for LBP, and LBP patients do not have a statistically significant trend to develop insomnia. In addition, our study found no evidence of a bidirectional causal link between daytime sleepiness and LBP.

In the past decade, substantial studies have shown an association between sleep problems and the risk of chronic pain in the low back and neck/shoulders, as well as chronic widespread pain [\(Gupta et al.,](#page-7-22) [2007](#page-7-22); [Canivet et al., 2008](#page-7-23); [Mork et al., 2014;](#page-7-24) [Uhlig et al., 2018;](#page-8-0) [Skarpsno et al., 2021](#page-8-8)). A previous prospective cohort study by Agmon and collaborators documented that healthy employed adults with insomnia have a higher risk of experiencing back pain than subjects without insomnia ([Agmon and Armon, 2014\)](#page-7-4). A recent study by Ho and coworkers showed that the adjusted risk ratio of chronic LBP in insomnia participants was 1.20 ([Ho et al., 2022](#page-7-25)). On the other hand, it has been reported daytime sleepiness positively correlated with the symptom and frequency of back pain [\(Gustafsson](#page-7-5) [et al., 2018;](#page-7-5) [Uchmanowicz et al., 2019](#page-8-9)). The previous MR study conducted by Broberg and coworkers demonstrated that genetic liability to insomnia symptoms is significantly causal to reporting pain, including LBP [\(Broberg et al., 2021](#page-7-26)). Take advantage of the UK Biobank as well as the latest FinnGen cohort of LBP, the present study provided more robust evidence that insomnia, not daytime sleepiness, leads to a higher risk for developing LBP. Note that the reduction of sleep problems is accompanied by an improvement in LBP [\(Pakpour et al., 2018](#page-7-27); [Skarpsno et al., 2020## Communities:

### Alcohol Consumption and Age: A Study Analysis
### Summary
This report examines the relationship between alcohol consumption and age, as well as the potential influence of age on other substance use behaviors such as smoking. The analysis is based on a study that assessed the alcohol consumption of participants across various age groups, and also considered the smoking habits of the participants.
### Key Findings
Alcohol consumption is associated with age: The analysis reveals that alcohol consumption can be associated with age, as both entities are present in the text and there are multiple relationships indicating a potential association. The text suggests that alcohol consumption can change with age, and that older individuals may have different drinking habits and social norms.
Age may influence alcohol consumption: The text suggests that age can influence an individual's alcohol consumption, as older individuals may have different drinking habits and social norms. This influence may be due to factors such as societal norms, health awareness, and personal choices.
Age may be associated with smoking habits: The analysis also reveals that age may be associated with smoking habits, as both entities are present in the text and there are multiple relationships indicating a potential association. The text suggests that smoking may be more common in younger age groups and decreases with age.
Smoking may be associated with alcohol consumption: The text suggests that smoking may be associated with alcohol consumption, as both entities are present in the text and there are multiple relationships indicating a potential association. The text suggests that smoking and alcohol consumption may be coping mechanisms for stress and negative emotions.
Sleep disturbance may be associated with alcohol consumption: The text suggests that poor sleep quality may be associated with increased alcohol consumption, as sleep disturbances can lead to self-medication. However, the analysis did not show a causal effect of sleep disturbance on alcohol consumption.
Education may be associated with alcohol consumption: The text suggests that education may be associated with alcohol consumption, but the relationship is not clearly defined. The text does not provide specific data to support this association, but it is mentioned that education may indirectly influence alcohol consumption through income or peer effects.
### Impact Rating: 7.5
The impact severity rating of 7.5 indicates a significant association between alcohol consumption and age, as well as a potential indirect relationship with smoking habits.

### Mental Health Community: Depression and Anxiety
### Summary
This report focuses on the community of individuals affected by depression and anxiety, two closely related mental health conditions. The analysis reveals that depression and anxiety are associated, comorbid, and often co-occur in the same individuals. The text also suggests a causal relationship between depression and anxiety, as well as an increased risk of depression in individuals with anxiety. Additionally, the study of depression includes data from the UK Biobank, a large-scale health study, and the selected genetic variants for depression were obtained from the largest GWAS meta-analysis of 807,553 European-descent individuals. Furthermore, depression is associated with an increased risk of cardiovascular disease (CAD), particularly in patients with diabetes.
### Key Findings
Depression and anxiety are related mental health conditions: The text provides multiple instances of the association between depression and anxiety, suggesting that they are closely related emotional states. This relationship is further supported by the fact that they share similar symptoms and risk factors.
Depression and anxiety are comorbid conditions: The text indicates that depression and anxiety often co-occur in the same individuals. This comorbidity is significant, as it can lead to more severe symptoms and increased healthcare costs.
Depression is associated with an increased risk of CAD: The text suggests a causal relationship between depression and an increased risk of CAD, particularly in patients with diabetes. This association is supported by multiple pieces of evidence, including genetic studies and inverse-variance weighted (IVW) analysis.
Depression is associated with insomnia: The text indicates that insomnia is associated with an increased risk of depression. This association is supported by multiple pieces of evidence, including genetic studies and the fact that insomnia symptoms/disorder are reported to independently increase the risk of subsequent depression in older persons.
Depression is associated with multimorbidity: The text suggests that depression is associated with an increased risk of multimorbidity, a condition where an individual has two or more chronic diseases. This association is supported by multiple pieces of evidence, including the fact that depression increases the risk for onset of multimorbidity by 80–90%.
### Impact Rating: 8.5
The high impact severity rating is due to the prevalence of depression and anxiety, their comorbidity, and the associated health risks, including cardiovascular disease.

### Substance Use Community: Marijuana, Cocaine, and Other Illicit Drugs
### Summary
This report provides an overview of the Substance Use community, which includes the use of marijuana, cocaine, and other illicit drugs. The community is primarily studied through the National Survey on Drug Use and Health (NSDUH), which collects data on the use of tobacco, alcohol, and illicit drugs. The use of these substances is associated with various life stages, including adolescence and young adulthood, and is influenced by factors such as expectancies, risk perception, and social cognitive theory. Substance use can lead to the development of substance use disorders, which are often comorbid with severe psychotic disorders. The community also includes the use of prescription psychotherapeutic drugs, inhalants, and vaping.
### Key Findings
Substance use is a significant issue in the United States, as evidenced by the data collected by the NSDUH.: The NSDUH collects data on the use of tobacco, alcohol, and illicit drugs, providing a comprehensive picture of substance use in the United States. The survey measures the prevalence of substance use, including the initiation of heroin use, and presents estimates for past year initiation of heroin use.
Marijuana is a commonly used illicit drug in the Substance Use community.: Marijuana use is assessed in the NSDUH, and respondents who reported lifetime use of marijuana were asked SUD questions if they also reported lifetime use of prescription drugs. Marijuana use is also associated with the life stage of adolescence, which is often a time associated with initiation and experimentation of substance use. Marijuana use disorder is also assessed in the NSDUH.
Cocaine is another illicit drug that is part of the Substance Use community.: Cocaine use is also assessed in the NSDUH, and respondents who reported lifetime use of cocaine were asked SUD questions if they also reported lifetime use of prescription drugs. Cocaine is a more potent and addictive drug than marijuana, and is often used for recreational purposes. Heroin is another illicit drug that is part of the Substance Use community, and is highly addictive.
Substance use can lead to the development of substance use disorders.: Substance use, particularly when it becomes excessive, can lead to the development of a substance use disorder. Substance use disorders are mental health disorders characterized by the misuse of substances, including prescription drugs. Substance use disorders are often comorbid with severe psychotic disorders, such as schizophrenia and delusional disorders.
Social cognitive theory explains how individuals learn and perform behaviors, particularly in the context of substance use.: Social cognitive theory emphasizes the role of social factors, personal factors, and behavior in shaping human development and behavior. The perception of others' use plays an important role in the reinforcement of substance use, as supported by Social Cognitive Theory. Social Cognitive Theory also posits that substance use behaviors are reinforced by environmental and social factors via observational learning.
Substance use is associated with various life stages, including adolescence and young adulthood.: Adolescence is often a time associated with initiation and experimentation of substance use, and young adulthood is frequently associated with increased alcohol use and the transition from substance use experimentation to habit, putting individuals at risk for developing a substance use disorder. Substance use is also associated with the life stage of older adulthood, although the risk of substance use may be influenced by factors such as lack of social support and medical comorbidities.
Substance use is influenced by factors such as expectancies, risk perception, and parenting style.: Expectancies about the effects of substances can influence the initiation and maintenance of substance use. Risk perception can influence substance use, with interventions focusing on increasing risk perception to change behavior. Parenting style can also have an impact on an adolescent's substance use.
Substance use can have a range of negative effects on an individual's health, relationships, and daily functioning.: Substance use can lead to a range of problems, including substance use disorders, alcohol-related problems, and medical comorbidities. The financial cost associated with substance use and substance use disorders can also have a significant impact on individuals and society.
### Impact Rating: 8.5
The high impact severity rating is due to the potential for substance use to lead to substance use disorders, which can have significant negative effects on an individual's health, relationships, and daily functioning.

### Discordant Twin Analyses Community
### Summary
This report presents an analysis of the Discordant Twin Analyses community, a group of researchers and practitioners focused on investigating the role of genetic and environmental factors in the development of traits. The community's primary tool, Discordant Twin Analyses, is used to study the impact of these factors on various health outcomes, including depression and anxiety. However, it is important to note that the assumption made by this technique, that genetic associations represent confounding, may not always hold true for phenotypic causality.
### Key Findings
Discordant Twin Analyses Assumption: Discordant Twin Analyses assumes that genetic associations represent confounding, but this assumption may not always hold true for phenotypic causality. This misassumption could lead to inaccurate conclusions about the relationship between genetic factors and health outcomes.
Role of Non-Shared Environment: Non-shared environmental factors, unique to each individual, can significantly affect the relationship between education and various health outcomes. This factor can lead to confounding, making it difficult to determine the true causality between education and health outcomes.
Impact on Smoking and Depression/Anxiety: Non-shared environmental factors can also affect the relationship between smoking and depression/anxiety, potentially leading to confounding. This means that it may be difficult to determine whether smoking directly causes depression/anxiety or if there are other factors at play.
Role of Shared Environment: Shared environmental factors, such as family environment, parenting, and upbringing, can also affect the relationship between education and various health outcomes. This factor can lead to confounding, making it difficult to determine the true causality between education and health outcomes.
Impact on Smoking and Depression/Anxiety: Shared environmental factors can also affect the relationship between smoking and depression/anxiety, potentially leading to confounding. This means that it may be difficult to determine whether smoking directly causes depression/anxiety or if there are other shared factors at play.
Implications for Research: Understanding the role of non-shared and shared environmental factors in the relationship between various health outcomes and factors such as smoking and education is crucial for conducting accurate research. The Discordant Twin Analyses community's work highlights the need for careful consideration of these factors to avoid confounding and ensure accurate conclusions.
### Impact Rating: 7.5
The Discordant Twin Analyses community's work has a significant impact on understanding the complex interplay between genetics, environment, and health outcomes.

### Two-Sample Mr Analysis Community
### Summary
This report provides an overview of the Two-Sample Mr Analysis community, a group of researchers and practitioners who utilize this method in Mendelian Randomization to estimate causal effects. The community's key entities are primarily focused on understanding the causal relationship between exposures and outcomes, particularly in the context of Major Depression and Alcohol Dependence with Alcohol Consumption.
### Key Findings
Methodology and Application: The Two-Sample Mr Analysis method is a valuable tool for estimating causal effects using summary statistics from different samples. This method is particularly useful in situations where traditional methods, such as randomized controlled trials, are not feasible or ethical. The community's research focuses on applying this method to various exposures and outcomes, such as Major Depression and Alcohol Dependence on Alcohol Consumption.
Reputation and Credibility: The Two-Sample Mr Analysis community is recognized for its rigorous research and contributions to the field of Mendelian Randomization. The method's credibility stems from its ability to address potential confounding factors and provide more robust estimates of causal effects compared to traditional methods.
Legal Compliance: The Two-Sample Mr Analysis community operates within the legal framework of academic research, adhering to ethical guidelines and obtaining necessary approvals for their studies. However, it is important to note that the specific legal requirements may vary depending on the jurisdiction and the nature of the research.
Technical Capabilities: The community possesses a strong technical foundation, with expertise in statistical analysis, bioinformatics, and genetics. They utilize advanced software tools and techniques to perform their analyses and interpret their results.
Collaboration and Networking: The Two-Sample Mr Analysis community collaborates extensively with other research groups and organizations, sharing knowledge, resources, and best practices. This collaboration helps to advance the field and improve the quality of research.
Potential Limitations: While the Two-Sample Mr Analysis method offers many advantages, it is not without limitations. For example, the method relies on the instrumental variable assumption, which may not always hold. Additionally, the method may be limited by the availability and quality of summary statistics from different samples.
### Impact Rating: 7.5
The Two-Sample Mr Analysis community's impact is significant due to its potential to contribute to a better understanding of causal relationships in various fields, including mental health and substance use.

## Relationships:

(Sociodemographic Factors: Variables such as age, gender, education, financial level, and smoking status that can influence beliefs and behaviors)--[INFLUENCE: Sociodemographic factors can influence an individual's alcohol consumption, which in turn can influence various aspects of their health, including the development and management of chronic lower back pain.]-->(Alcohol: Alcohol consumption (number of drinks per week))
(Sociodemographic Factors: Variables such as age, gender, education, financial level, and smoking status that can influence beliefs and behaviors)--[INFLUENCE: Sociodemographic factors can influence an individual's age, which in turn can influence various aspects of their health, including the development and management of chronic lower back pain.]-->(Age: The age of the participants in the study.)
(Sociodemographic Factors: Variables such as age, gender, education, financial level, and smoking status that can influence beliefs and behaviors)--[INFLUENCE: Sociodemographic factors can influence an individual's smoking status, which in turn can influence various aspects of their health, including the development and management of chronic lower back pain.]-->(Smoking: The smoking habits of the participants in the study by Linton et al.)
(Smoking: The smoking habits of the participants in the study by Linton et al.)--[CAUSE-EFFECT: Smoking is a cause of early onset of smoking]-->(Age Of Smoking Onset: The age at which an individual begins smoking)
(Sociodemographic Factors: Variables such as age, gender, education, financial level, and smoking status that can influence beliefs and behaviors)--[INFLUENCE: Sociodemographic factors can influence an individual's education level, which in turn can influence various aspects of their life, including their health and access to healthcare.]-->(Education: The level of education completed by the participants.)
(Education: The level of education completed by the participants.)--[ASSOCIATION: The association between education and lung cancer remains unclear.]-->(Causality: The relationship between a cause and its effect. In this context, it refers to the causality of potential factors for lung cancer.)
(Education: The level of education completed by the participants.)--[CAUSAL: The Mendelian randomization suggests that there may be a negative causal effect of education on BMI.]-->(Causal Effect: A cause-and-effect relationship between two variables, where a change in one variable causes a change in another.)
(Sociodemographic Factors: Variables such as age, gender, education, financial level, and smoking status that can influence beliefs and behaviors)--[INFLUENCE: Sociodemographic factors can influence an individual's sleep quality, which in turn can influence various aspects of their health, including the development and management of chronic lower back pain.]-->(Sleep Disturbance: A measure of self-reported perceptions of sleep quality, sleep depth, and restoration)
(Sociodemographic Factors: Variables such as age, gender, education, financial level, and smoking status that can influence beliefs and behaviors)--[INFLUENCE: Sociodemographic factors can influence an individual's fear avoidance beliefs, which in turn can influence their pain and disability related to lower back pain.]-->(Fear Avoidance: A questionnaire that assesses fear avoidance beliefs about physical activity and work)
(Causal Association: A relationship between two variables where a change in one variable causes a change in the other)--[APPLICABLE: The concept of causal association is applicable to the study of the relationship between BMI and back pain and chronic back pain]-->(Bmi: Body Mass Index, a measure of body fat based on an individual's weight in relation to their height.)
(Sociodemographic Factors: Variables such as age, gender, education, financial level, and smoking status that can influence beliefs and behaviors)--[INFLUENCE: Sociodemographic factors can influence an individual's financial level, which in turn can influence various aspects of their life, including their access to healthcare and management of chronic conditions like lower back pain.]-->(Financial Level: The level of financial resources available to an individual)
(Sociodemographic Factors: Variables such as age, gender, education, financial level, and smoking status that can influence beliefs and behaviors)--[INFLUENCE: Sociodemographic factors can influence an individual's anxiety level, which in turn can influence various aspects of their health, including the development and management of chronic lower back pain.]-->(Promis Anxiety: A measure of fear, anxious misery, hyperarousal, and somatic symptoms related to arousal)
(Sociodemographic Factors: Variables such as age, gender, education, financial level, and smoking status that can influence beliefs and behaviors)--[INFLUENCE: Sociodemographic factors can influence an individual's depression level, which in turn can influence various aspects of their health, including the development and management of chronic lower back pain.]-->(Promis Depression: A measure of affective and cognitive manifestations of depression)
(Sociodemographic Factors: Variables such as age, gender, education, financial level, and smoking status that can influence beliefs and behaviors)--[INFLUENCE: Sociodemographic factors can influence an individual's comorbidity index, which in turn can influence various aspects of their health, including the development and management of chronic lower back pain.]-->(Cci: A comorbidity index. It measures the number of comorbidities)
","# Report:
## Chunks:

<s> **[Research Report](https://nida.nih.gov/drug-topics/publications/research-reports)**

Tobacco, Nicotine, and E-Cigarettes Research Report

## Are there sex differences in tobacco smoking?

Generally, men tend to use all tobacco products at higher rates than women. In 2015, 16.7 percent of adult males and 13.6 percent of adult females smoked cigarettes[.](https://nida.nih.gov/node/1363) Such diferences may relate to a combination of physiological (particularly ovarian hormones), cultural, and behavioral factors. [128](https://nida.nih.gov/node/1363) [129](https://nida.nih.gov/node/1363) [130](https://nida.nih.gov/node/1363)

Results from neuroimaging studies suggest that smoking activates men's reward pathways more than women's. This finding is consistent with the idea that men smoke for the reinforcing efects of nicotine, whereas women smoke to regulate mood or in response to cigarette-related cues. A study of stress responses and craving among male and female smokers who were trying to quit found that during abstinence, lower levels of the stress hormone cortisol predicted relapse in men. However, high cortisol levels were predictive of relapse in women[.](https://nida.nih.gov/node/1363) Other work on abstinence found that smoking a cigarette with nicotine, as compared to a denicotinized cigarette, alleviated the symptoms of withdrawal and negative mood to a [131](https://nida.nih.gov/node/1363) [132](https://nida.nih.gov/node/1363)

greater extent in men than women. Women obtained equal relief from cigarettes with and without nicotine, suggesting that they found the drug less rewarding than men. [133](https://nida.nih.gov/node/1363)

Cigarette craving is a major reason why smokers find it hard to quit, and this strong urge to smoke can be evoked by sensory cues and stress. Research suggests that women experience stronger craving than men in response to stress[,](https://nida.nih.gov/node/1363) but men may be more responsive to environmental cues. Additionally, longitudinal data from international surveys conducted in four industrialized countries indicated that
54 050 estimated deaths and 234 030 new cancer cases in 2018.[1](#page-6-0) The overall 5-year survival rate for lung cancer patients is 18%.[1](#page-6-0) With the increasing burden of lung cancer, it is important to identify potentially modifiable risk factors for better prevention. For instance, smoking is the most common established cause of lung cancer.[2](#page-6-0) Cigarette smoking rates are at historically low levels in the USA due to tobacco control policies, and lung cancer incidence/mortality has significantly declined. Although the causal relationship of risk factors, such as smoking and radon, are generally accepted, the causality of other potential factors, for example education, remains unclear.

Education has been shown to be inversely associated with the incidence of lung cancer in several conventional observational studies.[3](#page-6-0)–[7](#page-6-0) In general, the higher the level of educational attainment, the lower the lung cancer risk. Even when adjusted for smoking, education is still associated with lung cancer in observational studies[.3](#page-6-0) However, this association may be biased due to the methodological limitations of traditional observational study, including confounding, reverse causation and measurement error.[8](#page-6-0) Furthermore, we cannot determine causality through these observational studies. Indeed, clarifying the relationship between education and lung cancer is beneficial for our understanding of the causes of lung cancer, and for the potential development of prevention policies. Given the long latency period between exposure and outcome and the unethical approaches of limiting education in childhood, randomized controlled trials (RCTs), the gold standard in causal inference, are not feasible for this issue. Therefore, we urgently need to assess causal inference through other study designs.

Mendelian randomization (MR) is a novel genetic epidemiological study design that uses genetic variants as instrumental variables ('proxies') to assess causal inferences between risk factors and disease outcomes.[9](#page-6-0) The fundamental principle of MR is that genetic variants, which indicate the level or the biological effects of a modifiable environmental exposure that alters disease risk, should be causally related to disease risk to the extent predicted by their influence on the modifiable environmental exposure.[10](#page-6-0) These genetic variants could serve as unconfounded proxies for modifiable risk factors because they are randomly allocated before birth and fixed at conception, which provides an analogy to randomized controlled trials (RCTs) in a non-experimental (observational) setting
ence of clinically relevant sleep disturbance at admission, defined by a JSS-4 cut-off score �5. The 3- and 12-month prevalence of clinically relevant sleep disturbance was similar but lower than at admission. This finding is consistent with previous cross-sectional studies showing that average PSQI scores were higher within a few days of ACS [[20](#page-10-0)] than one [\[2](#page-9-0)] and two months later [\[21\]](#page-10-0). Our study adds important insight to this sparse literature, as previous studies have not repeatedly examined sleep disturbance in the same sample of patients with ACS and beyond a 2-month period. Whether the observed decrease in sleep disturbance, which seems to set in fairly early after ACS, reflects normalized values is difficult to assess because none of these studies, including ours, had information available on sleep disturbance before ACS [[1\]](#page-9-0). Large-scale prospective population-based studies with repeated assessment of sleep disturbance before and after ACS would be needed to reconcile this uncertainty. In fact, the JSS-4 covers sleep disturbance that had occurred in the month prior to ACS, but the retrospective self-assessment of sleep disturbance, including insomnia symptoms, within 48 hours of admission may become imprecise in the acute hospital setting.

We identified two modifiable and two non-modifiable factors that were associated with greater sleep disturbance over time. Specifically, female sex, a history of depression, and greater distress during ACS, defined by single-item scores for fear of dying and feelings of helplessness, were significantly associated with greater sleep disturbance in the first year after ACS. A combination of a 6-point increased score for fear of dying and helplessness on a numeric rating scale ranging from 0–10 showed the same effect size for sleep disturbance as did female sex and depression history combined. The findings suggest that perceived distress during ACS might be an underestimated factor in terms of disturbed sleep after ACS.

In exploratory analyses, we found little evidence that the effect of perceived distress during ACS on sleep disturbance was moderated by sociodemographic factors, objective markers of ACS severity, comorbidities, medications, or health behaviors. This result may have clinical implications for many patients who experience distress during ACS, regardless of sociodemographic and health characteristics. About 70% of patients experience moderate to intense fear of dying and distress during ACS [\[22](#page-11-0)], and higher distress during ACS has shown to be associated with an increased risk of hospitalization due to a cardiovascular event
br>init<br>iat<br>ion<br>(se<br>lf-r<br>rt)<br>epo                                                                                                                                                                                                                                                                                                                                                                                                                                                                                                                       | fici<br>Att<br>ion<br>-de<br>t h<br>tiv<br>ity<br>ent<br>ype<br>rac<br>(<br>), c<br>dis<br>ord<br>dia<br>sis<br>nab<br>is<br>er<br>gno<br>an<br>init<br>iat<br>ion<br>(se<br>lf-r<br>rt)<br>epo                                                                                                                                                                                                                                                                                                                                                                                                                                                                                                                       | +<br>– | for<br>Ev<br>ide<br>l,<br>inc<br>sin<br>nce<br>ca<br>usa<br>rea<br>g<br>eff<br>f a<br>nti<br>-de<br>fici<br>ect<br>tte<br>t<br>s o<br>on<br>hyp<br>ctiv<br>ity<br>dis<br>ord<br>bis<br>era<br>er<br>on<br>ca<br>nna<br>init<br>iat<br>ion<br>lea<br>ide<br>l<br>. N<br>o c<br>r ev<br>nce<br>ca<br>usa<br>eff<br>f c<br>nab<br>is i<br>nit<br>iat<br>ion<br>ect<br>s o<br>an<br>on<br>-de<br>fici<br>t h<br>ion<br>tiv<br>ity<br>att<br>ent<br>ype<br>rac<br>dis<br>ord<br>er                                                                                                                                                                                                                                                                                                                                                            |

| Jorien L. Treur |
|-----------------|
|                 |
|                 |
|                 |
| et al.          |

| ble<br>(<br>Ta<br>1. | tin<br>ued<br>.)
6 days from the ESM examination-period, which resulted in 28% missing data. As experience sampling is time-consuming, these missed assessments were expected beforehand, and the repeating character of ESM accounts for, and decreases, the influence of missing data [\[33\]](#page-10-12). However, missed assessments might be a concern, as a sub-group of pain patients might have missed assessments as a consequence of their current mood or level of pain. This may have resulted in overestimation of functioning [\[9\]](#page-9-7). Moreover, the sample size in this study was rather small, with an especially low number of men. The percentage of 29% of men deviates from the 40% of men in the overall pain registry cohort DATA*PAIN* [\[22\]](#page-10-1). Accordingly, a lack of power could explain why no significant association was found between fear-avoidance and pain intensity for men. Many patients who initially indicated to be interested in the study chose not to participate after receiving all information about the study procedures (Figure [1\)](#page-4-0). This indicates that ESM may be (too) burdensome, at least with the current number of questions and repeated measures. As the usability of ESM in chronic pain patients has not yet been validated, it remains difficult to conclude whether this method is suitable for the chronic pain population. Although momentary assessment is recommended in different somatic and psychiatric conditions, and the benefits of the ESM are becoming more and more apparent [\[34\]](#page-10-13), it is important to perform more research about ESM and to evaluate its validity and reliability in chronic pain patients.

Fear-avoidance was assessed by the statement 'due to fear for (more) pain I did not make unnecessary movements since the last beep', asking the participant how the behavior of fear has influenced the level of movement since the last beep. As a result, a time frame is assessed between the afore-appointed beep until the actual beep, representing a lagged item. This was the main reason why we did not add a lagged model, as in our case that would be regressing two time points in time instead of one. Moreover, as mentioned before, no intention of causality was intended, meaning that the direction of predictor and outcome could have been reversed: an analysis we want to recommend for future research.

Furthermore, even though the dataset covered a vast number of relevant factors for chronic pain, some factors such as pain etiology were not accounted for at baseline, and other important factors such as pain catastrophizing were missing
BP to both insomnia and daytime sleepiness. By performing bidirectional MR analyses, our results provided genetic evidence that insomnia causally affects LBP and there is no reverse causality. Specifically, individuals having insomnia have an increased risk for LBP, and LBP patients do not have a statistically significant trend to develop insomnia. In addition, our study found no evidence of a bidirectional causal link between daytime sleepiness and LBP.

In the past decade, substantial studies have shown an association between sleep problems and the risk of chronic pain in the low back and neck/shoulders, as well as chronic widespread pain [\(Gupta et al.,](#page-7-22) [2007](#page-7-22); [Canivet et al., 2008](#page-7-23); [Mork et al., 2014;](#page-7-24) [Uhlig et al., 2018;](#page-8-0) [Skarpsno et al., 2021](#page-8-8)). A previous prospective cohort study by Agmon and collaborators documented that healthy employed adults with insomnia have a higher risk of experiencing back pain than subjects without insomnia ([Agmon and Armon, 2014\)](#page-7-4). A recent study by Ho and coworkers showed that the adjusted risk ratio of chronic LBP in insomnia participants was 1.20 ([Ho et al., 2022](#page-7-25)). On the other hand, it has been reported daytime sleepiness positively correlated with the symptom and frequency of back pain [\(Gustafsson](#page-7-5) [et al., 2018;](#page-7-5) [Uchmanowicz et al., 2019](#page-8-9)). The previous MR study conducted by Broberg and coworkers demonstrated that genetic liability to insomnia symptoms is significantly causal to reporting pain, including LBP [\(Broberg et al., 2021](#page-7-26)). Take advantage of the UK Biobank as well as the latest FinnGen cohort of LBP, the present study provided more robust evidence that insomnia, not daytime sleepiness, leads to a higher risk for developing LBP. Note that the reduction of sleep problems is accompanied by an improvement in LBP [\(Pakpour et al., 2018](#page-7-27); [Skarpsno et al., 2020## Communities:

### Alcohol Consumption and Age: A Study Analysis
### Summary
This report examines the relationship between alcohol consumption and age, as well as the potential influence of age on other substance use behaviors such as smoking. The analysis is based on a study that assessed the alcohol consumption of participants across various age groups, and also considered the smoking habits of the participants.
### Key Findings
Alcohol consumption is associated with age: The analysis reveals that alcohol consumption can be associated with age, as both entities are present in the text and there are multiple relationships indicating a potential association. The text suggests that alcohol consumption can change with age, and that older individuals may have different drinking habits and social norms.
Age may influence alcohol consumption: The text suggests that age can influence an individual's alcohol consumption, as older individuals may have different drinking habits and social norms. This influence may be due to factors such as societal norms, health awareness, and personal choices.
Age may be associated with smoking habits: The analysis also reveals that age may be associated with smoking habits, as both entities are present in the text and there are multiple relationships indicating a potential association. The text suggests that smoking may be more common in younger age groups and decreases with age.
Smoking may be associated with alcohol consumption: The text suggests that smoking may be associated with alcohol consumption, as both entities are present in the text and there are multiple relationships indicating a potential association. The text suggests that smoking and alcohol consumption may be coping mechanisms for stress and negative emotions.
Sleep disturbance may be associated with alcohol consumption: The text suggests that poor sleep quality may be associated with increased alcohol consumption, as sleep disturbances can lead to self-medication. However, the analysis did not show a causal effect of sleep disturbance on alcohol consumption.
Education may be associated with alcohol consumption: The text suggests that education may be associated with alcohol consumption, but the relationship is not clearly defined. The text does not provide specific data to support this association, but it is mentioned that education may indirectly influence alcohol consumption through income or peer effects.
### Impact Rating: 7.5
The impact severity rating of 7.5 indicates a significant association between alcohol consumption and age, as well as a potential indirect relationship with smoking habits.

### Mental Health Community: Depression and Anxiety
### Summary
This report focuses on the community of individuals affected by depression and anxiety, two closely related mental health conditions. The analysis reveals that depression and anxiety are associated, comorbid, and often co-occur in the same individuals. The text also suggests a causal relationship between depression and anxiety, as well as an increased risk of depression in individuals with anxiety. Additionally, the study of depression includes data from the UK Biobank, a large-scale health study, and the selected genetic variants for depression were obtained from the largest GWAS meta-analysis of 807,553 European-descent individuals. Furthermore, depression is associated with an increased risk of cardiovascular disease (CAD), particularly in patients with diabetes.
### Key Findings
Depression and anxiety are related mental health conditions: The text provides multiple instances of the association between depression and anxiety, suggesting that they are closely related emotional states. This relationship is further supported by the fact that they share similar symptoms and risk factors.
Depression and anxiety are comorbid conditions: The text indicates that depression and anxiety often co-occur in the same individuals. This comorbidity is significant, as it can lead to more severe symptoms and increased healthcare costs.
Depression is associated with an increased risk of CAD: The text suggests a causal relationship between depression and an increased risk of CAD, particularly in patients with diabetes. This association is supported by multiple pieces of evidence, including genetic studies and inverse-variance weighted (IVW) analysis.
Depression is associated with insomnia: The text indicates that insomnia is associated with an increased risk of depression. This association is supported by multiple pieces of evidence, including genetic studies and the fact that insomnia symptoms/disorder are reported to independently increase the risk of subsequent depression in older persons.
Depression is associated with multimorbidity: The text suggests that depression is associated with an increased risk of multimorbidity, a condition where an individual has two or more chronic diseases. This association is supported by multiple pieces of evidence, including the fact that depression increases the risk for onset of multimorbidity by 80–90%.
### Impact Rating: 8.5
The high impact severity rating is due to the prevalence of depression and anxiety, their comorbidity, and the associated health risks, including cardiovascular disease.

### Obesity and Body Mass Index (BMI) Community
### Summary
This report focuses on the community of obesity and Body Mass Index (BMI), two interconnected entities that are closely related to each other and have significant implications for health. The report explores the associations, causalities, and measurements between obesity and BMI, as well as their impact on various health conditions such as chronic back pain, sciatica, and depression.
### Key Findings
Obesity and BMI are closely related: Obesity is a condition characterized by an excess of body fat, and BMI is a measure used to classify individuals as obese. The text suggests a strong association between the two, with higher BMI being indicative of obesity.
BMI is used to measure obesity: BMI is a measure used to determine obesity. It is calculated from an individual's weight and height, and a BMI of 30 or more is used to classify an individual as obese.
Higher BMI is associated with an increased risk of chronic back pain: Recent studies have shown that a higher BMI has causal associations with chronic back pain. This suggests that weight loss may provide an important step in the prevention of chronic back pain.
BMI is associated with other health conditions: BMI is also associated with other health conditions such as sciatica, depression, and sarcopenia. Higher BMI is associated with a higher risk of sciatica due to increased mechanical forces on the lumbar spine. A 1-SD higher genetically instrumented BMI is associated with 1.65 [95%CI: 1.08, 2.52] higher odds of current depression.
Steroid hormones may be associated with BMI: Steroid hormones may influence BMI, as suggested by the Mendelian Randomization study. However, the specific causal effect is not provided in the text.
17-OHP has a causal effect on BMI: 17-OHP, a steroid hormone, has been found to have causal effects on BMI. The text suggests a causal effect of 17-OHP on BMI, but no numerical value is provided.
BMI influences the levels of Leptin: BMI influences the levels of Leptin, a protein that acts in synergy with vascular endothelial growth factor to promote angiogenesis.
BMI is associated with individuals who are both obese and have low muscle mass: Individuals with sarcopenic obesity, who have both sarcopenia and obesity, typically have an elevated BMI.
### Impact Rating: 8.5
The high impact severity rating is due to the significant association between obesity and BMI, and their impact on various health conditions, particularly chronic back pain.

### Chronic Lower Back Pain Community: Pain Catastrophising, Pain Intensity, and Disability
### Summary
This report examines the community of individuals experiencing chronic lower back pain (CLBP). The key entities within this community are pain catastrophising, pain intensity, and disability. The relationships between these entities reveal that pain catastrophising significantly influences pain intensity, which in turn affects disability. Alcohol consumption, stress, and sleep quality are also associated with pain intensity and disability.
### Key Findings
Pain catastrophising is a significant factor in the experience of pain intensity.: Pain catastrophising, the tendency to magnify the threat value of pain, feel helpless in the presence of pain, and have a relative inability to prevent or inhibit pain-related thoughts, is a key entity within the chronic lower back pain community. Studies have shown that pain catastrophising is associated with increased pain intensity, negatively correlated with pain intensity, and influences the pain intensity experienced by participants. It can also influence the level of pain intensity and may mediate the effect of treatments like Pilates exercise and tai chi on pain intensity.
Pain intensity significantly affects disability.: Pain intensity is a component of chronic pain and is a significant factor in the development and maintenance of disability in individuals with CLBP. Higher pain intensity is associated with higher disability, making it difficult for individuals to perform daily activities. Pain intensity may also influence disability by making it difficult for individuals to perform physical tasks and thus affect their ability to manage their disability.
Alcohol consumption is associated with increased pain intensity and disability.: Alcohol consumption is associated with pain intensity and disability. Alcohol can exacerbate pain, contribute to disability, and lead to physical impairments. The amount of alcohol consumed by an individual, typically measured in standard drinks per week, is correlated with disability, and excessive drinking can lead to a worsening of both pain intensity and disability.
Stress and perceived stress can increase pain intensity.: Stress and perceived stress can increase the perception of pain intensity in chronic lower back pain. Stress can exacerbate pain and vice versa, making it a significant factor in the experience of pain intensity. Perceived stress, the subjective experience of the appraisal and reaction to stressors, including their emotional and physical impact, can also affect physical state and exacerbate pain intensity.
Sleep quality is associated with pain intensity.: Sleep quality is associated with pain intensity. People who report poorer sleep quality also report worse pain intensity, although the underlying cause is still unclear. Self-reported sleep quality and proportion of time in slow-wave sleep (SWS) are associated with next-day pain intensity.
### Impact Rating: 8.5
The high impact severity rating of 8.5 indicates that the entities within this community have a significant impact on the quality of life and functioning of individuals with chronic lower back pain.

### Major Depressive Disorder (MDD) and Loneliness Community
### Summary
This report examines the relationships between Major Depressive Disorder (MDD) and loneliness, as well as their associations with cardiovascular diseases, inflammation, and metabolic factors. The findings suggest that loneliness is a significant risk factor for MDD, and that MDD is associated with increased inflammation and metabolic factors. Both MDD and loneliness are also comorbid with cardiovascular diseases.
### Key Findings
Loneliness is a risk factor for MDD: The text provides evidence that loneliness is a risk factor for MDD, as it is associated with an increased liability to MDD and an increased risk of MDD. This suggests that addressing loneliness may be an important intervention for preventing and treating MDD.
Loneliness and MDD are associated with increased risk of cardiovascular diseases: The text indicates that MDD and cardiovascular diseases are often comorbid, with MDD rates of up to 41% in selected physical diseases. Additionally, loneliness has been associated with an increased risk of MDD, which in turn increases the risk of future cardiovascular events. This suggests that addressing loneliness and MDD may be important for reducing the risk of cardiovascular diseases.
Inflammation is a risk factor for MDD: The text suggests that inflammation is involved in the pathophysiology of depression and is a risk factor for MDD. This is supported by the observation that MDD is associated with inflammation in a proportion of individuals, and that MDD shows a genetic correlation with levels of C-reactive protein, a marker of inflammation.
MDD is associated with metabolic factors: The text indicates that MDD is associated with metabolic factors, as people with MDD have a higher total food intake and reduced diet quality. Additionally, MDD is associated with increased risk for Type II Diabetes, and shows a genetic correlation with Type II Diabetes. This suggests that addressing MDD may be important for managing metabolic health.
Loneliness and MDD share genetic and biological pathways: The text suggests that there is a strong genetic overlap between MDD and ASCVD, as well as a shared biological pathway through the gut microbiome. This suggests that there may be numerous pathological mechanisms implicated in both MDD and physical diseases that increase the risk or exacerbate comorbidity.
### Impact Rating: 8.5
The high impact severity rating is due to the significant association between MDD and loneliness, as well as the potential for these conditions to increase the risk of cardiovascular diseases and other physical health problems.

## Relationships:

(Sociodemographic Factors: Variables such as age, gender, education, financial level, and smoking status that can influence beliefs and behaviors)--[INFLUENCE: Sociodemographic factors can influence an individual's alcohol consumption, which in turn can influence various aspects of their health, including the development and management of chronic lower back pain.]-->(Alcohol: Alcohol consumption (number of drinks per week))
(Alcohol: Alcohol consumption (number of drinks per week))--[ASSOCIATEDWITH: Alcohol consumption is associated with the estimated effect size]-->(Beta: Beta is a measure of the strength and direction of the linear relationship between a continuous exposure and a continuous outcome.)
(Alcohol: Alcohol consumption (number of drinks per week))--[ASSOCIATED_WITH: Alcohol consumption is associated with moderate alcohol use]-->(Moderate Alcohol Use: The relationship between moderate alcohol use and health, which has raised controversy in the scientific literature)
(Sociodemographic Factors: Variables such as age, gender, education, financial level, and smoking status that can influence beliefs and behaviors)--[INFLUENCE: Sociodemographic factors can influence an individual's age, which in turn can influence various aspects of their health, including the development and management of chronic lower back pain.]-->(Age: The age of the participants in the study.)
(Sociodemographic Factors: Variables such as age, gender, education, financial level, and smoking status that can influence beliefs and behaviors)--[INFLUENCE: Sociodemographic factors can influence an individual's smoking status, which in turn can influence various aspects of their health, including the development and management of chronic lower back pain.]-->(Smoking: The smoking habits of the participants in the study by Linton et al.)
(Sociodemographic Factors: Variables such as age, gender, education, financial level, and smoking status that can influence beliefs and behaviors)--[INFLUENCE: Sociodemographic factors can influence an individual's education level, which in turn can influence various aspects of their life, including their health and access to healthcare.]-->(Education: The level of education completed by the participants.)
(Education: The level of education completed by the participants.)--[ASSOCIATION: The association between education and lung cancer remains unclear.]-->(Causality: The relationship between a cause and its effect. In this context, it refers to the causality of potential factors for lung cancer.)
(Sociodemographic Factors: Variables such as age, gender, education, financial level, and smoking status that can influence beliefs and behaviors)--[INFLUENCE: Sociodemographic factors can influence an individual's sleep quality, which in turn can influence various aspects of their health, including the development and management of chronic lower back pain.]-->(Sleep Disturbance: A measure of self-reported perceptions of sleep quality, sleep depth, and restoration)
(Sleep Disturbance: A measure of self-reported perceptions of sleep quality, sleep depth, and restoration)--[NOT_INDEPENDENTLY_ASSOCIATED_WITH: Sleep disturbance is not independently associated with health behaviors.]-->(Health Behaviors: Various health behaviors of the participant at the age of 30, including heavy episodic drinking, cigarette smoking, and meeting physical activity guidelines.)
(Sociodemographic Factors: Variables such as age, gender, education, financial level, and smoking status that can influence beliefs and behaviors)--[INFLUENCE: Sociodemographic factors can influence an individual's fear avoidance beliefs, which in turn can influence their pain and disability related to lower back pain.]-->(Fear Avoidance: A questionnaire that assesses fear avoidance beliefs about physical activity and work)
(Bmi: Body Mass Index, a measure of body fat based on an individual's weight in relation to their height.)--[ASSOCIATION: BMI is associated with increased levels of IL-18.]-->(Il-18: A biomarker that increases with increasing BMI and has not been found to have a causal role in the development of several types of cancer.)
(Sociodemographic Factors: Variables such as age, gender, education, financial level, and smoking status that can influence beliefs and behaviors)--[INFLUENCE: Sociodemographic factors can influence an individual's financial level, which in turn can influence various aspects of their life, including their access to healthcare and management of chronic conditions like lower back pain.]-->(Financial Level: The level of financial resources available to an individual)
(Sociodemographic Factors: Variables such as age, gender, education, financial level, and smoking status that can influence beliefs and behaviors)--[INFLUENCE: Sociodemographic factors can influence an individual's anxiety level, which in turn can influence various aspects of their health, including the development and management of chronic lower back pain.]-->(Promis Anxiety: A measure of fear, anxious misery, hyperarousal, and somatic symptoms related to arousal)
(Sociodemographic Factors: Variables such as age, gender, education, financial level, and smoking status that can influence beliefs and behaviors)--[INFLUENCE: Sociodemographic factors can influence an individual's depression level, which in turn can influence various aspects of their health, including the development and management of chronic lower back pain.]-->(Promis Depression: A measure of affective and cognitive manifestations of depression)
(Sociodemographic Factors: Variables such as age, gender, education, financial level, and smoking status that can influence beliefs and behaviors)--[INFLUENCE: Sociodemographic factors can influence an individual's comorbidity index, which in turn can influence various aspects of their health, including the development and management of chronic lower back pain.]-->(Cci: A comorbidity index. It measures the number of comorbidities)
(Sociodemographic Factors: Variables such as age, gender, education, financial level, and smoking status that can influence beliefs and behaviors)--[INFLUENCE: Sociodemographic factors can influence an individual's sex, which in turn can influence various aspects of their health, including the development and management of chronic lower back pain.]-->(Sex: Refers to the two main categories (male and female) into which humans and most other living things are divided on the basis of their reproductive functions.)
(Obesity: A condition characterized by excess body fat)--[ASSOCIATION: Obesity is associated with increased levels of IL-18.]-->(Il-18: A biomarker that increases with increasing BMI and has not been found to have a causal role in the development of several types of cancer.)
","# Report:
## Chunks:

                  | 0.05–92.87  | No/No<br>19                                      | III                   | 9      |
|                                        | studies)                                     |                                   |                              |                       |                                       | but < 10−3               |             |                                                  |                       |        |
| Anglin et al., 2013                    | Vitamin D deficiency                         | NA                                | 9                            | OR                    | 1.31 (1.00–1.71)                      | 0.047                    | 0.63–2.73   | No/No<br>53                                      | Weak                  | 9      |
| Rahe et al., 2014                      | Western/unhealthy dietary                    | NA                                | 9                            | RR                    | 1.18 (0.97–1.43)                      | 0.096                    | 0.68–2.06   | No/No<br>62                                      | NS                    | 5      |
| Li et al., 2016a, 2016b                | Vegetable intake<br>patterns                 | NA                                | 7                            | RR                    | 0.87 (0.77–0.97)                      | 0.014                    | 0.68–1.11   | Yes/No<br>26                                     | Weak                  | 5      |
| Li et al., 2016a, 2016b                | Fruit intake                                 | NA                                | 8                            | RR                    | 0.85 (0.77–0.93)                      | > 10−6                   | 0.67–1.07   | Yes/No<br>42                                     | III                   | 5      |
|                                        |                                              |                                   |                              |                       |                                       | but < 10−3               |             |                                                  |                       |        |
| Grosso et al., 2016                    | EPA + DHA intake                             | NA                                | 4                            | RR                    | 0.85 (0.70–1.04)                      |
<s> **RESEARCH Open Access**

# Exploring the bidirectional relationship between pain and mental disorders: a comprehensive Mendelian randomization study

Chongjie Yao1,2†, Yuchen Zhang2†, Ping Lu2 , Bin Xiao2 , Pingping Sun3 , Jiming Tao1 , Yanbin Cheng4,5, Lingjun Kong1,5, Dongsheng Xu1,3\* and Min Fang1,4,5\*

## Abstract

**Background** The close relationship between pain and mental health problems is well-known, and psychological intervention can provide an efective alternative to medication-based pain relief. However, previous studies on the connection between pain and psychological problems, the fndings thus far have been inconclusive, limiting the potential for translating psychological interventions into clinical practice. To complement the gap, this study utilized genetic data and Mendelian randomization (MR) to examine the potential relationship between pain in diferent parts and common mental disorders.

**Methods** Based on the instrumental variables selected from the Genome-wide association study summary statistics of localized pain and mental disorders, we conducted bidirectional two-sample MR analyses to infer bidirectional causal associations between pain and mental disorders. The inverse-variance weighted MR method and MR-Egger were used as the primary statistical method according to the horizontal pleiotropy and heterogeneity level. We reported the odds ratio to infer the causal efect between pain and mental disorders. *F* statistic was calculated to measure the statistical efcacy of the analyses.

**Results** Insomnia is causally related to the genetic susceptibility of multisite pain including head (OR=1.09, 95% CI: 1.06–1.12), neck/shoulder (OR=1.12, 95% CI: 1.07–1.16), back (OR=1.12, 95% CI: 1.07–1.18) and hip (OR=1.08, 95% CI: 1.05–1.10). Reversely, headache (OR=1.14, 95% CI: 1.05–1.24), neck/shoulder pain (OR=1.95, 95% CI: 1.03–3.68), back pain (OR=1.40, 95% CI: 1.22–1.60), and hip pain (OR=2.29, 95% CI: 1.18–4
, Q = 126.49 df = 11 p < 0.001 I <sup>2</sup> = 91.30. Ten studies, providing twelve sets of results, were analysed to provide an overall odds ratio of 1.45 (95% CI 1.28–1.64) p < 0.001, for having a depressive disorder with increasing number of chronic physical conditions. This means, that with each additional chronic physical condition, the odds of having a depressive disorder were 45% greater than the odds of having a depressive disorder for people with no chronic physical conditions. [Fig. 4](#page-7-0) displays a forest plot of this analysis. There were not enough studies to compare by setting for this analysis and no significant differences were found between other sub-groups in this analysis.

There was no evidence of significant publication bias, Egger's intercept = 1.17 (95%CI = −2.55 to 4.89) p = 0.50. Additionally, Rosenthal's fail-safe N was very large, N = 1092.0.

#### 3.7. Relationship between number of chronic physical conditions and depressive symptoms

The test for heterogeneity was significant so a random effects model was used, Q = 206.33 df = 12 p < 0.001 I <sup>2</sup> = 94.18. Twelve studies, providing thirteen results, were analysed to give an overall correlation between number of chronic physical conditions and depressive symptoms of 0.26 (95% CI 0.18–0.33) p < 0.001. [Fig. 5](#page-8-0) displays a forest plot of this analysis. The range of studies did not allow for any sub-group comparisons in this analysis.

There was no evidence of significant publication bias, Egger's intercept = 3.15 (95%CI = −0.98 to 7.29) p = 0.12. Additionally, Rosenthal's fail-safe N was very large, N = 2004.0.

#### 4. Discussion

The findings of this meta-analysis demonstrate a substantial relationship between multimorbidity and depression showing people with multi-morbidity at twice the risk of depressive disorder compared to those without multimorbidity and almost three times the risk compared to those with no chronic physical condition. The robust nature of the relationship is demonstrated in that significant relationships between multimorbid
3-0). This statistically significant trend was further proven by Weighted median (OR = 1.21, CI: 1.105–1.318; p = 2.98e-05), RAPS (OR = 1.27, CI: 1.192–1.343; p = 1.08e-14) except for MR-Egger method

<span id=""page-4-0""></span>(OR = 1.15, CI: 0.937–1.421; p = 0.179) [\(Table 2](#page-3-0)). The MR-Egger regression analysis did not indicate the presence of pleiotropy (intercept p = 0.435) and Cochran's Q test did not detect significant heterogeneity in both MR-Egger and IVW methods (p > 0.05) ([Supplementary Table S3\)](#page-6-0). The causal effect of insomnia on LBP is illustrated by scatter plot [\(Figure 2A](#page-4-0)). Based on the effect size analysis, each insomnia SNP appeared to have a robust effect on LBP ([Supplementary Figure S1\)](#page-6-0). Furthermore, the leave-one-out analysis indicated that the significant result was not driven by any single SNP ([Supplementary Figure S2\)](#page-6-0). The mean F-statistics for IVs of insomnia is 43.73 in our study, which had ~100% power to detect a 25% increase in overall LBP risk (OR = 1.25). Altogether, these results indicate that our data are robust and without obvious bias.

#### The causal effect of daytime sleepiness on low back pain

For 38 SNPs, one SNP (rs11078398) was not found in the summary statistics for LBP and one SNP (rs2048522) was removed for being palindromic. In the MR-PRESSO test, no outliers were detected. Finally, 36 SNPs as IVs of daytime sleepiness remained in this part of the analysis. No genetic effect of daytime sleepiness on the risk of LBP was found by IVW method (OR = 0.86, CI: 0.461–1.606; p = 0.636), and the other methods were concordant with this result (
0 positive associations with AUD (Kranzler et al., 2019). Several of these were consistent with previous findings from candidate gene studies or GWAS, including several positive signals in ADH genes, as well as the dopamine DRD2 receptor, but many were novel. Moreover, findings in European Americans were not completely replicated in other ethnicities, who had even fewer positive associations identified. Techniques that allow examination of multiple ""omic"" levels simultaneously and interactive gene effects (Joubert et al., 2019; Joubert et al., 2018; Weighill et al., 2019) will help to unravel the genetics underlying AUD susceptibility.

These types of analyses have yet to be done for AUD, but they may also allow us to address another issue – the issue of which phenotypes should be used in association analyses. AUD is arguably a poor phenotype to examine in GWAS as it is a heterogeneous diagnosis. Associations may be much stronger if sub-phenotypes, or endophenotypes, are used. For example, Kranzler et al. (2019) found partially overlapping, but substantially different, genetic associations with AUD and alcohol consumption measures. This begs the question: should more specific symptoms or traits be examined in genetic studies, rather than the broad diagnoses that have primarily been used to date? In essence, this is part of the same question that underlies efforts to reconsider psychiatric diagnoses using Research Domain Criteria (Young et al., 2017) to better recognise their heterogeneity in both aetiology and presentation.

This heterogeneity is reflected in the wide range of neural and physiological systems that have been explored for their role in AUD. Candidate gene studies have chosen genes for study based upon a priori considerations about susceptibility to AUD (Hall et al.,

2013) and this same logic has guided preclinical studies. However, human genetic findings present another issue for preclinical studies – if the contribution of any particular genetic variant is small, will this also mean preclinical manipulations of the same targets will have small effects? Luckily, this does not seem to be the case in many instances, but this may be because the genetic manipulations (most often homozygous gene knockouts) used in preclinical studies produce greater consequences than most genetic variants in humans, which may alter protein functioning or gene expression, but not entirely eliminate expression. This does raise a question of translational validity, but at least makes the experiments tractable.

Bearing these general caveats in mind, the following sections consider many of the systems that have been
>N</sup>*male = 63 462 *<sup>N</sup>*female = 82 205 <sup>f</sup>*N*total = 145 583 *<sup>N</sup>*male = 63 423 *<sup>N</sup>*female = 82 160 <sup>g</sup>*N*total = 96 658 *<sup>N</sup>*male = 46 272 *<sup>N</sup>*female = 50 386 <sup>h</sup>*N*total = 96 642 *<sup>N</sup>*male = 46 268 *<sup>N</sup>*female = 50 374

Table 2. Observational associations between higher adiposity (using BMI and body fat percentage) and 10 mental health outcomes

|                                              |              |                       | BMI                                   |                |                       | Body fat percentage                       |              |
|----------------------------------------------|--------------|-----------------------|---------------------------------------|----------------|-----------------------|-------------------------------------------|--------------|
| Mental health outcome                        | Strata       | N cases<br>(controls) | OR (95% CI) per SD<br>higher BMI      | ${f p}_{ m g}$ | N cases<br>(controls) | OR (95% CI) per SD<br>higher body fat %   | Pa           |
| Major depression                             | All          | 34739 (110844)        | 1.16 (1.14, 1.17)                     | <1.00E-15      | 34 338 (109526)       | 1.22 (1.20, 1.24)                         | <1.00E-15    |
|                                              | Males only   | 10808 (52615)         | 1.16 (1.13, 1.19)                     | < 1.00E - 15   | 10 655 (51889)        | 1.22 (1.18, 1.26)                         | < 1.00E - 15 |
|                                              | Females only | 2## Communities:

### Mental Health Community: Depression and Anxiety
### Summary
This report focuses on the community of individuals affected by depression and anxiety, two closely related mental health conditions. The analysis reveals that depression and anxiety are associated, comorbid, and often co-occur in the same individuals. The text also suggests a causal relationship between depression and anxiety, as well as an increased risk of depression in individuals with anxiety. Additionally, the study of depression includes data from the UK Biobank, a large-scale health study, and the selected genetic variants for depression were obtained from the largest GWAS meta-analysis of 807,553 European-descent individuals. Furthermore, depression is associated with an increased risk of cardiovascular disease (CAD), particularly in patients with diabetes.
### Key Findings
Depression and anxiety are related mental health conditions: The text provides multiple instances of the association between depression and anxiety, suggesting that they are closely related emotional states. This relationship is further supported by the fact that they share similar symptoms and risk factors.
Depression and anxiety are comorbid conditions: The text indicates that depression and anxiety often co-occur in the same individuals. This comorbidity is significant, as it can lead to more severe symptoms and increased healthcare costs.
Depression is associated with an increased risk of CAD: The text suggests a causal relationship between depression and an increased risk of CAD, particularly in patients with diabetes. This association is supported by multiple pieces of evidence, including genetic studies and inverse-variance weighted (IVW) analysis.
Depression is associated with insomnia: The text indicates that insomnia is associated with an increased risk of depression. This association is supported by multiple pieces of evidence, including genetic studies and the fact that insomnia symptoms/disorder are reported to independently increase the risk of subsequent depression in older persons.
Depression is associated with multimorbidity: The text suggests that depression is associated with an increased risk of multimorbidity, a condition where an individual has two or more chronic diseases. This association is supported by multiple pieces of evidence, including the fact that depression increases the risk for onset of multimorbidity by 80–90%.
### Impact Rating: 8.5
The high impact severity rating is due to the prevalence of depression and anxiety, their comorbidity, and the associated health risks, including cardiovascular disease.

### Chronic Lower Back Pain Community: Pain Catastrophising, Pain Intensity, and Disability
### Summary
This report examines the community of individuals experiencing chronic lower back pain (CLBP). The key entities within this community are pain catastrophising, pain intensity, and disability. The relationships between these entities reveal that pain catastrophising significantly influences pain intensity, which in turn affects disability. Alcohol consumption, stress, and sleep quality are also associated with pain intensity and disability.
### Key Findings
Pain catastrophising is a significant factor in the experience of pain intensity.: Pain catastrophising, the tendency to magnify the threat value of pain, feel helpless in the presence of pain, and have a relative inability to prevent or inhibit pain-related thoughts, is a key entity within the chronic lower back pain community. Studies have shown that pain catastrophising is associated with increased pain intensity, negatively correlated with pain intensity, and influences the pain intensity experienced by participants. It can also influence the level of pain intensity and may mediate the effect of treatments like Pilates exercise and tai chi on pain intensity.
Pain intensity significantly affects disability.: Pain intensity is a component of chronic pain and is a significant factor in the development and maintenance of disability in individuals with CLBP. Higher pain intensity is associated with higher disability, making it difficult for individuals to perform daily activities. Pain intensity may also influence disability by making it difficult for individuals to perform physical tasks and thus affect their ability to manage their disability.
Alcohol consumption is associated with increased pain intensity and disability.: Alcohol consumption is associated with pain intensity and disability. Alcohol can exacerbate pain, contribute to disability, and lead to physical impairments. The amount of alcohol consumed by an individual, typically measured in standard drinks per week, is correlated with disability, and excessive drinking can lead to a worsening of both pain intensity and disability.
Stress and perceived stress can increase pain intensity.: Stress and perceived stress can increase the perception of pain intensity in chronic lower back pain. Stress can exacerbate pain and vice versa, making it a significant factor in the experience of pain intensity. Perceived stress, the subjective experience of the appraisal and reaction to stressors, including their emotional and physical impact, can also affect physical state and exacerbate pain intensity.
Sleep quality is associated with pain intensity.: Sleep quality is associated with pain intensity. People who report poorer sleep quality also report worse pain intensity, although the underlying cause is still unclear. Self-reported sleep quality and proportion of time in slow-wave sleep (SWS) are associated with next-day pain intensity.
### Impact Rating: 8.5
The high impact severity rating of 8.5 indicates that the entities within this community have a significant impact on the quality of life and functioning of individuals with chronic lower back pain.

### Chronic Lower Back Pain Research Community: Investigating Prevalence and Risk Factors
### Summary
This report provides an overview of a community of studies investigating chronic lower back pain. The studies vary in their methodology, including cross-sectional data, Mendelian randomization analyses, and clinical trials. The community focuses on various aspects of chronic lower back pain, such as its prevalence, risk factors, and potential treatments. The studies also consider potential confounders, such as physical abuse in childhood, and potential limitations, such as the first-night effect and the potential influence of opioid therapy. The community's findings may have significant implications for understanding and managing chronic lower back pain in the population.
### Key Findings
Studies use various methodologies: The community includes studies that use different methodologies, such as cross-sectional data, Mendelian randomization analyses, and clinical trials. This diversity in methodology allows for a more comprehensive understanding of chronic lower back pain.
Studies investigate various aspects of chronic lower back pain: The community's studies focus on various aspects of chronic lower back pain, including its prevalence, risk factors, and potential treatments. This broad focus provides a holistic understanding of the condition.
Studies consider potential confounders: The community's studies take into account potential confounders, such as physical abuse in childhood and the first-night effect. This consideration helps to ensure that the findings are accurate and reliable.
Studies may have potential limitations: The community's studies may have potential limitations, such as the potential influence of opioid therapy and the use of summary-level data. These limitations should be considered when interpreting the findings.
Findings may have significant implications for managing chronic lower back pain: The community's findings may have significant implications for managing chronic lower back pain in the population. For example, understanding the relationship between physical abuse in childhood and chronic lower back pain could help to identify individuals at risk and develop targeted interventions.
### Impact Rating: 8.5
The high impact severity rating reflects the significant implications of the community's findings for understanding and managing chronic lower back pain in the population.

### Alcohol Use Disorder and Seasonal Affective Disorder Community
### Summary
This report examines the relationship between Alcohol Use Disorder (AUD) and Seasonal Affective Disorder (SAD), two mental health disorders that share a complex interplay. The analysis reveals a significant association between the two disorders, with SAD being a causal influence on AUD, as indicated by various studies. However, the relationship is not bidirectional, as AUD does not prospectively predict SAD. The findings also suggest that SAD increases the risk of incident AUD, and the two disorders often occur together in comorbid cases.
### Key Findings
SAD is a causal influence on AUD: The text suggests a causal relationship between SAD and AUD, as SAD may lead to AUD. This is supported by findings that SAD prospectively predicted AUD, but other anxiety disorders did not. The biometric modelling favoured models with direct phenotypic paths from SAD to AUD over models with shared genetic and environmental risk factors and models with direct paths from AUD to SAD.
SAD increases the risk of incident AUD: The text suggests that SAD is associated with an increased risk of incident AUD. This is supported by findings that SAD at T1 was associated with AUD at T2 in a longitudinal association.
SAD and AUD often occur together in comorbid cases: The text suggests that SAD and AUD often occur together in comorbid cases. This is supported by findings that SAD and AUD are associated, and that the two disorders share genetic risk factors.
AUD does not prospectively predict SAD: The text suggests that AUD did not prospectively predict SAD, but possibly other anxiety disorders. This indicates that the relationship between SAD and AUD is not bidirectional.
Shared genetic risk factors for AUD and anxiety disorders: The text suggests that shared genetic risk factors for AUD and anxiety disorders have been found in twin and molecular genetic studies. This indicates that there may be a genetic predisposition to both disorders.
### Impact Rating: 7.5
The high impact severity rating is due to the significant association between AUD and SAD, which can have serious consequences for individuals suffering from both disorders.

### Lower Back Pain Community: Physical Therapy, Analgesics, and Medical Professionals
### Summary
This report provides an overview of the Lower Back Pain community, focusing on key entities such as physical therapy, analgesics, general practitioners, and orthopaedists. The entities are interconnected through their roles in the treatment and management of lower back pain. The report also highlights the association between lower back pain and factors such as general health, socioeconomic background, and health insurance status.
### Key Findings
Physical therapy is a common treatment for lower back pain: Physical therapy is a treatment modality used to manage lower back pain. It involves exercises and other interventions aimed at improving mobility, reducing pain, and promoting healing. The text mentions that physical therapy is a treatment for lower back pain and that individuals who have undergone physical therapy for their back pain have a higher prevalence of back pain.
Analgesics are used to relieve pain associated with lower back pain: Analgesics are medications used to relieve pain. They are used to treat lower back pain, and individuals who have used analgesics for their back pain have a higher prevalence of back pain. The text also mentions that general practitioners and orthopaedists may prescribe analgesics to manage pain associated with chronic lower back pain.
General practitioners and orthopaedists play a role in the treatment of lower back pain: General practitioners and orthopaedists are medical professionals who diagnose and treat a wide range of medical conditions. They are involved in the treatment of lower back pain, with general practitioners providing primary care and orthopaedists specializing in the musculoskeletal system. The text mentions that general practitioners may provide treatment for back pain, and orthopaedists may provide treatment, prescribe analgesics, and refer patients for further evaluation and treatment.
Lower back pain is a common reason for health care visits: Lower back pain is a common reason for physician visits. The text mentions that back pain is one of the most common reasons for physician visits and that it leads to health care visits. It also mentions that back pain is a top contributor to Years Living with Disability (YLDs).
Early imaging is used to diagnose lower back pain: Early imaging is used to diagnose lower back pain. The text mentions that diagnostic imaging is used to diagnose back pain and that early imaging is a treatment for back pain. It also mentions that early imaging tests are used to diagnose back pain.
Injections are used to treat chronic lower back pain: Injections are used to treat chronic lower back pain. The text mentions that injections are administered to alleviate back pain and that individuals who have received injections for their back pain have a higher prevalence of back pain. It also mentions that orthopaedists may administer injections to manage pain associated with chronic lower back pain.
Back pain is associated with poorer general health: Back pain is associated with poorer general health, as individuals with poorer general health are more likely to have back pain. The text mentions that general health was associated with back pain, as individuals with poorer general health were more likely to have back pain.
Back pain can lead to work absence: Back pain can lead to work absence. The text mentions that back pain can lead to work absence and that it can limit an individual's ability to perform activities of daily living. It also mentions that back pain can lead to sick leave or disability.
Back pain is a top contributor to Years Living with Disability (YLDs): Back pain is a top contributor to Years Living with Disability (YLDs), a measure of the number of years lived with a disability. The text mentions that back pain is a top contributor to YLDs.
Racial and ethnic minorities may have different experiences with lower back pain: Racial and ethnic minorities may have different experiences with lower back pain. The text mentions that racial and ethnic minorities may have different experiences with back pain.
### Impact Rating: 8.5
The high impact severity rating is due to the prevalence of lower back pain, the substantial economic impact of its treatment, and its association with other health conditions.

## Relationships:

(Alcohol: Alcohol consumption (number of drinks per week))--[ASSOCIATEDWITH: Alcohol consumption is associated with the odds ratio]-->(Or: Odds Ratio (OR) is a measure of association between two events. It represents the ratio of the odds of an event occurring in one group compared to the odds of the event occurring in another group.)
(Odds Ratio: A measure of the strength of the association between two variables, in this case, the relationship between various factors and the likelihood of owning a credit card)--[USED_TO: Odds Ratio is used to measure the association between Education and Coronary Heart Disease (CHD)]-->(Education: The level of education completed by the participants.)
(Or: Odds Ratio (OR) is a measure of association between two events. It represents the ratio of the odds of an event occurring in one group compared to the odds of the event occurring in another group.)--[MEASURES_ASSOCIATION: The odds ratio measures the association between BMI and major depression.]-->(Bmi: Body Mass Index, a measure of body fat based on an individual's weight in relation to their height.)
(Or: Odds Ratio (OR) is a measure of association between two events. It represents the ratio of the odds of an event occurring in one group compared to the odds of the event occurring in another group.)--[MEASURE_OF_ASSOCIATION: OR is a measure of association between BMI and other variables]-->(Bmi: Body Mass Index, a measure of body fat based on an individual's weight in relation to their height.)
(Or: Odds Ratio (OR) is a measure of association between two events. It represents the ratio of the odds of an event occurring in one group compared to the odds of the event occurring in another group.)--[MEASURES: The text uses OR to measure the BMI]-->(Bmi: Body Mass Index, a measure of body fat based on an individual's weight in relation to their height.)
(Causal Association: A relationship between two variables where a change in one variable causes a change in the other)--[APPLICABLE: The concept of causal association is applicable to the study of the relationship between BMI and back pain and chronic back pain]-->(Bmi: Body Mass Index, a measure of body fat based on an individual's weight in relation to their height.)
(Odds Ratio: A measure of the strength of the association between two variables, in this case, the relationship between various factors and the likelihood of owning a credit card)--[USED_TO_ESTIMATE: Odds ratios were used to estimate the association between genetic liability to depression and the risk of CAD.]-->(Depression: Depression refers to a mood disorder characterized by persistent feelings of sadness, hopelessness, and a lack of interest or pleasure in activities.)
(Depression: Depression refers to a mood disorder characterized by persistent feelings of sadness, hopelessness, and a lack of interest or pleasure in activities.)--[ASSOCIATION: The text does not provide information about the correlation between depression and psychotropic medication use]-->(Correlation: A statistical measure used to determine the degree to which two variables are related)
(Odds Ratio: A measure of the strength of the association between two variables, in this case, the relationship between various factors and the likelihood of owning a credit card)--[USED_TO_MEASURE: Odds ratio is used to measure the association between anxiety and CAD in diabetic patients]-->(Anxiety: Anxiety refers to feelings of worry, fear, and apprehension.)
(Odds Ratio: A measure of the strength of the association between two variables, in this case, the relationship between various factors and the likelihood of owning a credit card)--[MEASURES_CAUSAL_EFFECT: Odds ratio is used to measure the causal effect of genetically predicted anxiety on coronary artery disease in patients with diabetes.]-->(Anxiety: Anxiety refers to feelings of worry, fear, and apprehension.)
(Study: A systematic investigation to establish or confirm a fact or the existence of a phenomenon)--[USED: The study used the Odds Ratio as a statistical test]-->(Or: Odds Ratio (OR) is a measure of association between two events. It represents the ratio of the odds of an event occurring in one group compared to the odds of the event occurring in another group.)
(Or: Odds Ratio (OR) is a measure of association between two events. It represents the ratio of the odds of an event occurring in one group compared to the odds of the event occurring in another group.)--[USED_AS: OR is used as a statistical measure to assess the association between unmarried status and chronic lower back pain, and between age > 70 and chronic lower back pain]-->(Study: A systematic investigation to establish or confirm a fact or the existence of a phenomenon)
(Anxiety: Anxiety refers to feelings of worry, fear, and apprehension.)--[ASSOCIATION: The text does not provide information about the correlation between anxiety and psychotropic medication use]-->(Correlation: A statistical measure used to determine the degree to which two variables are related)
(Odds Ratio: A measure of the strength of the association between two variables, in this case, the relationship between various factors and the likelihood of owning a credit card)--[CALCULATED: The odds ratio was calculated in the study]-->(Study: A systematic investigation to establish or confirm a fact or the existence of a phenomenon)
(Correlation: A statistical measure used to determine the degree to which two variables are related)--[CHARACTERISTIC_OF: The correlations are a characteristic of the study.]-->(Study: A systematic investigation to establish or confirm a fact or the existence of a phenomenon)
",False,
Education,PEG,True,"Reasoning Process:
Step 1: The report provides information about the association between Education and PEG, but it does not explicitly state a causal relationship. However, the report does mention Mendelian Randomization, a method used to establish causal inference in observational research.
Step 2: The report also mentions that genetic markers for education may potentially cause a reduction in the incidence of Coronary Heart Disease, which is negatively correlated with PEG. This suggests a potential causal relationship between Education and PEG, as higher levels of Education may lead to a reduction in Coronary Heart Disease, which in turn leads to a lower PEG score.
Step 3: The report also mentions that the Mendelian randomization suggests that there may be a negative causal effect of education on BMI, and BMI is a known factor that influences PEG. This suggests another potential causal pathway where Education may influence PEG indirectly through BMI.
Step 4: The report does not explicitly state that Education temporally precedes PEG, but the causal relationship between Education and BMI, and the known relationship between BMI and PEG, suggest that Education may precede PEG in a causal relationship.
Step 5: The report does not provide any evidence of reverse causation, which would suggest that PEG influences Education. The absence of evidence for reverse causation supports the possibility of a causal relationship where Education precedes and leads to a change in PEG.
Step 6: The report does not explicitly state that the causal relationship between Education and PEG is direct, but the potential causal pathways through BMI suggest that there may be intermediate variables involved.

Conclusion: Yes","# Report:
## Chunks:

). The number of chronic health conditions was a sum measure of 15 self-reported chronic health conditions such as arthritis, glaucoma, and high cholesterol. Self-rated health, a valid and reliable measure of general well-being, <sup>28</sup> was assessed by asking: 'How would you describe your general health?' (1 = excellent to 4 = poor) (see Table 1).

#### Focal predictor: low educational attainment (age 21)

Participants who did not graduate from high school by age 21 were coded 1 (including those with a GED); all other participants were coded 0. Individuals with a GED have been reported to be more comparable to those without a high school diploma rather than those with a high school diploma with regard to health status.<sup>29-31</sup> Accordingly, participants with a GED were grouped with high school dropouts for the analysis. It has been also shown that completion of a degree, rather than an additional year of schooling, is associated with improvement in health, 2,32 although this association remains debatable.4 Because the majority of participants at the age 21 survey had not completed a postsecondary degree, and high school completion remains an important marker in an individual's educational career and has been shown to have long-term impacts on various life outcomes, 33-35 educational attainment was operationalized as previously described.

#### Pathway measures

Health behaviours (at age 30) included: (a) heavy episodic drinking, i.e. the number of times of having five or more drinks in a row during the past month; (b) cigarette smoking, i.e. the number of times of smoking during the past month (ranging from 1 = not at all to 5 = about a pack a day or more); and (c) meeting physical activity guidelines (1 = yes, 0 = no).

| Variable (metric or range) M or %  Educational attainment, age 21 No high school diploma (1 = yes), age 21 18.7  Health outcomes  Major depression (1 = yes), age 33 10.0 Obesity (1 = yes), age 33 34.0  Number of chronic health conditions, age 33 0 77.1 1 19.0 2 2.7 3 0.7 4 0.1 Self-rated general health, age 33 2.1  Mediators Health behaviours Heavy episodic drinking, age 30 0.6 C
plicated our findings in the Asian population of the BCAC study, we also found the detrimental causal effect (IVW OR, 1.33 for BC risk per log-odds increment in OSAS risk, 95% CI = 1.13-1.56; P = 0.0006). Sensitivity analyses by MBE, penalized IVW, robust IVW, simple median, and weighted median method confirmed the robustness of our findings. For the potential pleiotropy effect, we didn't find any other associations by searching MR-Base, PhenoScanner database and the GWAS catalog. The intercept from MR-Egger regression didn't differed from zero (P>0.05). Also, MR-PRESSO analyses revealed that no potential outliers were detected in both our sample and Asian population of the BCAC study.

## **DISCUSSION**

In current study, we applied a two-sample MR approach to comprehensively evaluate the causal relationships of OSAS and etiology of BC in both Chinese samples and Asian population of the BCAC study. The primary MR analyses showed that genetic predisposition to higher risk of OSAS was associated with higher risk of BC. Meanwhile, sensitivity analyses validated the robustness of the primary results. We also didn't detect any pleiotropy effect of the IV for OSAS using series of methods. To the best of our knowledge, this should be first study which aims to explore the causal relationships between OSAS and risk of BC.

Sleep-related disorders is a series of different medical disorders of the sleep patterns, including dyssomnias, parasomnias, circadian rhythm sleep disorders, and others [35, 36]. Among them, OSAS is the most frequent type of respiratory disturbance [37]. It was estimated that OSAS owned a mean prevalence rate of 22% (range, 9-37%) in men and 17% (range, 4-50%) in women globally [38]. According to the results of a meta-analysis in Asian countries, China and India present the highest prevalence of OSAS [39]. Previous retrospective and prospective observational studies revealed there was a possible association between OSAS and elevated cancer risk, although it was not determined that whether it was a causal relationship [22, 40–43]. Even some studies reported null association or reversed conclusion that cancers and its related therapies caused the occurrence of OSAS [44–46]. Against this background, the implement of MR in the causal inference was much more essential. Recently, a MR analysis evaluated the associations of self-
WAS. Te less conservative false discovery rate correction was also calculated and reported but was not used to identify potential causal efects for follow-up.

#### **Follow‑up two‑sample MR**

We undertook follow-up analyses using two-sample MR for all outcomes for which the association with the GRS was identifed as a potential causal efect of insomnia symptoms and an appropriate GWAS could be found. Te purpose of this was to confrm the reliability of the potential causal efects identifed in the MR-PheWAS and to provide a causal estimate. Te TwoSampleMR package (MR-base) v0.5.6 [[39](#page-12-34)] was used to conduct the follow-up. It was decided *a priori* that outcomes included in the auxiliary variables or sleep categories would not be followed up. We conducted an automated search for relevant GWAS using pre-specifed search terms for each outcome and a predetermined workfow to select the most appropriate GWAS for each outcome. First, we conducted an automated search for relevant GWAS using pre-specifed search terms for each outcome. Te search automatically excluded GWAS that included solely UK Biobank data, included non-European populations or stratifed by sex, based on the meta-data included in the MR-Base database. Of the remaining GWAS, we excluded those that did not match a follow-up outcome on manual inspection, those for which the origins of the data used could not be determined and those that used UK Biobank or 23andMe data. If the only GWAS available for a particular outcome included UK Biobank or 23andMe data (but did not only include UK Biobank or 23andMe data), we undertook follow-up in those GWAS and report the extent of overlap between the two samples. Of the remaining GWAS, we then chose the most suitable for a given trait. Tis was either the most suitable Gibson *et al. BMC Medicine (2023) 21:128* Page 4 of 15

match in terms of the trait used in that GWAS or where multiple GWAS had suitable traits, we chose the one with the larger sample size. All GWAS from FinnGen were then updated to the newest version when the ffth release was added to the MR-Base database.

Te two-sample MR analysis used the same 129 SNPs and SNP-insomnia symptoms associations used by the MR-PheWAS GRS [\[18\]](#page-12-14), and the SNP-outcome associations were
, the present study results might be caused at least partially by nonspecific factors of the treatment such as a clear treatment rationale, a highly structured and standardized treatment program, and emphasis on active participation and responsibility for generalization[.26,44](#page-9-0)

In conclusion, this study showed that treatment elements that do not deliberately target cognitive factors but instead concentrate on letting the patients experience that performing physical exercises or normally hampered activities in a controlled environment is still possible are responsible for a substantial cognitive change.

The lack of change in internal control of pain was not expected. This might be attributed to the fact that the cognitive treatment consisting of the PST and the operant behavioral GA training was not specifically aimed at changing the internal control of pain. In the study of Spinhoven et al[,44](#page-9-0) which did show an increase of control of pain, the cognitive treatment specifically aimed at increasing pain control and self-efficacy beliefs. Another explanation might be the internal control of pain subscale of the PCL itself. Currently there is no information about the responsiveness of this scale. In addition, the baseline score seemed already moderate to high in all treatment groups (mean score ranged from 15.6 to 16.6). However, in the absence of normative values for the <span id=""page-8-0""></span>healthy population, it is difficult to judge whether there existed a ceiling effect for this measure.

A weakness of this study and most previous studies alike is that the results are based on self-report only, which might be influenced by a number of self-serving biases. On the other hand, by using the 3-step process for assessing mediation as described by Baron and Kenny5 and statistically testing the results with Sobel's *t* test, the mediating effect of pain catastrophizing seems quite solid. To examine whether we are not merely measuring correlation and that the change in mediator really precedes the change in outcome, Burns et al11,12 suggested using cross-lagged correlation. In their uncontrolled study on chronic pain patients attending a multidisciplinary treatment, they collected data on pain catastrophizing, helplessness, depression, and the outcome (multidimensional pain inventory) at before, during, and after treatment. An early change in cognitions appeared to predict late treatment change of pain and disability but not the other way around.

Although we performed a controlled study, we were not able to collect data at mid-treatment, and a crosslagged correlation was not possible. Therefore, the direction of causality among the variables remains ambiguous. Taking the results of Burns et al11,12 into consideration, it seems that the direction
*vice versa*, supporting the independent role of genetic liability of insomnia in etiology of MDD, reminiscent of the notion of using sleep interventions as therapies for neurodegenerative and psychiatric disorders ([Akers et al., 2018](#page-3-0)).

The SNPs and genes contributing to the causal effect of insomnia on depression and depression on insomnia are listed in [Tables 1 and 2](#page-2-0). For the causal effect of insomnia on depression, the instrumental variants in depression were mapped to 30 genes, including 10 non-coding genes

**Fig. 1.** The causal effects between major depressive disorder and insomnia. A. Causal effect of major depressive disorder on insomnia. B. Causal effect of insomnia on major depressive disorder. The dot lines denote effect sizes (bxy).

<span id=""page-2-0""></span>*Gene 768 (2021) 145271 L. Cai et al.* 

**Table 1**  Instrumental variants mediating causal effect of MDD on insomnia.

| SNP        | CHR | Base position | A1 | A2 | Gene name     | Gene ID     |
|------------|-----|---------------|----|----|---------------|-------------|
| rs10141157 | 14  | 104,018,105   | T  | C  | NA            | NA          |
| rs17727765 | 17  | 27,576,962    | C  | T  | CRYBA1        | 1411        |
| rs2327715  | 9   | 2,975,170     | T  | C  | CARM1P1       | 100,130,873 |
| rs7305875  | 12  | 23,971,243    | T  | A  | SOX5          | 6660        |
| rs11561993 | 7   | 109,102,855   | T  | C  | NA            | NA          |
| rs12080622 | 1   | 80,792,881    | T  | C  | NA            | NA          |
IVW) method. The standard error of the ratio estimates may be calculated using the delta approach, and the IVW estimate of the causal effect combines the ratio estimates of each variant in a meta-analysis model (Burgess et al., 2013). If all instrumental variables are valid and any horizontal pleiotropy is balanced, the results of the IVW method are robust (Hartwig et al., 2017). The Cochran Q statistic and I-squared ( $I^2$ ) were used to assess the heterogeneity of the IVW estimations. To evaluate the robustness of our findings, we performed sensitivity analyses using the weighted-median approach, the MR-Egger method, the MR-robust adjusted profile score (MR-RAPS) method, and the leave-one-out analysis, and produced funnel plots.

If valid instrumental variables account for at least 50% of the weight variance, the weighted-median method provides a consistent estimate (Bowden et al., 2016). A test for directional pleiotropy is provided by the MR-Egger regression method. The directional pleiotropic effect differs from zero if the intercept from the MR-Egger analysis is not equal to zero (*P* for intercept <0.05). In contrast, if the intercept is zero, the IVW method can provide a consistent estimate of the causal effect(Bowden et al., 2015). The MR-RAPS used robust adjusted profile scores to correct for horizontal pleiotropy in the IVW analyses (Zhao et al., 2019). The plots of leave-one-out analysis were produced to determine if any outlier SNPs had an impact on the model, and the overall MR estimates were compared to the estimates of the most precise individual SNP estimators

<span id=""page-2-0""></span>**Fig. 1.** The flowchart of the selection of instrumental variables. The independent SNPs (LD cut-off *r* <sup>2</sup>*<* 0.001, 10,000-kb) were associated with insomnia, short sleep, and long sleep at the genome-wide significance levels (*P <* 5 × 10<sup>−</sup> <sup>8</sup> ). The repeated MR analysis was performed after excluding the potential pleiotropic SNPs, which were found by the PhenoScanner.

using funnel plots [\(Burgess et al., 2017\)](#page-5-0).

The MR analysis was repeated after excl## Communities:

### Mental Health Community: Depression and Anxiety
### Summary
This report focuses on the community of individuals affected by depression and anxiety, two closely related mental health conditions. The analysis reveals that depression and anxiety are associated, comorbid, and often co-occur in the same individuals. The text also suggests a causal relationship between depression and anxiety, as well as an increased risk of depression in individuals with anxiety. Additionally, the study of depression includes data from the UK Biobank, a large-scale health study, and the selected genetic variants for depression were obtained from the largest GWAS meta-analysis of 807,553 European-descent individuals. Furthermore, depression is associated with an increased risk of cardiovascular disease (CAD), particularly in patients with diabetes.
### Key Findings
Depression and anxiety are related mental health conditions: The text provides multiple instances of the association between depression and anxiety, suggesting that they are closely related emotional states. This relationship is further supported by the fact that they share similar symptoms and risk factors.
Depression and anxiety are comorbid conditions: The text indicates that depression and anxiety often co-occur in the same individuals. This comorbidity is significant, as it can lead to more severe symptoms and increased healthcare costs.
Depression is associated with an increased risk of CAD: The text suggests a causal relationship between depression and an increased risk of CAD, particularly in patients with diabetes. This association is supported by multiple pieces of evidence, including genetic studies and inverse-variance weighted (IVW) analysis.
Depression is associated with insomnia: The text indicates that insomnia is associated with an increased risk of depression. This association is supported by multiple pieces of evidence, including genetic studies and the fact that insomnia symptoms/disorder are reported to independently increase the risk of subsequent depression in older persons.
Depression is associated with multimorbidity: The text suggests that depression is associated with an increased risk of multimorbidity, a condition where an individual has two or more chronic diseases. This association is supported by multiple pieces of evidence, including the fact that depression increases the risk for onset of multimorbidity by 80–90%.
### Impact Rating: 8.5
The high impact severity rating is due to the prevalence of depression and anxiety, their comorbidity, and the associated health risks, including cardiovascular disease.

### Chronic Lower Back Pain Research Community: Investigating Prevalence and Risk Factors
### Summary
This report provides an overview of a community of studies investigating chronic lower back pain. The studies vary in their methodology, including cross-sectional data, Mendelian randomization analyses, and clinical trials. The community focuses on various aspects of chronic lower back pain, such as its prevalence, risk factors, and potential treatments. The studies also consider potential confounders, such as physical abuse in childhood, and potential limitations, such as the first-night effect and the potential influence of opioid therapy. The community's findings may have significant implications for understanding and managing chronic lower back pain in the population.
### Key Findings
Studies use various methodologies: The community includes studies that use different methodologies, such as cross-sectional data, Mendelian randomization analyses, and clinical trials. This diversity in methodology allows for a more comprehensive understanding of chronic lower back pain.
Studies investigate various aspects of chronic lower back pain: The community's studies focus on various aspects of chronic lower back pain, including its prevalence, risk factors, and potential treatments. This broad focus provides a holistic understanding of the condition.
Studies consider potential confounders: The community's studies take into account potential confounders, such as physical abuse in childhood and the first-night effect. This consideration helps to ensure that the findings are accurate and reliable.
Studies may have potential limitations: The community's studies may have potential limitations, such as the potential influence of opioid therapy and the use of summary-level data. These limitations should be considered when interpreting the findings.
Findings may have significant implications for managing chronic lower back pain: The community's findings may have significant implications for managing chronic lower back pain in the population. For example, understanding the relationship between physical abuse in childhood and chronic lower back pain could help to identify individuals at risk and develop targeted interventions.
### Impact Rating: 8.5
The high impact severity rating reflects the significant implications of the community's findings for understanding and managing chronic lower back pain in the population.

### Two-Sample Mr Analysis Community
### Summary
This report provides an overview of the Two-Sample Mr Analysis community, a group of researchers and practitioners who utilize this method in Mendelian Randomization to estimate causal effects. The community's key entities are primarily focused on understanding the causal relationship between exposures and outcomes, particularly in the context of Major Depression and Alcohol Dependence with Alcohol Consumption.
### Key Findings
Methodology and Application: The Two-Sample Mr Analysis method is a valuable tool for estimating causal effects using summary statistics from different samples. This method is particularly useful in situations where traditional methods, such as randomized controlled trials, are not feasible or ethical. The community's research focuses on applying this method to various exposures and outcomes, such as Major Depression and Alcohol Dependence on Alcohol Consumption.
Reputation and Credibility: The Two-Sample Mr Analysis community is recognized for its rigorous research and contributions to the field of Mendelian Randomization. The method's credibility stems from its ability to address potential confounding factors and provide more robust estimates of causal effects compared to traditional methods.
Legal Compliance: The Two-Sample Mr Analysis community operates within the legal framework of academic research, adhering to ethical guidelines and obtaining necessary approvals for their studies. However, it is important to note that the specific legal requirements may vary depending on the jurisdiction and the nature of the research.
Technical Capabilities: The community possesses a strong technical foundation, with expertise in statistical analysis, bioinformatics, and genetics. They utilize advanced software tools and techniques to perform their analyses and interpret their results.
Collaboration and Networking: The Two-Sample Mr Analysis community collaborates extensively with other research groups and organizations, sharing knowledge, resources, and best practices. This collaboration helps to advance the field and improve the quality of research.
Potential Limitations: While the Two-Sample Mr Analysis method offers many advantages, it is not without limitations. For example, the method relies on the instrumental variable assumption, which may not always hold. Additionally, the method may be limited by the availability and quality of summary statistics from different samples.
### Impact Rating: 7.5
The Two-Sample Mr Analysis community's impact is significant due to its potential to contribute to a better understanding of causal relationships in various fields, including mental health and substance use.

### Community of Causal Associations and Direct Effects in Lower Back Pain Management
### Summary
This report presents an analysis of a community centered around Causal Associations and Direct Effects in the context of lower back pain management. The community's entities are interconnected, revealing insights into the causal relationships between treatments and health conditions, and the direct effects of specific treatments on lower back pain.
### Key Findings
Causal Associations in Lower Back Pain Management: The community reveals several causal associations between various treatments and lower back pain. For instance, the use of physical therapy has been causally associated with a reduction in lower back pain, while smoking has been causally associated with an increased risk of lower back pain. These associations can help healthcare providers make informed decisions about treatment options for their patients.
Direct Effects of Treatments on Lower Back Pain: The community also highlights the direct effects of certain treatments on lower back pain. For example, the direct effect of non-steroidal anti-inflammatory drugs (NSAIDs) on lower back pain is independent of any mediators. This means that NSAIDs can directly reduce pain levels, providing immediate relief for patients. However, it's important to note that these drugs may have side effects, and their long-term use should be carefully monitored.
The Role of Mediators in Lower Back Pain: While some treatments have direct effects on lower back pain, many others work through mediators. For instance, the effect of exercise on lower back pain is often mediated by factors such as improved flexibility and muscle strength. Understanding these mediators can help healthcare providers design more effective treatment plans for their patients.
Potential for Personalized Treatment: The insights from this community can potentially lead to more personalized treatment plans for lower back pain. By understanding the causal associations and direct effects of various treatments, healthcare providers can tailor treatment plans to individual patients based on their specific needs and risk factors.
Implications for Research and Policy: The findings from this community can also inform research and policy in the field of lower back pain management. For example, further research could be conducted to confirm the causal associations and direct effects identified, and to explore the role of mediators in treatment outcomes. Policy makers could use this information to develop guidelines for the use of various treatments in lower back pain management.
### Impact Rating: 7.5
The community's impact is significant due to its potential to influence treatment decisions and pain management strategies for individuals suffering from lower back pain.

### Educational Transitions and Success Community
### Summary
This community focuses on the progression from one level of education to another, known as educational transitions, and its impact on overall educational success. The key entities within this community are Educational Transitions, School Student Characteristics, and Institutional Settings, all of which have a significant influence on educational success.
### Key Findings
Educational Transitions' Contribution to Educational Success: The transition from one level of education to another plays a crucial role in an individual's educational journey. A smooth transition can help students adapt to new learning environments, build upon their existing knowledge, and set them up for future success. Conversely, a difficult transition can lead to academic struggles and decreased motivation.
Influence of School Student Characteristics on Educational Success: Individual traits of school students, such as motivation, learning style, and prior knowledge, can significantly impact their educational success. Students with a strong work ethic, a growth mindset, and a willingness to learn are more likely to succeed academically. Additionally, understanding a student's learning style can help teachers tailor their instruction methods to better meet the student's needs.
Impact of Institutional Settings on Educational Success: The environment in which education takes place, including the role of the teacher, can greatly influence educational success. A supportive and engaging learning environment, with a competent and dedicated teacher, can foster a love for learning and encourage students to reach their full potential. Conversely, a negative or unsupportive learning environment can hinder a student's academic progress and overall success.
The Interplay between Educational Transitions, Student Characteristics, and Institutional Settings: The relationship between these three entities is complex and interdependent. For example, a student's characteristics can influence their transition from one level of education to another, and the quality of the institutional setting can impact a student's ability to succeed in their new educational environment. Understanding these relationships is crucial for developing effective strategies to support students during their educational journey.
Implications for Education Policy and Practice: The findings from this community have important implications for education policy and practice. Policymakers can develop strategies to support smooth educational transitions, such as providing additional resources for students during transition periods. Teachers can tailor their instruction methods to meet the needs of individual students, and schools can create supportive and engaging learning environments to foster academic success.
### Impact Rating: 8.5
The impact of this community is high due to the significant role educational transitions, student characteristics, and institutional settings play in shaping an individual's educational success.

## Relationships:

(Reverse Causation: A situation where the effect of the dependent variable on the independent variable is mistaken for the opposite)--[INFLUENCE: Early onset of psychiatric symptoms may hamper subsequent school attendance and performance.]-->(Education: The level of education completed by the participants.)
(Education: The level of education completed by the participants.)--[CAUSAL: The Mendelian randomization suggests that there may be a negative causal effect of education on BMI.]-->(Causal Effect: A cause-and-effect relationship between two variables, where a change in one variable causes a change in another.)
(Education: The level of education completed by the participants.)--[ASSOCIATED_WITH: Education is associated with genetic markers for education, as some studies have identified specific genetic variants that are associated with higher levels of education.]-->(Genetic Markers: Specific genetic variants associated with education. These markers are used in genetic studies to investigate the causal relationship between education and various health outcomes.)
(Causal Association: A relationship between two variables where a change in one variable causes a change in the other)--[APPLICABLE: The concept of causal association is applicable to the study of the relationship between BMI and back pain and chronic back pain]-->(Bmi: Body Mass Index, a measure of body fat based on an individual's weight in relation to their height.)
(Social Causation Theory: A theory that suggests that stressful financial circumstances might lead to the occurrence of new depressive symptoms or maintain previous depression. This might be due to exposure to worse living conditions, malnutrition, unhealthy lifestyle, lower social capital, social isolation, or decreased coping ability with negative life events.)--[EXPLANATION: The social causation theory suggests that stressful financial circumstances might lead to the occurrence of new depressive symptoms or maintain previous depression.]-->(Depression: Depression refers to a mood disorder characterized by persistent feelings of sadness, hopelessness, and a lack of interest or pleasure in activities.)
(Study: A systematic investigation to establish or confirm a fact or the existence of a phenomenon)--[SUPPORTS_FUNDAMENTAL_CAUSE: The study findings provide preliminary empirical support for the fundamental cause approach]-->(Fundamental_Cause: The theory suggesting that intervening factors cannot account for the association between education and health, supported by the study findings)
(Instrumental Variable: Instrumental variables are used in econometrics to estimate causal effects when there is endogeneity in the data. They are variables that are correlated with the explanatory variable (in this case, insomnia) but not directly related to the response variable (anxiety).)--[DATA_ANALYSIS: Instrumental variables are used in the analysis of the causal association between insomnia and anxiety.]-->(Insomnia: Insomnia is a sleep disorder characterized by difficulty falling asleep, staying asleep, or waking up too early and not being able to go back to sleep. It can lead to fatigue, irritability, and difficulty concentrating.)
(Mendelian Randomization: A method used to achieve causal inference in observational research, which is used in the study to identify the causal effect of education on depressive symptoms.)--[USES: In Mendelian Randomization studies, an instrumental variable is employed to infer causation]-->(Instrumental Variable: Instrumental variables are used in econometrics to estimate causal effects when there is endogeneity in the data. They are variables that are correlated with the explanatory variable (in this case, insomnia) but not directly related to the response variable (anxiety).)
(Snp: Single Nucleotide Polymorphism, a common type of genetic variation in which a single DNA building block, or nucleotide, is altered)--[USED_AS: SNPs were used as instrumental variables in the instrumental variable regression analysis.]-->(Instrumental Variable: Instrumental variables are used in econometrics to estimate causal effects when there is endogeneity in the data. They are variables that are correlated with the explanatory variable (in this case, insomnia) but not directly related to the response variable (anxiety).)
(Snp: Single Nucleotide Polymorphism, a common type of genetic variation in which a single DNA building block, or nucleotide, is altered)--[USED_IN_ANALYSIS: Instrumental variables were used in the analysis to estimate the causal effect of insomnia on anxiety.]-->(Instrumental Variable: Instrumental variables are used in econometrics to estimate causal effects when there is endogeneity in the data. They are variables that are correlated with the explanatory variable (in this case, insomnia) but not directly related to the response variable (anxiety).)
(Genetic Variants: Genetic Variants are differences in DNA sequence that can influence an individual's risk for certain diseases or traits.)--[INFLUENCE: Reverse causation is checked by testing whether those SNPs that best predict CHD also associate with educational outcomes.]-->(Reverse Causation: A situation where the effect of the dependent variable on the independent variable is mistaken for the opposite)
(Genetic Markers: Specific genetic variants associated with education. These markers are used in genetic studies to investigate the causal relationship between education and various health outcomes.)--[POTENTIALLY_CAUSES: Genetic markers for education may potentially cause a reduction in mortality, as they are associated with higher levels of education, which is negatively correlated with mortality.]-->(Mortality: Mortality refers to the number of deaths in a given population or group, often used as an indicator of overall health and well-being.)
(Genetic Markers: Specific genetic variants associated with education. These markers are used in genetic studies to investigate the causal relationship between education and various health outcomes.)--[POTENTIALLY_CAUSES: Genetic markers for education may potentially cause a reduction in the incidence of Coronary Heart Disease, as they are associated with higher levels of education, which is negatively correlated with CHD.]-->(Chd: CHD stands for Coronary Heart Disease, a condition in which the blood supply to the heart is reduced or blocked, often due to the buildup of plaque in the coronary arteries.)
(Rct: Randomized Controlled Trial (ISRCTN22714229) that the study is part of.)--[POTENTIAL: Reverse causation was a potential issue in the RCT due to the use of patient-reported outcomes.]-->(Reverse Causation: A situation where the effect of the dependent variable on the independent variable is mistaken for the opposite)
(Reverse Causation: A situation where the effect of the dependent variable on the independent variable is mistaken for the opposite)--[USED_TO_EXAMINE: Reverse causation is the possibility that genetic instruments for RA, smoking exposure, and BMI are used to examine their effects on educational attainment.]-->(Genetic Instruments: Genetic variants used as instrumental variables in Mendelian Randomization)
(Reverse Causation: A situation where the effect of the dependent variable on the independent variable is mistaken for the opposite)--[POSSIBILITY: The possibility of reverse causation was not formally assessed in the MR analyses]-->(Mr Analyses: Statistical analyses performed on the data to establish relationships between variables)
(Reverse Causation: A situation where the effect of the dependent variable on the independent variable is mistaken for the opposite)--[ISSUE: The inherent limitations in observational studies of reverse causation.]-->(Observational Studies: Studies that observe and measure variables without manipulating them)
","# Report:
## Chunks:

SEM. Points and error bars represent mean genetic correlation and 95% confidence intervals. Reference estimates of the association without any adjustment are printed in black. Sample sizes for underlying GWAS summary statistics are reported in Supplementary Table 1. AF=Atrial Fibrillation; CAD=Coronary Artery Disease; Child. Mal.=Childhood Maltreatment; CRP=C-Reactive Protein; DBP=Diastolic

Blood Pressure; Edu=Educational attainment; HDL=High-Density Lipoprotein; HF=Heart Failure; IL6=Interleukin-6; LDL=Low-Density Lipoprotein; MDD=Major Depressive Disorder; NonHDL=Non-High-Density Lipoprotein; PAD=Peripheral Artery Disease; Phys. Act.=Physical activity; PP=Pulse Pressure; Psychosocial=Psychosocial/lifestyle; SBP=Systolic Blood Pressure; T2D=Type II Diabetes; TC=Total Cholesterol; TG=Triglycerides.

**Extended Data Fig. 9 | Sensitivity analyses providing additional support for causal effects between MDD, CVD, and shared risk factors. a**, Effect of genetic instruments for MDD (exposure) on CVD and risk factors (outcomes) after excluding the UKB sample from the MDD GWAS (which was responsible for most of the sample overlap in the exposure and outcome GWAS summary statistics). **b**, Effect of genetic instruments for CVD and risk factors on MDD after excluding the UKB sample from MDD GWAS. **c**, Results from LHC MR, that corrects for heritable confounders and sample overlap, with the IVW MR estimate given as reference, for the effect of MDD on CVD and risk factors. **d** Effect of genetic instruments for MDD-ASCVD on outcomes and risk factors. **a-d** Significantly pleiotropic estimates are indicated with a red asterisk. IVW estimate shown.

Results from sensitivity analyses are reported in Supplementary Table 20. Points and error bars represent mean effect size (regression coefficient) and 95% CIs. Sample sizes for GWAS summary statistics are reported in Supplementary Table 1. The term beta refers to the log odds ratio. AF=Atrial Fibrillation; CAD=Coronary Artery Disease; Child. Mal.=Childhood Maltreatment; CRP = C-Reactive Protein; DBP=Diastolic Blood Pressure;
54 050 estimated deaths and 234 030 new cancer cases in 2018.[1](#page-6-0) The overall 5-year survival rate for lung cancer patients is 18%.[1](#page-6-0) With the increasing burden of lung cancer, it is important to identify potentially modifiable risk factors for better prevention. For instance, smoking is the most common established cause of lung cancer.[2](#page-6-0) Cigarette smoking rates are at historically low levels in the USA due to tobacco control policies, and lung cancer incidence/mortality has significantly declined. Although the causal relationship of risk factors, such as smoking and radon, are generally accepted, the causality of other potential factors, for example education, remains unclear.

Education has been shown to be inversely associated with the incidence of lung cancer in several conventional observational studies.[3](#page-6-0)–[7](#page-6-0) In general, the higher the level of educational attainment, the lower the lung cancer risk. Even when adjusted for smoking, education is still associated with lung cancer in observational studies[.3](#page-6-0) However, this association may be biased due to the methodological limitations of traditional observational study, including confounding, reverse causation and measurement error.[8](#page-6-0) Furthermore, we cannot determine causality through these observational studies. Indeed, clarifying the relationship between education and lung cancer is beneficial for our understanding of the causes of lung cancer, and for the potential development of prevention policies. Given the long latency period between exposure and outcome and the unethical approaches of limiting education in childhood, randomized controlled trials (RCTs), the gold standard in causal inference, are not feasible for this issue. Therefore, we urgently need to assess causal inference through other study designs.

Mendelian randomization (MR) is a novel genetic epidemiological study design that uses genetic variants as instrumental variables ('proxies') to assess causal inferences between risk factors and disease outcomes.[9](#page-6-0) The fundamental principle of MR is that genetic variants, which indicate the level or the biological effects of a modifiable environmental exposure that alters disease risk, should be causally related to disease risk to the extent predicted by their influence on the modifiable environmental exposure.[10](#page-6-0) These genetic variants could serve as unconfounded proxies for modifiable risk factors because they are randomly allocated before birth and fixed at conception, which provides an analogy to randomized controlled trials (RCTs) in a non-experimental (observational) setting
0 positive associations with AUD (Kranzler et al., 2019). Several of these were consistent with previous findings from candidate gene studies or GWAS, including several positive signals in ADH genes, as well as the dopamine DRD2 receptor, but many were novel. Moreover, findings in European Americans were not completely replicated in other ethnicities, who had even fewer positive associations identified. Techniques that allow examination of multiple ""omic"" levels simultaneously and interactive gene effects (Joubert et al., 2019; Joubert et al., 2018; Weighill et al., 2019) will help to unravel the genetics underlying AUD susceptibility.

These types of analyses have yet to be done for AUD, but they may also allow us to address another issue – the issue of which phenotypes should be used in association analyses. AUD is arguably a poor phenotype to examine in GWAS as it is a heterogeneous diagnosis. Associations may be much stronger if sub-phenotypes, or endophenotypes, are used. For example, Kranzler et al. (2019) found partially overlapping, but substantially different, genetic associations with AUD and alcohol consumption measures. This begs the question: should more specific symptoms or traits be examined in genetic studies, rather than the broad diagnoses that have primarily been used to date? In essence, this is part of the same question that underlies efforts to reconsider psychiatric diagnoses using Research Domain Criteria (Young et al., 2017) to better recognise their heterogeneity in both aetiology and presentation.

This heterogeneity is reflected in the wide range of neural and physiological systems that have been explored for their role in AUD. Candidate gene studies have chosen genes for study based upon a priori considerations about susceptibility to AUD (Hall et al.,

2013) and this same logic has guided preclinical studies. However, human genetic findings present another issue for preclinical studies – if the contribution of any particular genetic variant is small, will this also mean preclinical manipulations of the same targets will have small effects? Luckily, this does not seem to be the case in many instances, but this may be because the genetic manipulations (most often homozygous gene knockouts) used in preclinical studies produce greater consequences than most genetic variants in humans, which may alter protein functioning or gene expression, but not entirely eliminate expression. This does raise a question of translational validity, but at least makes the experiments tractable.

Bearing these general caveats in mind, the following sections consider many of the systems that have been
). The number of chronic health conditions was a sum measure of 15 self-reported chronic health conditions such as arthritis, glaucoma, and high cholesterol. Self-rated health, a valid and reliable measure of general well-being, <sup>28</sup> was assessed by asking: 'How would you describe your general health?' (1 = excellent to 4 = poor) (see Table 1).

#### Focal predictor: low educational attainment (age 21)

Participants who did not graduate from high school by age 21 were coded 1 (including those with a GED); all other participants were coded 0. Individuals with a GED have been reported to be more comparable to those without a high school diploma rather than those with a high school diploma with regard to health status.<sup>29-31</sup> Accordingly, participants with a GED were grouped with high school dropouts for the analysis. It has been also shown that completion of a degree, rather than an additional year of schooling, is associated with improvement in health, 2,32 although this association remains debatable.4 Because the majority of participants at the age 21 survey had not completed a postsecondary degree, and high school completion remains an important marker in an individual's educational career and has been shown to have long-term impacts on various life outcomes, 33-35 educational attainment was operationalized as previously described.

#### Pathway measures

Health behaviours (at age 30) included: (a) heavy episodic drinking, i.e. the number of times of having five or more drinks in a row during the past month; (b) cigarette smoking, i.e. the number of times of smoking during the past month (ranging from 1 = not at all to 5 = about a pack a day or more); and (c) meeting physical activity guidelines (1 = yes, 0 = no).

| Variable (metric or range) M or %  Educational attainment, age 21 No high school diploma (1 = yes), age 21 18.7  Health outcomes  Major depression (1 = yes), age 33 10.0 Obesity (1 = yes), age 33 34.0  Number of chronic health conditions, age 33 0 77.1 1 19.0 2 2.7 3 0.7 4 0.1 Self-rated general health, age 33 2.1  Mediators Health behaviours Heavy episodic drinking, age 30 0.6 C
plicated our findings in the Asian population of the BCAC study, we also found the detrimental causal effect (IVW OR, 1.33 for BC risk per log-odds increment in OSAS risk, 95% CI = 1.13-1.56; P = 0.0006). Sensitivity analyses by MBE, penalized IVW, robust IVW, simple median, and weighted median method confirmed the robustness of our findings. For the potential pleiotropy effect, we didn't find any other associations by searching MR-Base, PhenoScanner database and the GWAS catalog. The intercept from MR-Egger regression didn't differed from zero (P>0.05). Also, MR-PRESSO analyses revealed that no potential outliers were detected in both our sample and Asian population of the BCAC study.

## **DISCUSSION**

In current study, we applied a two-sample MR approach to comprehensively evaluate the causal relationships of OSAS and etiology of BC in both Chinese samples and Asian population of the BCAC study. The primary MR analyses showed that genetic predisposition to higher risk of OSAS was associated with higher risk of BC. Meanwhile, sensitivity analyses validated the robustness of the primary results. We also didn't detect any pleiotropy effect of the IV for OSAS using series of methods. To the best of our knowledge, this should be first study which aims to explore the causal relationships between OSAS and risk of BC.

Sleep-related disorders is a series of different medical disorders of the sleep patterns, including dyssomnias, parasomnias, circadian rhythm sleep disorders, and others [35, 36]. Among them, OSAS is the most frequent type of respiratory disturbance [37]. It was estimated that OSAS owned a mean prevalence rate of 22% (range, 9-37%) in men and 17% (range, 4-50%) in women globally [38]. According to the results of a meta-analysis in Asian countries, China and India present the highest prevalence of OSAS [39]. Previous retrospective and prospective observational studies revealed there was a possible association between OSAS and elevated cancer risk, although it was not determined that whether it was a causal relationship [22, 40–43]. Even some studies reported null association or reversed conclusion that cancers and its related therapies caused the occurrence of OSAS [44–46]. Against this background, the implement of MR in the causal inference was much more essential. Recently, a MR analysis evaluated the associations of self-
status in young adulthood.

We note three limitations of our study. First, most of the measures were derived from respondent self-reports, with the exception of two teacher-reported measures and obesity. Respondents' report of their health risk behaviours in particular might be underreported due to social desirability. However, it is noteworthy that cigarette smoking, arguably the most highly stigmatized health behaviour,[57](#page-8-0) showed predictive capacity in the present study, which lends confidence to our findings. Second, our health insurance variable was operationalized to indicate whether an individual was covered either through their employer or union or via a family member. The intent behind this approach was to minimize possible variation across varying health insurance policies. More detailed information about health insurance policies was not available in the SSDP data. Third, it should be acknowledged that the study sample was not nationally representative and generalization of findings should be conducted with caution. These findings should be interpreted in the context of the study sample, which was ethnically diverse and originally from economically challenged backgrounds in Seattle.

The current study made four main contributions to research on the link between education and health outcomes. First, it examined multiple pathways and multiple health outcomes. These analyses were intended to help clarify the pervasiveness or specificity of the role of different mediating factors across varying health outcome measures. Findings can inform efforts to develop effective public health interventions targeting educational disparities in health outcomes. Second, the study findings suggest that different explanatory mechanisms were evident for different health measures. This finding might provide preliminary empirical support for how the fundamental cause approach[17,18](#page-7-0) might operate in a sample of individuals with more disadvantaged backgrounds. This approach suggests that intervening factors, and certainly a single intervening factor, cannot account for the association between education and health. Because the SSDP sample was originally from high-crime neighbourhoods, the SSDP sample represents a group of people who are

socio-economically disadvantaged relative to national samples. Our findings suggest that the fundamental cause might be more evident among those with economically disadvantaged backgrounds. Third, our study contributed to a better understanding of young adulthood, which may hold particular promise for prevention of later health problems that often take a more serious form and require more costly treatment plans.[22](#page-7-0)e[24](#page-7-0) Fourth, our study capitalized on prospective longitudinal data to better clarify the association between education and later health measures. Specifically, these data can help address the alternative explanation of social selection or drift (i.e. that pre-existing health problems impair an## Communities:

### Mental Health Community: Depression and Anxiety
### Summary
This report focuses on the community of individuals affected by depression and anxiety, two closely related mental health conditions. The analysis reveals that depression and anxiety are associated, comorbid, and often co-occur in the same individuals. The text also suggests a causal relationship between depression and anxiety, as well as an increased risk of depression in individuals with anxiety. Additionally, the study of depression includes data from the UK Biobank, a large-scale health study, and the selected genetic variants for depression were obtained from the largest GWAS meta-analysis of 807,553 European-descent individuals. Furthermore, depression is associated with an increased risk of cardiovascular disease (CAD), particularly in patients with diabetes.
### Key Findings
Depression and anxiety are related mental health conditions: The text provides multiple instances of the association between depression and anxiety, suggesting that they are closely related emotional states. This relationship is further supported by the fact that they share similar symptoms and risk factors.
Depression and anxiety are comorbid conditions: The text indicates that depression and anxiety often co-occur in the same individuals. This comorbidity is significant, as it can lead to more severe symptoms and increased healthcare costs.
Depression is associated with an increased risk of CAD: The text suggests a causal relationship between depression and an increased risk of CAD, particularly in patients with diabetes. This association is supported by multiple pieces of evidence, including genetic studies and inverse-variance weighted (IVW) analysis.
Depression is associated with insomnia: The text indicates that insomnia is associated with an increased risk of depression. This association is supported by multiple pieces of evidence, including genetic studies and the fact that insomnia symptoms/disorder are reported to independently increase the risk of subsequent depression in older persons.
Depression is associated with multimorbidity: The text suggests that depression is associated with an increased risk of multimorbidity, a condition where an individual has two or more chronic diseases. This association is supported by multiple pieces of evidence, including the fact that depression increases the risk for onset of multimorbidity by 80–90%.
### Impact Rating: 8.5
The high impact severity rating is due to the prevalence of depression and anxiety, their comorbidity, and the associated health risks, including cardiovascular disease.

### Obesity and Body Mass Index (BMI) Community
### Summary
This report focuses on the community of obesity and Body Mass Index (BMI), two interconnected entities that are closely related to each other and have significant implications for health. The report explores the associations, causalities, and measurements between obesity and BMI, as well as their impact on various health conditions such as chronic back pain, sciatica, and depression.
### Key Findings
Obesity and BMI are closely related: Obesity is a condition characterized by an excess of body fat, and BMI is a measure used to classify individuals as obese. The text suggests a strong association between the two, with higher BMI being indicative of obesity.
BMI is used to measure obesity: BMI is a measure used to determine obesity. It is calculated from an individual's weight and height, and a BMI of 30 or more is used to classify an individual as obese.
Higher BMI is associated with an increased risk of chronic back pain: Recent studies have shown that a higher BMI has causal associations with chronic back pain. This suggests that weight loss may provide an important step in the prevention of chronic back pain.
BMI is associated with other health conditions: BMI is also associated with other health conditions such as sciatica, depression, and sarcopenia. Higher BMI is associated with a higher risk of sciatica due to increased mechanical forces on the lumbar spine. A 1-SD higher genetically instrumented BMI is associated with 1.65 [95%CI: 1.08, 2.52] higher odds of current depression.
Steroid hormones may be associated with BMI: Steroid hormones may influence BMI, as suggested by the Mendelian Randomization study. However, the specific causal effect is not provided in the text.
17-OHP has a causal effect on BMI: 17-OHP, a steroid hormone, has been found to have causal effects on BMI. The text suggests a causal effect of 17-OHP on BMI, but no numerical value is provided.
BMI influences the levels of Leptin: BMI influences the levels of Leptin, a protein that acts in synergy with vascular endothelial growth factor to promote angiogenesis.
BMI is associated with individuals who are both obese and have low muscle mass: Individuals with sarcopenic obesity, who have both sarcopenia and obesity, typically have an elevated BMI.
### Impact Rating: 8.5
The high impact severity rating is due to the significant association between obesity and BMI, and their impact on various health conditions, particularly chronic back pain.

### Chronic Lower Back Pain Community: Pain Catastrophising, Pain Intensity, and Disability
### Summary
This report examines the community of individuals experiencing chronic lower back pain (CLBP). The key entities within this community are pain catastrophising, pain intensity, and disability. The relationships between these entities reveal that pain catastrophising significantly influences pain intensity, which in turn affects disability. Alcohol consumption, stress, and sleep quality are also associated with pain intensity and disability.
### Key Findings
Pain catastrophising is a significant factor in the experience of pain intensity.: Pain catastrophising, the tendency to magnify the threat value of pain, feel helpless in the presence of pain, and have a relative inability to prevent or inhibit pain-related thoughts, is a key entity within the chronic lower back pain community. Studies have shown that pain catastrophising is associated with increased pain intensity, negatively correlated with pain intensity, and influences the pain intensity experienced by participants. It can also influence the level of pain intensity and may mediate the effect of treatments like Pilates exercise and tai chi on pain intensity.
Pain intensity significantly affects disability.: Pain intensity is a component of chronic pain and is a significant factor in the development and maintenance of disability in individuals with CLBP. Higher pain intensity is associated with higher disability, making it difficult for individuals to perform daily activities. Pain intensity may also influence disability by making it difficult for individuals to perform physical tasks and thus affect their ability to manage their disability.
Alcohol consumption is associated with increased pain intensity and disability.: Alcohol consumption is associated with pain intensity and disability. Alcohol can exacerbate pain, contribute to disability, and lead to physical impairments. The amount of alcohol consumed by an individual, typically measured in standard drinks per week, is correlated with disability, and excessive drinking can lead to a worsening of both pain intensity and disability.
Stress and perceived stress can increase pain intensity.: Stress and perceived stress can increase the perception of pain intensity in chronic lower back pain. Stress can exacerbate pain and vice versa, making it a significant factor in the experience of pain intensity. Perceived stress, the subjective experience of the appraisal and reaction to stressors, including their emotional and physical impact, can also affect physical state and exacerbate pain intensity.
Sleep quality is associated with pain intensity.: Sleep quality is associated with pain intensity. People who report poorer sleep quality also report worse pain intensity, although the underlying cause is still unclear. Self-reported sleep quality and proportion of time in slow-wave sleep (SWS) are associated with next-day pain intensity.
### Impact Rating: 8.5
The high impact severity rating of 8.5 indicates that the entities within this community have a significant impact on the quality of life and functioning of individuals with chronic lower back pain.

### Chronic Lower Back Pain Research Community: Investigating Prevalence and Risk Factors
### Summary
This report provides an overview of a community of studies investigating chronic lower back pain. The studies vary in their methodology, including cross-sectional data, Mendelian randomization analyses, and clinical trials. The community focuses on various aspects of chronic lower back pain, such as its prevalence, risk factors, and potential treatments. The studies also consider potential confounders, such as physical abuse in childhood, and potential limitations, such as the first-night effect and the potential influence of opioid therapy. The community's findings may have significant implications for understanding and managing chronic lower back pain in the population.
### Key Findings
Studies use various methodologies: The community includes studies that use different methodologies, such as cross-sectional data, Mendelian randomization analyses, and clinical trials. This diversity in methodology allows for a more comprehensive understanding of chronic lower back pain.
Studies investigate various aspects of chronic lower back pain: The community's studies focus on various aspects of chronic lower back pain, including its prevalence, risk factors, and potential treatments. This broad focus provides a holistic understanding of the condition.
Studies consider potential confounders: The community's studies take into account potential confounders, such as physical abuse in childhood and the first-night effect. This consideration helps to ensure that the findings are accurate and reliable.
Studies may have potential limitations: The community's studies may have potential limitations, such as the potential influence of opioid therapy and the use of summary-level data. These limitations should be considered when interpreting the findings.
Findings may have significant implications for managing chronic lower back pain: The community's findings may have significant implications for managing chronic lower back pain in the population. For example, understanding the relationship between physical abuse in childhood and chronic lower back pain could help to identify individuals at risk and develop targeted interventions.
### Impact Rating: 8.5
The high impact severity rating reflects the significant implications of the community's findings for understanding and managing chronic lower back pain in the population.

## Relationships:

(Alcohol: Alcohol consumption (number of drinks per week))--[INFLUENCE: Alcohol use may negatively impact educational attainment]-->(Educational Attainment: The level of education completed by an individual, often used as a proxy for socioeconomic status. In the context of the text, it is discussed in relation to its association with health outcomes.)
(Age: The age of the participants in the study.)--[INFLUENCE: Age can influence the educational attainment]-->(Educational Attainment: The level of education completed by an individual, often used as a proxy for socioeconomic status. In the context of the text, it is discussed in relation to its association with health outcomes.)
(Alcohol: Alcohol consumption (number of drinks per week))--[ASSOCIATEDWITH: Alcohol consumption is associated with the estimated effect size]-->(Beta: Beta is a measure of the strength and direction of the linear relationship between a continuous exposure and a continuous outcome.)
(Educational Attainment: The level of education completed by an individual, often used as a proxy for socioeconomic status. In the context of the text, it is discussed in relation to its association with health outcomes.)--[ASSOCIATION: Educational attainment is intimately associated with smoking, as suggested in the text.]-->(Smoking: The smoking habits of the participants in the study by Linton et al.)
(Smoking: The smoking habits of the participants in the study by Linton et al.)--[INFLUENCES: The text suggests that smoking may influence educational attainment, although this is not the primary focus of the text]-->(Educational Attainment: The level of education completed by an individual, often used as a proxy for socioeconomic status. In the context of the text, it is discussed in relation to its association with health outcomes.)
(Educational Attainment: The level of education completed by an individual, often used as a proxy for socioeconomic status. In the context of the text, it is discussed in relation to its association with health outcomes.)--[DECREASES: Higher educational attainment decreases smoking]-->(Smoking: The smoking habits of the participants in the study by Linton et al.)
(Education: The level of education completed by the participants.)--[ASSOCIATION: The association between education and lung cancer remains unclear.]-->(Causality: The relationship between a cause and its effect. In this context, it refers to the causality of potential factors for lung cancer.)
(Education: The level of education completed by the participants.)--[ASSOCIATED_WITH: Education is associated with genetic markers for education, as some studies have identified specific genetic variants that are associated with higher levels of education.]-->(Genetic Markers: Specific genetic variants associated with education. These markers are used in genetic studies to investigate the causal relationship between education and various health outcomes.)
(Educational Attainment: The level of education completed by an individual, often used as a proxy for socioeconomic status. In the context of the text, it is discussed in relation to its association with health outcomes.)--[ASSOCIATION: Education level may influence dietary habits and lifestyle, which in turn affect BMI.]-->(Bmi: Body Mass Index, a measure of body fat based on an individual's weight in relation to their height.)
(Bmi: Body Mass Index, a measure of body fat based on an individual's weight in relation to their height.)--[ASSOCIATED_WITH: The text suggests that BMI may be associated with educational attainment, although this is not the primary focus of the text]-->(Educational Attainment: The level of education completed by an individual, often used as a proxy for socioeconomic status. In the context of the text, it is discussed in relation to its association with health outcomes.)
(Educational Attainment: The level of education completed by an individual, often used as a proxy for socioeconomic status. In the context of the text, it is discussed in relation to its association with health outcomes.)--[ASSOCIATION: Lower educational attainment is associated with a higher risk of late-life depression, but the association may be influenced by environmental factors.]-->(Depression: Depression refers to a mood disorder characterized by persistent feelings of sadness, hopelessness, and a lack of interest or pleasure in activities.)
(Educational Attainment: The level of education completed by an individual, often used as a proxy for socioeconomic status. In the context of the text, it is discussed in relation to its association with health outcomes.)--[ASSOCIATEDWITH: Higher levels of educational attainment are associated with reduced depression]-->(Depression: Depression refers to a mood disorder characterized by persistent feelings of sadness, hopelessness, and a lack of interest or pleasure in activities.)
(Bmi: Body Mass Index, a measure of body fat based on an individual's weight in relation to their height.)--[ASSOCIATION: BMI is associated with increased levels of IL-18.]-->(Il-18: A biomarker that increases with increasing BMI and has not been found to have a causal role in the development of several types of cancer.)
(Obesity: A condition characterized by excess body fat)--[ASSOCIATED_WITH: The study examined the association between educational attainment and obesity]-->(Educational Attainment: The level of education completed by an individual, often used as a proxy for socioeconomic status. In the context of the text, it is discussed in relation to its association with health outcomes.)
(Educational Attainment: The level of education completed by an individual, often used as a proxy for socioeconomic status. In the context of the text, it is discussed in relation to its association with health outcomes.)--[NOT_ASSOCIATED: Low educational attainment was not associated with obesity.]-->(Obesity: A condition characterized by excess body fat)
(Obesity: A condition characterized by excess body fat)--[ASSOCIATION: Obesity is associated with increased levels of IL-18.]-->(Il-18: A biomarker that increases with increasing BMI and has not been found to have a causal role in the development of several types of cancer.)
(Educational Attainment: The level of education completed by an individual, often used as a proxy for socioeconomic status. In the context of the text, it is discussed in relation to its association with health outcomes.)--[ASSOCIATION: Higher educational attainment is associated with a lower risk of anxiety.]-->(Anxiety: Anxiety refers to feelings of worry, fear, and apprehension.)
(Educational Attainment: The level of education completed by an individual, often used as a proxy for socioeconomic status. In the context of the text, it is discussed in relation to its association with health outcomes.)--[ASSOCIATEDWITH: Higher levels of educational attainment are associated with reduced anxiety]-->(Anxiety: Anxiety refers to feelings of worry, fear, and apprehension.)
(Educational Attainment: The level of education completed by an individual, often used as a proxy for socioeconomic status. In the context of the text, it is discussed in relation to its association with health outcomes.)--[INFLUENCES: Education may influence the level of anxiety, as higher education may provide better coping mechanisms]-->(Anxiety: Anxiety refers to feelings of worry, fear, and apprehension.)
(Educational Attainment: The level of education completed by an individual, often used as a proxy for socioeconomic status. In the context of the text, it is discussed in relation to its association with health outcomes.)--[CAUSALLY_INCREASES_RISK: Lower levels of educational attainment causally increase the risk of Major Depressive Disorder]-->(Mdd: Major Depressive Disorder (MDD) is a mental health disorder characterized by persistent feelings of sadness, hopelessness, and a lack of interest or pleasure in activities. It can also lead to a variety of physical and emotional problems and can greatly affect a person's ability to function at work and in relationships.)
(Educational Attainment: The level of education completed by an individual, often used as a proxy for socioeconomic status. In the context of the text, it is discussed in relation to its association with health outcomes.)--[ASSOCIATION: The text does not provide direct evidence for an association between educational attainment and MDD, but the absence of such an association is not implied.]-->(Mdd: Major Depressive Disorder (MDD) is a mental health disorder characterized by persistent feelings of sadness, hopelessness, and a lack of interest or pleasure in activities. It can also lead to a variety of physical and emotional problems and can greatly affect a person's ability to function at work and in relationships.)
","# Report:
## Chunks:

                  | 0.05–92.87  | No/No<br>19                                      | III                   | 9      |
|                                        | studies)                                     |                                   |                              |                       |                                       | but < 10−3               |             |                                                  |                       |        |
| Anglin et al., 2013                    | Vitamin D deficiency                         | NA                                | 9                            | OR                    | 1.31 (1.00–1.71)                      | 0.047                    | 0.63–2.73   | No/No<br>53                                      | Weak                  | 9      |
| Rahe et al., 2014                      | Western/unhealthy dietary                    | NA                                | 9                            | RR                    | 1.18 (0.97–1.43)                      | 0.096                    | 0.68–2.06   | No/No<br>62                                      | NS                    | 5      |
| Li et al., 2016a, 2016b                | Vegetable intake<br>patterns                 | NA                                | 7                            | RR                    | 0.87 (0.77–0.97)                      | 0.014                    | 0.68–1.11   | Yes/No<br>26                                     | Weak                  | 5      |
| Li et al., 2016a, 2016b                | Fruit intake                                 | NA                                | 8                            | RR                    | 0.85 (0.77–0.93)                      | > 10−6                   | 0.67–1.07   | Yes/No<br>42                                     | III                   | 5      |
|                                        |                                              |                                   |                              |                       |                                       | but < 10−3               |             |                                                  |                       |        |
| Grosso et al., 2016                    | EPA + DHA intake                             | NA                                | 4                            | RR                    | 0.85 (0.70–1.04)                      |
>N</sup>*male = 63 462 *<sup>N</sup>*female = 82 205 <sup>f</sup>*N*total = 145 583 *<sup>N</sup>*male = 63 423 *<sup>N</sup>*female = 82 160 <sup>g</sup>*N*total = 96 658 *<sup>N</sup>*male = 46 272 *<sup>N</sup>*female = 50 386 <sup>h</sup>*N*total = 96 642 *<sup>N</sup>*male = 46 268 *<sup>N</sup>*female = 50 374

Table 2. Observational associations between higher adiposity (using BMI and body fat percentage) and 10 mental health outcomes

|                                              |              |                       | BMI                                   |                |                       | Body fat percentage                       |              |
|----------------------------------------------|--------------|-----------------------|---------------------------------------|----------------|-----------------------|-------------------------------------------|--------------|
| Mental health outcome                        | Strata       | N cases<br>(controls) | OR (95% CI) per SD<br>higher BMI      | ${f p}_{ m g}$ | N cases<br>(controls) | OR (95% CI) per SD<br>higher body fat %   | Pa           |
| Major depression                             | All          | 34739 (110844)        | 1.16 (1.14, 1.17)                     | <1.00E-15      | 34 338 (109526)       | 1.22 (1.20, 1.24)                         | <1.00E-15    |
|                                              | Males only   | 10808 (52615)         | 1.16 (1.13, 1.19)                     | < 1.00E - 15   | 10 655 (51889)        | 1.22 (1.18, 1.26)                         | < 1.00E - 15 |
|                                              | Females only | 2
                         |
| Pan et al., 2012                                          | Metabolic syndrome (prospective<br>studies)               | 2316/27034                        | 9                            | OR                    | 1.48 (1.17–1.87)                                  | 0.001                    | 0.74–2.95              | 61       | No/Yes                                                     | Weak                  | 6                        |
| Jokela et al., 2014                                       | 2 metabolic risk factors                                  | 6691/9586                         | 8                            | OR                    | 1.45 (1.17–1.80)                                  | > 10−6                   | 0.83–2.54              | 51       | Yes/No                                                     | III                   | 3                        |
|                                                           |                                                           |                                   |                              |                       |                                                   | but < 10−3               |                        |          |                                                            |                       |                          |
| Pan et al., 2012                                          | Metabolic syndrome                                        | 20924/132380                      | 27                           | OR                    | 1.42 (1.28–1.57)                                  | < 10−6                   | 0.97–2.07              | 55       | No/No                                                      | II                    | 6                        |
| Jokela et al., 2014                                       | Obesity                                                   | 7673/11413                        | 8                            | OR                    | 1.35 (1.21–1.50)                                  | < 10−6                   | 1.18–1.54              | 0        | No/No                                                      | I                     | 3                        |
| Jokela et al., 2014                                       | 1 metabolic risk factor                                   | 9855/9586                         | 8                            | OR                    | 1.32 (1.06–1.65)                                  | 0.014                    | 0.72–2.42              | 
|               |                   |         |                |                   |         |
| Yes                      | 113 (12.6%)   | 108 (10.0%)       | 0.074   | 289 (24.1%)    | 122 (10.2%)       | < 0.001 |
| No                       | 787 (87.4%)   | 970 (90.0%)       |         | 911 (75.9%)    | 1078 (89.8%)      |         |
| Smoking status           |               |                   |         |                |                   |         |
| Smokers                  | 160 (17.8%)   | 162 (15.0%)       | 0.099   | 215 (17.9%)    | 184 (15.3%)       | 0.089   |
| Non-Smokers              | 740 (82.2%)   | 916 (85.0%)       |         | 985 (82.1%)    | 1016 (84.7%)      |         |
| OSAS                     |               |                   |         |                |                   |         |
| Yes                      | -             | -                 |         | 289 (24.1%)    | 122 (10.2%)       | < 0.001 |
| No                       | -             | =                 |         | 911 (75.9%)    | 1078 (89.8%)      |         |

Table 2. Replication of the GWAS identified OSAS variants in Chinese population.

|            | OSAS cases | Controls | OR (95% CIs) *   | P value |
|------------|------------|----------|------------------|---------|
| rs10097555 |            |          |                  |         |
| AA         | 621        | 691      | 1.00 (Reference) |         |
| AG         | 267        | 355      | 0.84 (0.69-1.01) | 0.069   |
| GG         | 12         | 32       | 0.42 (0.22-0.8)  | 0.00
                                                                                                                                                                                                                                                                                                                                                                                                                                                                                                                                                                                                                                                                                                                                                                                                                                                                                                                                                                                                                                                                                                                                                                                                                                                              | NA                             | 2                            | OR                    | 2.14 (1.18–3.89)                                  | 0.013                 | 0.23 - 19.66 | 94 No/Yes                                                                      |                   | Weak                  | 8      |
| Bonde et al., 2016                                                                                                                                                                                                                                                                                                                                                                                                                                                                                                                                                                                                                                                                                                                                                                                                                                                                                                                                                                                                                                                                                                                                                                                                                                                                                                                                                                                                                                                                                                                                                                                                                                                                                                                                                                                                                                                                                                                                                                                                                                                                                                             | Terrorist act                                                                                                                                                                                                                                                                                                                                                                                                                                                                                                                                                                                                                                                                                                                                                                                                                                                                                                                                                                                                                                                                                                                                                                                                                                                                                                                                                                                                                                                                                                                                                                                                                                                                                                                                                                                                                                                                                                                                                                                                                                                                                                                  | NA                             | 9                            | OR                    | 2.02 (1.38-2.96)                                  | > 10^6                | 0.57-7.16    |                                                                                |                   | _                     | 8      |
|                                                                                                                                                                                                                                                                                                                                                                                                                                                                                                                                                                                                                                                                                                                                                                                                                                                                                                                                                                                                                                                                                                                                                                                                                                                                                                                                                                                                                                                                                                                                                                                                                                
3-0). This statistically significant trend was further proven by Weighted median (OR = 1.21, CI: 1.105–1.318; p = 2.98e-05), RAPS (OR = 1.27, CI: 1.192–1.343; p = 1.08e-14) except for MR-Egger method

<span id=""page-4-0""></span>(OR = 1.15, CI: 0.937–1.421; p = 0.179) [\(Table 2](#page-3-0)). The MR-Egger regression analysis did not indicate the presence of pleiotropy (intercept p = 0.435) and Cochran's Q test did not detect significant heterogeneity in both MR-Egger and IVW methods (p > 0.05) ([Supplementary Table S3\)](#page-6-0). The causal effect of insomnia on LBP is illustrated by scatter plot [\(Figure 2A](#page-4-0)). Based on the effect size analysis, each insomnia SNP appeared to have a robust effect on LBP ([Supplementary Figure S1\)](#page-6-0). Furthermore, the leave-one-out analysis indicated that the significant result was not driven by any single SNP ([Supplementary Figure S2\)](#page-6-0). The mean F-statistics for IVs of insomnia is 43.73 in our study, which had ~100% power to detect a 25% increase in overall LBP risk (OR = 1.25). Altogether, these results indicate that our data are robust and without obvious bias.

#### The causal effect of daytime sleepiness on low back pain

For 38 SNPs, one SNP (rs11078398) was not found in the summary statistics for LBP and one SNP (rs2048522) was removed for being palindromic. In the MR-PRESSO test, no outliers were detected. Finally, 36 SNPs as IVs of daytime sleepiness remained in this part of the analysis. No genetic effect of daytime sleepiness on the risk of LBP was found by IVW method (OR = 0.86, CI: 0.461–1.606; p = 0.636), and the other methods were concordant with this result (## Communities:

### Mental Health Community: Depression and Anxiety
### Summary
This report focuses on the community of individuals affected by depression and anxiety, two closely related mental health conditions. The analysis reveals that depression and anxiety are associated, comorbid, and often co-occur in the same individuals. The text also suggests a causal relationship between depression and anxiety, as well as an increased risk of depression in individuals with anxiety. Additionally, the study of depression includes data from the UK Biobank, a large-scale health study, and the selected genetic variants for depression were obtained from the largest GWAS meta-analysis of 807,553 European-descent individuals. Furthermore, depression is associated with an increased risk of cardiovascular disease (CAD), particularly in patients with diabetes.
### Key Findings
Depression and anxiety are related mental health conditions: The text provides multiple instances of the association between depression and anxiety, suggesting that they are closely related emotional states. This relationship is further supported by the fact that they share similar symptoms and risk factors.
Depression and anxiety are comorbid conditions: The text indicates that depression and anxiety often co-occur in the same individuals. This comorbidity is significant, as it can lead to more severe symptoms and increased healthcare costs.
Depression is associated with an increased risk of CAD: The text suggests a causal relationship between depression and an increased risk of CAD, particularly in patients with diabetes. This association is supported by multiple pieces of evidence, including genetic studies and inverse-variance weighted (IVW) analysis.
Depression is associated with insomnia: The text indicates that insomnia is associated with an increased risk of depression. This association is supported by multiple pieces of evidence, including genetic studies and the fact that insomnia symptoms/disorder are reported to independently increase the risk of subsequent depression in older persons.
Depression is associated with multimorbidity: The text suggests that depression is associated with an increased risk of multimorbidity, a condition where an individual has two or more chronic diseases. This association is supported by multiple pieces of evidence, including the fact that depression increases the risk for onset of multimorbidity by 80–90%.
### Impact Rating: 8.5
The high impact severity rating is due to the prevalence of depression and anxiety, their comorbidity, and the associated health risks, including cardiovascular disease.

### Alcohol Use Disorder and Seasonal Affective Disorder Community
### Summary
This report examines the relationship between Alcohol Use Disorder (AUD) and Seasonal Affective Disorder (SAD), two mental health disorders that share a complex interplay. The analysis reveals a significant association between the two disorders, with SAD being a causal influence on AUD, as indicated by various studies. However, the relationship is not bidirectional, as AUD does not prospectively predict SAD. The findings also suggest that SAD increases the risk of incident AUD, and the two disorders often occur together in comorbid cases.
### Key Findings
SAD is a causal influence on AUD: The text suggests a causal relationship between SAD and AUD, as SAD may lead to AUD. This is supported by findings that SAD prospectively predicted AUD, but other anxiety disorders did not. The biometric modelling favoured models with direct phenotypic paths from SAD to AUD over models with shared genetic and environmental risk factors and models with direct paths from AUD to SAD.
SAD increases the risk of incident AUD: The text suggests that SAD is associated with an increased risk of incident AUD. This is supported by findings that SAD at T1 was associated with AUD at T2 in a longitudinal association.
SAD and AUD often occur together in comorbid cases: The text suggests that SAD and AUD often occur together in comorbid cases. This is supported by findings that SAD and AUD are associated, and that the two disorders share genetic risk factors.
AUD does not prospectively predict SAD: The text suggests that AUD did not prospectively predict SAD, but possibly other anxiety disorders. This indicates that the relationship between SAD and AUD is not bidirectional.
Shared genetic risk factors for AUD and anxiety disorders: The text suggests that shared genetic risk factors for AUD and anxiety disorders have been found in twin and molecular genetic studies. This indicates that there may be a genetic predisposition to both disorders.
### Impact Rating: 7.5
The high impact severity rating is due to the significant association between AUD and SAD, which can have serious consequences for individuals suffering from both disorders.

### Chronic Lower Back Pain Community: Fear Avoidance Model and Associated Factors
### Summary
This report provides an overview of the community centered around the Fear Avoidance Model (FAM) and its relationship with chronic lower back pain. The FAM is a psychological model that explains the development and maintenance of pain-related fear and avoidance behavior in individuals with chronic pain. The community includes various entities such as Fear of Pain (FOP), Patient Income (Pi), Random Effects Model, Correlation Coefficient, and Fibromyalgia Associated Musculoskeletal Pain, among others. The entities are interconnected through relationships such as influence, measurement, and association.
### Key Findings
The Fear Avoidance Model (FAM) is a central component in understanding chronic lower back pain.: The FAM is a psychological model that explains the development and maintenance of pain-related fear and avoidance behavior in individuals with chronic pain. It is a key concept in several studies that have proposed direct and positive relationships between Fear of Pain (FOP) and Pain Intensity (Pi).
Fear of Pain (FOP) is a significant factor in the Fear Avoidance Model.: FOP is a questionnaire that can be used to compute an effect size. It is influenced by the anticipated pain experience, which may vary with treatment status and pain location. FOP is also related to pain intensity and is often studied in the context of the FAM.
Patient Income (Pi) is associated with Pain Intensity (Pi) in the Fear Avoidance Model.: Pi is a measure of financial situation. In the studies, Pi and Pi are associated as variables. The effect size in the meta-analysis is calculated based on the relationship between Fear Avoidance Beliefs and Pain Intensity. The effect size is also calculated from correlation coefficients for Pain Interference.
Random Effects Model is used to compute the effect size estimate for the FOP–PI relation.: Random Effects Model is a statistical model that assumes that the effect size varies across studies due to differences in populations and methods. It is an analytic strategy used to compute an effect size estimate for the FOP–PI relation.
Fibromyalgia Associated Musculoskeletal Pain is related to various pain locations in the Fear Avoidance Model.: Fibromyalgia Associated Musculoskeletal Pain is also examined for orofacial pain, lower extremity pain, shoulder and arm pain, hand fractures, lower leg, head, neck, arm, upper leg, chest/abdomen, and trigger finger. These pain locations are parts of the body where pain may occur and are potentially affected by the chronic lower back pain.
### Impact Rating: 8.5
The high impact severity rating is due to the significant role of the Fear Avoidance Model in understanding and managing chronic lower back pain, as well as its wide application in various pain locations and patient populations.

### Chronic Lower Back Pain Community: Association with Sexual Abuse, Mental Disorders, and IGF-1 Levels
### Summary
This report presents an analysis of a community centered around chronic lower back pain, focusing on its key entities and their relationships. The entities of interest include P-value, IGF-1 levels, BMI, localized pain, mental disorders, and the Bonferroni Method. The report reveals associations between chronic lower back pain and sexual abuse, mental disorders, and IGF-1 levels, as well as the use of statistical methods to measure these associations.
### Key Findings
Association between chronic lower back pain and sexual abuse: The provided data indicates that a statistical test was used to measure the association between sexual abuse in childhood and chronic lower back pain. While the exact nature of this association is not specified, the P-value, a measure of the significance of a statistical test, is mentioned, suggesting that there may be a significant relationship between the two.
Association between chronic lower back pain and mental disorders: Similar to the association with sexual abuse, a statistical test was used to measure the association between localized pain and mental disorders. The P-value was used to determine the significance of this association, but the specific nature of the relationship is not detailed.
Association between IGF-1 levels and chronic lower back pain: IGF-1 levels have been associated with an increased risk of certain types of cancer. However, the provided data does not explicitly state a direct association between IGF-1 levels and chronic lower back pain. Instead, it mentions that IGF-1 levels have been associated with an increased risk of certain types of cancer, and no consistent association has been observed between BMI and total or bioavailable IGF-I levels.
Use of the Bonferroni Method: The Bonferroni Method was used to adjust p-values for multiple comparisons to control the risk of a Type I error. This method is commonly used in statistical analysis to ensure the validity of results when multiple tests are performed.
Statistical significance of results: The P-value is a measure of the significance of a statistical test, indicating the probability of obtaining the observed result by chance. In the provided data, the P-value is mentioned in several instances, suggesting that statistical tests were performed to determine the significance of the associations found. However, the statistical significance of the results is not explicitly stated.
### Impact Rating: 6.5
The community's impact is moderate due to the potential implications of the associations found between chronic lower back pain and sexual abuse, mental disorders, and IGF-1 levels.

### Impact of Western/Unhealthy Dietary Patterns on Chronic Lower Back Pain
### Summary
This report examines a community of dietary patterns and their relationship with chronic lower back pain. The key entities in this community are the Western/Unhealthy Dietary pattern, Fruit Intake, Vegetable Intake Patterns, and Relative Risk (Rr). The study used RR statistical analysis to compare the risk of chronic lower back pain between groups consuming different dietary patterns.
### Key Findings
Western/Unhealthy Dietary pattern and its association with chronic lower back pain: The Western/Unhealthy Dietary pattern, characterized by high intake of red and processed meats, high-fat dairy products, sweets, and sugary drinks, and low intake of fruits, vegetables, and whole grains, was found to be associated with a lower risk of chronic lower back pain. This association was observed through the RR statistical analysis, which compared the risk of chronic lower back pain between groups.
Fruit Intake and its association with chronic lower back pain: Fruit Intake, including the types, quantities, and frequency of fruit intake, was found to be associated with a lower risk of chronic lower back pain. The RR statistical analysis resulted in a value of 0.85, indicating an 15% decrease in the risk of chronic lower back pain in the fruit intake group.
Vegetable Intake Patterns and its association with chronic lower back pain: Vegetable Intake Patterns, including the types, quantities, and frequency of vegetable intake, were found to be associated with a lower risk of chronic lower back pain. The RR statistical analysis resulted in a value of 0.87, indicating an 13% decrease in the risk of chronic lower back pain in the vegetable intake group.
Relative Risk (Rr) as a measure of association: Relative Risk (Rr) was used as a measure of association between two events in this study. Rr is a statistical value representing the ratio of the probability of an event occurring in one group to the probability of the same event occurring in another group. In this case, the Rr values indicate a decreased risk of chronic lower back pain in the fruit and vegetable intake groups compared to the control group.
Implications for dietary recommendations: The findings suggest that increasing fruit and vegetable intake may help reduce the risk of chronic lower back pain. This could have implications for dietary recommendations and public health policies aimed at preventing and managing chronic lower back pain.
### Impact Rating: 6.5
The impact severity rating of 6.5 indicates a moderate association between the Western/Unhealthy Dietary pattern and the risk of chronic lower back pain, as suggested by the RR statistical analysis.

## Relationships:

(Alcohol: Alcohol consumption (number of drinks per week))--[ASSOCIATEDWITH: Alcohol consumption is associated with the odds ratio]-->(Or: Odds Ratio (OR) is a measure of association between two events. It represents the ratio of the odds of an event occurring in one group compared to the odds of the event occurring in another group.)
(Or: Odds Ratio (OR) is a measure of association between two events. It represents the ratio of the odds of an event occurring in one group compared to the odds of the event occurring in another group.)--[MEASURE_OF_ASSOCIATION: OR is a measure of association between BMI and other variables]-->(Bmi: Body Mass Index, a measure of body fat based on an individual's weight in relation to their height.)
(Or: Odds Ratio (OR) is a measure of association between two events. It represents the ratio of the odds of an event occurring in one group compared to the odds of the event occurring in another group.)--[MEASURES_ASSOCIATION: The odds ratio measures the association between BMI and major depression.]-->(Bmi: Body Mass Index, a measure of body fat based on an individual's weight in relation to their height.)
(Or: Odds Ratio (OR) is a measure of association between two events. It represents the ratio of the odds of an event occurring in one group compared to the odds of the event occurring in another group.)--[MEASURES: The text uses OR to measure the BMI]-->(Bmi: Body Mass Index, a measure of body fat based on an individual's weight in relation to their height.)
(Causal Association: A relationship between two variables where a change in one variable causes a change in the other)--[APPLICABLE: The concept of causal association is applicable to the study of the relationship between BMI and back pain and chronic back pain]-->(Bmi: Body Mass Index, a measure of body fat based on an individual's weight in relation to their height.)
(Depression: Depression refers to a mood disorder characterized by persistent feelings of sadness, hopelessness, and a lack of interest or pleasure in activities.)--[ASSOCIATION: The text does not provide information about the correlation between depression and psychotropic medication use]-->(Correlation: A statistical measure used to determine the degree to which two variables are related)
(P Value: A measure of the significance of a statistical test, indicating the probability of obtaining the observed result by chance)--[USED_TO_MEASURE: P-value is used to measure the significance of the association between anxiety and CAD in diabetic patients]-->(Anxiety: Anxiety refers to feelings of worry, fear, and apprehension.)
(Study: A systematic investigation to establish or confirm a fact or the existence of a phenomenon)--[USED: The study used the Odds Ratio as a statistical test]-->(Or: Odds Ratio (OR) is a measure of association between two events. It represents the ratio of the odds of an event occurring in one group compared to the odds of the event occurring in another group.)
(Or: Odds Ratio (OR) is a measure of association between two events. It represents the ratio of the odds of an event occurring in one group compared to the odds of the event occurring in another group.)--[USED_AS: OR is used as a statistical measure to assess the association between unmarried status and chronic lower back pain, and between age > 70 and chronic lower back pain]-->(Study: A systematic investigation to establish or confirm a fact or the existence of a phenomenon)
(Anxiety: Anxiety refers to feelings of worry, fear, and apprehension.)--[ASSOCIATION: The text does not provide information about the correlation between anxiety and psychotropic medication use]-->(Correlation: A statistical measure used to determine the degree to which two variables are related)
(Correlation: A statistical measure used to determine the degree to which two variables are related)--[CHARACTERISTIC_OF: The correlations are a characteristic of the study.]-->(Study: A systematic investigation to establish or confirm a fact or the existence of a phenomenon)
(Or: Odds Ratio (OR) is a measure of association between two events. It represents the ratio of the odds of an event occurring in one group compared to the odds of the event occurring in another group.)--[ASSOCIATION: The text suggests that there is an association between OR and insomnia, as OR is used to measure the association between insomnia and low back pain.]-->(Insomnia: Insomnia is a sleep disorder characterized by difficulty falling asleep, staying asleep, or waking up too early and not being able to go back to sleep. It can lead to fatigue, irritability, and difficulty concentrating.)
(Or: Odds Ratio (OR) is a measure of association between two events. It represents the ratio of the odds of an event occurring in one group compared to the odds of the event occurring in another group.)--[STATISTICAL_RESULT: The text suggests that the OR for the causal effect of LBP on insomnia is 1.00, but the exact value is not provided]-->(Insomnia: Insomnia is a sleep disorder characterized by difficulty falling asleep, staying asleep, or waking up too early and not being able to go back to sleep. It can lead to fatigue, irritability, and difficulty concentrating.)
(P Value: A measure of the significance of a statistical test, indicating the probability of obtaining the observed result by chance)--[ASSOCIATION: The text suggests that there is an association between p-value and insomnia, as p-value is used to measure the significance of the association between insomnia and low back pain.]-->(Insomnia: Insomnia is a sleep disorder characterized by difficulty falling asleep, staying asleep, or waking up too early and not being able to go back to sleep. It can lead to fatigue, irritability, and difficulty concentrating.)
(P Value: A measure of the significance of a statistical test, indicating the probability of obtaining the observed result by chance)--[STATISTICAL_RESULT: The text suggests that the p-value for the causal effect of LBP on insomnia is 0.573, but the exact value is not provided]-->(Insomnia: Insomnia is a sleep disorder characterized by difficulty falling asleep, staying asleep, or waking up too early and not being able to go back to sleep. It can lead to fatigue, irritability, and difficulty concentrating.)
(Male: Male gender)--[ASSOCIATION: Males may experience chronic low back pain, which can be measured using a PEG score.]-->(Ld: Linkage disequilibrium, a non-random association between two or more genetic variants.)
",False,
Fear_avoidance,PEG,True,"Reasoning Process:
Step 1: The report provides evidence that fear-avoidance beliefs have a relationship with chronic pain, which is a component of PEG. Specifically, the report mentions studies by Picavet et al. (2002) and Linton et al. (2000a) that show a relationship between fear-avoidance beliefs and future presence or intensity of pain, which is a component of PEG.
Step 2: The report also mentions that fear-avoidance beliefs can create a vicious circle leading to disuse, disability, and depression, which can in turn affect PEG. This suggests a potential causal relationship where fear-avoidance beliefs lead to disability, which in turn affects PEG.
Step 3: The report also mentions that catastrophizing, which is a component of fear-avoidance beliefs, may have a role as a mediator to pain, which is a component of PEG. This suggests a potential causal relationship where fear-avoidance beliefs (through catastrophizing) lead to pain, which in turn affects PEG.
Step 4: The report does not provide evidence of any intermediate variables that would definitively establish a causal relationship between fear-avoidance and PEG. However, the evidence presented suggests a potential causal relationship where fear-avoidance beliefs lead to pain, which in turn affects PEG.

Conclusion: Yes","# Report:
## Chunks:

1999).

Vlaeyen et al. (1995b) suggested a more specific form of fear-avoidance, namely fear of movement/(re) injury, see Fig. 1. A chain of reactions including catastrophizing and avoidance can lead to disuse, disability and depression, creating a vicious circle. The non-catastrophizing and confronting alternative would promote recovery.

<sup>\*</sup> Corresponding author. Tel.: +46-19-602-5772; fax: +46-19-602-5778. *E-mail address:* nina.buer@orebroll.se (N. Buer).

Fig. 1. Cognitive-behavioural model of fear-of-movement/(re) injury based on Vlaeyen et al. (1995b).

A relationship between fear-avoidance beliefs, as powerful and specific cognitive behavioural components, and chronic pain has been reported in the literature (Waddell et al., 1993; Burton et al., 1995; Vlaeyen et al., 1995a,b, 1999; Asmundson and Taylor, 1996). Catastrophizing, which is said to be the exaggerated and negative orientation toward pain, may have a role as a mediator to pain (Geisser et al., 1994; Sullivan et al., 1995; Crombez et al., 1998a). Individuals that catastrophise, expect that they cause a new episode of pain or activate an earlier injury. That could create fear of movement and reinforcement of avoidance behaviour. The issue of fear-avoidance beliefs raises further questions, since most of the research is conducted with chronic low back pain patients. Are fear-avoidance beliefs developed in a chronicity process and thus a result of the pain process, in line with theories of learning? Are fearavoidance beliefs presented already before injury, as a tendency to react in an avoiding way generally?

The body of knowledge has to date some limitations concerning the level of fear-avoidance beliefs in the acute phase of pain. Fritz et al. (2001) showed that fear-avoidance beliefs about work were present in acute low back pain patients. Furthermore, the beliefs functioned as a predictor of 4-week disability. In a prospective study, fear-avoidance beliefs had a relationship with the inception of back pain 1 year later (Linton et al., 2000).

In order to search for some
ing (one study; Mannion et al., 2013), recent back pain-related work absence (one study; Mannion et al., 2009) and a perceived reduction in work productivity (one study; Mannion et al., 2009). Prospectively, more agreement with fear-avoidance beliefs predicted future presence or intensity of pain (three studies; Linton et al., 2000a; Picavet et al., 2002; Elfering et al., 2009) and disability (two studies; Linton et al., 2000a; Picavet et al., 2002) at 6 and 12 months; fear-avoidance beliefs about workrelated activities also predicted weekly perceived reductions in work productivity, higher frequency of pain episodes and reduced recovery (one study; Elfering et al., 2009).

Within a cross-sectional analysis, holding a belief about whether back pain was perceived to be a lifelong problem was associated with previous healthcare-seeking, bed rest, medicine use, X-ray and surgery for back pain (one study; Szpalski et al., 1995). Prospectively, back pain-related catastrophizing predicted future pain intensity and disability at 6 months (one study; Picavet et al., 2002).

## 4. Discussion

### 4.1 Principal findings

While the prevalence of a number of beliefs has been assessed within the general population, presumably because they are thought to be important

Table 3 Factors associated with beliefs about back pain: results from cross-sectional and longitudinal studies where beliefs about back pain were hypothesized to represent the independent vari-

| Article                                           | Sample (country, n, description)                                | Belief   | Dependent variable                                                                                                                         | Statistical analysis                                                                           | Results                                                                                                                                                                                             |
|---------------------------------------------------|-----------------------------------------------------------------|----------|--------------------------------------------------------------------------------------------------------------------------------------------|------------------------------------------------------------------------------------------------|-----------------------------------------------------------------------------------------------------------------------------------------------------------------------------------------------------|
| Cross-sectional studies<br>Elfering et al. (2015) | Switzerland, 2507, mixed BP                                     | BBQ      | Pain intensity (0–6 scale)                                                                                                                 | regression analysis<br>Pearson correlation,<br>cross-lagged panel                              | BBQ scores in those with BP<br>Pain intensity associated with<br>(b =
younger age is associated with stronger pain catastrophizing [\(Turner, Mancl, & Aaron, 2004\)](#page-36-5), which was proposed to be a precursor of FOP [\(Leeuw et al., 2007\)](#page-30-2). Third, elderly pain patients seemed to have relatively less FOP and a rather indifferent approach to personal pain experiences [\(Cook, Brawer, & Vowles,](#page-26-8) [2006\)](#page-26-8), and a subgroup of elderly pain patients appeared to have a conspicuous affective impairment in relation to pain intensity [\(Cook & Chastain, 2001\)](#page-26-9). Finally, [Kovacs et al. \(2007\)](#page-30-4) presumed that elderly populations suffer from more serious comorbidities than just pain and therefore show a reduced FOP and pain intensity association. Based on these findings, the FOP–PI relation was expected to show greater effect sizes for childhood and adolescence and smaller effect sizes for old age, both compared with young and middle adulthood.

**Nationality.** [Kovacs et al. \(2007\)](#page-30-4) assumed differences in FOP, particularly fear avoidance beliefs, between southern European compared with Anglo American and northern European populations because of a stronger influence of pain intensity compared with fear avoidance beliefs on disability and quality of life for the former [\(Kovacs et al., 2004;](#page-30-5) [Kovacs, Abraira, Zamora, & Fernán-](#page-30-6) [dez, 2005;](#page-30-6) [Kovacs, Muriel, et al., 2005\)](#page-30-7), whereas the opposite seems true for the latter [\(Camacho-Soto, Sowa, Perera, & Weiner,](#page-25-9) [2012;](#page-25-9) [Fritz, George, & Delitto, 2001\)](#page-27-8). Therefore, we considered nationality as a moderator of the FOP–PI relation.

# **Pain Characteristics**

**Treatment status.** FOP is influenced by the anticipated pain experience [\(Ciccone & Just, 2001;](#page-25-10) [
we used the following search terms: mediation analysis, structural equation modelling, product of coefficient, and indirect effect. Our search strategy was informed by previous systematic reviews that had specifically searched for studies that used a mediation analysis. 15,52,57,74 The complete search strategy is provided in Appendix A (available online as Supplemental Digital Content at http://links.lww.com/PAIN/A57).

Studies that included individuals who were 18 years or older with complaints of acute or chronic neck pain or LBP were eligible. Studies that included patients with specific spinal pathology (eg., fracture, cauda equina syndrome, inflammatory arthritis, malignancy, or spinal stenosis) were excluded. In studies where mixed populations were sampled, we included only those studies in which patients with LBP or neck pain represented more than 75% of the sample. We included cross-sectional and longitudinal mediation analyses from observational cohort studies and randomised controlled trials. We included studies that used mediation analysis to investigate the relationship between pain and physical disability. Disease-specific (eg, Neck disability index<sup>76</sup>) and generic measures (eg, SF-36 physical function subscale<sup>7</sup>) of physical disability were included. We did not limit the inclusion of studies based on the mediator. We also included studies that investigated the core elements of the fear avoidance model with mediation analysis. Two sequential paths of the fear avoidance model that explicitly describe the development of disability from pain were included: pain and fear mediated by catastrophizing, and catastrophizing and disability mediated by fear. We included only studies that had formally conducted a mediation analysis (eg, product of coefficient test, difference in coefficient test, Baron and Kenny's causal steps of mediation, structural equation modelling) or significance tests of mediation (eg, Sobel's first-order test or bootstrapped confidence intervals [Cls]). We excluded studies published in languages for which we could not find a translator and also excluded non-original research, conference proceedings, and dissertations. Two independent reviewers used the above inclusion criteria to screen the titles and abstracts of the identified studies. Full texts were retrieved for studies that were potentially relevant or where exclusion could not be determined from the study title or abstract. Disagreements between reviewers were resolved by discussion and consensus. Any remaining disagreements were resolved by consulting a third reviewer.

### 2.3. Data extraction

Data were extracted by one reviewer using a data extraction form, and the extracted data were verified independently by a second reviewer. Study and participant characteristics including study

design, setting
ingsten & Schöps, 2004\)](#page-33-0).

# **Fear Avoidance Model**

The FAM offers a cognitive–behavioral explanation of why some acute musculoskeletal pain experiencers do not recover but struggle with ongoing pain [\(Lethem, Slade, Troup, & Bentley,](#page-30-0) [1983\)](#page-30-0). An advanced version of the model postulates a selfcontained, consecutive sequence of constructs, which unidirectionally follow each other, that is, pain catastrophizing leads to FOP and in the long run to pain-related disability [\(Vlaeyen & Linton,](#page-37-0) [2000\)](#page-37-0). The reference to the FAM in the guidelines for the prevention of low back pain [\(Burton et al., 2006\)](#page-25-1) and therefrom derived therapy elements emphasize its relevance [\(Baez, Hoch, & Hoch,](#page-24-1) [2018;](#page-24-1) [Vlaeyen, Morley, Linton, Boersma, & de Jong, 2012\)](#page-37-1).

Correspondence concerning this article should be addressed to Paul Pauli, Department of Psychology, University of Würzburg, Marcusstrasse 9-11, 97070 Würzburg, Germany. E-mail: [pauli@mail.uni-wuerzburg.de](mailto:pauli@mail.uni-wuerzburg.de)

This article was published Online First March 26, 2020.

Tobias Markfelder and X [Paul Pauli,](https://orcid.org/0000-0003-0692-6720) Department of Psychology (Biological Psychology, Clinical Psychology and Psychotherapy) and Center of Mental Health, University of Würzburg.

Data are stored on a permanent repository: See [https://osf.io/vrafq/?](https://osf.io/vrafq/?view_only=271050d8362c406ab2ffdb7818ba9523) view\_only-[271050d8362c406ab2ffdb7818ba95
Research has emerged in the past two decades focusing on the association between the individual or household financial stressors and common mental disorders such as depression and anxiety. However, findings regarding the relationship between different indicators of financial stress and depression are inconclusive in the previous literature. Studies have shown positive associations between depression and various indicators of financial stress such as debt or debt stress, financial hardship, or difficulties [\[13–15](#page-16-0)]. Some other studies find no relationships when financial stress was indicated by low income. For example, Zimmerman and Katon [[16](#page-17-0)] found that when other socioeconomic confounders were considered, no relationship between low income and depression was observed. Besides, there is evidence showing a negative association between low income and major depressive disorder in South Korea [[17](#page-17-0)]. A 2010 review on poverty and mental disorders also finds that the association between income and mental disorders (including depression) was still unclear [[18](#page-17-0)].

The social causation theory is one of the theories that has been proposed to explain possible mechanisms underlying the effect of poverty on mental disorders [\[18,](#page-17-0) [19\]](#page-17-0). It states that stressful financial circumstances might lead to the occurrence of new depressive symptoms or maintain previous depression. This might be due to exposure to worse living conditions, malnutrition, unhealthy lifestyle, lower social capital, social isolation, or decreased coping ability with negative life events. Individuals or households with limited financial resources are more vulnerable to stressful life events (e.g., economic crises, public-health crises), which might increase the risk of mental health problems [[18–20\]](#page-17-0). However, practically, social causation might not be applicable to situations where individuals are not in poverty or deprivation but still can experience depression due to financial stress.

Reviews to date have examined the relationship between debt specifically and broader mental health outcomes with depression being one of them. For example, two reviews published in 2013 and 2014 reviewed the literature on the relationship between debt and both mental health and physical health [\[21,](#page-17-0) [22](#page-17-0)]. They concluded that there was a significant relationship between personal unsecured debt or unpaid debt obligations and the increased risk of common mental disorders, suicidal ideation and so on [[21](#page-17-0), [22](#page-17-0)]. In terms of depression, they found that there was a strong and consistent positive relationship## Communities:

### Mental Health Community: Depression and Anxiety
### Summary
This report focuses on the community of individuals affected by depression and anxiety, two closely related mental health conditions. The analysis reveals that depression and anxiety are associated, comorbid, and often co-occur in the same individuals. The text also suggests a causal relationship between depression and anxiety, as well as an increased risk of depression in individuals with anxiety. Additionally, the study of depression includes data from the UK Biobank, a large-scale health study, and the selected genetic variants for depression were obtained from the largest GWAS meta-analysis of 807,553 European-descent individuals. Furthermore, depression is associated with an increased risk of cardiovascular disease (CAD), particularly in patients with diabetes.
### Key Findings
Depression and anxiety are related mental health conditions: The text provides multiple instances of the association between depression and anxiety, suggesting that they are closely related emotional states. This relationship is further supported by the fact that they share similar symptoms and risk factors.
Depression and anxiety are comorbid conditions: The text indicates that depression and anxiety often co-occur in the same individuals. This comorbidity is significant, as it can lead to more severe symptoms and increased healthcare costs.
Depression is associated with an increased risk of CAD: The text suggests a causal relationship between depression and an increased risk of CAD, particularly in patients with diabetes. This association is supported by multiple pieces of evidence, including genetic studies and inverse-variance weighted (IVW) analysis.
Depression is associated with insomnia: The text indicates that insomnia is associated with an increased risk of depression. This association is supported by multiple pieces of evidence, including genetic studies and the fact that insomnia symptoms/disorder are reported to independently increase the risk of subsequent depression in older persons.
Depression is associated with multimorbidity: The text suggests that depression is associated with an increased risk of multimorbidity, a condition where an individual has two or more chronic diseases. This association is supported by multiple pieces of evidence, including the fact that depression increases the risk for onset of multimorbidity by 80–90%.
### Impact Rating: 8.5
The high impact severity rating is due to the prevalence of depression and anxiety, their comorbidity, and the associated health risks, including cardiovascular disease.

### Chronic Lower Back Pain Community: Pain Catastrophising, Pain Intensity, and Disability
### Summary
This report examines the community of individuals experiencing chronic lower back pain (CLBP). The key entities within this community are pain catastrophising, pain intensity, and disability. The relationships between these entities reveal that pain catastrophising significantly influences pain intensity, which in turn affects disability. Alcohol consumption, stress, and sleep quality are also associated with pain intensity and disability.
### Key Findings
Pain catastrophising is a significant factor in the experience of pain intensity.: Pain catastrophising, the tendency to magnify the threat value of pain, feel helpless in the presence of pain, and have a relative inability to prevent or inhibit pain-related thoughts, is a key entity within the chronic lower back pain community. Studies have shown that pain catastrophising is associated with increased pain intensity, negatively correlated with pain intensity, and influences the pain intensity experienced by participants. It can also influence the level of pain intensity and may mediate the effect of treatments like Pilates exercise and tai chi on pain intensity.
Pain intensity significantly affects disability.: Pain intensity is a component of chronic pain and is a significant factor in the development and maintenance of disability in individuals with CLBP. Higher pain intensity is associated with higher disability, making it difficult for individuals to perform daily activities. Pain intensity may also influence disability by making it difficult for individuals to perform physical tasks and thus affect their ability to manage their disability.
Alcohol consumption is associated with increased pain intensity and disability.: Alcohol consumption is associated with pain intensity and disability. Alcohol can exacerbate pain, contribute to disability, and lead to physical impairments. The amount of alcohol consumed by an individual, typically measured in standard drinks per week, is correlated with disability, and excessive drinking can lead to a worsening of both pain intensity and disability.
Stress and perceived stress can increase pain intensity.: Stress and perceived stress can increase the perception of pain intensity in chronic lower back pain. Stress can exacerbate pain and vice versa, making it a significant factor in the experience of pain intensity. Perceived stress, the subjective experience of the appraisal and reaction to stressors, including their emotional and physical impact, can also affect physical state and exacerbate pain intensity.
Sleep quality is associated with pain intensity.: Sleep quality is associated with pain intensity. People who report poorer sleep quality also report worse pain intensity, although the underlying cause is still unclear. Self-reported sleep quality and proportion of time in slow-wave sleep (SWS) are associated with next-day pain intensity.
### Impact Rating: 8.5
The high impact severity rating of 8.5 indicates that the entities within this community have a significant impact on the quality of life and functioning of individuals with chronic lower back pain.

### Community of Individuals Seeking Mental Health Care and Experiencing Chronic Lower Back Pain
### Summary
This report focuses on a community of individuals who seek care from general practitioners for their mental health disorders and also experience chronic lower back pain. The community's entities are interconnected, with pain being a common factor that influences various aspects of their lives, including their health, economic resources, and daily activities. The entities are also associated with other factors such as fear avoidance beliefs, hardship, and unhealthy health behaviors.
### Key Findings
The presence of chronic lower back pain is a common experience among the community members.: The text indicates that individuals in the community seek care from general practitioners for their mental health disorders and also experience chronic lower back pain. This pain is described as an unpleasant sensory and emotional experience associated with actual or potential tissue damage.
Hardship is associated with the community, particularly in relation to Medicare Insurance Coverage.: The presence of hardship, a state of severe and prolonged difficulty or distress, is associated with the community. This hardship may be caused by factors such as poverty or other adverse circumstances. The text suggests that those with financial difficulties may be more likely to rely on Medicare for health insurance.
Fear avoidance beliefs are related to the community and may be important targets for early interventions.: Fear avoidance beliefs, as measured by a questionnaire, are associated with the community. These beliefs might be useful for early interventions, as they could be good screening variables for identifying individuals at risk for chronic pain. The text also suggests that fear avoidance beliefs might be important targets for early interventions to prevent further progression or complications.
Unhealthy health behaviors, such as smoking and alcohol consumption, may be related to the community and contribute to the development or exacerbation of pain.: The text indicates that unhealthy health behaviors, such as smoking and alcohol consumption, are associated with the community. These behaviors may be related to pain, as they can contribute to its development or exacerbation.
The International Association for the Study of Pain is related to the study of pain and the community.: The International Association for the Study of Pain is a professional organization dedicated to the study of pain and its mechanisms. The text indicates that this organization is related to the study of pain and the community, suggesting a connection between the community and the broader field of pain research.
### Impact Rating: 7.5
The community's impact severity rating of 7.5 indicates a significant influence on the individuals' health, well-being, and daily functioning due to chronic lower back pain and associated factors.

### Chronic Lower Back Pain Research Community: Fear Avoidance Beliefs Questionnaire (FABQ) and Associated Studies
### Summary
This report presents an analysis of a community of researchers and studies centered around the Fear Avoidance Beliefs Questionnaire (FABQ), a tool used to assess fear avoidance beliefs about physical activity and work in patients with chronic lower back pain. The community includes various studies that investigate the relationship between FABQ and other measures such as Visual Analog Scale (VAS), Fear of Pain Questionnaire (FPQ), and Pictorial Fear of Activity Scale – Cervical (PFActS-C). The community also includes researchers such as McCracken, who have authored or co-authored multiple studies using FABQ and other questionnaires.
### Key Findings
FABQ is a widely used tool in the community: The FABQ is a key tool in the community, with multiple studies using it to investigate fear avoidance beliefs in patients with chronic lower back pain. The tool is part of a questionnaire and consists of two subscales: FABQ-Physical Activity and FABQ-Work.
McCracken is a prominent researcher in the community: McCracken is an author of multiple studies related to chronic pain and chronic lower back pain. They have used FABQ, FPQ, and other questionnaires in their research. McCracken has collaborated with other researchers such as Smyth, Gutiérrez-Martínez, and Zhao-O'Brien on various studies.
FABQ is used in conjunction with other questionnaires: In addition to FABQ, other questionnaires such as FPQ, PFActS-C, Back Pain Scores, West Haven-Yale Multidimensional Pain Inventory (MPI), and McMaster Universities Osteoarthritis Index are used in the community. These questionnaires are used to measure various aspects of pain, such as intensity, fear of activity, and the impact of pain on a person's life.
FABQ is used in various studies: FABQ is used in a variety of studies, including those conducted by Guclu, Ramirez-Maestre, Kaka, Pruneti, Monticone, Ciccone, and George. These studies investigate the relationship between FABQ and VAS, as well as the relationship between FABQ and other measures such as fear of pain.
The index primary care visit triggers the administration of the baseline questionnaire: The index primary care visit is significant in the community as it triggers the administration of the baseline questionnaire, which includes FABQ and other questionnaires. This allows for the collection of baseline data on fear avoidance beliefs and other aspects of pain.
### Impact Rating: 7.5
The impact severity rating of 7.5 indicates a significant contribution to the understanding and management of chronic lower back pain through the use of the FABQ and associated questionnaires.

### Chronic Lower Back Pain Community: Fear Avoidance Model and Associated Factors
### Summary
This report provides an overview of the community centered around the Fear Avoidance Model (FAM) and its relationship with chronic lower back pain. The FAM is a psychological model that explains the development and maintenance of pain-related fear and avoidance behavior in individuals with chronic pain. The community includes various entities such as Fear of Pain (FOP), Patient Income (Pi), Random Effects Model, Correlation Coefficient, and Fibromyalgia Associated Musculoskeletal Pain, among others. The entities are interconnected through relationships such as influence, measurement, and association.
### Key Findings
The Fear Avoidance Model (FAM) is a central component in understanding chronic lower back pain.: The FAM is a psychological model that explains the development and maintenance of pain-related fear and avoidance behavior in individuals with chronic pain. It is a key concept in several studies that have proposed direct and positive relationships between Fear of Pain (FOP) and Pain Intensity (Pi).
Fear of Pain (FOP) is a significant factor in the Fear Avoidance Model.: FOP is a questionnaire that can be used to compute an effect size. It is influenced by the anticipated pain experience, which may vary with treatment status and pain location. FOP is also related to pain intensity and is often studied in the context of the FAM.
Patient Income (Pi) is associated with Pain Intensity (Pi) in the Fear Avoidance Model.: Pi is a measure of financial situation. In the studies, Pi and Pi are associated as variables. The effect size in the meta-analysis is calculated based on the relationship between Fear Avoidance Beliefs and Pain Intensity. The effect size is also calculated from correlation coefficients for Pain Interference.
Random Effects Model is used to compute the effect size estimate for the FOP–PI relation.: Random Effects Model is a statistical model that assumes that the effect size varies across studies due to differences in populations and methods. It is an analytic strategy used to compute an effect size estimate for the FOP–PI relation.
Fibromyalgia Associated Musculoskeletal Pain is related to various pain locations in the Fear Avoidance Model.: Fibromyalgia Associated Musculoskeletal Pain is also examined for orofacial pain, lower extremity pain, shoulder and arm pain, hand fractures, lower leg, head, neck, arm, upper leg, chest/abdomen, and trigger finger. These pain locations are parts of the body where pain may occur and are potentially affected by the chronic lower back pain.
### Impact Rating: 8.5
The high impact severity rating is due to the significant role of the Fear Avoidance Model in understanding and managing chronic lower back pain, as well as its wide application in various pain locations and patient populations.

## Relationships:

(Social Causation Theory: A theory that suggests that stressful financial circumstances might lead to the occurrence of new depressive symptoms or maintain previous depression. This might be due to exposure to worse living conditions, malnutrition, unhealthy lifestyle, lower social capital, social isolation, or decreased coping ability with negative life events.)--[EXPLANATION: The social causation theory suggests that stressful financial circumstances might lead to the occurrence of new depressive symptoms or maintain previous depression.]-->(Depression: Depression refers to a mood disorder characterized by persistent feelings of sadness, hopelessness, and a lack of interest or pleasure in activities.)
(Picavet_Et_Al._2002: A study conducted by Picavet et al. in 2002, which may have investigated the relationship between fear-avoidance beliefs and future presence or intensity of pain and disability, as well as the relationship between back pain-related catastrophizing and future pain intensity and disability.)--[INVESTIGATED: The study by Picavet et al. in 2002 may have investigated pain.]-->(Pain: An unpleasant sensory and emotional experience associated with actual or potential tissue damage)
(Linton_Et_Al._2000A: A study conducted by Linton et al. in 2000a, which may have investigated the relationship between fear-avoidance beliefs and future presence or intensity of pain and disability.)--[INVESTIGATED: The study by Linton et al. in 2000a may have investigated pain.]-->(Pain: An unpleasant sensory and emotional experience associated with actual or potential tissue damage)
(Picavet_Et_Al._2002: A study conducted by Picavet et al. in 2002, which may have investigated the relationship between fear-avoidance beliefs and future presence or intensity of pain and disability, as well as the relationship between back pain-related catastrophizing and future pain intensity and disability.)--[INVESTIGATED: The study by Picavet et al. in 2002 may have investigated disability.]-->(Disability: The inability to perform normal activities due to chronic lower back pain)
(Linton_Et_Al._2000A: A study conducted by Linton et al. in 2000a, which may have investigated the relationship between fear-avoidance beliefs and future presence or intensity of pain and disability.)--[INVESTIGATED: The study by Linton et al. in 2000a may have investigated disability.]-->(Disability: The inability to perform normal activities due to chronic lower back pain)
(Monticone Et Al. (2012): Conducted a study using FABQ and VAS to assess fear avoidance beliefs and pain in a group of individuals. The relationship between the study and the questionnaires is that they were used in the study to collect data on fear avoidance beliefs and pain. The strength of the relationship is high as the study relies heavily on the data collected from these questionnaires. The type of relationship is 'Used in Study'. The description is 'Monticone et al. (2012) used FABQ and VAS to assess fear avoidance beliefs and pain in a group of individuals.'.)--[USED_IN_STUDY: Monticone et al. (2012) used VAS to assess pain intensity in a group of individuals.]-->(Vas: A pain assessment scale used to measure the intensity of pain on a visual analog scale)
(Monticone Et Al. (2012): Conducted a study using FABQ and VAS to assess fear avoidance beliefs and pain in a group of individuals. The relationship between the study and the questionnaires is that they were used in the study to collect data on fear avoidance beliefs and pain. The strength of the relationship is high as the study relies heavily on the data collected from these questionnaires. The type of relationship is 'Used in Study'. The description is 'Monticone et al. (2012) used FABQ and VAS to assess fear avoidance beliefs and pain in a group of individuals.'.)--[USED_IN_STUDY: Monticone et al. (2012) used FABQ to assess fear avoidance beliefs in a group of individuals.]-->(Fabq: Fear Avoidance Beliefs Questionnaire, a tool used to assess a patient's fear avoidance beliefs about physical activity and work.)
(Mendelian Randomization (Mr): A statistical technique used to assess causal inference by using genetic variants as instrumental variables for the exposure. It helps to diminish residual confounding and reverse causation bias.)--[ESTABLISHES: Mendelian Randomization establishes causal relationships between exposures and outcomes.]-->(Causal Relationship: Causal Relationship refers to a relationship between two variables where a change in one variable causes a change in the other variable.)
(Fear Avoidance Model: A model that explains the relationship between fear of pain and pain-related disability)--[ELEMENT: Pain and Fear Mediated by Catastrophizing is an element of the Fear Avoidance Model]-->(Pain And Fear Mediated By Catastrophizing: A sequential path of the fear avoidance model that describes the development of fear from pain through catastrophizing)
(Fear Avoidance Model: A model that explains the relationship between fear of pain and pain-related disability)--[ELEMENT: Catastrophizing and Disability Mediated by Fear is an element of the Fear Avoidance Model]-->(Catastrophizing And Disability Mediated By Fear: A sequential path of the fear avoidance model that describes the development of disability from catastrophizing through fear)
","# Report:
## Chunks:

1999).

Vlaeyen et al. (1995b) suggested a more specific form of fear-avoidance, namely fear of movement/(re) injury, see Fig. 1. A chain of reactions including catastrophizing and avoidance can lead to disuse, disability and depression, creating a vicious circle. The non-catastrophizing and confronting alternative would promote recovery.

<sup>\*</sup> Corresponding author. Tel.: +46-19-602-5772; fax: +46-19-602-5778. *E-mail address:* nina.buer@orebroll.se (N. Buer).

Fig. 1. Cognitive-behavioural model of fear-of-movement/(re) injury based on Vlaeyen et al. (1995b).

A relationship between fear-avoidance beliefs, as powerful and specific cognitive behavioural components, and chronic pain has been reported in the literature (Waddell et al., 1993; Burton et al., 1995; Vlaeyen et al., 1995a,b, 1999; Asmundson and Taylor, 1996). Catastrophizing, which is said to be the exaggerated and negative orientation toward pain, may have a role as a mediator to pain (Geisser et al., 1994; Sullivan et al., 1995; Crombez et al., 1998a). Individuals that catastrophise, expect that they cause a new episode of pain or activate an earlier injury. That could create fear of movement and reinforcement of avoidance behaviour. The issue of fear-avoidance beliefs raises further questions, since most of the research is conducted with chronic low back pain patients. Are fear-avoidance beliefs developed in a chronicity process and thus a result of the pain process, in line with theories of learning? Are fearavoidance beliefs presented already before injury, as a tendency to react in an avoiding way generally?

The body of knowledge has to date some limitations concerning the level of fear-avoidance beliefs in the acute phase of pain. Fritz et al. (2001) showed that fear-avoidance beliefs about work were present in acute low back pain patients. Furthermore, the beliefs functioned as a predictor of 4-week disability. In a prospective study, fear-avoidance beliefs had a relationship with the inception of back pain 1 year later (Linton et al., 2000).

In order to search for some
younger age is associated with stronger pain catastrophizing [\(Turner, Mancl, & Aaron, 2004\)](#page-36-5), which was proposed to be a precursor of FOP [\(Leeuw et al., 2007\)](#page-30-2). Third, elderly pain patients seemed to have relatively less FOP and a rather indifferent approach to personal pain experiences [\(Cook, Brawer, & Vowles,](#page-26-8) [2006\)](#page-26-8), and a subgroup of elderly pain patients appeared to have a conspicuous affective impairment in relation to pain intensity [\(Cook & Chastain, 2001\)](#page-26-9). Finally, [Kovacs et al. \(2007\)](#page-30-4) presumed that elderly populations suffer from more serious comorbidities than just pain and therefore show a reduced FOP and pain intensity association. Based on these findings, the FOP–PI relation was expected to show greater effect sizes for childhood and adolescence and smaller effect sizes for old age, both compared with young and middle adulthood.

**Nationality.** [Kovacs et al. \(2007\)](#page-30-4) assumed differences in FOP, particularly fear avoidance beliefs, between southern European compared with Anglo American and northern European populations because of a stronger influence of pain intensity compared with fear avoidance beliefs on disability and quality of life for the former [\(Kovacs et al., 2004;](#page-30-5) [Kovacs, Abraira, Zamora, & Fernán-](#page-30-6) [dez, 2005;](#page-30-6) [Kovacs, Muriel, et al., 2005\)](#page-30-7), whereas the opposite seems true for the latter [\(Camacho-Soto, Sowa, Perera, & Weiner,](#page-25-9) [2012;](#page-25-9) [Fritz, George, & Delitto, 2001\)](#page-27-8). Therefore, we considered nationality as a moderator of the FOP–PI relation.

# **Pain Characteristics**

**Treatment status.** FOP is influenced by the anticipated pain experience [\(Ciccone & Just, 2001;](#page-25-10) [
ingsten & Schöps, 2004\)](#page-33-0).

# **Fear Avoidance Model**

The FAM offers a cognitive–behavioral explanation of why some acute musculoskeletal pain experiencers do not recover but struggle with ongoing pain [\(Lethem, Slade, Troup, & Bentley,](#page-30-0) [1983\)](#page-30-0). An advanced version of the model postulates a selfcontained, consecutive sequence of constructs, which unidirectionally follow each other, that is, pain catastrophizing leads to FOP and in the long run to pain-related disability [\(Vlaeyen & Linton,](#page-37-0) [2000\)](#page-37-0). The reference to the FAM in the guidelines for the prevention of low back pain [\(Burton et al., 2006\)](#page-25-1) and therefrom derived therapy elements emphasize its relevance [\(Baez, Hoch, & Hoch,](#page-24-1) [2018;](#page-24-1) [Vlaeyen, Morley, Linton, Boersma, & de Jong, 2012\)](#page-37-1).

Correspondence concerning this article should be addressed to Paul Pauli, Department of Psychology, University of Würzburg, Marcusstrasse 9-11, 97070 Würzburg, Germany. E-mail: [pauli@mail.uni-wuerzburg.de](mailto:pauli@mail.uni-wuerzburg.de)

This article was published Online First March 26, 2020.

Tobias Markfelder and X [Paul Pauli,](https://orcid.org/0000-0003-0692-6720) Department of Psychology (Biological Psychology, Clinical Psychology and Psychotherapy) and Center of Mental Health, University of Würzburg.

Data are stored on a permanent repository: See [https://osf.io/vrafq/?](https://osf.io/vrafq/?view_only=271050d8362c406ab2ffdb7818ba9523) view\_only-[271050d8362c406ab2ffdb7818ba95
Research has emerged in the past two decades focusing on the association between the individual or household financial stressors and common mental disorders such as depression and anxiety. However, findings regarding the relationship between different indicators of financial stress and depression are inconclusive in the previous literature. Studies have shown positive associations between depression and various indicators of financial stress such as debt or debt stress, financial hardship, or difficulties [\[13–15](#page-16-0)]. Some other studies find no relationships when financial stress was indicated by low income. For example, Zimmerman and Katon [[16](#page-17-0)] found that when other socioeconomic confounders were considered, no relationship between low income and depression was observed. Besides, there is evidence showing a negative association between low income and major depressive disorder in South Korea [[17](#page-17-0)]. A 2010 review on poverty and mental disorders also finds that the association between income and mental disorders (including depression) was still unclear [[18](#page-17-0)].

The social causation theory is one of the theories that has been proposed to explain possible mechanisms underlying the effect of poverty on mental disorders [\[18,](#page-17-0) [19\]](#page-17-0). It states that stressful financial circumstances might lead to the occurrence of new depressive symptoms or maintain previous depression. This might be due to exposure to worse living conditions, malnutrition, unhealthy lifestyle, lower social capital, social isolation, or decreased coping ability with negative life events. Individuals or households with limited financial resources are more vulnerable to stressful life events (e.g., economic crises, public-health crises), which might increase the risk of mental health problems [[18–20\]](#page-17-0). However, practically, social causation might not be applicable to situations where individuals are not in poverty or deprivation but still can experience depression due to financial stress.

Reviews to date have examined the relationship between debt specifically and broader mental health outcomes with depression being one of them. For example, two reviews published in 2013 and 2014 reviewed the literature on the relationship between debt and both mental health and physical health [\[21,](#page-17-0) [22](#page-17-0)]. They concluded that there was a significant relationship between personal unsecured debt or unpaid debt obligations and the increased risk of common mental disorders, suicidal ideation and so on [[21](#page-17-0), [22](#page-17-0)]. In terms of depression, they found that there was a strong and consistent positive relationship
WAS. Te less conservative false discovery rate correction was also calculated and reported but was not used to identify potential causal efects for follow-up.

#### **Follow‑up two‑sample MR**

We undertook follow-up analyses using two-sample MR for all outcomes for which the association with the GRS was identifed as a potential causal efect of insomnia symptoms and an appropriate GWAS could be found. Te purpose of this was to confrm the reliability of the potential causal efects identifed in the MR-PheWAS and to provide a causal estimate. Te TwoSampleMR package (MR-base) v0.5.6 [[39](#page-12-34)] was used to conduct the follow-up. It was decided *a priori* that outcomes included in the auxiliary variables or sleep categories would not be followed up. We conducted an automated search for relevant GWAS using pre-specifed search terms for each outcome and a predetermined workfow to select the most appropriate GWAS for each outcome. First, we conducted an automated search for relevant GWAS using pre-specifed search terms for each outcome. Te search automatically excluded GWAS that included solely UK Biobank data, included non-European populations or stratifed by sex, based on the meta-data included in the MR-Base database. Of the remaining GWAS, we excluded those that did not match a follow-up outcome on manual inspection, those for which the origins of the data used could not be determined and those that used UK Biobank or 23andMe data. If the only GWAS available for a particular outcome included UK Biobank or 23andMe data (but did not only include UK Biobank or 23andMe data), we undertook follow-up in those GWAS and report the extent of overlap between the two samples. Of the remaining GWAS, we then chose the most suitable for a given trait. Tis was either the most suitable Gibson *et al. BMC Medicine (2023) 21:128* Page 4 of 15

match in terms of the trait used in that GWAS or where multiple GWAS had suitable traits, we chose the one with the larger sample size. All GWAS from FinnGen were then updated to the newest version when the ffth release was added to the MR-Base database.

Te two-sample MR analysis used the same 129 SNPs and SNP-insomnia symptoms associations used by the MR-PheWAS GRS [\[18\]](#page-12-14), and the SNP-outcome associations were
ing (one study; Mannion et al., 2013), recent back pain-related work absence (one study; Mannion et al., 2009) and a perceived reduction in work productivity (one study; Mannion et al., 2009). Prospectively, more agreement with fear-avoidance beliefs predicted future presence or intensity of pain (three studies; Linton et al., 2000a; Picavet et al., 2002; Elfering et al., 2009) and disability (two studies; Linton et al., 2000a; Picavet et al., 2002) at 6 and 12 months; fear-avoidance beliefs about workrelated activities also predicted weekly perceived reductions in work productivity, higher frequency of pain episodes and reduced recovery (one study; Elfering et al., 2009).

Within a cross-sectional analysis, holding a belief about whether back pain was perceived to be a lifelong problem was associated with previous healthcare-seeking, bed rest, medicine use, X-ray and surgery for back pain (one study; Szpalski et al., 1995). Prospectively, back pain-related catastrophizing predicted future pain intensity and disability at 6 months (one study; Picavet et al., 2002).

## 4. Discussion

### 4.1 Principal findings

While the prevalence of a number of beliefs has been assessed within the general population, presumably because they are thought to be important

Table 3 Factors associated with beliefs about back pain: results from cross-sectional and longitudinal studies where beliefs about back pain were hypothesized to represent the independent vari-

| Article                                           | Sample (country, n, description)                                | Belief   | Dependent variable                                                                                                                         | Statistical analysis                                                                           | Results                                                                                                                                                                                             |
|---------------------------------------------------|-----------------------------------------------------------------|----------|--------------------------------------------------------------------------------------------------------------------------------------------|------------------------------------------------------------------------------------------------|-----------------------------------------------------------------------------------------------------------------------------------------------------------------------------------------------------|
| Cross-sectional studies<br>Elfering et al. (2015) | Switzerland, 2507, mixed BP                                     | BBQ      | Pain intensity (0–6 scale)                                                                                                                 | regression analysis<br>Pearson correlation,<br>cross-lagged panel                              | BBQ scores in those with BP<br>Pain intensity associated with<br>(b =## Communities:

### Alcohol Consumption and Age: A Study Analysis
### Summary
This report examines the relationship between alcohol consumption and age, as well as the potential influence of age on other substance use behaviors such as smoking. The analysis is based on a study that assessed the alcohol consumption of participants across various age groups, and also considered the smoking habits of the participants.
### Key Findings
Alcohol consumption is associated with age: The analysis reveals that alcohol consumption can be associated with age, as both entities are present in the text and there are multiple relationships indicating a potential association. The text suggests that alcohol consumption can change with age, and that older individuals may have different drinking habits and social norms.
Age may influence alcohol consumption: The text suggests that age can influence an individual's alcohol consumption, as older individuals may have different drinking habits and social norms. This influence may be due to factors such as societal norms, health awareness, and personal choices.
Age may be associated with smoking habits: The analysis also reveals that age may be associated with smoking habits, as both entities are present in the text and there are multiple relationships indicating a potential association. The text suggests that smoking may be more common in younger age groups and decreases with age.
Smoking may be associated with alcohol consumption: The text suggests that smoking may be associated with alcohol consumption, as both entities are present in the text and there are multiple relationships indicating a potential association. The text suggests that smoking and alcohol consumption may be coping mechanisms for stress and negative emotions.
Sleep disturbance may be associated with alcohol consumption: The text suggests that poor sleep quality may be associated with increased alcohol consumption, as sleep disturbances can lead to self-medication. However, the analysis did not show a causal effect of sleep disturbance on alcohol consumption.
Education may be associated with alcohol consumption: The text suggests that education may be associated with alcohol consumption, but the relationship is not clearly defined. The text does not provide specific data to support this association, but it is mentioned that education may indirectly influence alcohol consumption through income or peer effects.
### Impact Rating: 7.5
The impact severity rating of 7.5 indicates a significant association between alcohol consumption and age, as well as a potential indirect relationship with smoking habits.

### Mental Health Community: Depression and Anxiety
### Summary
This report focuses on the community of individuals affected by depression and anxiety, two closely related mental health conditions. The analysis reveals that depression and anxiety are associated, comorbid, and often co-occur in the same individuals. The text also suggests a causal relationship between depression and anxiety, as well as an increased risk of depression in individuals with anxiety. Additionally, the study of depression includes data from the UK Biobank, a large-scale health study, and the selected genetic variants for depression were obtained from the largest GWAS meta-analysis of 807,553 European-descent individuals. Furthermore, depression is associated with an increased risk of cardiovascular disease (CAD), particularly in patients with diabetes.
### Key Findings
Depression and anxiety are related mental health conditions: The text provides multiple instances of the association between depression and anxiety, suggesting that they are closely related emotional states. This relationship is further supported by the fact that they share similar symptoms and risk factors.
Depression and anxiety are comorbid conditions: The text indicates that depression and anxiety often co-occur in the same individuals. This comorbidity is significant, as it can lead to more severe symptoms and increased healthcare costs.
Depression is associated with an increased risk of CAD: The text suggests a causal relationship between depression and an increased risk of CAD, particularly in patients with diabetes. This association is supported by multiple pieces of evidence, including genetic studies and inverse-variance weighted (IVW) analysis.
Depression is associated with insomnia: The text indicates that insomnia is associated with an increased risk of depression. This association is supported by multiple pieces of evidence, including genetic studies and the fact that insomnia symptoms/disorder are reported to independently increase the risk of subsequent depression in older persons.
Depression is associated with multimorbidity: The text suggests that depression is associated with an increased risk of multimorbidity, a condition where an individual has two or more chronic diseases. This association is supported by multiple pieces of evidence, including the fact that depression increases the risk for onset of multimorbidity by 80–90%.
### Impact Rating: 8.5
The high impact severity rating is due to the prevalence of depression and anxiety, their comorbidity, and the associated health risks, including cardiovascular disease.

### Chronic Lower Back Pain Community: Pain Catastrophising, Pain Intensity, and Disability
### Summary
This report examines the community of individuals experiencing chronic lower back pain (CLBP). The key entities within this community are pain catastrophising, pain intensity, and disability. The relationships between these entities reveal that pain catastrophising significantly influences pain intensity, which in turn affects disability. Alcohol consumption, stress, and sleep quality are also associated with pain intensity and disability.
### Key Findings
Pain catastrophising is a significant factor in the experience of pain intensity.: Pain catastrophising, the tendency to magnify the threat value of pain, feel helpless in the presence of pain, and have a relative inability to prevent or inhibit pain-related thoughts, is a key entity within the chronic lower back pain community. Studies have shown that pain catastrophising is associated with increased pain intensity, negatively correlated with pain intensity, and influences the pain intensity experienced by participants. It can also influence the level of pain intensity and may mediate the effect of treatments like Pilates exercise and tai chi on pain intensity.
Pain intensity significantly affects disability.: Pain intensity is a component of chronic pain and is a significant factor in the development and maintenance of disability in individuals with CLBP. Higher pain intensity is associated with higher disability, making it difficult for individuals to perform daily activities. Pain intensity may also influence disability by making it difficult for individuals to perform physical tasks and thus affect their ability to manage their disability.
Alcohol consumption is associated with increased pain intensity and disability.: Alcohol consumption is associated with pain intensity and disability. Alcohol can exacerbate pain, contribute to disability, and lead to physical impairments. The amount of alcohol consumed by an individual, typically measured in standard drinks per week, is correlated with disability, and excessive drinking can lead to a worsening of both pain intensity and disability.
Stress and perceived stress can increase pain intensity.: Stress and perceived stress can increase the perception of pain intensity in chronic lower back pain. Stress can exacerbate pain and vice versa, making it a significant factor in the experience of pain intensity. Perceived stress, the subjective experience of the appraisal and reaction to stressors, including their emotional and physical impact, can also affect physical state and exacerbate pain intensity.
Sleep quality is associated with pain intensity.: Sleep quality is associated with pain intensity. People who report poorer sleep quality also report worse pain intensity, although the underlying cause is still unclear. Self-reported sleep quality and proportion of time in slow-wave sleep (SWS) are associated with next-day pain intensity.
### Impact Rating: 8.5
The high impact severity rating of 8.5 indicates that the entities within this community have a significant impact on the quality of life and functioning of individuals with chronic lower back pain.

### Major Depressive Disorder (MDD) and Loneliness Community
### Summary
This report examines the relationships between Major Depressive Disorder (MDD) and loneliness, as well as their associations with cardiovascular diseases, inflammation, and metabolic factors. The findings suggest that loneliness is a significant risk factor for MDD, and that MDD is associated with increased inflammation and metabolic factors. Both MDD and loneliness are also comorbid with cardiovascular diseases.
### Key Findings
Loneliness is a risk factor for MDD: The text provides evidence that loneliness is a risk factor for MDD, as it is associated with an increased liability to MDD and an increased risk of MDD. This suggests that addressing loneliness may be an important intervention for preventing and treating MDD.
Loneliness and MDD are associated with increased risk of cardiovascular diseases: The text indicates that MDD and cardiovascular diseases are often comorbid, with MDD rates of up to 41% in selected physical diseases. Additionally, loneliness has been associated with an increased risk of MDD, which in turn increases the risk of future cardiovascular events. This suggests that addressing loneliness and MDD may be important for reducing the risk of cardiovascular diseases.
Inflammation is a risk factor for MDD: The text suggests that inflammation is involved in the pathophysiology of depression and is a risk factor for MDD. This is supported by the observation that MDD is associated with inflammation in a proportion of individuals, and that MDD shows a genetic correlation with levels of C-reactive protein, a marker of inflammation.
MDD is associated with metabolic factors: The text indicates that MDD is associated with metabolic factors, as people with MDD have a higher total food intake and reduced diet quality. Additionally, MDD is associated with increased risk for Type II Diabetes, and shows a genetic correlation with Type II Diabetes. This suggests that addressing MDD may be important for managing metabolic health.
Loneliness and MDD share genetic and biological pathways: The text suggests that there is a strong genetic overlap between MDD and ASCVD, as well as a shared biological pathway through the gut microbiome. This suggests that there may be numerous pathological mechanisms implicated in both MDD and physical diseases that increase the risk or exacerbate comorbidity.
### Impact Rating: 8.5
The high impact severity rating is due to the significant association between MDD and loneliness, as well as the potential for these conditions to increase the risk of cardiovascular diseases and other physical health problems.

### Alcohol Use Disorder and Seasonal Affective Disorder Community
### Summary
This report examines the relationship between Alcohol Use Disorder (AUD) and Seasonal Affective Disorder (SAD), two mental health disorders that share a complex interplay. The analysis reveals a significant association between the two disorders, with SAD being a causal influence on AUD, as indicated by various studies. However, the relationship is not bidirectional, as AUD does not prospectively predict SAD. The findings also suggest that SAD increases the risk of incident AUD, and the two disorders often occur together in comorbid cases.
### Key Findings
SAD is a causal influence on AUD: The text suggests a causal relationship between SAD and AUD, as SAD may lead to AUD. This is supported by findings that SAD prospectively predicted AUD, but other anxiety disorders did not. The biometric modelling favoured models with direct phenotypic paths from SAD to AUD over models with shared genetic and environmental risk factors and models with direct paths from AUD to SAD.
SAD increases the risk of incident AUD: The text suggests that SAD is associated with an increased risk of incident AUD. This is supported by findings that SAD at T1 was associated with AUD at T2 in a longitudinal association.
SAD and AUD often occur together in comorbid cases: The text suggests that SAD and AUD often occur together in comorbid cases. This is supported by findings that SAD and AUD are associated, and that the two disorders share genetic risk factors.
AUD does not prospectively predict SAD: The text suggests that AUD did not prospectively predict SAD, but possibly other anxiety disorders. This indicates that the relationship between SAD and AUD is not bidirectional.
Shared genetic risk factors for AUD and anxiety disorders: The text suggests that shared genetic risk factors for AUD and anxiety disorders have been found in twin and molecular genetic studies. This indicates that there may be a genetic predisposition to both disorders.
### Impact Rating: 7.5
The high impact severity rating is due to the significant association between AUD and SAD, which can have serious consequences for individuals suffering from both disorders.

## Relationships:

(Alcohol: Alcohol consumption (number of drinks per week))--[ASSOCIATEDWITH: Alcohol consumption is associated with the estimated effect size]-->(Beta: Beta is a measure of the strength and direction of the linear relationship between a continuous exposure and a continuous outcome.)
(Age: The age of the participants in the study.)--[MODERATION: The association between Fear of Pain (FOP) and pain intensity was significantly moderated by age.]-->(Fear Of Pain: Fear of pain is a psychological factor that refers to the fear and avoidance of physical activity and work due to the perceived threat of pain. It is a significant contributor to low back pain and resulting disability.)
(Age: The age of the participants in the study.)--[ASSOCIATION: Age is associated with the presence of Social Fears, but no specific strength is provided in the text]-->(Social Fears: Fear or avoidance of social situations, which can be a symptom of various anxiety disorders or social anxiety disorder.)
(Education: The level of education completed by the participants.)--[ASSOCIATION: The association between education and lung cancer remains unclear.]-->(Causality: The relationship between a cause and its effect. In this context, it refers to the causality of potential factors for lung cancer.)
(Education: The level of education completed by the participants.)--[ASSOCIATION: Education is associated with the presence of Social Fears, but no specific strength is provided in the text]-->(Social Fears: Fear or avoidance of social situations, which can be a symptom of various anxiety disorders or social anxiety disorder.)
(Fear Avoidance: A questionnaire that assesses fear avoidance beliefs about physical activity and work)--[ASSOCIATION: Fear avoidance beliefs are associated with fear avoidance questionnaire]-->(Fear_Avoidance_Beliefs: A belief related to fear avoidance, specifically focusing on how a patient's fear avoidance beliefs about physical activity and work may affect and contribute to their low back pain and resulting disability.)
(Fear Avoidance: A questionnaire that assesses fear avoidance beliefs about physical activity and work)--[MEASURES_RELATIONSHIP: Fear Avoidance questionnaire measures fear avoidance beliefs.]-->(Fear_Avoidance_Beliefs: A belief related to fear avoidance, specifically focusing on how a patient's fear avoidance beliefs about physical activity and work may affect and contribute to their low back pain and resulting disability.)
(Fear Avoidance: A questionnaire that assesses fear avoidance beliefs about physical activity and work)--[ASSESSES: The Fear Avoidance questionnaire specifically focuses on how a patient's fear avoidance beliefs about physical activity and work may affect and contribute to their low back pain and resulting disability.]-->(Fear_Avoidance_Beliefs: A belief related to fear avoidance, specifically focusing on how a patient's fear avoidance beliefs about physical activity and work may affect and contribute to their low back pain and resulting disability.)
(Fear Avoidance: A questionnaire that assesses fear avoidance beliefs about physical activity and work)--[MEASURES: The fear avoidance questionnaire measures fear avoidance beliefs]-->(Fear_Avoidance_Beliefs: A belief related to fear avoidance, specifically focusing on how a patient's fear avoidance beliefs about physical activity and work may affect and contribute to their low back pain and resulting disability.)
(Fear Avoidance: A questionnaire that assesses fear avoidance beliefs about physical activity and work)--[FOCUSES_ON: Fear Avoidance focuses on how a patient's fear avoidance beliefs about physical activity and work may affect and contribute to their low back pain and resulting disability]-->(Fear_Avoidance_Beliefs: A belief related to fear avoidance, specifically focusing on how a patient's fear avoidance beliefs about physical activity and work may affect and contribute to their low back pain and resulting disability.)
(Fear Avoidance: A questionnaire that assesses fear avoidance beliefs about physical activity and work)--[QUESTIONNAIRE_BELIEF_RELATIONSHIP: Fear avoidance questionnaire measures fear avoidance beliefs.]-->(Fear_Avoidance_Beliefs: A belief related to fear avoidance, specifically focusing on how a patient's fear avoidance beliefs about physical activity and work may affect and contribute to their low back pain and resulting disability.)
(Fear Avoidance: A questionnaire that assesses fear avoidance beliefs about physical activity and work)--[RELATED_TO: Fear Avoidance Questionnaire is related to fear avoidance beliefs.]-->(Fear_Avoidance_Beliefs: A belief related to fear avoidance, specifically focusing on how a patient's fear avoidance beliefs about physical activity and work may affect and contribute to their low back pain and resulting disability.)
(Fear Of Pain: Fear of pain is a psychological factor that refers to the fear and avoidance of physical activity and work due to the perceived threat of pain. It is a significant contributor to low back pain and resulting disability.)--[ASSOCIATED_WITH: Fear of pain is associated with increased depression.]-->(Depression: Depression refers to a mood disorder characterized by persistent feelings of sadness, hopelessness, and a lack of interest or pleasure in activities.)
(Fear Of Pain: Fear of pain is a psychological factor that refers to the fear and avoidance of physical activity and work due to the perceived threat of pain. It is a significant contributor to low back pain and resulting disability.)--[ASSOCIATION: Fear of pain is associated with increased depression.]-->(Depression: Depression refers to a mood disorder characterized by persistent feelings of sadness, hopelessness, and a lack of interest or pleasure in activities.)
(Fear Of Pain: Fear of pain is a psychological factor that refers to the fear and avoidance of physical activity and work due to the perceived threat of pain. It is a significant contributor to low back pain and resulting disability.)--[CORRELATION: Fear of pain is positively correlated with depression]-->(Depression: Depression refers to a mood disorder characterized by persistent feelings of sadness, hopelessness, and a lack of interest or pleasure in activities.)
(Fear Of Pain: Fear of pain is a psychological factor that refers to the fear and avoidance of physical activity and work due to the perceived threat of pain. It is a significant contributor to low back pain and resulting disability.)--[AFFECTS: Fear of pain is associated with an increased risk of depression]-->(Depression: Depression refers to a mood disorder characterized by persistent feelings of sadness, hopelessness, and a lack of interest or pleasure in activities.)
(Fear-Anxiety-Avoidance: The fear and anxiety that may lead to avoidance of certain activities due to the perceived risk of pain or re-injury)--[RELATED: Fear-anxiety-avoidance is a cognitive process that can lead to increased depression]-->(Depression: Depression refers to a mood disorder characterized by persistent feelings of sadness, hopelessness, and a lack of interest or pleasure in activities.)
","# Report:
## Chunks:

                  | 0.05–92.87  | No/No<br>19                                      | III                   | 9      |
|                                        | studies)                                     |                                   |                              |                       |                                       | but < 10−3               |             |                                                  |                       |        |
| Anglin et al., 2013                    | Vitamin D deficiency                         | NA                                | 9                            | OR                    | 1.31 (1.00–1.71)                      | 0.047                    | 0.63–2.73   | No/No<br>53                                      | Weak                  | 9      |
| Rahe et al., 2014                      | Western/unhealthy dietary                    | NA                                | 9                            | RR                    | 1.18 (0.97–1.43)                      | 0.096                    | 0.68–2.06   | No/No<br>62                                      | NS                    | 5      |
| Li et al., 2016a, 2016b                | Vegetable intake<br>patterns                 | NA                                | 7                            | RR                    | 0.87 (0.77–0.97)                      | 0.014                    | 0.68–1.11   | Yes/No<br>26                                     | Weak                  | 5      |
| Li et al., 2016a, 2016b                | Fruit intake                                 | NA                                | 8                            | RR                    | 0.85 (0.77–0.93)                      | > 10−6                   | 0.67–1.07   | Yes/No<br>42                                     | III                   | 5      |
|                                        |                                              |                                   |                              |                       |                                       | but < 10−3               |             |                                                  |                       |        |
| Grosso et al., 2016                    | EPA + DHA intake                             | NA                                | 4                            | RR                    | 0.85 (0.70–1.04)                      |
3-0). This statistically significant trend was further proven by Weighted median (OR = 1.21, CI: 1.105–1.318; p = 2.98e-05), RAPS (OR = 1.27, CI: 1.192–1.343; p = 1.08e-14) except for MR-Egger method

<span id=""page-4-0""></span>(OR = 1.15, CI: 0.937–1.421; p = 0.179) [\(Table 2](#page-3-0)). The MR-Egger regression analysis did not indicate the presence of pleiotropy (intercept p = 0.435) and Cochran's Q test did not detect significant heterogeneity in both MR-Egger and IVW methods (p > 0.05) ([Supplementary Table S3\)](#page-6-0). The causal effect of insomnia on LBP is illustrated by scatter plot [\(Figure 2A](#page-4-0)). Based on the effect size analysis, each insomnia SNP appeared to have a robust effect on LBP ([Supplementary Figure S1\)](#page-6-0). Furthermore, the leave-one-out analysis indicated that the significant result was not driven by any single SNP ([Supplementary Figure S2\)](#page-6-0). The mean F-statistics for IVs of insomnia is 43.73 in our study, which had ~100% power to detect a 25% increase in overall LBP risk (OR = 1.25). Altogether, these results indicate that our data are robust and without obvious bias.

#### The causal effect of daytime sleepiness on low back pain

For 38 SNPs, one SNP (rs11078398) was not found in the summary statistics for LBP and one SNP (rs2048522) was removed for being palindromic. In the MR-PRESSO test, no outliers were detected. Finally, 36 SNPs as IVs of daytime sleepiness remained in this part of the analysis. No genetic effect of daytime sleepiness on the risk of LBP was found by IVW method (OR = 0.86, CI: 0.461–1.606; p = 0.636), and the other methods were concordant with this result (
                         |
| Pan et al., 2012                                          | Metabolic syndrome (prospective<br>studies)               | 2316/27034                        | 9                            | OR                    | 1.48 (1.17–1.87)                                  | 0.001                    | 0.74–2.95              | 61       | No/Yes                                                     | Weak                  | 6                        |
| Jokela et al., 2014                                       | 2 metabolic risk factors                                  | 6691/9586                         | 8                            | OR                    | 1.45 (1.17–1.80)                                  | > 10−6                   | 0.83–2.54              | 51       | Yes/No                                                     | III                   | 3                        |
|                                                           |                                                           |                                   |                              |                       |                                                   | but < 10−3               |                        |          |                                                            |                       |                          |
| Pan et al., 2012                                          | Metabolic syndrome                                        | 20924/132380                      | 27                           | OR                    | 1.42 (1.28–1.57)                                  | < 10−6                   | 0.97–2.07              | 55       | No/No                                                      | II                    | 6                        |
| Jokela et al., 2014                                       | Obesity                                                   | 7673/11413                        | 8                            | OR                    | 1.35 (1.21–1.50)                                  | < 10−6                   | 1.18–1.54              | 0        | No/No                                                      | I                     | 3                        |
| Jokela et al., 2014                                       | 1 metabolic risk factor                                   | 9855/9586                         | 8                            | OR                    | 1.32 (1.06–1.65)                                  | 0.014                    | 0.72–2.42              | 
(OR=2.29, 95% CI: 1.18–4.45, *P*<0.001) are signifcant factors predisposing to sleeplessness/insomnia. Headaches (OR=1.06, 95% CI: 1.03–1.08, *P*<0.001), neck/ shoulder pain (OR=1.09, 95% CI: 1.01–1.17, *P*=0.02), back pain (OR=1.08, 95% CI: 1.03–1.14, *P*=0.02), stomach/abdominal pain (OR=1.19, 95% CI: 1.11–1.26, *P*<0.001), and knee pain (OR=1.07, 95% CI: 1.02–1.13, *P*=0.004) are signifcant contributors to depression.

Conversely, not all localized pain is a predisposing factor for psychological disorders. For example, no localized pain relates to the genetic liability of anxiety/panic attacks, and facial pain does not increase the predisposition of the mental disorders analyzed. In addition, stomach/abdominal pain and knee pain are not associated with insomnia, and hip pain is not signifcantly associated with depression.

It is worth noting that the absence of any pain is associated with signifcantly lower genetic susceptibility of sleeplessness/insomnia (OR=0.62, 95% CI: 0.54–0.70, *P*<0.001), anxiety/panic attacks (OR=0.98, 95% CI: 0.97–1.00, *P*=0.01) and depression (OR=0.92, 95% CI: 0.90–0.95, *P*<0.001) (Fig. [1](#page-4-0)).

Detailed MR results of localized pain on the risk of mental disorders with scatter plots can be found in supplementary fle [3](#page-8-2).

# **MR Results of mental disorders on the risk of localized pain**

Reverse directional MR revealed a signifcant causal relationship between mental disorders and several localized pain (Fig. [2\)](#page-5-0).
0 positive associations with AUD (Kranzler et al., 2019). Several of these were consistent with previous findings from candidate gene studies or GWAS, including several positive signals in ADH genes, as well as the dopamine DRD2 receptor, but many were novel. Moreover, findings in European Americans were not completely replicated in other ethnicities, who had even fewer positive associations identified. Techniques that allow examination of multiple ""omic"" levels simultaneously and interactive gene effects (Joubert et al., 2019; Joubert et al., 2018; Weighill et al., 2019) will help to unravel the genetics underlying AUD susceptibility.

These types of analyses have yet to be done for AUD, but they may also allow us to address another issue – the issue of which phenotypes should be used in association analyses. AUD is arguably a poor phenotype to examine in GWAS as it is a heterogeneous diagnosis. Associations may be much stronger if sub-phenotypes, or endophenotypes, are used. For example, Kranzler et al. (2019) found partially overlapping, but substantially different, genetic associations with AUD and alcohol consumption measures. This begs the question: should more specific symptoms or traits be examined in genetic studies, rather than the broad diagnoses that have primarily been used to date? In essence, this is part of the same question that underlies efforts to reconsider psychiatric diagnoses using Research Domain Criteria (Young et al., 2017) to better recognise their heterogeneity in both aetiology and presentation.

This heterogeneity is reflected in the wide range of neural and physiological systems that have been explored for their role in AUD. Candidate gene studies have chosen genes for study based upon a priori considerations about susceptibility to AUD (Hall et al.,

2013) and this same logic has guided preclinical studies. However, human genetic findings present another issue for preclinical studies – if the contribution of any particular genetic variant is small, will this also mean preclinical manipulations of the same targets will have small effects? Luckily, this does not seem to be the case in many instances, but this may be because the genetic manipulations (most often homozygous gene knockouts) used in preclinical studies produce greater consequences than most genetic variants in humans, which may alter protein functioning or gene expression, but not entirely eliminate expression. This does raise a question of translational validity, but at least makes the experiments tractable.

Bearing these general caveats in mind, the following sections consider many of the systems that have been
|               |                   |         |                |                   |         |
| Yes                      | 113 (12.6%)   | 108 (10.0%)       | 0.074   | 289 (24.1%)    | 122 (10.2%)       | < 0.001 |
| No                       | 787 (87.4%)   | 970 (90.0%)       |         | 911 (75.9%)    | 1078 (89.8%)      |         |
| Smoking status           |               |                   |         |                |                   |         |
| Smokers                  | 160 (17.8%)   | 162 (15.0%)       | 0.099   | 215 (17.9%)    | 184 (15.3%)       | 0.089   |
| Non-Smokers              | 740 (82.2%)   | 916 (85.0%)       |         | 985 (82.1%)    | 1016 (84.7%)      |         |
| OSAS                     |               |                   |         |                |                   |         |
| Yes                      | -             | -                 |         | 289 (24.1%)    | 122 (10.2%)       | < 0.001 |
| No                       | -             | =                 |         | 911 (75.9%)    | 1078 (89.8%)      |         |

Table 2. Replication of the GWAS identified OSAS variants in Chinese population.

|            | OSAS cases | Controls | OR (95% CIs) *   | P value |
|------------|------------|----------|------------------|---------|
| rs10097555 |            |          |                  |         |
| AA         | 621        | 691      | 1.00 (Reference) |         |
| AG         | 267        | 355      | 0.84 (0.69-1.01) | 0.069   |
| GG         | 12         | 32       | 0.42 (0.22-0.8)  | 0.00## Communities:

### Mental Health Community: Depression and Anxiety
### Summary
This report focuses on the community of individuals affected by depression and anxiety, two closely related mental health conditions. The analysis reveals that depression and anxiety are associated, comorbid, and often co-occur in the same individuals. The text also suggests a causal relationship between depression and anxiety, as well as an increased risk of depression in individuals with anxiety. Additionally, the study of depression includes data from the UK Biobank, a large-scale health study, and the selected genetic variants for depression were obtained from the largest GWAS meta-analysis of 807,553 European-descent individuals. Furthermore, depression is associated with an increased risk of cardiovascular disease (CAD), particularly in patients with diabetes.
### Key Findings
Depression and anxiety are related mental health conditions: The text provides multiple instances of the association between depression and anxiety, suggesting that they are closely related emotional states. This relationship is further supported by the fact that they share similar symptoms and risk factors.
Depression and anxiety are comorbid conditions: The text indicates that depression and anxiety often co-occur in the same individuals. This comorbidity is significant, as it can lead to more severe symptoms and increased healthcare costs.
Depression is associated with an increased risk of CAD: The text suggests a causal relationship between depression and an increased risk of CAD, particularly in patients with diabetes. This association is supported by multiple pieces of evidence, including genetic studies and inverse-variance weighted (IVW) analysis.
Depression is associated with insomnia: The text indicates that insomnia is associated with an increased risk of depression. This association is supported by multiple pieces of evidence, including genetic studies and the fact that insomnia symptoms/disorder are reported to independently increase the risk of subsequent depression in older persons.
Depression is associated with multimorbidity: The text suggests that depression is associated with an increased risk of multimorbidity, a condition where an individual has two or more chronic diseases. This association is supported by multiple pieces of evidence, including the fact that depression increases the risk for onset of multimorbidity by 80–90%.
### Impact Rating: 8.5
The high impact severity rating is due to the prevalence of depression and anxiety, their comorbidity, and the associated health risks, including cardiovascular disease.

### Chronic Lower Back Pain Community: Pain Catastrophising, Pain Intensity, and Disability
### Summary
This report examines the community of individuals experiencing chronic lower back pain (CLBP). The key entities within this community are pain catastrophising, pain intensity, and disability. The relationships between these entities reveal that pain catastrophising significantly influences pain intensity, which in turn affects disability. Alcohol consumption, stress, and sleep quality are also associated with pain intensity and disability.
### Key Findings
Pain catastrophising is a significant factor in the experience of pain intensity.: Pain catastrophising, the tendency to magnify the threat value of pain, feel helpless in the presence of pain, and have a relative inability to prevent or inhibit pain-related thoughts, is a key entity within the chronic lower back pain community. Studies have shown that pain catastrophising is associated with increased pain intensity, negatively correlated with pain intensity, and influences the pain intensity experienced by participants. It can also influence the level of pain intensity and may mediate the effect of treatments like Pilates exercise and tai chi on pain intensity.
Pain intensity significantly affects disability.: Pain intensity is a component of chronic pain and is a significant factor in the development and maintenance of disability in individuals with CLBP. Higher pain intensity is associated with higher disability, making it difficult for individuals to perform daily activities. Pain intensity may also influence disability by making it difficult for individuals to perform physical tasks and thus affect their ability to manage their disability.
Alcohol consumption is associated with increased pain intensity and disability.: Alcohol consumption is associated with pain intensity and disability. Alcohol can exacerbate pain, contribute to disability, and lead to physical impairments. The amount of alcohol consumed by an individual, typically measured in standard drinks per week, is correlated with disability, and excessive drinking can lead to a worsening of both pain intensity and disability.
Stress and perceived stress can increase pain intensity.: Stress and perceived stress can increase the perception of pain intensity in chronic lower back pain. Stress can exacerbate pain and vice versa, making it a significant factor in the experience of pain intensity. Perceived stress, the subjective experience of the appraisal and reaction to stressors, including their emotional and physical impact, can also affect physical state and exacerbate pain intensity.
Sleep quality is associated with pain intensity.: Sleep quality is associated with pain intensity. People who report poorer sleep quality also report worse pain intensity, although the underlying cause is still unclear. Self-reported sleep quality and proportion of time in slow-wave sleep (SWS) are associated with next-day pain intensity.
### Impact Rating: 8.5
The high impact severity rating of 8.5 indicates that the entities within this community have a significant impact on the quality of life and functioning of individuals with chronic lower back pain.

### Alcohol Use Disorder and Seasonal Affective Disorder Community
### Summary
This report examines the relationship between Alcohol Use Disorder (AUD) and Seasonal Affective Disorder (SAD), two mental health disorders that share a complex interplay. The analysis reveals a significant association between the two disorders, with SAD being a causal influence on AUD, as indicated by various studies. However, the relationship is not bidirectional, as AUD does not prospectively predict SAD. The findings also suggest that SAD increases the risk of incident AUD, and the two disorders often occur together in comorbid cases.
### Key Findings
SAD is a causal influence on AUD: The text suggests a causal relationship between SAD and AUD, as SAD may lead to AUD. This is supported by findings that SAD prospectively predicted AUD, but other anxiety disorders did not. The biometric modelling favoured models with direct phenotypic paths from SAD to AUD over models with shared genetic and environmental risk factors and models with direct paths from AUD to SAD.
SAD increases the risk of incident AUD: The text suggests that SAD is associated with an increased risk of incident AUD. This is supported by findings that SAD at T1 was associated with AUD at T2 in a longitudinal association.
SAD and AUD often occur together in comorbid cases: The text suggests that SAD and AUD often occur together in comorbid cases. This is supported by findings that SAD and AUD are associated, and that the two disorders share genetic risk factors.
AUD does not prospectively predict SAD: The text suggests that AUD did not prospectively predict SAD, but possibly other anxiety disorders. This indicates that the relationship between SAD and AUD is not bidirectional.
Shared genetic risk factors for AUD and anxiety disorders: The text suggests that shared genetic risk factors for AUD and anxiety disorders have been found in twin and molecular genetic studies. This indicates that there may be a genetic predisposition to both disorders.
### Impact Rating: 7.5
The high impact severity rating is due to the significant association between AUD and SAD, which can have serious consequences for individuals suffering from both disorders.

### Chronic Lower Back Pain Community: Fear Avoidance Model and Associated Factors
### Summary
This report provides an overview of the community centered around the Fear Avoidance Model (FAM) and its relationship with chronic lower back pain. The FAM is a psychological model that explains the development and maintenance of pain-related fear and avoidance behavior in individuals with chronic pain. The community includes various entities such as Fear of Pain (FOP), Patient Income (Pi), Random Effects Model, Correlation Coefficient, and Fibromyalgia Associated Musculoskeletal Pain, among others. The entities are interconnected through relationships such as influence, measurement, and association.
### Key Findings
The Fear Avoidance Model (FAM) is a central component in understanding chronic lower back pain.: The FAM is a psychological model that explains the development and maintenance of pain-related fear and avoidance behavior in individuals with chronic pain. It is a key concept in several studies that have proposed direct and positive relationships between Fear of Pain (FOP) and Pain Intensity (Pi).
Fear of Pain (FOP) is a significant factor in the Fear Avoidance Model.: FOP is a questionnaire that can be used to compute an effect size. It is influenced by the anticipated pain experience, which may vary with treatment status and pain location. FOP is also related to pain intensity and is often studied in the context of the FAM.
Patient Income (Pi) is associated with Pain Intensity (Pi) in the Fear Avoidance Model.: Pi is a measure of financial situation. In the studies, Pi and Pi are associated as variables. The effect size in the meta-analysis is calculated based on the relationship between Fear Avoidance Beliefs and Pain Intensity. The effect size is also calculated from correlation coefficients for Pain Interference.
Random Effects Model is used to compute the effect size estimate for the FOP–PI relation.: Random Effects Model is a statistical model that assumes that the effect size varies across studies due to differences in populations and methods. It is an analytic strategy used to compute an effect size estimate for the FOP–PI relation.
Fibromyalgia Associated Musculoskeletal Pain is related to various pain locations in the Fear Avoidance Model.: Fibromyalgia Associated Musculoskeletal Pain is also examined for orofacial pain, lower extremity pain, shoulder and arm pain, hand fractures, lower leg, head, neck, arm, upper leg, chest/abdomen, and trigger finger. These pain locations are parts of the body where pain may occur and are potentially affected by the chronic lower back pain.
### Impact Rating: 8.5
The high impact severity rating is due to the significant role of the Fear Avoidance Model in understanding and managing chronic lower back pain, as well as its wide application in various pain locations and patient populations.

### Chronic Lower Back Pain Community: Association with Sexual Abuse, Mental Disorders, and IGF-1 Levels
### Summary
This report presents an analysis of a community centered around chronic lower back pain, focusing on its key entities and their relationships. The entities of interest include P-value, IGF-1 levels, BMI, localized pain, mental disorders, and the Bonferroni Method. The report reveals associations between chronic lower back pain and sexual abuse, mental disorders, and IGF-1 levels, as well as the use of statistical methods to measure these associations.
### Key Findings
Association between chronic lower back pain and sexual abuse: The provided data indicates that a statistical test was used to measure the association between sexual abuse in childhood and chronic lower back pain. While the exact nature of this association is not specified, the P-value, a measure of the significance of a statistical test, is mentioned, suggesting that there may be a significant relationship between the two.
Association between chronic lower back pain and mental disorders: Similar to the association with sexual abuse, a statistical test was used to measure the association between localized pain and mental disorders. The P-value was used to determine the significance of this association, but the specific nature of the relationship is not detailed.
Association between IGF-1 levels and chronic lower back pain: IGF-1 levels have been associated with an increased risk of certain types of cancer. However, the provided data does not explicitly state a direct association between IGF-1 levels and chronic lower back pain. Instead, it mentions that IGF-1 levels have been associated with an increased risk of certain types of cancer, and no consistent association has been observed between BMI and total or bioavailable IGF-I levels.
Use of the Bonferroni Method: The Bonferroni Method was used to adjust p-values for multiple comparisons to control the risk of a Type I error. This method is commonly used in statistical analysis to ensure the validity of results when multiple tests are performed.
Statistical significance of results: The P-value is a measure of the significance of a statistical test, indicating the probability of obtaining the observed result by chance. In the provided data, the P-value is mentioned in several instances, suggesting that statistical tests were performed to determine the significance of the associations found. However, the statistical significance of the results is not explicitly stated.
### Impact Rating: 6.5
The community's impact is moderate due to the potential implications of the associations found between chronic lower back pain and sexual abuse, mental disorders, and IGF-1 levels.

## Relationships:

(Alcohol: Alcohol consumption (number of drinks per week))--[ASSOCIATEDWITH: Alcohol consumption is associated with the odds ratio]-->(Or: Odds Ratio (OR) is a measure of association between two events. It represents the ratio of the odds of an event occurring in one group compared to the odds of the event occurring in another group.)
(Or: Odds Ratio (OR) is a measure of association between two events. It represents the ratio of the odds of an event occurring in one group compared to the odds of the event occurring in another group.)--[MEASURES_ASSOCIATION: The odds ratio measures the association between BMI and major depression.]-->(Bmi: Body Mass Index, a measure of body fat based on an individual's weight in relation to their height.)
(Or: Odds Ratio (OR) is a measure of association between two events. It represents the ratio of the odds of an event occurring in one group compared to the odds of the event occurring in another group.)--[MEASURES: The text uses OR to measure the BMI]-->(Bmi: Body Mass Index, a measure of body fat based on an individual's weight in relation to their height.)
(Or: Odds Ratio (OR) is a measure of association between two events. It represents the ratio of the odds of an event occurring in one group compared to the odds of the event occurring in another group.)--[MEASURE_OF_ASSOCIATION: OR is a measure of association between BMI and other variables]-->(Bmi: Body Mass Index, a measure of body fat based on an individual's weight in relation to their height.)
(Causal Association: A relationship between two variables where a change in one variable causes a change in the other)--[APPLICABLE: The concept of causal association is applicable to the study of the relationship between BMI and back pain and chronic back pain]-->(Bmi: Body Mass Index, a measure of body fat based on an individual's weight in relation to their height.)
(Fear-Anxiety-Avoidance: The fear and anxiety that may lead to avoidance of certain activities due to the perceived risk of pain or re-injury)--[RELATED: Fear-anxiety-avoidance is a cognitive process that can lead to increased depression]-->(Depression: Depression refers to a mood disorder characterized by persistent feelings of sadness, hopelessness, and a lack of interest or pleasure in activities.)
(P Value: A measure of the significance of a statistical test, indicating the probability of obtaining the observed result by chance)--[USED_TO_MEASURE: P-value is used to measure the significance of the association between anxiety and CAD in diabetic patients]-->(Anxiety: Anxiety refers to feelings of worry, fear, and apprehension.)
(Study: A systematic investigation to establish or confirm a fact or the existence of a phenomenon)--[USED: The study used the Odds Ratio as a statistical test]-->(Or: Odds Ratio (OR) is a measure of association between two events. It represents the ratio of the odds of an event occurring in one group compared to the odds of the event occurring in another group.)
(Or: Odds Ratio (OR) is a measure of association between two events. It represents the ratio of the odds of an event occurring in one group compared to the odds of the event occurring in another group.)--[USED_AS: OR is used as a statistical measure to assess the association between unmarried status and chronic lower back pain, and between age > 70 and chronic lower back pain]-->(Study: A systematic investigation to establish or confirm a fact or the existence of a phenomenon)
(Fear-Anxiety-Avoidance: The fear and anxiety that may lead to avoidance of certain activities due to the perceived risk of pain or re-injury)--[RELATED: Fear-anxiety-avoidance is a cognitive process that can lead to increased anxiety]-->(Anxiety: Anxiety refers to feelings of worry, fear, and apprehension.)
(Or: Odds Ratio (OR) is a measure of association between two events. It represents the ratio of the odds of an event occurring in one group compared to the odds of the event occurring in another group.)--[ASSOCIATION: The text suggests that there is an association between OR and insomnia, as OR is used to measure the association between insomnia and low back pain.]-->(Insomnia: Insomnia is a sleep disorder characterized by difficulty falling asleep, staying asleep, or waking up too early and not being able to go back to sleep. It can lead to fatigue, irritability, and difficulty concentrating.)
(Or: Odds Ratio (OR) is a measure of association between two events. It represents the ratio of the odds of an event occurring in one group compared to the odds of the event occurring in another group.)--[STATISTICAL_RESULT: The text suggests that the OR for the causal effect of LBP on insomnia is 1.00, but the exact value is not provided]-->(Insomnia: Insomnia is a sleep disorder characterized by difficulty falling asleep, staying asleep, or waking up too early and not being able to go back to sleep. It can lead to fatigue, irritability, and difficulty concentrating.)
(P Value: A measure of the significance of a statistical test, indicating the probability of obtaining the observed result by chance)--[ASSOCIATION: The text suggests that there is an association between p-value and insomnia, as p-value is used to measure the significance of the association between insomnia and low back pain.]-->(Insomnia: Insomnia is a sleep disorder characterized by difficulty falling asleep, staying asleep, or waking up too early and not being able to go back to sleep. It can lead to fatigue, irritability, and difficulty concentrating.)
(P Value: A measure of the significance of a statistical test, indicating the probability of obtaining the observed result by chance)--[STATISTICAL_RESULT: The text suggests that the p-value for the causal effect of LBP on insomnia is 0.573, but the exact value is not provided]-->(Insomnia: Insomnia is a sleep disorder characterized by difficulty falling asleep, staying asleep, or waking up too early and not being able to go back to sleep. It can lead to fatigue, irritability, and difficulty concentrating.)
",False,
Depression,Sleep disturbance,True,"Reasoning Process:
Step 1: The report suggests a causal relationship between sleep disturbance and depression, as sleep disturbance is a symptom of depression and is associated with an increased risk of depression.
Step 2: The report does not provide evidence of a causal relationship in the opposite direction, i.e., depression causing sleep disturbance.
Step 3: The report does not mention any intermediate variables that could potentially link sleep disturbance and depression in a causal relationship.

Conclusion: A","# Report:
## Chunks:

physical illness in the elderly.[16,17,38-40] Lindesay[38] The DSM-IV diagnosis of GAD is made on the basis found a statistically significant association between of excessive uncontrollable worry with at least three depression, generalised anxiety and physical illness, of six associated symptoms (table I). However, four but 90% of persons with GAD had case-level de- of these six symptoms (restlessness if it is observapression. Among community-dwelling elderly indi- ble, fatigue, difficulty concentrating and sleep disviduals attending a general medical outpatient clin- turbance) are also features of major depression. Furic, only 2.2% met criteria for GAD compared with thermore, many patients with major depression ex-18% who met criteria for a depressive disorder.[41] perience significant anxiety symptoms, including Studies of clinical populations of older adults worry, apprehension, and motor tension, as part of with physical disorders have focused mainly on the the depressive illness.[27,47] Thus, differentiation of association of GAD with either stroke or Parkin- GAD from an episode of major depression funda-

criminating between GAD and major depression is contamination by germs or dirt. further confounded by the fact that some older adults do not use the word 'depression' to describe **5. Patient Evaluation** depressed mood or a depressive illness. Enquiry present with 'anxiety' or 'nerves' as their main B12 and folate, thyroid function tests and ECG.

in post-traumatic stress disorder the worry is about stomach aches, chest pain or sore muscles?""[51]

mentally rests on whether or not the person reports reliving or being reminded of a trauma, and in anhedonia (which is the core feature of major de- obsessive-compulsive disorder the worry is associpression) and/or depressed mood. However, dis- ated with obsessions, such as an irrational fear of

about depressed mood, therefore, requires use of a The diagnosis of GAD in older persons is based range of synonyms, including 'low', 'sad', 'down', on a thorough history obtained from the patient and 'unhappy', 'blue' or 'empty'. If a person has symp- the patient's family or caregivers, mental state extoms that meet criteria for both major depression amination, physical examination and laboratory and GAD, a separate diagnosis of GAD is not war- tests used to screen for physical factors that could be ranted unless it is clear that the generalised anxiety contributing to the anxiety. Screening investigations also occurs outside of episodes of
izes summary-level data to test for putative causal associations between a risk factor (exposure) and an outcome by using independent genomewide significant SNPs as instrumental variables as an index of the exposure. Instrumental variants were selected based on default P ≤ 5 × 10<sup>−</sup> <sup>8</sup> . HEIDI outlier detection was used to filter genetic instruments that showed clear pleiotropic effects on the exposure phenotype and the outcome phenotype. We used a threshold P value of 0.01 for the outlier detection analysis in HEIDI, which removes 1% of SNPs by chance if there is no pleiotropic effect.

#### **3. Results and discussion**

Genetic correlation analyses indicated that MDD has a significant genetic correlation with insomnia (correlation ratio = 0.40 ± 0.03, P = 1.12 × 10<sup>−</sup> 52). MR analysis indicated that genetic liabilities to MDD and to insomnia are mutually causal: MDD confers a causal effect on insomnia with 45 independent instrumental variants being involved (bxy = 0.16 ± 0.02, P = 1.11 × 10<sup>−</sup> 18, Fig. 1A), and insomnia confers a causal effect on MDD with 15 independent instrumental variants being involved (bxy = 0.57 ± 0.07, P = 1.17 × 10<sup>−</sup> 14, Fig. 1B).

We detected a moderate genetic correlation between MDD and insomnia, suggesting shared genetic liability between the two disorders. We further revealed bidirectional causal effects between MDD and insomnia, consistent with the observation that the comorbidity between depression and insomnia typically forms a vicious cycle, known to significantly impact the course and management of one another. In clinical practice, when co-occurring with MDD, insomnia is viewed as a symptom secondary to MDD. Our results indicated that insomnia exerts a much larger causal effect on MDD than *vice versa*, supporting the independent role of genetic liability of insomnia in etiology of MDD, reminiscent of the notion of using sleep interventions as therapies for neurodegenerative and psychiatric disorders ([Akers et al., 2018](#page-3-0)).

The SNPs and genes contributing to the causal effect of insomnia on depression and depression on insomnia are listed in [Tables 1
million SNPs for Insomnia were collected.

#### *2.2. Genetic correlation and MR analyses*

GWAS summary results were utilized to analyze the genetic correlation of MDD with insomnia using linkage disequilibrium (LD) score regression software (LDSC, v1.0.1) ([Bulik-Sullivan et al., 2015a, 2015b](#page-3-0)). The 1000 Genome project phase 3 [\(Genomes Project et al., 2015](#page-3-0)) were used to estimate the LD structure for European populations, which was obtained from the LD score regression website ([Bulik-Sullivan et al.,](#page-3-0)  [2015a, 2015b; Finucane et al., 2015\)](#page-3-0). Furthermore, those SNPs obtained above were filtered into 1.1 million variants with minor allele frequency (MAF) above 0.05 and with Major histocompatibility complex (MHC) and other long-range LD regions excluded [\(Altshuler et al., 2010](#page-3-0)).

Mendelian randomization (MR) is an analysis that uses genetic variants, which are expected to be independent of confounding factors, as instrumental variables to test for causality ([Zhu et al., 2018\)](#page-4-0). MR can be used to infer credible causal associations or as a strategy to rank order candidate causal associations. The power of an MR analysis could be greatly improved by exploiting GWAS summary data from two independent studies with large sample sizes, i.e., a summary data-based MR (SMR) approach. Here, the SMR approach is extended to a more general form (generalized SMR or GSMR) by leveraging power from multiple genetic variants accounting for linkage disequilibrium (LD) between the variants, which is more powerful than existing summary data-based MR methods ([Zhu et al., 2018\)](#page-4-0). This method utilizes summary-level data to test for putative causal associations between a risk factor (exposure) and an outcome by using independent genomewide significant SNPs as instrumental variables as an index of the exposure. Instrumental variants were selected based on default P ≤ 5 × 10<sup>−</sup> <sup>8</sup> . HEIDI outlier detection was used to filter genetic instruments that showed clear pleiotropic effects on the
2% of all cigarettes consumed in England are consumed by those with mental illness, although this includes substance use disorders[.4](#page-6-3) Additionally, while cigarette consumption in the general population has shown a sustained decrease over the past 20 years, consumption among smokers with mental illness has remained relatively unchanged[.1](#page-6-0) There is therefore a pressing need to understand the mechanisms underlying the high rate of smoking in people with mental illness. Here, we focus specifically on the relationship between cigarette smoking and depression and anxiety.

Currently, there are several hypotheses that have been proposed to explain the high rates of smoking in people with depression and anxiety. The self-medication hypothesis postulates that individuals turn to smoking to alleviate their symptoms[5–7](#page-6-4) and therefore suggests that symptoms of depression and anxiety may lead to smoking. An alternative hypothesis is that smoking may lead to depression or anxiety, through effects on an individual's neurocircuitry that increases susceptibility to environmental stressors. Animal models indicate that prolonged nicotine exposure dysregulates the hypothalamic–pituitary–adrenal system, resulting in hypersecretion of cortisol and alterations in the activity of the associated monoamine neurotransmitter system, whose function is to regulate reactions to stressors,[8](#page-6-5) an effect that appears to normalize after nicotine withdrawal.[9](#page-6-6) The association between smoking and depression/anxiety may also be bidirectional, with occasional smoking initially used to alleviate symptoms, but in fact worsening them over time.[10](#page-6-7) Finally, there may in fact be no causal relationship between smoking and depression/anxiety. Instead, the association may be a product of shared risk factors (eg, common genetic influences[\)10,](#page-6-7)[11](#page-6-8) or confounding. Smokers may also report that cigarettes alleviate their symptoms due to the misattribution of withdrawal relief. Given the short half-life of nicotine that results in withdrawal symptoms (including mood symptoms) after a short period of abstinence, smokers may misattribute the relief of short-term withdrawal as reflecting a genuine anxiolytic effect of smoking[.7](#page-6-9) That is, withdrawal symptoms of increased anxiety and negative affect may be misattributed as reflecting genuine mood symptoms, which would lead to the impression that smoking improves mood.

We are therefore presented with multiple different hypotheses regarding whether there is a causal relationship between smoking and depression/anxiety and if so, what the direction of caus
2344675.

**Keywords** Systematic review · Meta-analysis · Prevalence · Correlates · Insomnia · Old persons

# **Introduction**

#### **Rationale**

Broadly defned as a quantitative and/or qualitative sleep deterioration originating from predisposing, precipitating, and perpetuating factors, insomnia is a frequently encountered sleep disturbance, and its nosology have markedly evolved since the Diagnostic and Statistical Manual (DSM)- III-R [[1](#page-9-0)[–3](#page-9-1)]. The respective mean frequencies of insomnia symptoms and insomnia disorder in the general population are estimated to be 30% (variations of 30% to 35%) and 10% (variations of 3.9% to 22.1%), respectively [\[4](#page-9-2)[–7](#page-9-3)]. These proportions are signifcantly afected by the type of assessment tool [[8,](#page-9-4) [9](#page-9-5)]. The reported prevalence of insomnia symptoms in older persons, respectively, fuctuates from 24.5 to 48% [\[8,](#page-9-4) [10](#page-9-6)–[13\]](#page-9-7), aging being a recognized predisposing factor of insomnia symptoms and disturbed sleep, particularly sleep fragmentation [[6,](#page-9-8) [11\]](#page-9-9). This is in part due to age-related changes such as an increase in sleep latency, time awake after sleep onset, the number of arousals from sleep (nocturnal awakenings), as well as a decrease in sleep efciency, total sleep time, and slow wave sleep (deep sleep) [\[11,](#page-9-9) [14–](#page-9-10)[16\]](#page-9-11). Also, modifcations include an advance in circadian timing (advanced sleep phase), a decrease in circadian amplitude, a reduced ability to adjust to changes in the phase of circadian rhythms, and an increase in daytime napping [[11](#page-9-9), [14](#page-9-10), [16\]](#page-9-11). Insomnia symptoms and disorder among seniors seem linked to somatic conditions (painful diseases, cardiovascular conditions, neurocogn
agnostic and Statistical Manual of Mental Disorders-V (DSM-V), the International Classification of Diseases (ICD)-9 or − 10 using either of structured diagnostic interviews, review of electronic medical records and self-reported symptoms or treatment by a medical professional and to exclude cases with lifetime bipolar disorder or schizophrenia. While the insomnia GWA study data from UKB contained 386,533 European-ancestry subjects, including 109,402 cases and 277,131 controls ([Jansen et al., 2019](#page-3-0)). The insomnia complaints were assessed by a question via a touch screen device, which is much closer to the DSM-5 and the International Classification of Sleeping Diseases (ICSD) diagnostic criteria than Insomnia Severity Index [\(Bastien et al.,](#page-3-0)  [2001\)](#page-3-0). Detailed description of subjects' characters can be checked in each study. Ethical approval had been obtained in all original studies.

Genotyping was performed on genome DNA extracted from blood samples and completed on precast or custom genotyping arrays provided by Affymetrix or Illumina, etc. Detailed genotyping procedures can be found in the primary reports. The quality control, and imputation analysis were performed using the PGC standard pipeline or comparable procedures [\(Schizophrenia Working Group of the Psychiatric Genomics,](#page-4-0)  [2014\)](#page-4-0). The 1000 Genomes project reference panel was used to perform genotype imputation in IMPUTE2 [\(Howie et al., 2009](#page-3-0)). For either dataset of MDD and Insomnia, all bi-allelic SNPs and imputation score (INFO score) above 0.9 were included, and ambiguous SNPs were excluded. If an SNP was mapped to opposite strands in either dataset, its alleles in the second dataset were flipped. Finally, 9.6 million for MDD and 10.8 million SNPs for Insomnia were collected.

#### *2.2. Genetic correlation and MR analyses*

GWAS summary results were utilized to analyze the genetic correlation of MDD with insomnia using linkage disequilibrium (LD) score regression software (LDSC, v1.0.1) ([Bulik-Sullivan et al., 2015a, 2015b](#page-3## Communities:

### Mental Health Community: Depression and Anxiety
### Summary
This report focuses on the community of individuals affected by depression and anxiety, two closely related mental health conditions. The analysis reveals that depression and anxiety are associated, comorbid, and often co-occur in the same individuals. The text also suggests a causal relationship between depression and anxiety, as well as an increased risk of depression in individuals with anxiety. Additionally, the study of depression includes data from the UK Biobank, a large-scale health study, and the selected genetic variants for depression were obtained from the largest GWAS meta-analysis of 807,553 European-descent individuals. Furthermore, depression is associated with an increased risk of cardiovascular disease (CAD), particularly in patients with diabetes.
### Key Findings
Depression and anxiety are related mental health conditions: The text provides multiple instances of the association between depression and anxiety, suggesting that they are closely related emotional states. This relationship is further supported by the fact that they share similar symptoms and risk factors.
Depression and anxiety are comorbid conditions: The text indicates that depression and anxiety often co-occur in the same individuals. This comorbidity is significant, as it can lead to more severe symptoms and increased healthcare costs.
Depression is associated with an increased risk of CAD: The text suggests a causal relationship between depression and an increased risk of CAD, particularly in patients with diabetes. This association is supported by multiple pieces of evidence, including genetic studies and inverse-variance weighted (IVW) analysis.
Depression is associated with insomnia: The text indicates that insomnia is associated with an increased risk of depression. This association is supported by multiple pieces of evidence, including genetic studies and the fact that insomnia symptoms/disorder are reported to independently increase the risk of subsequent depression in older persons.
Depression is associated with multimorbidity: The text suggests that depression is associated with an increased risk of multimorbidity, a condition where an individual has two or more chronic diseases. This association is supported by multiple pieces of evidence, including the fact that depression increases the risk for onset of multimorbidity by 80–90%.
### Impact Rating: 8.5
The high impact severity rating is due to the prevalence of depression and anxiety, their comorbidity, and the associated health risks, including cardiovascular disease.

### Major Depressive Disorder (MDD) and Loneliness Community
### Summary
This report examines the relationships between Major Depressive Disorder (MDD) and loneliness, as well as their associations with cardiovascular diseases, inflammation, and metabolic factors. The findings suggest that loneliness is a significant risk factor for MDD, and that MDD is associated with increased inflammation and metabolic factors. Both MDD and loneliness are also comorbid with cardiovascular diseases.
### Key Findings
Loneliness is a risk factor for MDD: The text provides evidence that loneliness is a risk factor for MDD, as it is associated with an increased liability to MDD and an increased risk of MDD. This suggests that addressing loneliness may be an important intervention for preventing and treating MDD.
Loneliness and MDD are associated with increased risk of cardiovascular diseases: The text indicates that MDD and cardiovascular diseases are often comorbid, with MDD rates of up to 41% in selected physical diseases. Additionally, loneliness has been associated with an increased risk of MDD, which in turn increases the risk of future cardiovascular events. This suggests that addressing loneliness and MDD may be important for reducing the risk of cardiovascular diseases.
Inflammation is a risk factor for MDD: The text suggests that inflammation is involved in the pathophysiology of depression and is a risk factor for MDD. This is supported by the observation that MDD is associated with inflammation in a proportion of individuals, and that MDD shows a genetic correlation with levels of C-reactive protein, a marker of inflammation.
MDD is associated with metabolic factors: The text indicates that MDD is associated with metabolic factors, as people with MDD have a higher total food intake and reduced diet quality. Additionally, MDD is associated with increased risk for Type II Diabetes, and shows a genetic correlation with Type II Diabetes. This suggests that addressing MDD may be important for managing metabolic health.
Loneliness and MDD share genetic and biological pathways: The text suggests that there is a strong genetic overlap between MDD and ASCVD, as well as a shared biological pathway through the gut microbiome. This suggests that there may be numerous pathological mechanisms implicated in both MDD and physical diseases that increase the risk or exacerbate comorbidity.
### Impact Rating: 8.5
The high impact severity rating is due to the significant association between MDD and loneliness, as well as the potential for these conditions to increase the risk of cardiovascular diseases and other physical health problems.

### Substance Use Community: Marijuana, Cocaine, and Other Illicit Drugs
### Summary
This report provides an overview of the Substance Use community, which includes the use of marijuana, cocaine, and other illicit drugs. The community is primarily studied through the National Survey on Drug Use and Health (NSDUH), which collects data on the use of tobacco, alcohol, and illicit drugs. The use of these substances is associated with various life stages, including adolescence and young adulthood, and is influenced by factors such as expectancies, risk perception, and social cognitive theory. Substance use can lead to the development of substance use disorders, which are often comorbid with severe psychotic disorders. The community also includes the use of prescription psychotherapeutic drugs, inhalants, and vaping.
### Key Findings
Substance use is a significant issue in the United States, as evidenced by the data collected by the NSDUH.: The NSDUH collects data on the use of tobacco, alcohol, and illicit drugs, providing a comprehensive picture of substance use in the United States. The survey measures the prevalence of substance use, including the initiation of heroin use, and presents estimates for past year initiation of heroin use.
Marijuana is a commonly used illicit drug in the Substance Use community.: Marijuana use is assessed in the NSDUH, and respondents who reported lifetime use of marijuana were asked SUD questions if they also reported lifetime use of prescription drugs. Marijuana use is also associated with the life stage of adolescence, which is often a time associated with initiation and experimentation of substance use. Marijuana use disorder is also assessed in the NSDUH.
Cocaine is another illicit drug that is part of the Substance Use community.: Cocaine use is also assessed in the NSDUH, and respondents who reported lifetime use of cocaine were asked SUD questions if they also reported lifetime use of prescription drugs. Cocaine is a more potent and addictive drug than marijuana, and is often used for recreational purposes. Heroin is another illicit drug that is part of the Substance Use community, and is highly addictive.
Substance use can lead to the development of substance use disorders.: Substance use, particularly when it becomes excessive, can lead to the development of a substance use disorder. Substance use disorders are mental health disorders characterized by the misuse of substances, including prescription drugs. Substance use disorders are often comorbid with severe psychotic disorders, such as schizophrenia and delusional disorders.
Social cognitive theory explains how individuals learn and perform behaviors, particularly in the context of substance use.: Social cognitive theory emphasizes the role of social factors, personal factors, and behavior in shaping human development and behavior. The perception of others' use plays an important role in the reinforcement of substance use, as supported by Social Cognitive Theory. Social Cognitive Theory also posits that substance use behaviors are reinforced by environmental and social factors via observational learning.
Substance use is associated with various life stages, including adolescence and young adulthood.: Adolescence is often a time associated with initiation and experimentation of substance use, and young adulthood is frequently associated with increased alcohol use and the transition from substance use experimentation to habit, putting individuals at risk for developing a substance use disorder. Substance use is also associated with the life stage of older adulthood, although the risk of substance use may be influenced by factors such as lack of social support and medical comorbidities.
Substance use is influenced by factors such as expectancies, risk perception, and parenting style.: Expectancies about the effects of substances can influence the initiation and maintenance of substance use. Risk perception can influence substance use, with interventions focusing on increasing risk perception to change behavior. Parenting style can also have an impact on an adolescent's substance use.
Substance use can have a range of negative effects on an individual's health, relationships, and daily functioning.: Substance use can lead to a range of problems, including substance use disorders, alcohol-related problems, and medical comorbidities. The financial cost associated with substance use and substance use disorders can also have a significant impact on individuals and society.
### Impact Rating: 8.5
The high impact severity rating is due to the potential for substance use to lead to substance use disorders, which can have significant negative effects on an individual's health, relationships, and daily functioning.

### Sleep Disorders and Coronary Heart Disease Community
### Summary
This report examines the relationships between sleep disorders, specifically sleeplessness and daytime dozing, and Coronary Heart Disease (CHD). The analysis reveals causal relationships, associations, and risk factors between these entities, as well as the use of genetic variants as instruments in Mendelian Randomization to establish causal associations.
### Key Findings
Causal Relationship between Sleeplessness and CHD: The text provides evidence supporting a causal relationship between sleeplessness and CHD. Three studies found a causal association between sleeplessness and an increased risk of CHD, as well as a positive causal association between genetically predicted sleeplessness and CHD. These findings suggest that addressing sleep disorders may help reduce the risk of CHD.
Causal Association between Daytime Dozing and CHD: The text suggests a causal association between daytime dozing and CHD, as one study aimed to explore the causal associations between daytime dozing and CHD. However, another study did not support a causal relationship. These findings indicate a potential link between daytime dozing and CHD, but further research is needed to confirm this association.
Genetic Variants as Causal Factors for CHD: The text reveals that genetic risk of CHD is a causal factor for the disease, as genetic variants are used as instruments in Mendelian Randomization to establish causal associations. One genetic variant is robustly associated with sleeplessness, suggesting that it may influence CHD through sleep.
Sleeplessness and Daytime Dozing Association: The text suggests that sleeplessness and daytime dozing are likely associated, as poor sleep quality can lead to daytime sleepiness. This association may have implications for understanding the relationship between sleep disorders and CHD.
Smoking as a Risk Factor for CHD: The text identifies smoking 10 to 19 cigarettes per day and 1 to 9 cigarettes per day as significant risk factors for the development of CHD. Ex-smoking may still carry some risk, especially for heavy smokers. These findings highlight the importance of smoking cessation for reducing the risk of CHD.
Inverse Variance Weighted Method for Causal Inference: The Inverse Variance Weighted (IVW) method is used to estimate the causal effect of sleeplessness on CHD. This method assigns more weight to studies with smaller variance, assuming they are more precise. The use of the IVW method in this context demonstrates the application of advanced statistical methods for causal inference in sleep disorders and CHD research.
### Impact Rating: 7.5
The findings suggest a significant association between sleep disorders and CHD, with potential implications for public health and disease prevention strategies.

## Relationships:

(Mdd: Major Depressive Disorder (MDD) is a mental health disorder characterized by persistent feelings of sadness, hopelessness, and a lack of interest or pleasure in activities. It can also lead to a variety of physical and emotional problems and can greatly affect a person's ability to function at work and in relationships.)--[ASSOCIATION: People with MDD are significantly more likely to engage in excessive alcohol use.]-->(Alcohol: Alcohol consumption (number of drinks per week))
(Alcohol: Alcohol consumption (number of drinks per week))--[INFLUENCES: Alcohol consumption can increase the risk of insomnia, particularly if consumed close to bedtime]-->(Insomnia: Insomnia is a sleep disorder characterized by difficulty falling asleep, staying asleep, or waking up too early and not being able to go back to sleep. It can lead to fatigue, irritability, and difficulty concentrating.)
(Insomnia: Insomnia is a sleep disorder characterized by difficulty falling asleep, staying asleep, or waking up too early and not being able to go back to sleep. It can lead to fatigue, irritability, and difficulty concentrating.)--[ASSOCIATION: Studies show that a percentage of people with poor sleep quality have reported using alcohol as a sleep aid, suggesting a potential association between alcohol consumption and insomnia]-->(Alcohol: Alcohol consumption (number of drinks per week))
(Alcohol: Alcohol consumption (number of drinks per week))--[ASSOCIATED_WITH: This study analyzes the association between alcohol consumption and six self-reported sleep traits, including insomnia.]-->(Insomnia: Insomnia is a sleep disorder characterized by difficulty falling asleep, staying asleep, or waking up too early and not being able to go back to sleep. It can lead to fatigue, irritability, and difficulty concentrating.)
(Alcohol: Alcohol consumption (number of drinks per week))--[ASSOCIATEDWITH: Alcohol consumption is nonlinearly associated with insomnia, as per the study]-->(Insomnia: Insomnia is a sleep disorder characterized by difficulty falling asleep, staying asleep, or waking up too early and not being able to go back to sleep. It can lead to fatigue, irritability, and difficulty concentrating.)
(Insomnia: Insomnia is a sleep disorder characterized by difficulty falling asleep, staying asleep, or waking up too early and not being able to go back to sleep. It can lead to fatigue, irritability, and difficulty concentrating.)--[ASSOCIATEDWITH: Insomnia is associated with increased alcohol consumption.]-->(Alcohol: Alcohol consumption (number of drinks per week))
(Alcohol: Alcohol consumption (number of drinks per week))--[INFLUENCE: Alcohol consumption may influence insomnia]-->(Insomnia: Insomnia is a sleep disorder characterized by difficulty falling asleep, staying asleep, or waking up too early and not being able to go back to sleep. It can lead to fatigue, irritability, and difficulty concentrating.)
(Alcohol: Alcohol consumption (number of drinks per week))--[ASSOCIATION: Alcohol consumption may be associated with insomnia]-->(Insomnia: Insomnia is a sleep disorder characterized by difficulty falling asleep, staying asleep, or waking up too early and not being able to go back to sleep. It can lead to fatigue, irritability, and difficulty concentrating.)
(Age: The age of the participants in the study.)--[ASSOCIATED_WITH: Age is associated with the onset and severity of MDD.]-->(Mdd: Major Depressive Disorder (MDD) is a mental health disorder characterized by persistent feelings of sadness, hopelessness, and a lack of interest or pleasure in activities. It can also lead to a variety of physical and emotional problems and can greatly affect a person's ability to function at work and in relationships.)
(Age: The age of the participants in the study.)--[ASSOCIATION: Insomnia prevalence may vary with age.]-->(Insomnia: Insomnia is a sleep disorder characterized by difficulty falling asleep, staying asleep, or waking up too early and not being able to go back to sleep. It can lead to fatigue, irritability, and difficulty concentrating.)
(Insomnia: Insomnia is a sleep disorder characterized by difficulty falling asleep, staying asleep, or waking up too early and not being able to go back to sleep. It can lead to fatigue, irritability, and difficulty concentrating.)--[CHARACTERISTIC: The study population had a mean age of 57 years, and insomnia was a characteristic of some of them]-->(Age: The age of the participants in the study.)
(Alcohol: Alcohol consumption (number of drinks per week))--[ASSOCIATED_WITH: Alcohol consumption is associated with an increased risk of Major Depressive Disorder.]-->(Major Depressive Disorder: Major Depressive Disorder is a type of depression that is characterized by a persistent feeling of sadness or a loss of interest or pleasure in activities, accompanied by other symptoms such as changes in sleep, appetite, energy level, concentration, and self-worth.)
(Smoking: The smoking habits of the participants in the study by Linton et al.)--[RISK_FACTOR: Smoking has been identified as a risk factor for MDD.]-->(Mdd: Major Depressive Disorder (MDD) is a mental health disorder characterized by persistent feelings of sadness, hopelessness, and a lack of interest or pleasure in activities. It can also lead to a variety of physical and emotional problems and can greatly affect a person's ability to function at work and in relationships.)
(Mdd: Major Depressive Disorder (MDD) is a mental health disorder characterized by persistent feelings of sadness, hopelessness, and a lack of interest or pleasure in activities. It can also lead to a variety of physical and emotional problems and can greatly affect a person's ability to function at work and in relationships.)--[CAUSAL_EFFECT: MDD is a causal factor leading to smoking.]-->(Smoking: The smoking habits of the participants in the study by Linton et al.)
(Mdd: Major Depressive Disorder (MDD) is a mental health disorder characterized by persistent feelings of sadness, hopelessness, and a lack of interest or pleasure in activities. It can also lead to a variety of physical and emotional problems and can greatly affect a person's ability to function at work and in relationships.)--[ASSOCIATED_WITH: MDD is associated with increased smoking behavior.]-->(Smoking: The smoking habits of the participants in the study by Linton et al.)
(Mdd: Major Depressive Disorder (MDD) is a mental health disorder characterized by persistent feelings of sadness, hopelessness, and a lack of interest or pleasure in activities. It can also lead to a variety of physical and emotional problems and can greatly affect a person's ability to function at work and in relationships.)--[ASSOCIATION: The text suggests an association between increased liability to MDD and increased smoking.]-->(Smoking: The smoking habits of the participants in the study by Linton et al.)
",,,True,"# Report:
## Chunks:

physical illness in the elderly.[16,17,38-40] Lindesay[38] The DSM-IV diagnosis of GAD is made on the basis found a statistically significant association between of excessive uncontrollable worry with at least three depression, generalised anxiety and physical illness, of six associated symptoms (table I). However, four but 90% of persons with GAD had case-level de- of these six symptoms (restlessness if it is observapression. Among community-dwelling elderly indi- ble, fatigue, difficulty concentrating and sleep disviduals attending a general medical outpatient clin- turbance) are also features of major depression. Furic, only 2.2% met criteria for GAD compared with thermore, many patients with major depression ex-18% who met criteria for a depressive disorder.[41] perience significant anxiety symptoms, including Studies of clinical populations of older adults worry, apprehension, and motor tension, as part of with physical disorders have focused mainly on the the depressive illness.[27,47] Thus, differentiation of association of GAD with either stroke or Parkin- GAD from an episode of major depression funda-

criminating between GAD and major depression is contamination by germs or dirt. further confounded by the fact that some older adults do not use the word 'depression' to describe **5. Patient Evaluation** depressed mood or a depressive illness. Enquiry present with 'anxiety' or 'nerves' as their main B12 and folate, thyroid function tests and ECG.

in post-traumatic stress disorder the worry is about stomach aches, chest pain or sore muscles?""[51]

mentally rests on whether or not the person reports reliving or being reminded of a trauma, and in anhedonia (which is the core feature of major de- obsessive-compulsive disorder the worry is associpression) and/or depressed mood. However, dis- ated with obsessions, such as an irrational fear of

about depressed mood, therefore, requires use of a The diagnosis of GAD in older persons is based range of synonyms, including 'low', 'sad', 'down', on a thorough history obtained from the patient and 'unhappy', 'blue' or 'empty'. If a person has symp- the patient's family or caregivers, mental state extoms that meet criteria for both major depression amination, physical examination and laboratory and GAD, a separate diagnosis of GAD is not war- tests used to screen for physical factors that could be ranted unless it is clear that the generalised anxiety contributing to the anxiety. Screening investigations also occurs outside of episodes of
Research has emerged in the past two decades focusing on the association between the individual or household financial stressors and common mental disorders such as depression and anxiety. However, findings regarding the relationship between different indicators of financial stress and depression are inconclusive in the previous literature. Studies have shown positive associations between depression and various indicators of financial stress such as debt or debt stress, financial hardship, or difficulties [\[13–15](#page-16-0)]. Some other studies find no relationships when financial stress was indicated by low income. For example, Zimmerman and Katon [[16](#page-17-0)] found that when other socioeconomic confounders were considered, no relationship between low income and depression was observed. Besides, there is evidence showing a negative association between low income and major depressive disorder in South Korea [[17](#page-17-0)]. A 2010 review on poverty and mental disorders also finds that the association between income and mental disorders (including depression) was still unclear [[18](#page-17-0)].

The social causation theory is one of the theories that has been proposed to explain possible mechanisms underlying the effect of poverty on mental disorders [\[18,](#page-17-0) [19\]](#page-17-0). It states that stressful financial circumstances might lead to the occurrence of new depressive symptoms or maintain previous depression. This might be due to exposure to worse living conditions, malnutrition, unhealthy lifestyle, lower social capital, social isolation, or decreased coping ability with negative life events. Individuals or households with limited financial resources are more vulnerable to stressful life events (e.g., economic crises, public-health crises), which might increase the risk of mental health problems [[18–20\]](#page-17-0). However, practically, social causation might not be applicable to situations where individuals are not in poverty or deprivation but still can experience depression due to financial stress.

Reviews to date have examined the relationship between debt specifically and broader mental health outcomes with depression being one of them. For example, two reviews published in 2013 and 2014 reviewed the literature on the relationship between debt and both mental health and physical health [\[21,](#page-17-0) [22](#page-17-0)]. They concluded that there was a significant relationship between personal unsecured debt or unpaid debt obligations and the increased risk of common mental disorders, suicidal ideation and so on [[21](#page-17-0), [22](#page-17-0)]. In terms of depression, they found that there was a strong and consistent positive relationship
; 95% CI -0.88, 0.03). The reviewers concluded that more methodologically sound trials were needed to help resolve this question.

# Pharmacological treatment

The prognosis of depression complicated by comorbid anxiety has been reported to be worse than the prognosis of depression alone [34]. Nelson and colleagues [35°] undertook a meta-analysis to investigate whether response to second-generation antidepressants in depressed older adults was impaired by the presence of comorbid anxiety. Using a random-effects model, they compared the outcome for 2322 anxious and 1387 nonanxious depressed patients aged 60 years or older from published randomized placebo-controlled trials. There was no significant difference between the two groups in the outcome of antidepressant therapy.

Sneed and colleagues [36°] randomized 174 people aged 75 years and over with MDD to an 8-week trial of citalopram 20-40 mg/day or placebo. At baseline they were assessed on a modified Stroop test administered via computer. The Stroop test measures response inhibition, one type of executive dysfunction. Those patients without deficient response inhibition on the Stroop who were treated with citalogram (n = 58) did better than those without deficient response inhibition who were treated with placebo (n = 61). In contrast, those patients with deficient response inhibition who were treated with citalopram (n = 18) did worse than those patients with deficient response inhibition treated with placebo (n = 21). These findings suggest an interaction between deficient response inhibition and citalopram in older people with major depression. The origin of this interaction is obscure, although it is well established that deficient response inhibition is associated with white matter ischaemic changes. However, these authors did not report MRI white matter findings.

In a 12-week nonrandomized trial of sertraline in 217 participants aged 60 years and over with MDD, Fazekas scores were used to rate MRI white matter hyperintensities [37\*\*]. Vascular risk factors correlated strongly with performance on a large battery of neuropsychological tests. Baseline neuropsychological function and white matter hyperintensities predicted Montgomery-Asberg Depression Rating Scale scores over the 12-week trial. Baseline neuropsychological function also predicted clinical remission. The findings from this study provide support for the vascular depression hypothesis in later life.

It has been clear for some time that the initial treatment and ongoing
ality333 and a lower risk for myocardial infarction334. Furthermore, antidepressants improve motor function and disability after stroke290, and motor symptoms in Parkinson's disease289.

There is also tentative evidence that psychotherapies may improve physical health-related quality of life and fasting glucose/ HbA1C332, and have a positive impact on physical outcomes in people with ischemic heart disease318. However, results are limited by the low quality of trials, and recent advances in medical care may have outweighed previously demonstrated benefits of psychotherapy318. A systematic review found that the effect of psychotherapy on disease activity in people with inflammatory bowel disease was not clear305.

A systematic review focusing on people with rheumatic conditions reported that CBT led to reduction of pain severity in four of seven studies, and to significant reduction of fatigue in one of four studies329. Psychotherapy may also lead to increased engagement in lifestyle behaviors that positively influence physical health327,335. For example, CBT has been found to improve medication adherence in people undergoing dialysis327. However, it is not yet known whether these changes translate into improved physical outcomes 327.

# **Effect of physical disease treatments on MDD outcomes**

Medications such as non-steroidal anti-inflammatory drugs (NSAIDs), statins, angiotensin-converting enzyme (ACE) inhibitors, drugs acting on the renin-angiotensin system, and cytokine inhibitors may yield additional positive effects when added to an antidepressant179,336-339, reducing depressive symptoms among individuals with a physical disease338,339. As a prominent example, a recent meta-analysis found that anti-inflammatory drugs improved depressive symptoms with a SMD of 0.64 (95% CI: 0.40-0.88) when used as add-on to antidepressants in MDD, and of 0.41 (95% CI: 0.22-0.60) when used as monotherapy among people with a physical disease338. Furthermore, anti-inflammatory add-on to antidepressants in MDD improved response and remission rates338.

The most frequently studied anti-inflammatory drugs are NSAIDs, cytokine inhibitors and statins. Several of these drugs (e.g., statins) target physical diseases that are disproportionally common in people with MDD (e
<s> **<https://doi.org/10.1093/hmg/ddab204>** Advance Access Publication Date: 16 July 2021 General Article

GENERAL ARTICLE

# **Higher adiposity and mental health: causal inference using Mendelian randomization**

Francesco Casanova1,†, Jessica O'Loughlin1,†, Susan Martin1, Robin N. Beaumont1, Andrew R. Wood1, Edward R. Watkins2, Rachel M. Freathy1, Saskia P. Hagenaars3, Timothy M. Frayling1, Hanieh Yaghootkar1 and Jess Tyrrell1,\*

1Genetics of Complex Traits, The College of Medicine and Health, RD&E Hospital, University of Exeter, Exeter EX2 5DW, UK, 2Mood Disorders Centre, School of Psychology, University of Exeter, Exeter, EX4 4QG, UK and 3Social, Genetic and Developmental Psychiatry Centre, Institute of Psychiatry, Psychology and Neuroscience, King's College London, London, SE5 8AF, UK

\*To whom correspondence should be addressed. Tel: +1 392408262; Email: j.tyrrell@exeter.ac.uk

## Abstract

Higher adiposity is an established risk factor for psychiatric diseases including depression and anxiety. The associations between adiposity and depression may be explained by the metabolic consequences and/or by the psychosocial impact of higher adiposity. We performed one- and two- sample Mendelian randomization (MR) in up to 145 668 European participants from the UK Biobank to test for a causal effect of higher adiposity on 10 well-validated mental health and well-being outcomes derived using the Mental Health Questionnaire (MHQ). We used three sets of adiposity genetic instruments: (a) a set of 72 BMI genetic variants, (b) a set of 36 favourable adiposity variants and (c) a set of 38 unfavourable adiposity variants. We additionally tested causal relationships (1) in men and women separately, (2) in a subset of individuals not taking antidepressants and (3) in non-linear MR models. Two-sample MR provided evidence that a genetically determined one standard deviation (1-SD) higher BMI (4.6 kg/m2) was associated with higher odds of current depression [
<s> # Maturitas

# Prevention of depression in older age

Osvaldo P. Almeida<sup>a</sup>,b,c,<sup>∗</sup>

## Abstract

Depression is a common disorder in later life that is associated with increased disability and costs, and negativehealthoutcomes over time.Antidepressanttreatments inthe formofmedications or psychotherapy are available, but a large proportion of those treated fail to respond fully, and relapse or recurrence of symptoms is frequent among those who recover. Hence, successful prevention would avoid these negative outcomes. This paper selectively reviews currently available observational and trial data on the prevention of depression. It initially reviews risk factors associated with depression, and then discusses strategies for primary (including universal, selective and indicated), secondary and tertiary prevention. Currently available evidence suggests that selective and indicated preventive interventions are feasible and initial results look promising. Existing trial data indicate that ongoing antidepressant treatments reduce the risk of relapse and recurrence of symptoms, but benefits may not extend beyond two or three years. At this point in time, no interventions have been shown to reduce the long term complications associated with depression. Mental health professionals will need to work collaboratively to develop primary, secondary and tertiary preventive interventions that are effective at targeting relevant risk factors systematically and that can be easily adopted into clinical practice.

#### **1. Introduction**

Understanding the pathways that lead to the onset, persistence and recurrence of depressive symptoms is a critical first step on the road to developing effective preventive measures. Over the past 50 years health professionals have described numerous factors that seem to modulate the risk of depression across the lifespan,

although translation of this knowledge into practice has been slow and haphazard. Nonetheless, progress has been made. This paper will selectively review our growing understanding of the risk factors associated with depression and the strategies that have been used to date to prevent depression in later life.

### **2. Risk factors for depression in later life**

Over one decade ago, Cole and Dendukuri completed a systematic review of risk factors prospectively associated with depression in later life [\[1\].](#page-4-0) Their pooled analyses showed that depression was more frequent among women and those with a disability, recent bereavement, poor sleep and past history of depression. The association between depression and age, education, marital status, socioeconomic status,poorhealth, cognitive impairment,living alone and new medical illnesses did not reach statistical significance. However, the number of studies providing usable data for each the risk factors analysed was small (2–7) and the review of risk factors was## Communities:

### Mental Health Community: Depression and Anxiety
### Summary
This report focuses on the community of individuals affected by depression and anxiety, two closely related mental health conditions. The analysis reveals that depression and anxiety are associated, comorbid, and often co-occur in the same individuals. The text also suggests a causal relationship between depression and anxiety, as well as an increased risk of depression in individuals with anxiety. Additionally, the study of depression includes data from the UK Biobank, a large-scale health study, and the selected genetic variants for depression were obtained from the largest GWAS meta-analysis of 807,553 European-descent individuals. Furthermore, depression is associated with an increased risk of cardiovascular disease (CAD), particularly in patients with diabetes.
### Key Findings
Depression and anxiety are related mental health conditions: The text provides multiple instances of the association between depression and anxiety, suggesting that they are closely related emotional states. This relationship is further supported by the fact that they share similar symptoms and risk factors.
Depression and anxiety are comorbid conditions: The text indicates that depression and anxiety often co-occur in the same individuals. This comorbidity is significant, as it can lead to more severe symptoms and increased healthcare costs.
Depression is associated with an increased risk of CAD: The text suggests a causal relationship between depression and an increased risk of CAD, particularly in patients with diabetes. This association is supported by multiple pieces of evidence, including genetic studies and inverse-variance weighted (IVW) analysis.
Depression is associated with insomnia: The text indicates that insomnia is associated with an increased risk of depression. This association is supported by multiple pieces of evidence, including genetic studies and the fact that insomnia symptoms/disorder are reported to independently increase the risk of subsequent depression in older persons.
Depression is associated with multimorbidity: The text suggests that depression is associated with an increased risk of multimorbidity, a condition where an individual has two or more chronic diseases. This association is supported by multiple pieces of evidence, including the fact that depression increases the risk for onset of multimorbidity by 80–90%.
### Impact Rating: 8.5
The high impact severity rating is due to the prevalence of depression and anxiety, their comorbidity, and the associated health risks, including cardiovascular disease.

### Major Depressive Disorder (MDD) and Loneliness Community
### Summary
This report examines the relationships between Major Depressive Disorder (MDD) and loneliness, as well as their associations with cardiovascular diseases, inflammation, and metabolic factors. The findings suggest that loneliness is a significant risk factor for MDD, and that MDD is associated with increased inflammation and metabolic factors. Both MDD and loneliness are also comorbid with cardiovascular diseases.
### Key Findings
Loneliness is a risk factor for MDD: The text provides evidence that loneliness is a risk factor for MDD, as it is associated with an increased liability to MDD and an increased risk of MDD. This suggests that addressing loneliness may be an important intervention for preventing and treating MDD.
Loneliness and MDD are associated with increased risk of cardiovascular diseases: The text indicates that MDD and cardiovascular diseases are often comorbid, with MDD rates of up to 41% in selected physical diseases. Additionally, loneliness has been associated with an increased risk of MDD, which in turn increases the risk of future cardiovascular events. This suggests that addressing loneliness and MDD may be important for reducing the risk of cardiovascular diseases.
Inflammation is a risk factor for MDD: The text suggests that inflammation is involved in the pathophysiology of depression and is a risk factor for MDD. This is supported by the observation that MDD is associated with inflammation in a proportion of individuals, and that MDD shows a genetic correlation with levels of C-reactive protein, a marker of inflammation.
MDD is associated with metabolic factors: The text indicates that MDD is associated with metabolic factors, as people with MDD have a higher total food intake and reduced diet quality. Additionally, MDD is associated with increased risk for Type II Diabetes, and shows a genetic correlation with Type II Diabetes. This suggests that addressing MDD may be important for managing metabolic health.
Loneliness and MDD share genetic and biological pathways: The text suggests that there is a strong genetic overlap between MDD and ASCVD, as well as a shared biological pathway through the gut microbiome. This suggests that there may be numerous pathological mechanisms implicated in both MDD and physical diseases that increase the risk or exacerbate comorbidity.
### Impact Rating: 8.5
The high impact severity rating is due to the significant association between MDD and loneliness, as well as the potential for these conditions to increase the risk of cardiovascular diseases and other physical health problems.

### Substance Use Community: Marijuana, Cocaine, and Other Illicit Drugs
### Summary
This report provides an overview of the Substance Use community, which includes the use of marijuana, cocaine, and other illicit drugs. The community is primarily studied through the National Survey on Drug Use and Health (NSDUH), which collects data on the use of tobacco, alcohol, and illicit drugs. The use of these substances is associated with various life stages, including adolescence and young adulthood, and is influenced by factors such as expectancies, risk perception, and social cognitive theory. Substance use can lead to the development of substance use disorders, which are often comorbid with severe psychotic disorders. The community also includes the use of prescription psychotherapeutic drugs, inhalants, and vaping.
### Key Findings
Substance use is a significant issue in the United States, as evidenced by the data collected by the NSDUH.: The NSDUH collects data on the use of tobacco, alcohol, and illicit drugs, providing a comprehensive picture of substance use in the United States. The survey measures the prevalence of substance use, including the initiation of heroin use, and presents estimates for past year initiation of heroin use.
Marijuana is a commonly used illicit drug in the Substance Use community.: Marijuana use is assessed in the NSDUH, and respondents who reported lifetime use of marijuana were asked SUD questions if they also reported lifetime use of prescription drugs. Marijuana use is also associated with the life stage of adolescence, which is often a time associated with initiation and experimentation of substance use. Marijuana use disorder is also assessed in the NSDUH.
Cocaine is another illicit drug that is part of the Substance Use community.: Cocaine use is also assessed in the NSDUH, and respondents who reported lifetime use of cocaine were asked SUD questions if they also reported lifetime use of prescription drugs. Cocaine is a more potent and addictive drug than marijuana, and is often used for recreational purposes. Heroin is another illicit drug that is part of the Substance Use community, and is highly addictive.
Substance use can lead to the development of substance use disorders.: Substance use, particularly when it becomes excessive, can lead to the development of a substance use disorder. Substance use disorders are mental health disorders characterized by the misuse of substances, including prescription drugs. Substance use disorders are often comorbid with severe psychotic disorders, such as schizophrenia and delusional disorders.
Social cognitive theory explains how individuals learn and perform behaviors, particularly in the context of substance use.: Social cognitive theory emphasizes the role of social factors, personal factors, and behavior in shaping human development and behavior. The perception of others' use plays an important role in the reinforcement of substance use, as supported by Social Cognitive Theory. Social Cognitive Theory also posits that substance use behaviors are reinforced by environmental and social factors via observational learning.
Substance use is associated with various life stages, including adolescence and young adulthood.: Adolescence is often a time associated with initiation and experimentation of substance use, and young adulthood is frequently associated with increased alcohol use and the transition from substance use experimentation to habit, putting individuals at risk for developing a substance use disorder. Substance use is also associated with the life stage of older adulthood, although the risk of substance use may be influenced by factors such as lack of social support and medical comorbidities.
Substance use is influenced by factors such as expectancies, risk perception, and parenting style.: Expectancies about the effects of substances can influence the initiation and maintenance of substance use. Risk perception can influence substance use, with interventions focusing on increasing risk perception to change behavior. Parenting style can also have an impact on an adolescent's substance use.
Substance use can have a range of negative effects on an individual's health, relationships, and daily functioning.: Substance use can lead to a range of problems, including substance use disorders, alcohol-related problems, and medical comorbidities. The financial cost associated with substance use and substance use disorders can also have a significant impact on individuals and society.
### Impact Rating: 8.5
The high impact severity rating is due to the potential for substance use to lead to substance use disorders, which can have significant negative effects on an individual's health, relationships, and daily functioning.

### Sleep Disorders and Coronary Heart Disease Community
### Summary
This report examines the relationships between sleep disorders, specifically sleeplessness and daytime dozing, and Coronary Heart Disease (CHD). The analysis reveals causal relationships, associations, and risk factors between these entities, as well as the use of genetic variants as instruments in Mendelian Randomization to establish causal associations.
### Key Findings
Causal Relationship between Sleeplessness and CHD: The text provides evidence supporting a causal relationship between sleeplessness and CHD. Three studies found a causal association between sleeplessness and an increased risk of CHD, as well as a positive causal association between genetically predicted sleeplessness and CHD. These findings suggest that addressing sleep disorders may help reduce the risk of CHD.
Causal Association between Daytime Dozing and CHD: The text suggests a causal association between daytime dozing and CHD, as one study aimed to explore the causal associations between daytime dozing and CHD. However, another study did not support a causal relationship. These findings indicate a potential link between daytime dozing and CHD, but further research is needed to confirm this association.
Genetic Variants as Causal Factors for CHD: The text reveals that genetic risk of CHD is a causal factor for the disease, as genetic variants are used as instruments in Mendelian Randomization to establish causal associations. One genetic variant is robustly associated with sleeplessness, suggesting that it may influence CHD through sleep.
Sleeplessness and Daytime Dozing Association: The text suggests that sleeplessness and daytime dozing are likely associated, as poor sleep quality can lead to daytime sleepiness. This association may have implications for understanding the relationship between sleep disorders and CHD.
Smoking as a Risk Factor for CHD: The text identifies smoking 10 to 19 cigarettes per day and 1 to 9 cigarettes per day as significant risk factors for the development of CHD. Ex-smoking may still carry some risk, especially for heavy smokers. These findings highlight the importance of smoking cessation for reducing the risk of CHD.
Inverse Variance Weighted Method for Causal Inference: The Inverse Variance Weighted (IVW) method is used to estimate the causal effect of sleeplessness on CHD. This method assigns more weight to studies with smaller variance, assuming they are more precise. The use of the IVW method in this context demonstrates the application of advanced statistical methods for causal inference in sleep disorders and CHD research.
### Impact Rating: 7.5
The findings suggest a significant association between sleep disorders and CHD, with potential implications for public health and disease prevention strategies.

## Relationships:

(Alcohol: Alcohol consumption (number of drinks per week))--[ASSOCIATEDWITH: Regular alcohol consumption was associated with better mental health conditions and lower levels of depression]-->(Depression: Depression refers to a mood disorder characterized by persistent feelings of sadness, hopelessness, and a lack of interest or pleasure in activities.)
(Depression: Depression refers to a mood disorder characterized by persistent feelings of sadness, hopelessness, and a lack of interest or pleasure in activities.)--[ASSOCIATION: Individuals with depression may consume more alcohol.]-->(Alcohol: Alcohol consumption (number of drinks per week))
(Alcohol: Alcohol consumption (number of drinks per week))--[CAUSALLY_AFFECTS: The study found a causal relationship between alcohol use and depression]-->(Depression: Depression refers to a mood disorder characterized by persistent feelings of sadness, hopelessness, and a lack of interest or pleasure in activities.)
(Alcohol: Alcohol consumption (number of drinks per week))--[CAUSALLY_ASSOCIATED: Alcohol use was found to be causally associated with a lower risk of depression.]-->(Depression: Depression refers to a mood disorder characterized by persistent feelings of sadness, hopelessness, and a lack of interest or pleasure in activities.)
(Alcohol: Alcohol consumption (number of drinks per week))--[CAUSALLY_RELATED: The study investigates the causal effect of alcohol use on depression]-->(Depression: Depression refers to a mood disorder characterized by persistent feelings of sadness, hopelessness, and a lack of interest or pleasure in activities.)
(Alcohol: Alcohol consumption (number of drinks per week))--[CONTRIBUTES_TO: The text suggests that alcohol is a potential harmful lifestyle practice contributing to depression.]-->(Depression: Depression refers to a mood disorder characterized by persistent feelings of sadness, hopelessness, and a lack of interest or pleasure in activities.)
(Alcohol: Alcohol consumption (number of drinks per week))--[INFLUENCE: Alcohol may influence depression as excessive alcohol consumption may lead to feelings of sadness and hopelessness]-->(Depression: Depression refers to a mood disorder characterized by persistent feelings of sadness, hopelessness, and a lack of interest or pleasure in activities.)
(Alcohol: Alcohol consumption (number of drinks per week))--[RISK_FACTOR: Alcohol consumption has been associated with an increased risk of depression.]-->(Depression: Depression refers to a mood disorder characterized by persistent feelings of sadness, hopelessness, and a lack of interest or pleasure in activities.)
(Alcohol: Alcohol consumption (number of drinks per week))--[NOT_MENTIONED: Alcohol is not directly related to depression in this context, but was adjusted for in the analysis]-->(Depression: Depression refers to a mood disorder characterized by persistent feelings of sadness, hopelessness, and a lack of interest or pleasure in activities.)
(Alcohol: Alcohol consumption (number of drinks per week))--[INFLUENCES: Alcohol consumption is found to have a significant association with depression, as shown in the multivariable linear regression results]-->(Depression: Depression refers to a mood disorder characterized by persistent feelings of sadness, hopelessness, and a lack of interest or pleasure in activities.)
(Alcohol: Alcohol consumption (number of drinks per week))--[ASSOCIATION: No robust causal influence of Alcohol on Depression was found in the study]-->(Depression: Depression refers to a mood disorder characterized by persistent feelings of sadness, hopelessness, and a lack of interest or pleasure in activities.)
(Alcohol: Alcohol consumption (number of drinks per week))--[ASSOCIATED_WITH: Alcohol consumption is associated with a lower risk of depression]-->(Depression: Depression refers to a mood disorder characterized by persistent feelings of sadness, hopelessness, and a lack of interest or pleasure in activities.)
(Age: The age of the participants in the study.)--[ASSOCIATION: The association between depression and age did not reach statistical significance]-->(Depression: Depression refers to a mood disorder characterized by persistent feelings of sadness, hopelessness, and a lack of interest or pleasure in activities.)
(Age: The age of the participants in the study.)--[INFLUENCES: Older age is associated with a higher likelihood of having depression]-->(Depression: Depression refers to a mood disorder characterized by persistent feelings of sadness, hopelessness, and a lack of interest or pleasure in activities.)
(Age: The age of the participants in the study.)--[AGE_RELATIONSHIP: The text states that depression increases significantly with age]-->(Depression: Depression refers to a mood disorder characterized by persistent feelings of sadness, hopelessness, and a lack of interest or pleasure in activities.)
(Depression: Depression refers to a mood disorder characterized by persistent feelings of sadness, hopelessness, and a lack of interest or pleasure in activities.)--[ASSOCIATION: Depression is associated with age]-->(Age: The age of the participants in the study.)
(Age: The age of the participants in the study.)--[RISK_FACTOR: Advancing age can increase the risk of developing depression]-->(Depression: Depression refers to a mood disorder characterized by persistent feelings of sadness, hopelessness, and a lack of interest or pleasure in activities.)
(Age: The age of the participants in the study.)--[AFFECTS: Age can affect the risk of depression, with older adults being at higher risk]-->(Depression: Depression refers to a mood disorder characterized by persistent feelings of sadness, hopelessness, and a lack of interest or pleasure in activities.)
(Depression: Depression refers to a mood disorder characterized by persistent feelings of sadness, hopelessness, and a lack of interest or pleasure in activities.)--[AFFECTS: Depression affects individuals of various ages, as mentioned in the text.]-->(Age: The age of the participants in the study.)
(Depression: Depression refers to a mood disorder characterized by persistent feelings of sadness, hopelessness, and a lack of interest or pleasure in activities.)--[AFFECTEDBY: There is insufficient evidence to conclude a common pattern regarding the association between financial stressors and depression by age groups.]-->(Age: The age of the participants in the study.)
(Smoking: The smoking habits of the participants in the study by Linton et al.)--[CAUSAL_RELATIONSHIP: Smoking is a causal factor for depression, meaning that smoking increases the risk of depression.]-->(Depression: Depression refers to a mood disorder characterized by persistent feelings of sadness, hopelessness, and a lack of interest or pleasure in activities.)
(Smoking: The smoking habits of the participants in the study by Linton et al.)--[CAUSEEFFECT: Smoking was associated with subsequent depression in 8 studies.]-->(Depression: Depression refers to a mood disorder characterized by persistent feelings of sadness, hopelessness, and a lack of interest or pleasure in activities.)
"
