Var1,Var2,Causal Literature Prediction,Causal Literature Prediction Reasoning,Causal Literature Report,Proto,Plausibility Report,Association Report,Temporality Report,Direction_Resolved,Direction Report
Alcohol,Anxiety,True,"Reasoning Process:
Step 1: Understanding the definitions of Variable 1 (Alcohol) and Variable 2 (Anxiety) is crucial to determining the causal relationship between the two. Alcohol consumption (Variable 1) refers to the number of drinks per week, while Anxiety (Variable 2) encompasses various aspects such as fear, anxious misery, hyperarousal, and somatic symptoms related to arousal.
Step 2: Considering the definition of Anxiety, it is clear that it is a complex psychological and physiological state. The relationship between Alcohol and Anxiety is likely bidirectional, meaning that changes in one variable can influence the other.
Step 3: Research has shown that alcohol consumption can lead to increased anxiety levels in some individuals, possibly due to the withdrawal effects or the anxiety-provoking properties of alcohol itself. On the other hand, individuals with anxiety may be more likely to consume alcohol as a coping mechanism or to self-medicate their anxiety symptoms.
Step 4: Given the bidirectional relationship and the potential for intermediate variables (e.g., coping mechanisms, withdrawal effects), it is reasonable to conclude that changing Alcohol can cause a change in Anxiety, either directly or through one or more intermediate variables.

Conclusion: A",,False,,,,False,
Alcohol,Catastrophizing,True,"Reasoning Process:
Step 1: Understanding the definitions of Catastrophizing and Alcohol: Catastrophizing is a psychological phenomenon characterized by an exaggerated negative response to pain, while Alcohol is a substance consumed in varying amounts. To determine the causal relationship between the two, we need to consider how they might interact.
Step 2: Considering the potential mechanisms by which Catastrophizing could influence Alcohol consumption: Catastrophizing might lead to increased stress and anxiety, which could potentially lead to increased alcohol consumption as a coping mechanism. However, this is a potential indirect relationship and not a direct cause-and-effect relationship.
Step 3: Considering the potential mechanisms by which Alcohol could influence Catastrophizing: Alcohol consumption can impair cognitive function, including the ability to process and respond to pain. This could potentially lead to increased catastrophizing as the individual becomes less able to effectively cope with pain. However, this is also an indirect relationship.
Step 4: Considering the potential for bidirectional relationships: While it's possible that Catastrophizing could lead to increased Alcohol consumption, and Alcohol could lead to increased Catastrophizing, the question asks for the most likely relationship. Given the available information, the relationship between Alcohol and Catastrophizing is more likely to be bidirectional, but the question asks for a single answer.
Step 5: Evaluating the options: A suggests that changing Catastrophizing causes a change in Alcohol, which is a possible but not the most direct relationship. B suggests that changing Alcohol causes a change in Catastrophizing, which is also a possible but not the most direct relationship. C suggests that there is no causal relationship, which seems unlikely given the potential for bidirectional relationships.
Step 6: Considering the complexity of the relationships: Both A and B are plausible, but the question asks for the most likely relationship. Given the available information, it's difficult to determine a clear direction of causality. However, the relationship between Alcohol and Catastrophizing is more likely to be bidirectional, but the question asks for a single answer.
Step 7: Making a conclusion: Given the potential for bidirectional relationships and the complexity of the interactions between Catastrophizing and Alcohol, the most likely answer is that changing Alcohol causes a change in Catastrophizing, either directly or through one or more intermediate variables.
Step 8: Conclusion: Based on the analysis, the most likely relationship is that changing Alcohol causes a change in Catastrophizing, either directly or through one or more intermediate variables.
Step 9: Final Answer: B

Conclusion: B",,False,,,,False,
Alcohol,Obesity,True,"Reasoning Process:
Step 1: To determine the causal relationship between Alcohol and Obesity, we need to consider the definitions of both variables. Alcohol refers to alcohol consumption, which is a behavior, while Obesity refers to BMI or being overweight, which is a physical characteristic.
Step 2: Research has shown that excessive alcohol consumption can lead to weight gain and obesity due to the high calorie content of alcoholic beverages, as well as changes in metabolism and appetite regulation. This suggests a potential direct causal relationship between Alcohol and Obesity.
Step 3: However, it's also possible that Obesity could influence Alcohol consumption, as individuals with obesity may be more likely to experience social stigma or discrimination, leading to increased alcohol consumption as a coping mechanism. This would suggest a potential indirect causal relationship between Obesity and Alcohol.
Step 4: Considering both possibilities, it's clear that there is a bidirectional relationship between Alcohol and Obesity, with each variable potentially influencing the other. However, the question asks for the most likely relationship, and based on the available evidence, the direct causal relationship from Alcohol to Obesity is more well-established and widely recognized.
Step 5: Therefore, the most likely relationship is that Changing Alcohol causes a change in Obesity, either directly or through one or more intermediate variables.
Step 6: This conclusion is based on the understanding that excessive alcohol consumption can lead to weight gain and obesity, and is supported by various studies and research in the field of health and medicine.
Step 7: Therefore, the correct answer is A.
Step 8: This conclusion is consistent with the available evidence and research in the field of health and medicine.

Conclusion: A",,False,,,,False,
Alcohol,Sleep disturbance,True,"Reasoning Process:
Step 1: Understanding the definitions of Variable 1 (Alcohol) and Variable 2 (Sleep disturbance). Alcohol is defined as the number of drinks per week, while Sleep disturbance is a self-reported score on the general perception of sleep quality.
Step 2: Considering the relationship between alcohol consumption and sleep quality. Research has shown that excessive alcohol consumption can lead to sleep disturbances, such as insomnia, daytime fatigue, and decreased sleep quality. This suggests a potential causal relationship between the two variables.
Step 3: Evaluating the possibility of intermediate variables. For example, alcohol consumption can lead to sleep disturbances through mechanisms such as disrupting the body's natural sleep-wake cycle, increasing the risk of sleep disorders, and affecting the quality of sleep. This indicates that changing alcohol consumption can indeed cause a change in sleep disturbance, either directly or through one or more intermediate variables.
Step 4: Considering the reverse direction of causality. While sleep disturbances can be a consequence of alcohol consumption, it is less likely that sleep disturbances would directly cause a change in alcohol consumption. However, it is possible that individuals with sleep disturbances may be more likely to consume alcohol as a coping mechanism, but this would be an indirect effect.
Step 5: Evaluating the option of no causal relationship. Given the established link between alcohol consumption and sleep quality, it is unlikely that there is no causal relationship between the two variables.
Step 6: Based on the analysis, the most likely option is that changing Alcohol causes a change in Sleep disturbance, either directly or through one or more intermediate variables.

Conclusion: A",,False,,,,False,
Anxiety,Fear_avoidance,True,"Reasoning Process:
Step 1: Understanding the definitions of Anxiety and Fear_avoidance is crucial to determining the causal relationship between the two variables. Anxiety, as defined by PROMIS, encompasses a range of symptoms including fear, anxious misery, hyperarousal, and somatic symptoms related to arousal. Fear_avoidance, on the other hand, is a patient-reported questionnaire that focuses on how fear avoidance beliefs about physical activity and work may affect and contribute to low back pain and resulting disability.
Step 2: Considering the definitions, it is clear that Anxiety and Fear_avoidance are related but distinct concepts. Anxiety is a psychological state characterized by feelings of fear, worry, and hyperarousal, while Fear_avoidance is a behavioral response to those feelings, specifically avoiding activities due to fear of exacerbating low back pain.
Step 3: Given the relationship between Anxiety and Fear_avoidance, it is reasonable to infer that changing Anxiety could lead to a change in Fear_avoidance. For instance, if a patient's Anxiety levels decrease, they may be more likely to engage in physical activity and work, thereby reducing their Fear_avoidance. Conversely, if a patient's Anxiety levels increase, they may become more fearful and avoid physical activity and work, thereby increasing their Fear_avoidance.
Step 4: Therefore, it is likely that changing Anxiety causes a change in Fear_avoidance, either directly or through one or more intermediate variables.
Step 5: This conclusion is based on the understanding that Anxiety is a precursor to Fear_avoidance, and a change in Anxiety levels can lead to a change in Fear_avoidance levels.
Step 6: Therefore, the most likely relationship between Anxiety and Fear_avoidance is that changing Anxiety causes a change in Fear_avoidance, either directly or through one or more intermediate variables.

Conclusion: A",,False,,,,False,
Anxiety,Sleep disturbance,True,"Reasoning Process:
Step 1: Understanding the definitions of Anxiety and Sleep disturbance is crucial to determining the causal relationship between the two variables. Anxiety, as defined by PROMIS, encompasses various aspects such as fear, anxious misery, hyperarousal, and somatic symptoms related to arousal. On the other hand, Sleep disturbance is a self-reported measure of sleep quality, depth, and restoration associated with sleep.
Step 2: Considering the definitions, it is clear that Anxiety can significantly impact an individual's ability to sleep, leading to sleep disturbances. For instance, individuals experiencing anxiety may have difficulty falling asleep or staying asleep due to their racing thoughts or physical symptoms like rapid heartbeat and sweating. This suggests a potential direct causal relationship between Anxiety and Sleep disturbance.
Step 3: Furthermore, research has shown that sleep disturbances can also exacerbate anxiety symptoms. Poor sleep quality can lead to increased anxiety levels, creating a vicious cycle. This indicates that there may be a bidirectional relationship between Anxiety and Sleep disturbance, with each variable influencing the other.
Step 4: Given the evidence of a bidirectional relationship, it is reasonable to conclude that changing Anxiety can cause a change in Sleep disturbance, either directly or through one or more intermediate variables. Similarly, changing Sleep disturbance can also cause a change in Anxiety, either directly or through one or more intermediate variables.

Conclusion: A",,True,,,,False,
CCI,Alcohol,True,"Reasoning Process:
Step 1: To determine the causal relationship between Alcohol and CCI, we need to consider the definitions of both variables. Alcohol refers to alcohol consumption, which is a behavior or lifestyle factor, while CCI is a comorbidity index that measures the number of comorbidities. Comorbidities are pre-existing medical conditions that occur alongside a primary condition.
Step 2: Given the definitions, it's clear that alcohol consumption (Alcohol) can have an impact on an individual's health, potentially leading to the development of comorbidities. For example, excessive alcohol consumption has been linked to various health problems, such as liver disease, cardiovascular disease, and certain types of cancer, which can contribute to a higher CCI score.
Step 3: On the other hand, a higher CCI score does not directly cause an individual to consume more or less alcohol. While certain comorbidities may be related to alcohol consumption, the CCI score itself is a measure of the presence of comorbidities, not a cause of them.
Step 4: Therefore, it's more likely that changing Alcohol (alcohol consumption) can lead to a change in CCI (comorbidity index) through the development of new comorbidities, rather than the other way around.
Step 5: Additionally, there is a plausible intermediate variable, such as the development of comorbidities, that can link alcohol consumption to a change in CCI.
Step 6: Considering the above points, the most likely causal relationship between Alcohol and CCI is that changing Alcohol causes a change in CCI, either directly or through one or more intermediate variables.
Step 7: Therefore, the correct answer is B. Changing CCI causes a change in Alcohol, either directly or through one or more intermediate variables.

Conclusion: B",,False,,,,False,
CCI,Depression,True,"Reasoning Process:
Step 1: Understanding the definitions of CCI and Depression: CCI is a comorbidity index that measures the number of comorbidities, while Depression is a condition that affects both affective and cognitive manifestations as measured by PROMIS depression.
Step 2: Considering the relationship between comorbidities and mental health: Research has shown that individuals with multiple comorbidities (high CCI) are more likely to experience mental health issues, including depression.
Step 3: Analyzing the potential causal relationship: While having multiple comorbidities may contribute to the development or exacerbation of depression, it is also possible that depression could lead to a higher CCI due to decreased self-care and adherence to treatment plans, or increased healthcare utilization.
Step 4: Evaluating the direction of causality: Given the complex interplay between physical and mental health, it is likely that changing CCI could influence depression, either directly or through intermediate variables such as changes in physical health, lifestyle, or access to care.
Step 5: Considering the possibility of bidirectional causality: While changing CCI may influence depression, it is also possible that depression could lead to changes in CCI, either directly or through intermediate variables.
Step 6: Conclusion: Based on the understanding of the definitions, the relationship between comorbidities and mental health, and the potential for bidirectional causality, the most likely scenario is that changing CCI causes a change in Depression, either directly or through one or more intermediate variables.
Step 7: Final conclusion: Therefore, the most likely answer is A.

Conclusion: A",,False,,,,False,
CCI,Fear_avoidance,True,"Reasoning Process:
Step 1: Understanding the definitions of CCI and Fear_avoidance is crucial to determining the causal relationship between the two variables. CCI is a comorbidity index, which measures the number of comorbidities a patient has. Fear_avoidance, on the other hand, is a patient-reported questionnaire that focuses on how a patient's fear avoidance beliefs about physical activity and work may affect and contribute to their low back pain and resulting disability.
Step 2: Considering the definitions, CCI is a measure of the number of comorbidities, which are pre-existing medical conditions that a patient has. Fear_avoidance, on the other hand, is a psychological factor that affects a patient's behavior and beliefs about physical activity and work. This suggests that CCI and Fear_avoidance are related but distinct concepts.
Step 3: Given the distinct nature of CCI and Fear_avoidance, it is possible that changes in CCI could indirectly affect Fear_avoidance. For example, if a patient's comorbidities worsen, they may become more fearful of physical activity due to concerns about exacerbating their conditions. This would suggest a potential indirect causal relationship between CCI and Fear_avoidance.
Step 4: However, it is less likely that changes in Fear_avoidance would directly cause changes in CCI, as CCI is a measure of pre-existing medical conditions. While Fear_avoidance may influence a patient's behavior and activity level, it is unlikely to directly affect the presence or severity of their comorbidities.
Step 5: Therefore, based on the definitions and the distinct nature of CCI and Fear_avoidance, the most likely causal relationship is that changing CCI causes a change in Fear_avoidance, either directly or through one or more intermediate variables.
Step 6: This conclusion is based on the understanding that CCI and Fear_avoidance are related but distinct concepts, and that changes in CCI may indirectly affect Fear_avoidance through various mechanisms.
Step 7: Therefore, the final conclusion is that changing CCI causes a change in Fear_avoidance, either directly or through one or more intermediate variables.

Conclusion: A",,False,,,,False,
CCI,Sleep disturbance,True,"Reasoning Process:
Step 1: Understanding the definitions of CCI and Sleep disturbance is crucial to determine the causal relationship between the two variables. CCI is a comorbidity index, which measures the number of comorbidities, whereas Sleep disturbance is a self-reported measure of sleep quality, depth, and restoration associated with sleep.
Step 2: Considering the definitions, it is clear that CCI and Sleep disturbance are distinct constructs. CCI is a measure of the number of comorbidities, which can be physical or medical conditions, whereas Sleep disturbance is a subjective assessment of sleep quality.
Step 3: Given the distinct nature of CCI and Sleep disturbance, it is plausible that changes in CCI could indirectly affect Sleep disturbance. For instance, an increase in CCI (i.e., more comorbidities) may lead to increased stress, anxiety, or pain, which in turn can affect sleep quality and lead to Sleep disturbance.
Step 4: However, it is less likely that changes in Sleep disturbance would directly cause changes in CCI. CCI is a measure of existing comorbidities, and while Sleep disturbance may be a symptom or consequence of certain comorbidities, it is not a direct cause of the comorbidities themselves.
Step 5: Therefore, based on the definitions and the logical relationships between the variables, it is more likely that changing CCI causes a change in Sleep disturbance, either directly or through one or more intermediate variables.
Step 6: This conclusion is based on the understanding that CCI is a more objective measure of comorbidities, whereas Sleep disturbance is a subjective assessment of sleep quality. The relationship between the two variables is more likely to be unidirectional, with changes in CCI potentially affecting Sleep disturbance, but not the other way around.
Step 7: Therefore, the most likely answer is A. Changing CCI causes a change in Sleep disturbance, either directly or through one or more intermediate variables.

Conclusion: A",,False,,,,False,
Catastrophizing,CCI,True,"Reasoning Process:
Step 1: Understanding the definitions of CCI and Catastrophizing is crucial to determine the causal relationship between the two variables. CCI is a comorbidity index, which measures the number of comorbidities, whereas Catastrophizing is a psychological response to pain characterized by magnifying the threat value of a pain stimulus and feeling helpless in the presence of pain.
Step 2: Considering the definitions, it's clear that CCI is a medical measure, whereas Catastrophizing is a psychological response. This suggests that CCI is more related to the physical health of an individual, whereas Catastrophizing is related to their psychological state.
Step 3: Given the distinct nature of CCI and Catastrophizing, it's unlikely that changing CCI would directly affect Catastrophizing. For example, having multiple comorbidities (high CCI) may not necessarily lead to a change in an individual's psychological response to pain (Catastrophizing).
Step 4: However, it's possible that Catastrophizing could influence an individual's perception of their physical health, which in turn could affect their CCI. For instance, if an individual catastrophizes about their pain, they may be more likely to seek medical attention, leading to a higher CCI.
Step 5: Considering the potential bidirectional relationship between CCI and Catastrophizing, it's also possible that there are intermediate variables that could mediate the relationship between the two. For example, an individual's overall health status, pain levels, or coping mechanisms could all play a role in the relationship between CCI and Catastrophizing.
Step 6: However, based on the definitions and the nature of the variables, it's most likely that changing Catastrophizing causes a change in CCI, either directly or through one or more intermediate variables. This is because Catastrophizing can influence an individual's behavior and perception of their health, which in turn can affect their CCI.
Step 7: Therefore, the most likely causal relationship between CCI and Catastrophizing is that changing Catastrophizing causes a change in CCI, either directly or through one or more intermediate variables.
Step 8: This conclusion is based on the understanding that Catastrophizing can influence an individual's behavior and perception of their health, which can in turn affect their CCI.

Conclusion: B",,False,,,,False,
Catastrophizing,Obesity,True,"Reasoning Process:
Step 1: Understanding the definitions of Obesity and Catastrophizing: Obesity is defined as BMI or being overweight, while Catastrophizing is a psychological phenomenon characterized by the tendency to magnify the threat value of a pain stimulus and feel helpless in the presence of pain.
Step 2: Considering the definitions, it's clear that Obesity is a physical condition, whereas Catastrophizing is a psychological condition. This suggests that the relationship between the two may not be direct.
Step 3: Research has shown that psychological factors, such as Catastrophizing, can influence an individual's perception of pain, which may in turn affect their behavior and lifestyle choices, potentially leading to changes in weight or BMI. However, this is an indirect relationship.
Step 4: On the other hand, changing Obesity through weight loss or gain may not directly affect an individual's Catastrophizing score, as it is a psychological trait that is influenced by various factors, including past experiences, personality, and coping mechanisms.
Step 5: Therefore, while there may be an indirect relationship between Obesity and Catastrophizing, it is more likely that changing Catastrophizing would have a more direct impact on an individual's behavior and lifestyle choices, potentially leading to changes in weight or BMI.
Step 6: However, it's also possible that there is no direct causal relationship between the two, and any observed relationship may be due to confounding variables or other underlying factors.
Step 7: Considering the complexity of the relationship between Obesity and Catastrophizing, it's difficult to determine a direct causal relationship. However, based on the available information, it's more likely that changing Catastrophizing would have a more direct impact on Obesity.

Conclusion: B",,False,,,,False,
Depression,Sleep disturbance,True,"Reasoning Process:
Step 1: Understanding the definitions of Depression and Sleep disturbance is crucial to determining the causal relationship between the two variables. Depression is defined as the affective and cognitive manifestations of depression, as measured by the PROMIS depression scale. On the other hand, Sleep disturbance is defined as the self-reported perceptions of sleep quality, sleep depth, and restoration associated with sleep.
Step 2: Considering the definitions, it is clear that Depression and Sleep disturbance are related but distinct concepts. Depression encompasses a broader range of symptoms, including affective and cognitive manifestations, while Sleep disturbance is a specific aspect of overall sleep quality.
Step 3: Given the relationship between Depression and Sleep disturbance, it is reasonable to infer that changes in Depression could potentially impact Sleep disturbance. For instance, individuals experiencing depression may report poorer sleep quality, sleep depth, and restoration. Therefore, changing Depression could lead to a change in Sleep disturbance.
Step 4: However, the reverse relationship is also plausible. Poor sleep quality, sleep depth, and restoration associated with Sleep disturbance could exacerbate or contribute to the development of Depression. This is because sleep disturbances can affect mood regulation, cognitive function, and emotional processing, all of which are relevant to Depression.
Step 5: Considering both possible directions of causality, it is likely that there is a bidirectional relationship between Depression and Sleep disturbance. This means that changing Depression can cause a change in Sleep disturbance, and changing Sleep disturbance can also cause a change in Depression.
Step 6: However, the question asks for the most likely option, and given the complexity of the relationship, it is difficult to determine the exact direction of causality. Nevertheless, based on the definitions and the general understanding of the relationship between Depression and Sleep disturbance, it is reasonable to conclude that changing Depression causes a change in Sleep disturbance, either directly or through one or more intermediate variables.
Step 7: This conclusion is based on the understanding that Depression encompasses a broader range of symptoms, including those that can impact sleep quality, and that changes in Depression can have a direct or indirect impact on Sleep disturbance.
Step 8: Therefore, the most likely option is A: Changing Depression causes a change in Sleep disturbance, either directly or through one or more intermediate variables.
Step 9: This conclusion is consistent with the definitions and the general understanding of the relationship between Depression and Sleep disturbance.

Conclusion: A",,True,,,,False,
Education,Alcohol,True,"Reasoning Process:
Step 1: To determine the causal relationship between Education and Alcohol, we need to consider the potential mechanisms by which one variable could influence the other.
Step 2: Education can influence Alcohol consumption through various mechanisms, such as increased knowledge about the risks associated with excessive drinking, improved decision-making skills, and access to resources that promote healthy behaviors.
Step 3: On the other hand, Alcohol consumption is unlikely to directly influence Education, as education is typically a long-term process that is not directly affected by short-term changes in drinking habits.
Step 4: However, it's possible that heavy drinking could indirectly affect Education by impairing cognitive function, memory, and motivation, potentially leading to decreased academic performance and lower educational attainment.
Step 5: However, this indirect effect would not be a direct causal relationship, but rather a potential consequence of excessive drinking.
Step 6: Considering these points, the most likely causal relationship is that changing Education can lead to a change in Alcohol consumption, either directly or through one or more intermediate variables.

Conclusion: A",,False,,,,False,
Education,Anxiety,True,"Reasoning Process:
Step 1: Understanding the definitions of Variable 1 (Anxiety) and Variable 2 (Education). Anxiety is a psychological state characterized by fear, worry, and hyperarousal, while Education is a measure of an individual's level of education.
Step 2: Considering the definitions, it's clear that Anxiety and Education are distinct concepts. Anxiety is a psychological state, whereas Education is a demographic characteristic.
Step 3: Analyzing the potential causal relationships between the two variables. To establish a causal relationship, there must be a direct or indirect link between the variables.
Step 4: Considering the definition of Anxiety, it's unlikely that a change in Education would directly cause a change in Anxiety. Education is a stable characteristic that does not inherently influence an individual's psychological state.
Step 5: However, it's possible that Education could influence Anxiety indirectly through other variables. For example, individuals with higher education levels may have better coping mechanisms or access to resources that help manage anxiety.
Step 6: On the other hand, a change in Anxiety could potentially influence Education indirectly. For instance, severe anxiety could impact an individual's ability to focus and learn, potentially affecting their academic performance and, in turn, their education level.
Step 7: However, the question asks for the most likely causal relationship. Given the definitions and potential indirect relationships, it's more plausible that a change in Education could influence Anxiety, as Education can provide individuals with the tools and resources to manage anxiety.
Step 8: Therefore, the most likely causal relationship is that changing Education causes a change in Anxiety, either directly or through one or more intermediate variables.
Step 9: Conclusion: Based on the analysis, the most likely causal relationship is B. Changing Education causes a change in Anxiety, either directly or through one or more intermediate variables.

Conclusion: B",,False,,,,False,
Education,CCI,True,"Reasoning Process:
Step 1: To determine the causal relationship between Education and CCI, we need to consider the definitions and potential interactions between the two variables.
Step 2: Education refers to the level of education of the participant, which is a personal characteristic that can influence various aspects of a person's life, including their health and lifestyle choices.
Step 3: CCI, on the other hand, is a comorbidity index that measures the number of comorbidities, which are pre-existing medical conditions that a person may have.
Step 4: Considering the definitions, it is possible that education level can influence a person's health literacy, access to healthcare, and lifestyle choices, which in turn can affect their likelihood of developing comorbidities.
Step 5: For example, individuals with higher education levels may be more likely to have better health literacy, which enables them to make informed decisions about their health and seek medical care earlier, potentially reducing the likelihood of developing comorbidities.
Step 6: Therefore, it is plausible that changing Education can lead to a change in CCI, either directly or through one or more intermediate variables.

Conclusion: A",,False,,,,False,
Education,Catastrophizing,True,"Reasoning Process:
Step 1: Understanding the definitions of Catastrophizing and Education is crucial to determining the causal relationship between the two variables. Catastrophizing is a psychological phenomenon characterized by a tendency to magnify the threat value of pain and feel helpless in its presence. Education, on the other hand, refers to the level of education of the participant.
Step 2: Considering the definitions, it is clear that Catastrophizing is a psychological construct, while Education is a demographic variable. This suggests that Catastrophizing is more likely to be influenced by psychological or environmental factors, whereas Education is more likely to be influenced by external factors such as access to education, socioeconomic status, and geographical location.
Step 3: Given the nature of Catastrophizing and Education, it is unlikely that changing Education would directly cause a change in Catastrophizing. Education may provide individuals with knowledge and skills that can help them manage pain and reduce catastrophizing, but it is not a direct cause of catastrophizing.
Step 4: However, it is possible that changing Education could influence Catastrophizing indirectly through one or more intermediate variables. For example, education may improve an individual's coping skills, which in turn could reduce catastrophizing. Alternatively, education may provide individuals with access to resources and support that can help them manage pain and reduce catastrophizing.
Step 5: On the other hand, changing Catastrophizing is more likely to cause a change in Education. For instance, individuals who experience high levels of catastrophizing may be less likely to engage in education or training that requires them to confront their fears or anxieties. Additionally, catastrophizing can lead to avoidance behaviors, which can limit an individual's opportunities for education and personal growth.
Step 6: Therefore, based on the definitions and the nature of the variables, it is more likely that changing Education causes a change in Catastrophizing, either directly or through one or more intermediate variables.

Conclusion: B",,False,,,,False,
Education,Obesity,True,"Reasoning Process:
Step 1: To determine the causal relationship between Education and Obesity, we need to consider the potential mechanisms by which one variable could influence the other. This involves analyzing the definitions of both variables and exploring any known associations or correlations between them.
Step 2: Education is defined as the level of education of the participant, which is a socio-economic factor. Obesity, on the other hand, is defined as BMI or being overweight, which is a health-related factor. These two variables seem to be related but operate in different domains.
Step 3: Research has shown that there is a correlation between education level and health outcomes, including obesity. Individuals with higher levels of education tend to have better health knowledge, healthier lifestyles, and greater access to healthcare resources, which can contribute to lower obesity rates.
Step 4: However, the relationship between education and obesity is likely to be bidirectional. While education can influence obesity through healthier lifestyle choices and better access to healthcare, obesity can also impact education through decreased productivity, lower motivation, and reduced cognitive function.
Step 5: Considering these factors, it is likely that changing education can lead to a change in obesity, either directly or through intermediate variables such as lifestyle choices, access to healthcare, and socioeconomic status.
Step 6: However, the reverse relationship, where changing obesity causes a change in education, is less direct and more complex. While obesity can impact education, it is not a primary driver of educational attainment.
Step 7: Therefore, based on the analysis of the definitions, research, and potential mechanisms, the most likely causal relationship is that changing education causes a change in obesity, either directly or through one or more intermediate variables.
Step 8: This conclusion is supported by the understanding that education is a more direct and influential factor in shaping health outcomes, including obesity, compared to the reverse relationship.
Step 9: Therefore, the final conclusion is that changing education causes a change in obesity, either directly or through one or more intermediate variables.

Conclusion: A",,False,,,,False,
Education,Smoking,True,"Reasoning Process:
Step 1: To determine the causal relationship between Education and Smoking, we need to consider the definitions and potential interactions between the two variables.
Step 2: Education is a characteristic that can influence various aspects of a person's life, including their lifestyle choices, such as health habits.
Step 3: Smoking is a lifestyle choice that can be influenced by various factors, including education level, as more educated individuals may have better access to information about the risks associated with smoking.
Step 4: However, it's also possible that education level can be influenced by other factors, such as socioeconomic status, which may also impact smoking habits.
Step 5: Considering the potential bidirectional relationship between education and smoking, it's more likely that changing one variable can cause a change in the other, either directly or through intermediate variables.
Step 6: Therefore, the most likely option is that changing Education causes a change in Smoking, either directly or through one or more intermediate variables.
Step 7: This is because education can influence an individual's knowledge, attitudes, and behaviors, including their decision to smoke or not.
Step 8: Additionally, education can also impact an individual's socioeconomic status, which can further influence their smoking habits.
Step 9: Therefore, based on the potential bidirectional relationship between education and smoking, the most likely option is A.
Step 10: This conclusion is consistent with the understanding that education can influence an individual's lifestyle choices, including their decision to smoke or not.

Conclusion: A",,True,,,,False,
Fear_avoidance,Sleep disturbance,True,"Reasoning Process:
Step 1: Understanding the definitions of Fear avoidance and Sleep disturbance is crucial to determining the causal relationship between the two variables. Fear avoidance is a patient-reported questionnaire that focuses on how a patient's fear avoidance beliefs about physical activity and work may affect and contribute to their low back pain and resulting disability. On the other hand, Sleep disturbance is a measure of self-reported perceptions of sleep quality, sleep depth, and restoration associated with sleep.
Step 2: Considering the definitions, it is clear that Fear avoidance is related to low back pain and disability, while Sleep disturbance is related to sleep quality. While low back pain and sleep quality are related, they are distinct constructs. Therefore, it is possible that Fear avoidance may indirectly affect Sleep disturbance through its impact on low back pain and resulting disability, which in turn may affect sleep quality.
Step 3: However, the question asks about the causal relationship between Fear avoidance and Sleep disturbance, not the relationship between low back pain and sleep quality. Therefore, we need to consider whether Fear avoidance can directly or indirectly affect Sleep disturbance. Given that Fear avoidance is a cognitive-behavioral construct, it is plausible that it can influence sleep quality through mechanisms such as rumination, anxiety, or stress, which are known to affect sleep.
Step 4: Based on the above reasoning, it is likely that changing Fear avoidance can cause a change in Sleep disturbance, either directly or through one or more intermediate variables. This is because Fear avoidance can influence sleep quality through cognitive and behavioral mechanisms, even if the primary relationship is between low back pain and sleep quality.

Conclusion: A",,False,,,,False,
Financial_level,CCI,True,"Reasoning Process:
Step 1: Understanding the definitions of Financial_level and CCI is crucial to determining the causal relationship between the two variables. Financial_level is a proxy for socioeconomic status, which can influence an individual's access to healthcare, health behaviors, and overall health outcomes. CCI, on the other hand, measures the number of comorbidities, which can be influenced by various factors including socioeconomic status, lifestyle, and access to healthcare.
Step 2: Considering the definition of Financial_level as a proxy for socioeconomic status, it is likely that Financial_level can influence CCI. For instance, individuals with lower socioeconomic status may have limited access to healthcare, leading to delayed diagnosis and treatment of comorbidities, thereby increasing their CCI. Similarly, individuals with higher socioeconomic status may have better access to healthcare, leading to earlier diagnosis and treatment of comorbidities, thereby decreasing their CCI.
Step 3: However, the reverse relationship, i.e., CCI causing a change in Financial_level, is less likely. While having multiple comorbidities may lead to increased healthcare costs, which can potentially affect an individual's financial situation, this relationship is more indirect and may not be a direct cause-and-effect relationship.
Step 4: Therefore, based on the definitions and the logical analysis of the relationships between the variables, it is more likely that changing Financial_level causes a change in CCI, either directly or through one or more intermediate variables.
Step 5: This conclusion is consistent with the concept of socioeconomic status influencing health outcomes, including the presence of comorbidities.
Step 6: Therefore, the most likely answer is A.

Conclusion: A",,False,,,,False,
Financial_level,Catastrophizing,True,"Reasoning Process:
Step 1: Understanding the definitions of Financial_level and Catastrophizing is crucial to determining the causal relationship between the two variables. Financial_level is a proxy for socioeconomic status, which can influence an individual's access to healthcare, education, and other resources that may impact their pain management and perception. Catastrophizing, on the other hand, is a psychological construct that refers to the tendency to magnify the threat value of a pain stimulus and feel helpless in the presence of pain.
Step 2: Considering the definitions, it is possible that Financial_level could influence Catastrophizing. For example, individuals with lower socioeconomic status may experience more stress and anxiety, which can contribute to catastrophizing. Additionally, limited access to healthcare and resources may exacerbate pain and increase the likelihood of catastrophizing.
Step 3: However, it is less clear whether changing Catastrophizing would directly cause a change in Financial_level. While catastrophizing may be a contributing factor to pain and disability, it is not a direct cause of socioeconomic status. Therefore, it is less likely that changing Catastrophizing would lead to a change in Financial_level.
Step 4: Considering the above points, the most likely causal relationship is that changing Financial_level causes a change in Catastrophizing, either directly or through one or more intermediate variables. This is because Financial_level can influence access to resources, stress levels, and overall well-being, which can in turn impact catastrophizing.
Step 5: Therefore, based on the definitions and the analysis, the most likely causal relationship is that changing Financial_level causes a change in Catastrophizing.
Step 6: This conclusion is consistent with the understanding that Financial_level is a more proximal factor that can influence catastrophizing, whereas catastrophizing is a more distal outcome that may be influenced by a range of factors, including Financial_level.

Conclusion: A",,False,,,,False,
Financial_level,Depression,True,"Reasoning Process:
Step 1: Understanding the definitions of Financial_level and Depression: Financial_level is a proxy for socioeconomic status, while Depression is a measure of affective and cognitive manifestations of depression.
Step 2: Considering the potential relationships between socioeconomic status and mental health: Research has consistently shown that individuals with lower socioeconomic status are more likely to experience depression due to various factors such as limited access to healthcare, financial stress, and social determinants of health.
Step 3: Analyzing the direction of causality: While socioeconomic status can influence mental health, it is also possible that mental health can impact an individual's ability to maintain a stable financial situation, such as through reduced productivity or increased healthcare costs.
Step 4: Evaluating the options: Option A suggests that changing Financial_level causes a change in Depression, which is a plausible direction of causality. Option B suggests that changing Depression causes a change in Financial_level, which is also a plausible direction of causality. Option C suggests that there is no causal relationship between Financial_level and Depression, which contradicts the existing research on the topic.
Step 5: Considering the complexity of the relationship: The relationship between Financial_level and Depression is likely bidirectional, with socioeconomic status influencing mental health and mental health influencing socioeconomic status. However, the question asks for the most likely option, and based on the available information, changing Financial_level is a more direct and well-established cause of Depression.

Conclusion: A",,False,,,,False,
Financial_level,Fear_avoidance,True,"Reasoning Process:
Step 1: Understanding the definitions of Financial_level and Fear_avoidance is crucial to determining the causal relationship between the two variables. Financial_level is a proxy for socioeconomic status, which can influence an individual's access to healthcare, education, and employment opportunities. Fear_avoidance, on the other hand, is a patient-reported questionnaire that focuses on how a patient's fear avoidance beliefs about physical activity and work may affect and contribute to their low back pain and resulting disability.
Step 2: Considering the definitions, it is plausible that Financial_level could influence Fear_avoidance. For instance, individuals with lower socioeconomic status (Financial_level) may have limited access to healthcare resources, leading to inadequate treatment and management of their low back pain. This could, in turn, contribute to increased fear avoidance behaviors, as they may feel that they have no control over their condition or that they are unable to afford the necessary treatment to manage their pain.
Step 3: However, it is less likely that Fear_avoidance would directly cause a change in Financial_level. While fear avoidance behaviors may lead to reduced productivity and employment opportunities, it is unlikely that this would directly impact an individual's socioeconomic status (Financial_level).
Step 4: Therefore, based on the definitions and the logical relationships between the variables, it is more plausible that changing Financial_level could cause a change in Fear_avoidance, either directly or through one or more intermediate variables.
Step 5: This conclusion is consistent with the concept of socioeconomic status influencing health outcomes, including pain management and disability.
Step 6: Therefore, the most likely answer is A. Changing Financial_level causes a change in Fear_avoidance, either directly or through one or more intermediate variables.
Step 7: This conclusion is based on the logical relationships between the variables and the definitions provided.

Conclusion: A",,True,,,,False,
Obesity,Fear_avoidance,True,"Reasoning Process:
Step 1: Understanding the definitions of Variable 1 (Obesity) and Variable 2 (Fear_avoidance). Obesity is defined as BMI or being overweight, while Fear_avoidance is a patient-reported questionnaire focusing on how fear and avoidance of physical activity and work may affect low back pain and resulting disability.
Step 2: Considering the relationship between Obesity and Fear_avoidance. Obesity is a physical health condition, whereas Fear_avoidance is a psychological factor. This suggests that the two variables may be related but through different pathways.
Step 3: Exploring potential pathways between Obesity and Fear_avoidance. One possible pathway is that Obesity may lead to decreased physical function and mobility, which in turn may contribute to Fear_avoidance. Another possible pathway is that Fear_avoidance may lead to decreased physical activity, which can contribute to Obesity.
Step 4: Considering the complexity of the relationship between Obesity and Fear_avoidance. While there may be bidirectional relationships, the most direct and well-established relationship is that Obesity can lead to decreased physical function and mobility, which may contribute to Fear_avoidance.
Step 5: Based on the analysis, the most likely relationship between Obesity and Fear_avoidance is that changing Obesity can cause a change in Fear_avoidance, either directly or through one or more intermediate variables.
Step 6: Therefore, the most likely answer is A. Changing Obesity causes a change in Fear_avoidance, either directly or through one or more intermediate variables.
Step 7: This conclusion is based on the understanding that Obesity can lead to decreased physical function and mobility, which may contribute to Fear_avoidance.

Conclusion: A",,False,,,,False,
Sleep disturbance,Obesity,True,"Reasoning Process:
Step 1: To determine the causal relationship between Sleep disturbance and Obesity, we need to consider the definitions and potential associations between the two variables.
Step 2: Sleep disturbance is defined as self-reported perceptions of sleep quality, sleep depth, and restoration associated with sleep, which is a subjective measure.
Step 3: Obesity, on the other hand, is defined as BMI or being overweight, which is an objective measure.
Step 4: Research has shown that sleep disturbances can lead to changes in appetite regulation, metabolism, and energy balance, which can contribute to weight gain and obesity.
Step 5: Additionally, chronic sleep disturbances can lead to increased levels of stress hormones, such as cortisol, which can also contribute to weight gain and obesity.
Step 6: Therefore, it is reasonable to conclude that changing Sleep disturbance can cause a change in Obesity, either directly or through one or more intermediate variables.

Conclusion: A",,False,,,,False,
Smoking,Anxiety,True,"Reasoning Process:
Step 1: To determine the causal relationship between Smoking and Anxiety, we need to consider the definitions and potential mechanisms by which they interact.
Step 2: Smoking is a behavior that involves the inhalation of tobacco smoke, which contains thousands of chemicals, many of which are toxic and can have negative effects on the body.
Step 3: Anxiety, as defined by PROMIS, encompasses a range of symptoms including fear, anxious misery, hyperarousal, and somatic symptoms related to arousal.
Step 4: Research has shown that smoking is a significant risk factor for the development of anxiety disorders, including nicotine dependence, which can contribute to anxiety symptoms.
Step 5: Additionally, smoking can lead to chronic stress, which is a known trigger for anxiety, and can also exacerbate existing anxiety disorders.
Step 6: Furthermore, nicotine, a primary psychoactive substance in tobacco, can stimulate the brain's reward system, leading to feelings of relaxation and reduced anxiety in the short-term, but can also lead to increased anxiety in the long-term due to nicotine withdrawal.
Step 7: Considering these mechanisms, it is reasonable to conclude that changing Smoking can lead to a change in Anxiety, either directly or through one or more intermediate variables.

Conclusion: A",,False,,,,False,
Smoking,CCI,True,"Reasoning Process:
Step 1: To determine the causal relationship between Smoking and CCI, we need to consider the definitions and potential interactions between the two variables.
Step 2: Smoking is a behavior that can lead to various health issues, including cardiovascular disease, respiratory disease, and cancer. These health issues can be considered comorbidities.
Step 3: CCI measures the number of comorbidities, which can be influenced by various factors, including lifestyle choices such as smoking.
Step 4: Given that smoking can lead to comorbidities, it is reasonable to assume that changing smoking behavior can impact the number of comorbidities, which is what CCI measures.
Step 5: Therefore, changing smoking can cause a change in CCI, either directly or through one or more intermediate variables, such as the development of comorbidities.

Conclusion: A",,False,,,,False,
Smoking,Obesity,True,"Reasoning Process:
Step 1: To determine the causal relationship between Smoking and Obesity, we need to consider the definitions and potential mechanisms by which they are related.
Step 2: Smoking is a behavior that can lead to various health consequences, including cardiovascular disease, respiratory disease, and cancer. It can also lead to weight gain due to the increased appetite and decreased metabolism associated with nicotine use.
Step 3: Obesity, on the other hand, is a complex condition influenced by multiple factors, including genetics, diet, physical activity, and socioeconomic status. It is often associated with an increased risk of various health problems, including cardiovascular disease, diabetes, and certain types of cancer.
Step 4: Considering the potential mechanisms by which Smoking and Obesity are related, we can see that Smoking can contribute to weight gain and obesity through its effects on appetite and metabolism.
Step 5: Therefore, it is reasonable to conclude that changing Smoking can lead to a change in Obesity, either directly or through one or more intermediate variables.

Conclusion: A",,False,,,,False,
Smoking,Sleep disturbance,True,"Reasoning Process:
Step 1: Understanding the definitions of Smoking and Sleep disturbance is crucial to establish a relationship between the two variables. Smoking is a habit of inhaling and exhaling tobacco smoke, while Sleep disturbance is a self-reported measure of sleep quality and restoration.
Step 2: Research has shown that smoking is a significant risk factor for various health problems, including cardiovascular disease, respiratory disease, and cancer. These health problems can lead to chronic pain, fatigue, and other symptoms that may disrupt sleep patterns and quality.
Step 3: Furthermore, nicotine, a primary psychoactive substance in tobacco, can interfere with sleep patterns and reduce the quality of sleep. Nicotine can stimulate the brain and make it harder to fall asleep, leading to sleep disturbances.
Step 4: Additionally, smoking can lead to chronic pain, which is a known cause of sleep disturbances. Chronic pain can make it difficult to fall asleep, stay asleep, or get quality sleep, leading to increased sleep disturbances.
Step 5: Considering the above points, it is reasonable to conclude that changing Smoking can lead to a change in Sleep disturbance, either directly or through one or more intermediate variables such as chronic pain, health problems, or nicotine's effects on sleep patterns.

Conclusion: A",,False,,,,False,
Sex,Alcohol,False,"Reasoning Process:
Step 1: Understanding the definitions of the variables: Sex and Alcohol. Sex refers to the biological categorization of humans and other living things based on reproductive functions, while Alcohol refers to the consumption of alcohol in terms of the number of drinks per week.
Step 2: Analyzing the relationship between Sex and Alcohol. There is no direct biological mechanism by which an individual's sex would influence their alcohol consumption, or vice versa. Sex is a biological characteristic determined at birth, while alcohol consumption is a behavior influenced by various factors such as environment, culture, and personal choice.
Step 3: Considering potential intermediate variables. While there may be some indirect relationships, such as differences in social norms or cultural expectations between males and females, these would not establish a direct causal relationship between Sex and Alcohol consumption.
Step 4: Evaluating the options: A. Changing Sex would not directly or indirectly cause a change in Alcohol consumption, as sex is a fixed biological characteristic. B. Changing Alcohol consumption would not directly or indirectly cause a change in Sex, as sex is determined at birth and not influenced by behavior. C. There is no causal relationship between Sex and Alcohol.
Step 5: Conclusion: Based on the analysis, the most likely option is C. There is no causal relationship between Sex and Alcohol.
Step 6: Conclusion: The relationship between Sex and Alcohol is not a causal one, but rather an independent variable.
Step 7: Conclusion: Therefore, the correct answer is C.

Conclusion: C",,True,,,,False,
Sex,Anxiety,False,"Reasoning Process:
Step 1: Understanding the definitions of Sex and Anxiety: Sex refers to the biological categorization of humans and other living things based on reproductive functions, while Anxiety is a psychological state characterized by fear, worry, and somatic symptoms.
Step 2: Considering the definitions, there is no direct biological link between Sex and Anxiety. Anxiety is a psychological state that can be influenced by various factors, including genetics, environment, and life experiences, but it is not directly related to biological sex.
Step 3: Analyzing the relationship between Sex and Anxiety, it is unlikely that changing Sex would directly cause a change in Anxiety, as Anxiety is a complex psychological state influenced by multiple factors, and biological sex is just one aspect of an individual's identity.
Step 4: Similarly, it is also unlikely that changing Anxiety would directly cause a change in Sex, as Sex is a biological characteristic determined at birth and is not directly influenced by psychological states like Anxiety.
Step 5: Considering the above points, the most likely option is that there is no causal relationship between Sex and Anxiety.

Conclusion: C",,True,,,,False,
Sex,PEG,False,"Reasoning Process:
Step 1: Understanding the definitions of Sex and PEG: Sex refers to the biological categorization of humans and other living things based on reproductive functions, while PEG score is an index measuring pain interference and pain intensity due to chronic low back pain.
Step 2: Analyzing the relationship between Sex and PEG: There is no inherent biological mechanism by which Sex would directly influence pain perception or intensity, as PEG score is a measure of pain experience rather than a biological characteristic.
Step 3: Considering potential intermediate variables: While there may be some indirect relationships between Sex and PEG, such as differences in hormone levels or body composition, these would not be direct causal relationships but rather complex interactions involving multiple factors.
Step 4: Evaluating the direction of causality: Given that PEG score is a measure of pain experience, it is unlikely that a change in PEG would cause a change in Sex, as Sex is a fixed biological characteristic.
Step 5: Conclusion: Based on the definitions and analysis, the most likely relationship between Sex and PEG is that there is no direct causal relationship between the two.
Step 6: Therefore, the correct answer is C. There is no causal relationship between Sex and PEG.

Conclusion: C",,True,,,,False,
Sex,Sleep disturbance,False,"Reasoning Process:
Step 1: Understanding the definitions of Sex and Sleep disturbance is crucial to determining the causal relationship between the two variables. Sex refers to the biological categorization of individuals into male and female based on reproductive functions, while Sleep disturbance is a self-reported measure of sleep quality and restoration.
Step 2: Considering the definitions, it is clear that Sex is a biological characteristic that is determined at birth and remains relatively stable throughout an individual's life. Sleep disturbance, on the other hand, is a subjective experience that can be influenced by various factors such as lifestyle, environment, and overall health.
Step 3: Given the nature of Sex as a biological characteristic and Sleep disturbance as a subjective experience, it is unlikely that changing Sex would directly cause a change in Sleep disturbance. Similarly, it is also unlikely that changing Sleep disturbance would directly cause a change in Sex.
Step 4: However, it is possible that there may be indirect relationships between Sex and Sleep disturbance through intermediate variables such as hormonal differences, reproductive health, or lifestyle factors that may vary between males and females.
Step 5: Despite the potential for indirect relationships, the most direct and straightforward interpretation is that there is no causal relationship between Sex and Sleep disturbance. This is because Sex is a fixed biological characteristic, and Sleep disturbance is a subjective experience that can be influenced by various factors.

Conclusion: C",,True,,,,False,
Age,Anxiety,False,"Reasoning Process:
Step 1: To determine the causal relationship between Age and Anxiety, we need to consider the definitions of both variables. Age is a demographic characteristic, while Anxiety is a psychological state.
Step 2: Anxiety, as defined by PROMIS, encompasses various aspects such as fear, anxious misery, hyperarousal, and somatic symptoms. These aspects are not directly related to the physical characteristics of Age.
Step 3: Considering the definitions, it is unlikely that Age would directly cause a change in Anxiety, as Age is a physical characteristic and Anxiety is a psychological state.
Step 4: However, it is also unlikely that Anxiety would directly cause a change in Age, as Anxiety is a psychological state and Age is a physical characteristic.
Step 5: Therefore, we need to consider if there are any intermediate variables that could link Age and Anxiety. While there may be some indirect relationships (e.g., older adults may experience more anxiety due to health issues), these relationships are not direct causal relationships.
Step 6: Based on the analysis, the most likely option is that there is no direct causal relationship between Age and Anxiety, either directly or through one or more intermediate variables.
Step 7: However, it's worth noting that there may be indirect relationships between Age and Anxiety, but these are not direct causal relationships.
Step 8: Therefore, the most accurate answer is that there is no direct causal relationship between Age and Anxiety.
Step 9: This conclusion is based on the definitions of Age and Anxiety, and the analysis of potential direct and indirect relationships between the two variables.
Step 10: The conclusion is consistent with the understanding that Age and Anxiety are distinct variables with different domains (physical and psychological, respectively).
Step 11: Therefore, the final conclusion is that there is no causal relationship between Age and Anxiety.
Step 12: This conclusion is based on the analysis of the definitions and potential relationships between the variables.
Step 13: The conclusion is that there is no direct causal relationship between Age and Anxiety.
Step 14: This conclusion is consistent with the understanding that Age and Anxiety are distinct variables with different domains.
Step 15: Therefore, the final answer is C.

Conclusion: C",,True,,,,False,
Age,CCI,True,"Reasoning Process:
Step 1: Understanding the definitions of Age and CCI: Age is a measure of the patient's age, while CCI is a comorbidity index that measures the number of comorbidities. Comorbidities are pre-existing medical conditions that a patient has in addition to their primary condition.
Step 2: Analyzing the relationship between Age and CCI: Age is a factor that can influence the development of comorbidities. As a person gets older, they are more likely to develop comorbidities due to the natural aging process and the accumulation of health issues over time.
Step 3: Considering the direction of causality: The relationship between Age and CCI is not bidirectional. Age can influence the development of comorbidities, but CCI does not directly cause a change in Age. CCI is a measure of the number of comorbidities a patient has, not a factor that can cause a change in their age.
Step 4: Conclusion: Based on the understanding of the definitions and the analysis of the relationship between Age and CCI, it is most likely that changing Age causes a change in CCI, either directly or through one or more intermediate variables.
Step 5: Therefore, the most likely answer is A: Changing Age causes a change in CCI, either directly or through one or more intermediate variables.
Step 6: This conclusion is consistent with the understanding of the natural aging process and the development of comorbidities over time.

Conclusion: A",,True,,,,False,
Age,Depression,False,"Reasoning Process:
Step 1: To determine the causal relationship between Age and Depression, we need to consider the definitions and potential interactions between the two variables.
Step 2: Age is a demographic variable that represents the patient's age, which can influence various aspects of their health, including physical and mental well-being.
Step 3: Depression, as defined by PROMIS, encompasses the affective and cognitive manifestations of depression, which can be influenced by various factors, including genetics, life events, and physical health.
Step 4: Considering the definitions, it is unlikely that Age directly causes a change in Depression, as depression is a complex condition influenced by multiple factors.
Step 5: However, it is also unlikely that Depression directly causes a change in Age, as age is a demographic variable that is determined by the passage of time and not by a specific condition like depression.
Step 6: Therefore, the most plausible option is that there is no direct causal relationship between Age and Depression, but it's possible that Age may influence the risk or severity of Depression through intermediate variables, such as physical health or life events.
Step 7: However, given the information provided, we cannot confirm the existence of intermediate variables, so the most conservative conclusion is that there is no causal relationship between Age and Depression.

Conclusion: C",,True,,,,False,
Age,Financial_level,True,"Reasoning Process:
Step 1: To determine the causal relationship between Age and Financial_level, we need to consider the definitions and potential interactions between the two variables.
Step 2: Age is a demographic variable that represents the patient's age, which is a biological characteristic that does not directly influence financial situation or socioeconomic status.
Step 3: Financial_level, on the other hand, is a proxy for socioeconomic status, which can be influenced by various factors, including income, education, occupation, and access to resources.
Step 4: Considering the definitions, it is unlikely that Age directly affects Financial_level, as Age is a biological characteristic and Financial_level is a socioeconomic status indicator.
Step 5: However, it is possible that Age can indirectly affect Financial_level through intermediate variables, such as income or occupation, which can change over time as a person ages.
Step 6: For example, as people age, they may experience changes in their occupation, income, or education level, which can in turn affect their financial situation.
Step 7: Therefore, while there may be an indirect causal relationship between Age and Financial_level, it is not a direct causal relationship.
Step 8: Based on this analysis, the most likely answer is that changing Age causes a change in Financial_level, either directly or through one or more intermediate variables.

Conclusion: A",,False,,,,False,
Age,Obesity,True,"Reasoning Process:
Step 1: To determine the causal relationship between Age and Obesity, we need to consider the definitions of both variables. Age refers to the age of the patient, which is a chronological measure of time. Obesity, on the other hand, is defined as BMI or being overweight, which is a measure of body weight in relation to height.
Step 2: We know that as people age, their weight and body composition can change due to various factors such as muscle loss, bone density loss, and changes in metabolism. This suggests that there may be a relationship between Age and Obesity.
Step 3: However, the relationship between Age and Obesity is not necessarily direct. Instead, it is likely that Age influences Obesity through intermediate variables such as changes in lifestyle, diet, and physical activity levels, which can contribute to weight gain or loss over time.
Step 4: Therefore, we can conclude that changing Age is likely to cause a change in Obesity, either directly or through one or more intermediate variables.

Conclusion: A",,False,,,,False,
Age,PEG,False,"Reasoning Process:
Step 1: Understanding the definitions of the variables: Age and PEG score. Age refers to the patient's age, while PEG score is an index measuring pain interference and pain intensity due to chronic low back pain.
Step 2: Considering the nature of the variables, Age is a demographic characteristic, whereas PEG score is a measure of pain intensity and interference. These are distinct concepts, with Age being a static characteristic and PEG score being a dynamic measure of pain experience.
Step 3: Analyzing the potential causal relationships between Age and PEG score. While Age may influence the development or progression of chronic low back pain, it is unlikely to directly cause changes in the PEG score, as the PEG score is a measure of the current pain experience, not a direct result of Age.
Step 4: Considering the possibility of intermediate variables, such as changes in health status, lifestyle, or treatment, which could potentially link Age to PEG score. However, these intermediate variables would not establish a direct causal relationship between Age and PEG score.
Step 5: Evaluating the direction of causality, it is more plausible that changes in PEG score (e.g., due to changes in pain intensity or treatment) could influence Age-related factors, such as functional decline or mobility issues, rather than the other way around.
Step 6: Based on the analysis, the most likely relationship between Age and PEG score is that there is no direct causal relationship between the two variables.
Step 7: Therefore, the conclusion is that there is no causal relationship between Age and PEG score.

Conclusion: C",,True,,,,False,
Age,Sleep disturbance,False,"Reasoning Process:
Step 1: To determine the causal relationship between Age and Sleep disturbance, we need to consider the definitions and potential interactions between the two variables.
Step 2: Age is a demographic variable that can influence various aspects of a person's life, including physical and mental health. Sleep disturbance, on the other hand, is a subjective measure of sleep quality.
Step 3: Considering the definition of Sleep disturbance, it is a self-reported measure that can be influenced by various factors, including physical and mental health, lifestyle, and environmental factors.
Step 4: Age can affect physical and mental health, which in turn can influence sleep quality. For example, older adults may experience age-related changes in sleep patterns, such as insomnia or sleep apnea.
Step 5: Therefore, it is reasonable to conclude that Age can indirectly influence Sleep disturbance through its effects on physical and mental health.
Step 6: However, it is less likely that Sleep disturbance would directly cause a change in Age, as Age is a demographic variable that is determined at birth and cannot be changed through external factors.
Step 7: Therefore, the most likely causal relationship between Age and Sleep disturbance is that changing Age causes a change in Sleep disturbance, either directly or through one or more intermediate variables.
Step 8: Based on the above reasoning, the most likely answer is B.
Step 9: Conclusion: B

Conclusion: B",,True,,,,False,
Age,Smoking,False,"Reasoning Process:
Step 1: To determine the causal relationship between Age and Smoking, we need to consider the definitions and potential interactions between the two variables.
Step 2: Age is a characteristic of the patient that can be influenced by various factors, including genetics, lifestyle, and environmental factors. Smoking is a behavior that can be influenced by a combination of genetic, environmental, and psychological factors.
Step 3: Considering the definitions, it is clear that Age is not a direct cause of Smoking, as Age is a characteristic that can be influenced by various factors, while Smoking is a behavior that can be chosen by an individual.
Step 4: However, Smoking can have an impact on Age, as smoking is a known risk factor for various health conditions, including cardiovascular disease, lung disease, and certain types of cancer, which can affect an individual's lifespan and overall health.
Step 5: Therefore, changing Smoking can lead to a change in Age, either directly through the health consequences of smoking or indirectly through the impact on overall health and well-being.
Step 6: In contrast, changing Age is unlikely to directly cause a change in Smoking, as Age is a characteristic that is determined by a combination of genetic and environmental factors, and is not directly influenced by an individual's behavior.
Step 7: Therefore, the most likely causal relationship between Age and Smoking is that changing Smoking causes a change in Age, either directly or through one or more intermediate variables.
Step 8: Based on the analysis, the correct answer is B. Changing Smoking causes a change in Age, either directly or through one or more intermediate variables.

Conclusion: B",,True,,,,False,
Alcohol,PEG,True,"Reasoning Process:
Step 1: To determine the causal relationship between Alcohol and PEG, we need to consider the definitions of both variables. Alcohol refers to alcohol consumption, which is a behavior or lifestyle factor, while PEG score is an index measuring pain interference and pain intensity due to chronic low back pain, which is a health outcome.
Step 2: Given the definitions, we can infer that Alcohol consumption (Variable 1) is a potential risk factor or modifiable behavior that could influence health outcomes, including pain management and chronic pain conditions like low back pain.
Step 3: On the other hand, PEG score (Variable 2) is a direct measure of the impact of chronic low back pain on an individual's quality of life, which is a health outcome. This suggests that PEG score is a potential consequence of various factors, including lifestyle choices like alcohol consumption.
Step 4: Considering the potential relationship between lifestyle factors (Alcohol consumption) and health outcomes (PEG score), it is plausible that changing Alcohol consumption could influence PEG score either directly or through one or more intermediate variables, such as changes in pain management strategies, physical activity levels, or overall health status.
Step 5: However, it is also possible that changing PEG score could influence Alcohol consumption, for example, if an individual experiences a reduction in pain intensity and interference, they may be more likely to engage in healthier behaviors, including reduced alcohol consumption.
Step 6: However, the most direct and likely relationship is that changing Alcohol causes a change in PEG, either directly or through one or more intermediate variables. This is because alcohol consumption is a modifiable behavior that can directly impact health outcomes, including pain management and chronic pain conditions like low back pain.

Conclusion: A",,False,,,,False,
Anxiety,PEG,True,"Reasoning Process:
Step 1: Understanding the definitions of Variable 1 (Anxiety) and Variable 2 (PEG): Anxiety is a psychological state characterized by fear, worry, and hyperarousal, while PEG is a measure of pain interference and intensity due to chronic low back pain.
Step 2: Considering the definitions, it is clear that Anxiety and PEG are related to different aspects of human experience: one is a psychological state and the other is a measure of physical pain.
Step 3: However, it is also possible that Anxiety could influence PEG, as individuals with higher levels of Anxiety may experience increased pain sensitivity or perceive their pain as more severe due to their psychological state.
Step 4: Furthermore, research has shown that there is a bidirectional relationship between pain and psychological factors, including Anxiety. For example, chronic pain can lead to increased Anxiety, and high levels of Anxiety can exacerbate pain perception.
Step 5: Given this understanding, it is reasonable to conclude that changing Anxiety could indeed cause a change in PEG, either directly or through one or more intermediate variables.

Conclusion: A",,False,,,,False,
CCI,PEG,True,"Reasoning Process:
Step 1: Understanding the definitions of CCI and PEG: CCI is a comorbidity index measuring the number of comorbidities, while PEG score is an index measuring pain interference and pain intensity due to chronic low back pain.
Step 2: Considering the definitions, CCI and PEG appear to be measuring different aspects of health: comorbidities and pain intensity, respectively. This suggests that they may be related but not directly.
Step 3: Analyzing the potential relationship between CCI and PEG: A high CCI could indicate a patient has multiple comorbidities, which may contribute to increased pain intensity and interference, potentially affecting the PEG score. This suggests a possible indirect relationship between CCI and PEG.
Step 4: Considering the potential for intermediate variables: For example, a patient with a high CCI may experience more pain due to their comorbidities, leading to a higher PEG score. This implies that changing CCI could indirectly affect PEG through one or more intermediate variables.
Step 5: Evaluating the options: A. Changing CCI causes a change in PEG, either directly or through one or more intermediate variables. This option is plausible based on the analysis of the potential indirect relationship between CCI and PEG.
Step 6: Considering the alternative options: B. Changing PEG causes a change in CCI, either directly or through one or more intermediate variables. This option is less likely, as PEG is a measure of pain intensity and interference, which is not directly related to the number of comorbidities measured by CCI.
Step 7: Considering the alternative options: C. There is no causal relationship between CCI and PEG. This option is unlikely, as the analysis suggests a potential indirect relationship between the two variables.
Step 8: Conclusion: Based on the analysis, the most likely option is A. Changing CCI causes a change in PEG, either directly or through one or more intermediate variables.
Step 9: Final conclusion: The most likely relationship between CCI and PEG is that changing CCI can indirectly affect PEG through one or more intermediate variables.
Step 10: Final answer: A

Conclusion: A",,False,,,,False,
Catastrophizing,PEG,True,"Reasoning Process:
Step 1: Understanding the definitions of Catastrophizing and PEG is crucial to determining the causal relationship between the two variables. Catastrophizing is a psychological construct that refers to the tendency to magnify the threat value of a pain stimulus and feel helpless in the presence of pain. On the other hand, the PEG score is an index measuring pain interference and pain intensity due to chronic low back pain.
Step 2: Considering the definitions, it is clear that Catastrophizing is a psychological factor that can influence an individual's perception of pain, which in turn can affect their pain intensity and interference. This suggests that Catastrophizing could be a potential predictor of PEG scores.
Step 3: However, the relationship between Catastrophizing and PEG is not necessarily a direct one. It is more likely that Catastrophizing influences PEG through intermediate variables, such as pain intensity, emotional distress, or coping mechanisms. Therefore, changing Catastrophizing could lead to changes in these intermediate variables, which in turn affect PEG scores.
Step 4: In contrast, changing PEG scores may not necessarily lead to changes in Catastrophizing. While PEG scores may reflect the impact of pain on an individual's daily life, they do not directly measure psychological factors like catastrophizing.
Step 5: Therefore, based on the definitions and the likely relationships between the variables, it is more plausible that changing Catastrophizing causes a change in PEG, either directly or through one or more intermediate variables.
Step 6: This conclusion is consistent with the understanding that Catastrophizing is a psychological factor that can influence pain perception and, subsequently, pain intensity and interference.
Step 7: Therefore, the most likely answer is A: Changing Catastrophizing causes a change in PEG, either directly or through one or more intermediate variables.

Conclusion: A",,True,,,,False,
Depression,PEG,False,"Reasoning Process:
Step 1: Understanding the definitions of the variables: Depression is defined as the affective and cognitive manifestations of depression, and PEG score is an index measuring pain interference and pain intensity due to chronic low back pain.
Step 2: Considering the definitions, it's clear that Depression and PEG score are related to different aspects of a person's health. Depression is a mental health condition, while PEG score is a measure of pain intensity and interference.
Step 3: Given that Depression and PEG score are related to different aspects of health, it's possible that they could be influenced by common underlying factors, such as overall health status or quality of life.
Step 4: However, the definitions do not suggest a direct causal relationship between Depression and PEG score. Depression is not a direct cause of pain, and PEG score is not a direct measure of mental health.
Step 5: Considering the possibility of intermediate variables, it's possible that changes in Depression could indirectly affect PEG score through factors such as decreased motivation or energy levels, which could impact a person's ability to manage their pain.
Step 6: However, the most direct and likely relationship is that changing PEG score could cause a change in Depression, either directly or through one or more intermediate variables. For example, increased pain intensity and interference could lead to increased stress and anxiety, which could contribute to the development or worsening of Depression.
Step 7: Therefore, based on the definitions and the relationships between the variables, the most likely answer is that changing PEG causes a change in Depression, either directly or through one or more intermediate variables.
Step 8: Conclusion: B. Changing PEG causes a change in Depression, either directly or through one or more intermediate variables.

Conclusion: B",,True,,,,False,
Education,PEG,True,"Reasoning Process:
Step 1: To determine the causal relationship between Education and PEG, we need to consider the definitions of both variables. Education refers to the level of education of the participant, which is a personal characteristic. PEG score, on the other hand, is an index measuring pain interference and pain intensity due to chronic low back pain, which is a health-related outcome.
Step 2: Given the definitions, it's unlikely that Education directly affects PEG, as Education is a personal characteristic and PEG is a health-related outcome. However, Education can influence health-related outcomes through various intermediate variables, such as health literacy, socioeconomic status, or access to healthcare.
Step 3: Considering the potential intermediate variables, it's plausible that Education can indirectly affect PEG. For instance, individuals with higher education may have better health literacy, which can lead to better management of chronic pain and, consequently, a lower PEG score.
Step 4: On the other hand, changing PEG is unlikely to directly cause a change in Education, as Education is a personal characteristic that is typically determined early in life and is not directly influenced by health-related outcomes.
Step 5: Therefore, based on the definitions and the potential intermediate variables, the most likely causal relationship is that changing Education causes a change in PEG, either directly or through one or more intermediate variables.
Step 6: This conclusion is consistent with the concept of a bidirectional relationship, where Education can influence PEG, but PEG does not directly influence Education.
Step 7: However, the question asks for the most likely causal relationship, and based on the analysis, option A is the most plausible.
Step 8: Therefore, the final conclusion is that changing Education causes a change in PEG, either directly or through one or more intermediate variables.
Step 9: This conclusion is based on the analysis of the definitions, potential intermediate variables, and the direction of causality.

Conclusion: A",,False,,,,False,
Fear_avoidance,PEG,False,"Reasoning Process:
Step 1: Understanding the definitions of Fear_avoidance and PEG: Fear_avoidance is a patient-reported questionnaire that focuses on how a patient's fear avoidance beliefs about physical activity and work may affect and contribute to their low back pain and resulting disability. PEG score is an index measuring pain interference and pain intensity due to chronic low back pain.
Step 2: Considering the relationship between Fear_avoidance and PEG: Fear_avoidance is related to a patient's beliefs and behaviors that may contribute to their low back pain and disability, while PEG score measures the impact of pain on a patient's life. This suggests a potential bidirectional relationship between the two variables.
Step 3: Analyzing the potential causal relationships: Changing Fear_avoidance could lead to a change in a patient's behavior and beliefs, which in turn could affect their pain intensity and interference (PEG score). Conversely, experiencing high levels of pain interference and intensity (PEG score) may lead to increased fear avoidance behaviors as a coping mechanism.
Step 4: Considering the complexity of chronic pain and disability: The relationship between Fear_avoidance and PEG is likely to be bidirectional, with each variable influencing the other through a complex interplay of psychological, behavioral, and physiological factors.
Step 5: Conclusion: Based on the definitions and the analysis of the relationship between Fear_avoidance and PEG, it is most likely that changing Fear_avoidance causes a change in PEG, either directly or through one or more intermediate variables, and vice versa.

Conclusion: B",,True,,,,False,
Financial_level,PEG,True,"Reasoning Process:
Step 1: Understanding the definitions of Financial_level and PEG: Financial_level is a proxy for socioeconomic status, while PEG score measures pain interference and pain intensity due to chronic low back pain.
Step 2: Considering the relationship between socioeconomic status and health outcomes: Research has shown that individuals with lower socioeconomic status often experience poorer health outcomes, including higher levels of chronic pain.
Step 3: Analyzing the potential causal relationship between Financial_level and PEG: Given that Financial_level is a proxy for socioeconomic status, it is plausible that changes in Financial_level could lead to changes in PEG, either directly or through intermediate variables such as access to healthcare, lifestyle factors, or stress levels.
Step 4: Evaluating the potential for reverse causality: While it is possible that changes in PEG could lead to changes in Financial_level (e.g., through lost productivity or increased healthcare costs), this is less likely than the reverse causal relationship, as Financial_level is a more fundamental factor that can influence a wide range of health outcomes, including PEG.
Step 5: Considering the direction of causality: Based on the understanding of the relationship between socioeconomic status and health outcomes, it is more likely that changes in Financial_level would lead to changes in PEG, rather than the reverse.
Step 6: Conclusion: Based on the analysis, the most likely relationship between Financial_level and PEG is that changing Financial_level causes a change in PEG, either directly or through one or more intermediate variables.
Step 7: Final Answer: A

Conclusion: A",,True,,,,False,
Obesity,PEG,True,"Reasoning Process:
Step 1: Understanding the definitions of Variable 1 (Obesity) and Variable 2 (PEG score): Obesity refers to being overweight or having a high BMI, while the PEG score measures pain interference and intensity due to chronic low back pain.
Step 2: Considering the relationship between obesity and chronic low back pain: Research has shown that there is a correlation between obesity and chronic low back pain, with obesity often being a risk factor for developing chronic low back pain.
Step 3: Analyzing the potential causal relationship between Obesity and PEG: Given that obesity can contribute to chronic low back pain, it is plausible that changes in obesity could lead to changes in the PEG score, either directly or through intermediate variables such as increased pain intensity or reduced physical activity.
Step 4: Evaluating the potential for reverse causality: While it is possible that changes in PEG could influence obesity (e.g., through reduced physical activity), the existing research suggests that obesity is a primary risk factor for chronic low back pain, making it more likely that changes in obesity drive changes in PEG rather than the other way around.
Step 5: Considering the possibility of no causal relationship: Given the established correlation between obesity and chronic low back pain, it is unlikely that there is no causal relationship between Obesity and PEG.
Step 6: Based on the analysis, the most likely scenario is that changing Obesity causes a change in PEG, either directly or through one or more intermediate variables.
Step 7: Therefore, the conclusion is that A is the most likely option.

Conclusion: A",,False,,,,False,
Sleep disturbance,PEG,True,"Reasoning Process:
Step 1: Understanding the definitions of Sleep disturbance and PEG: Sleep disturbance is a self-reported measure of sleep quality, depth, and restoration, while PEG is an index measuring pain interference and pain intensity due to chronic low back pain.
Step 2: Considering the relationship between sleep and pain: Research has shown that chronic pain can significantly impact sleep quality, leading to sleep disturbances. Conversely, poor sleep quality can exacerbate pain perception and intensity.
Step 3: Analyzing the potential causal relationship: Given the bidirectional relationship between sleep and pain, it is reasonable to infer that changes in sleep disturbance could influence PEG scores, either directly or through intermediate variables such as pain intensity or pain interference.
Step 4: Considering the possibility of a unidirectional relationship: While it is possible that changing PEG could cause a change in sleep disturbance, the definition of PEG specifically focuses on pain interference and intensity, which is more directly related to the experience of pain rather than the broader impact on sleep quality.
Step 5: Evaluating the option of no causal relationship: Given the established link between sleep and pain, it is unlikely that there is no causal relationship between Sleep disturbance and PEG.
Step 6: Conclusion: Based on the definitions and the known relationship between sleep and pain, the most likely scenario is that changing Sleep disturbance causes a change in PEG, either directly or through one or more intermediate variables.
Step 7: Final conclusion: B is incorrect because it implies a unidirectional relationship, which is less likely given the bidirectional relationship between sleep and pain. C is incorrect because there is a known causal relationship between sleep and pain. Therefore, the most likely answer is A.
Step 8: Final answer: A

Conclusion: A",,True,,,,False,
Smoking,PEG,True,"Reasoning Process:
Step 1: To determine the causal relationship between Smoking and PEG, we need to consider the definitions and potential interactions between the two variables.
Step 2: Smoking is a habit that can have various health consequences, including respiratory problems, cardiovascular disease, and cancer. Chronic low back pain, which is related to PEG, can be exacerbated by smoking due to its negative impact on overall health and physical well-being.
Step 3: Given that smoking can contribute to chronic health issues, including those that may lead to chronic low back pain, it is plausible that smoking could indirectly affect PEG scores by influencing the underlying health conditions that contribute to pain intensity and interference.
Step 4: Therefore, changing smoking habits could potentially lead to changes in PEG scores, either directly or through intermediate variables such as overall health and physical well-being.
Step 5: This suggests a causal relationship between smoking and PEG, where changing smoking habits could lead to changes in PEG scores.

Conclusion: A",,False,,,,False,
Alcohol,Depression,True,"Reasoning Process:
Step 1: Alcohol consumption has been consistently linked to an increased risk of developing depression in various studies. This relationship is thought to be bidirectional, but the evidence suggests that the direction from alcohol consumption to depression is stronger.
Step 2: Alcohol consumption can lead to changes in brain chemistry and function, which can contribute to the development of depression. For example, chronic heavy drinking can alter the levels of neurotransmitters such as serotonin and dopamine, which play a crucial role in mood regulation.
Step 3: Additionally, individuals with depression may be more likely to self-medicate with alcohol, which can perpetuate a cycle of substance use and worsening depression.
Step 4: While there is some evidence to suggest that depression can also contribute to increased alcohol consumption, the evidence is not as strong as the relationship in the opposite direction.

Conclusion: A",,,,,,True,
Financial_level,Alcohol,True,"Reasoning Process:
Step 1: Alcohol consumption is often associated with a decrease in financial level due to the costs of purchasing alcohol, such as the cost of the drinks themselves, the cost of healthcare due to alcohol-related problems, and the opportunity cost of spending money on alcohol instead of other necessities.
Step 2: Additionally, individuals with lower financial levels may be more likely to engage in heavy drinking as a coping mechanism for stress, anxiety, or other financial-related issues.
Step 3: Furthermore, socioeconomic status can influence access to healthcare, education, and job opportunities, all of which can impact an individual's financial situation and their likelihood of engaging in heavy drinking.
Step 4: Therefore, considering these factors, it is more likely that financial level causes alcohol consumption, as financial difficulties can lead to increased drinking and decreased financial stability.
Step 5: This is a classic example of a bidirectional relationship, but based on the given definitions, the direction of causality is more likely to be from financial level to alcohol consumption.
Step 6: This is because the relationship between financial level and alcohol consumption is often influenced by factors such as access to healthcare, education, and job opportunities, which are all related to financial level.

Conclusion: B",,,,,,True,
Smoking,Alcohol,True,"Reasoning Process:
Step 1: Both alcohol consumption and smoking are complex behaviors influenced by a multitude of factors, including genetics, environment, and psychological state.
Step 2: Research has shown that individuals who smoke are more likely to engage in other high-risk behaviors, including excessive alcohol consumption.
Step 3: This suggests that smoking may be a precursor to or a correlate of alcohol consumption, rather than the other way around.
Step 4: Additionally, nicotine, a primary psychoactive substance in tobacco, can increase the desire for other substances, including alcohol.
Step 5: Furthermore, individuals who smoke may be more likely to have a history of substance use disorders, which can increase the likelihood of developing an alcohol use disorder.
Step 6: Therefore, based on the available evidence, it is more likely that smoking causes a change in alcohol consumption, either directly or through one or more intermediate variables.
Step 7: This is consistent with the concept of the 'gateway hypothesis,' which suggests that smoking can serve as a gateway to the use of other substances, including alcohol.
Step 8: In conclusion, the available evidence suggests that smoking is more likely to cause an increase in alcohol consumption, rather than the other way around.
Step 9: Therefore, the causal direction is more likely to be B) Smoking causes Alcohol.
Step 10: This conclusion is based on the available research and the understanding of the complex relationships between smoking and alcohol consumption.

Conclusion: B",,,,,,True,
Anxiety,CCI,True,"Reasoning Process:
Step 1: Anxiety is a psychological and emotional state that can be influenced by various factors, including genetics, environment, and life experiences. It is a complex condition that can have a significant impact on an individual's quality of life.
Step 2: The presence of comorbidities, as measured by the CCI, can contribute to increased stress, worry, and fear, which are all components of anxiety. For example, individuals with multiple chronic conditions may experience increased anxiety due to the burden of managing their health, the fear of disease progression, and the impact on their daily life.
Step 3: Furthermore, research has shown that anxiety can also contribute to the development of comorbidities. For instance, anxiety can lead to poor health behaviors, such as smoking, poor diet, and lack of exercise, which can increase the risk of developing chronic conditions.
Step 4: Additionally, anxiety can also exacerbate existing comorbidities, making it more challenging to manage and treat. This can create a vicious cycle where anxiety contributes to the development and worsening of comorbidities, which in turn can worsen anxiety.
Step 5: Considering these points, it is more likely that anxiety can contribute to the development and worsening of comorbidities, rather than the other way around.
Step 6: Therefore, the causal direction is more likely to be from anxiety to CCI.
Step 7: This is because anxiety can have a direct impact on an individual's health behaviors and physiological responses, which can increase the risk of developing comorbidities.
Step 8: In contrast, while comorbidities can certainly contribute to anxiety, the relationship is not as direct or as strong as the relationship between anxiety and comorbidities.
Step 9: Therefore, based on the available evidence and logical reasoning, the causal direction is more likely to be from anxiety to CCI.

Conclusion: A",,,,,,True,
Catastrophizing,Anxiety,True,"Reasoning Process:
Step 1: Pain catastrophizing is a cognitive process that involves the tendency to magnify the threat value of a pain stimulus and feel helpless in its presence. This process is closely related to the individual's perception and interpretation of pain.
Step 2: Anxiety, as measured by PROMIS anxiety, encompasses a range of symptoms including fear, anxious misery, hyperarousal, and somatic symptoms. These symptoms can be triggered or exacerbated by the individual's perception and interpretation of pain.
Step 3: Given that pain catastrophizing influences an individual's perception and interpretation of pain, it is likely that it also influences their anxiety levels. This is because catastrophizing can lead to increased fear, anxious misery, and hyperarousal, all of which are components of anxiety.
Step 4: Furthermore, research has shown that pain catastrophizing is a significant predictor of anxiety and other negative emotional responses to pain. This suggests that catastrophizing plays a causal role in the development of anxiety.

Conclusion: B",,,,,,True,
Depression,Anxiety,True,"Reasoning Process:
Step 1: Both anxiety and depression are complex conditions that often co-occur and share common underlying factors, such as genetic predisposition, neurobiological mechanisms, and life experiences.
Step 2: Anxiety can contribute to the development of depression by exacerbating symptoms of hopelessness, worthlessness, and social withdrawal, which are common in depression.
Step 3: Depression can also contribute to the development of anxiety by increasing feelings of fear, worry, and hypervigilance, which are characteristic of anxiety disorders.
Step 4: However, research suggests that depression often precedes anxiety in many cases, and that individuals with depression are more likely to develop anxiety disorders over time.
Step 5: Additionally, the PROMIS anxiety and depression measures assess different aspects of these conditions, with anxiety focusing on fear, worry, and hyperarousal, and depression focusing on affective and cognitive manifestations.
Step 6: Considering these points, it is more likely that depression causes anxiety, as depression can contribute to the development of anxiety symptoms and often precedes anxiety in many cases.
Step 7: Therefore, the causal direction is more likely to be from depression to anxiety.
Step 8: This conclusion is based on the understanding of the complex interplay between anxiety and depression, and the specific measures used to assess these conditions.
Step 9: It is essential to note that this is a general conclusion and that individual cases may vary, and a comprehensive evaluation by a healthcare professional is necessary to determine the specific causal relationship in each case.

Conclusion: B",,,,,,True,
Financial_level,Anxiety,True,"Reasoning Process:
Step 1: Chronic pain and anxiety are closely linked, with anxiety often being a comorbidity in chronic pain patients. Anxiety can exacerbate pain perception and vice versa.
Step 2: Financial level can impact an individual's ability to access healthcare, manage their condition, and cope with the emotional and psychological aspects of chronic pain, potentially leading to increased anxiety.
Step 3: Additionally, financial stress can contribute to feelings of anxiety, as individuals may worry about their financial situation, medical bills, and the impact on their quality of life.
Step 4: Furthermore, anxiety can also impact an individual's ability to work, maintain relationships, and engage in activities, potentially leading to a decrease in financial level.
Step 5: Considering these factors, it is more likely that financial level causes anxiety, as financial stress can directly contribute to feelings of anxiety and indirectly impact an individual's ability to manage their chronic pain and overall well-being.

Conclusion: B",,,,,,True,
Obesity,Anxiety,True,"Reasoning Process:
Step 1: Obesity is a known risk factor for various health conditions, including cardiovascular disease, diabetes, and certain types of cancer. These conditions can lead to increased levels of stress and anxiety in individuals.
Step 2: Chronic stress and anxiety can lead to changes in eating habits, such as overeating or poor food choices, which can contribute to weight gain and obesity.
Step 3: Additionally, individuals with obesity may experience social stigma, discrimination, and decreased physical activity, which can further exacerbate anxiety levels.
Step 4: Furthermore, research has shown that there is a bidirectional relationship between anxiety and obesity, with each condition influencing the other. However, the evidence suggests that obesity is a stronger predictor of anxiety than anxiety is of obesity.

Conclusion: B",,,,,,True,
Obesity,CCI,True,"Reasoning Process:
Step 1: Obesity is a known risk factor for developing various comorbidities, such as diabetes, hypertension, and cardiovascular disease.
Step 2: The presence of these comorbidities can be measured and quantified using a comorbidity index (CCI).
Step 3: Therefore, it is more likely that obesity leads to an increase in the number of comorbidities, which in turn increases the CCI.
Step 4: This is because obesity is a primary cause of many chronic conditions, and the development of these conditions can be reflected in the CCI.

Conclusion: B",,,,,,True,
Depression,Catastrophizing,True,"Reasoning Process:
Step 1: Pain catastrophizing is a cognitive process that involves the tendency to magnify the threat value of a pain stimulus and feel helpless in the presence of pain. This process is closely related to the affective and cognitive manifestations of depression.
Step 2: Depression is a mood disorder characterized by persistent feelings of sadness, hopelessness, and a loss of interest in activities. Individuals with depression often experience negative thoughts and a distorted view of reality, which can contribute to pain catastrophizing.
Step 3: Research has shown that individuals with chronic pain are at a higher risk of developing depression, and that depression can exacerbate pain catastrophizing. This suggests a bidirectional relationship between pain catastrophizing and depression.
Step 4: However, the relationship between pain catastrophizing and depression is complex, and it is difficult to determine the direction of causality. However, based on the definitions and the understanding of the two variables, it is more likely that depression causes a change in pain catastrophizing.

Conclusion: B",,,,,,True,
Catastrophizing,Fear_avoidance,True,"Reasoning Process:
Step 1: Pain catastrophizing is a cognitive process that involves the interpretation and appraisal of pain, which can lead to a heightened state of anxiety and fear.
Step 2: Fear avoidance, on the other hand, is a behavioral response to pain, where individuals avoid activities or situations that they believe may exacerbate their pain.
Step 3: Given that catastrophizing can lead to increased fear and anxiety, it is more likely that catastrophizing would lead to fear avoidance behaviors as individuals attempt to avoid activities that they perceive as threatening or painful.
Step 4: Additionally, research has shown that catastrophizing is a strong predictor of fear avoidance behaviors in individuals with chronic pain.
Step 5: Therefore, it is more likely that catastrophizing causes fear avoidance, either directly or through one or more intermediate variables.
Step 6: This is consistent with the biopsychosocial model of pain, which suggests that cognitive and behavioral factors, such as catastrophizing and fear avoidance, play a significant role in the development and maintenance of chronic pain.
Step 7: In conclusion, the causal direction is more likely to be from catastrophizing to fear avoidance.
Step 8: This is because catastrophizing is a cognitive process that can lead to fear and anxiety, which in turn can lead to fear avoidance behaviors.

Conclusion: A",,,,,,True,
Catastrophizing,Sleep disturbance,True,"Reasoning Process:
Step 1: Pain catastrophizing is a cognitive process that involves the interpretation and appraisal of pain, which can lead to increased emotional and behavioral responses to pain.
Step 2: Sleep disturbance can exacerbate pain and increase the likelihood of pain catastrophizing due to increased stress, fatigue, and decreased emotional regulation.
Step 3: However, pain catastrophizing can also lead to sleep disturbance as individuals with high levels of catastrophizing may experience increased anxiety and stress, making it difficult to fall asleep or stay asleep.
Step 4: Additionally, research has shown that pain catastrophizing is a stronger predictor of pain-related outcomes, including sleep disturbance, than sleep disturbance is of pain catastrophizing.
Step 5: Therefore, while sleep disturbance can contribute to pain catastrophizing, the relationship between pain catastrophizing and sleep disturbance is more complex and bidirectional.
Step 6: However, based on the definitions provided, the relationship between pain catastrophizing and sleep disturbance is more likely to be bidirectional, but if we must choose a direction, the relationship is more likely to be A) Catastrophizing causes Sleep disturbance.

Conclusion: A",,,,,,True,
Smoking,Catastrophizing,True,"Reasoning Process:
Step 1: Pain catastrophizing is a psychological response to pain, which can be influenced by various factors such as personality traits, past experiences, and coping mechanisms.
Step 2: Smoking is a behavior that can be influenced by various factors such as stress, anxiety, and social environment.
Step 3: There is no clear evidence to suggest that pain catastrophizing directly causes smoking, as pain catastrophizing is a cognitive response and smoking is a behavioral response.
Step 4: However, it is possible that smoking could exacerbate or contribute to pain catastrophizing, as smoking can lead to chronic pain and other health issues that may trigger or worsen pain catastrophizing.
Step 5: Therefore, it is more likely that smoking causes a change in pain catastrophizing, either directly or through one or more intermediate variables.
Step 6: This is because smoking can lead to chronic pain and other health issues that may trigger or worsen pain catastrophizing, making it a more likely causal direction.
Step 7: Additionally, research has shown that smoking is a risk factor for various chronic pain conditions, which can contribute to pain catastrophizing.
Step 8: Therefore, the causal direction is more likely to be from smoking to pain catastrophizing.
Step 9: In conclusion, based on the available evidence and reasoning, the causal direction is more likely to be from smoking to pain catastrophizing.
Step 10: This is a more plausible and evidence-based conclusion.

Conclusion: B",,,,,,True,
Education,Depression,True,"Reasoning Process:
Step 1: Considering the definition of PROMIS depression, it is a measure of the affective and cognitive manifestations of depression, indicating a psychological state rather than a physical or environmental factor.
Step 2: Education is a physical and environmental factor that can influence an individual's life experiences, social interactions, and access to resources, which in turn can affect their mental health.
Step 3: Given that education is a potential precursor to various life experiences and opportunities, it is more likely to influence an individual's mental health, including their risk of developing depression.
Step 4: Therefore, it is more plausible that education causes depression, either directly or through one or more intermediate variables, rather than depression causing a change in education.
Step 5: This is because education is a modifiable factor that can be influenced by individual and societal choices, whereas depression is a complex psychological state that is often the result of a combination of genetic, environmental, and life experience factors.
Step 6: In conclusion, the causal direction is more likely to be from education to depression, rather than the reverse.
Step 7: This is consistent with a large body of research that suggests that education is a protective factor against depression, and that individuals with higher levels of education are at lower risk of developing depression.

Conclusion: B",,,,,,True,
Fear_avoidance,Depression,True,"Reasoning Process:
Step 1: Fear avoidance is a cognitive-behavioral response to pain, which is a well-established concept in the field of chronic pain management.
Step 2: Fear avoidance can lead to a vicious cycle of avoidance behaviors, which in turn can exacerbate symptoms of depression, such as social isolation and loss of purpose.
Step 3: Depression, on the other hand, is a complex condition that can have multiple causes and consequences, but it is not typically considered a direct cause of fear avoidance.
Step 4: In the context of chronic pain, fear avoidance is often seen as a mediator between pain and disability, rather than a consequence of depression.

Conclusion: B",,,,,,True,
Obesity,Depression,True,"Reasoning Process:
Step 1: Obesity is a known risk factor for various chronic health conditions, including diabetes, cardiovascular disease, and musculoskeletal disorders, which can contribute to chronic pain and discomfort.
Step 2: Chronic pain and discomfort can lead to decreased physical activity, social isolation, and sleep disturbances, which are common risk factors for depression.
Step 3: Depression can also exacerbate symptoms of chronic pain, creating a vicious cycle of pain-depression-pain.
Step 4: Furthermore, depression can lead to changes in appetite and eating habits, which can result in weight gain and obesity.
Step 5: Additionally, the use of certain antidepressant medications can lead to weight gain as a side effect.
Step 6: Therefore, based on the existing evidence and understanding of the relationships between obesity, depression, and chronic pain, it is more likely that obesity causes depression.

Conclusion: B",,,,,,True,
Smoking,Depression,True,"Reasoning Process:
Step 1: Smoking is a well-established risk factor for various health conditions, including cardiovascular disease, respiratory disease, and cancer. These conditions can lead to chronic pain, which is a known risk factor for depression.
Step 2: Additionally, smoking itself can lead to chronic pain through various mechanisms, such as nicotine addiction, inflammation, and oxidative stress.
Step 3: Furthermore, the chronic pain caused by smoking can lead to a decrease in quality of life, social isolation, and decreased self-esteem, all of which are risk factors for depression.
Step 4: Therefore, it is more likely that smoking causes depression through a complex interplay of biological, psychological, and social factors.
Step 5: While depression can also lead to changes in behavior, including smoking, the evidence suggests that smoking is a more direct and significant risk factor for depression.
Step 6: Therefore, the causal direction is more likely to be from smoking to depression.
Step 7: This is consistent with the bi-directional relationship between smoking and depression, where smoking can both contribute to the development of depression and exacerbate its symptoms.
Step 8: However, the evidence suggests that smoking is a more significant risk factor for depression, and therefore, the causal direction is more likely to be from smoking to depression.
Step 9: In conclusion, the evidence suggests that smoking is a more likely cause of depression than depression is a cause of smoking.

Conclusion: B",,,,,,True,
Education,Fear_avoidance,True,"Reasoning Process:
Step 1: Education is often associated with better health literacy, which enables individuals to understand the nature of their condition and the importance of physical activity in managing chronic pain.
Step 2: Individuals with higher education levels are more likely to have a better understanding of the benefits of physical activity and its role in pain management, which may lead to a decrease in fear avoidance behaviors.
Step 3: Conversely, fear avoidance behaviors are not typically a direct result of education, but rather a consequence of the individual's perception of their condition and the potential risks associated with physical activity.
Step 4: Therefore, it is more likely that education influences fear avoidance behaviors, rather than the other way around.
Step 5: This is because education provides individuals with the knowledge and skills necessary to manage their condition effectively, which in turn reduces fear avoidance behaviors.
Step 6: Additionally, research has shown that education-based interventions can be effective in reducing fear avoidance behaviors and improving outcomes for individuals with chronic pain.

Conclusion: A",,,,,,True,
Financial_level,Education,True,"Reasoning Process:
Step 1: Education is often a determinant of socioeconomic status, as higher education typically leads to better job opportunities and higher earning potential.
Step 2: Individuals with higher socioeconomic status may have greater access to educational resources and opportunities, such as private schools and tutors.
Step 3: Therefore, it is more likely that financial level (socioeconomic status) causes education, as it can influence access to educational resources and opportunities.
Step 4: Additionally, research has shown that socioeconomic status is a strong predictor of educational attainment, with individuals from lower socioeconomic backgrounds often facing barriers to education.
Step 5: This suggests that financial level (socioeconomic status) has a causal effect on education, rather than the other way around.
Step 6: Therefore, the direction of causality is more likely to be from financial level to education.
Step 7: This is consistent with the concept of the socioeconomic gradient, which describes the relationship between socioeconomic status and various health and educational outcomes.
Step 8: In conclusion, the evidence suggests that financial level (socioeconomic status) causes education, either directly or through one or more intermediate variables.

Conclusion: B",,,,,,True,
Education,Sleep disturbance,True,"Reasoning Process:
Step 1: Education is often associated with better health outcomes and access to resources that promote healthy sleep habits, such as a stable home environment, regular exercise, and a balanced diet.
Step 2: Individuals with higher levels of education may be more likely to have a better understanding of sleep hygiene practices and be more likely to prioritize sleep as an important aspect of their overall health.
Step 3: Additionally, education can provide individuals with the knowledge and skills to manage stress, which is a common cause of sleep disturbance.
Step 4: Therefore, it is more likely that education has a positive impact on sleep disturbance, rather than the other way around.
Step 5: This is because education is a more stable and enduring factor that can influence sleep habits and overall health, whereas sleep disturbance is a more immediate and variable experience.
Step 6: Furthermore, research has shown that education is a strong predictor of health outcomes, including sleep quality, and that improving education can lead to improvements in sleep disturbance.
Step 7: Therefore, the causal direction is more likely to be from education to sleep disturbance.
Step 8: In conclusion, based on the available evidence and logical reasoning, the causal direction is more likely to be from education to sleep disturbance.

Conclusion: A",,,,,,True,
Smoking,Fear_avoidance,True,"Reasoning Process:
Step 1: Fear avoidance is a psychological factor that can lead to decreased physical activity and work participation, which may contribute to low back pain and disability.
Step 2: Smoking is a known risk factor for various health conditions, including respiratory and cardiovascular diseases, which can exacerbate low back pain and disability.
Step 3: Smoking can also lead to decreased physical fitness and reduced lung function, making it more difficult for individuals to engage in physical activity and work, potentially increasing fear avoidance behaviors.
Step 4: Therefore, it is more plausible that smoking contributes to fear avoidance behaviors, rather than fear avoidance causing smoking.

Conclusion: B",,,,,,True,
Obesity,Financial_level,True,"Reasoning Process:
Step 1: Obesity is often associated with increased healthcare costs, which can lead to financial difficulties for individuals.
Step 2: Individuals with lower financial levels may have limited access to healthy food options, leading to a higher likelihood of obesity.
Step 3: Additionally, individuals with lower financial levels may have limited access to healthcare services, making it more difficult to manage obesity-related health issues.
Step 4: Furthermore, obesity has been linked to reduced productivity and absenteeism, which can negatively impact an individual's financial situation.
Step 5: Considering these points, it is more likely that obesity causes financial difficulties rather than the other way around.
Step 6: This is because the relationship between obesity and financial level is bidirectional, with obesity having a more direct and significant impact on financial level.
Step 7: Therefore, the causal direction is more likely to be from obesity to financial level.
Step 8: This conclusion is supported by numerous studies that have found a strong correlation between obesity and financial difficulties.

Conclusion: B",,,,,,True,
Sleep disturbance,Financial_level,True,"Reasoning Process:
Step 1: Financial level is often a proxy for socioeconomic status, which encompasses various factors such as access to healthcare, education, and employment opportunities.
Step 2: Individuals with lower socioeconomic status may experience increased stress, anxiety, and depression, which can lead to sleep disturbances.
Step 3: Sleep disturbances can further exacerbate these conditions, creating a vicious cycle that perpetuates financial difficulties.
Step 4: Additionally, sleep disturbances can lead to decreased productivity, absenteeism, and presenteeism, resulting in reduced income and financial instability.
Step 5: Furthermore, individuals with sleep disturbances may require more medical attention, leading to increased healthcare costs and financial burdens.
Step 6: Therefore, it is more likely that sleep disturbance causes financial level, as sleep disturbances can have a direct and indirect impact on an individual's financial situation.
Step 7: In contrast, the relationship between financial level and sleep disturbance is more complex and bidirectional, with financial difficulties potentially contributing to sleep disturbances, but sleep disturbances also having a significant impact on financial level.
Step 8: However, considering the potential for sleep disturbances to have a more direct and significant impact on financial level, the causal direction is more likely to be from sleep disturbance to financial level.
Step 9: Therefore, based on the available information and the potential for sleep disturbances to have a significant impact on financial level, the more likely causal direction is from sleep disturbance to financial level.
Step 10: This conclusion is based on the understanding that sleep disturbances can have a direct and indirect impact on an individual's financial situation, making it more likely that sleep disturbance causes financial level.

Conclusion: B",,,,,,True,
Smoking,Financial_level,True,"Reasoning Process:
Step 1: Smoking is a costly habit, with the average cost of a pack of cigarettes ranging from $5 to $15 in the United States. This cost can add up quickly, especially for heavy smokers.
Step 2: Individuals with lower financial levels may be more likely to smoke as a coping mechanism for stress or as a way to save money, as they may not have access to healthier alternatives or may prioritize short-term financial gains over long-term health consequences.
Step 3: Additionally, smoking can lead to increased healthcare costs, lost productivity, and reduced earning potential, further exacerbating financial difficulties.
Step 4: Therefore, it is more likely that smoking causes financial difficulties, rather than the other way around.
Step 5: This is because the direct and indirect consequences of smoking can lead to a decrease in financial level, making option B less plausible.
Step 6: Furthermore, research has shown that smoking is a significant predictor of financial strain, with smokers being more likely to experience financial difficulties than non-smokers.

Conclusion: B",,,,,,True,
