,Var1,Var2,Plausibility,Plausibility Reasoning,Association,Association Reasoning,Temporality,Temporality Reasoning,Label
0,Age,Alcohol,True,"Reasoning Process:
Step 1: To determine if there is a plausible causal relationship between Age and Alcohol, we need to consider the biological, theoretical, and scientific knowledge related to these variables.
Step 2: Age is a well-established risk factor for various health conditions, such as cardiovascular disease, osteoporosis, and cognitive decline. This suggests that Age may have a causal relationship with various health outcomes.
Step 3: Alcohol consumption is also a known risk factor for several health conditions, including liver disease, certain types of cancer, and cardiovascular disease. This indicates that Alcohol may have a causal relationship with various health outcomes.
Step 4: Given that both Age and Alcohol are risk factors for various health conditions, it is plausible that Age may have a causal relationship with Alcohol, either directly or through one or more intermediate variables.
Step 5: For example, as people age, they may experience changes in their metabolism, liver function, and other physiological processes that could affect their ability to process and metabolize alcohol. This could potentially lead to an increase in Alcohol consumption as people age, establishing a causal relationship between Age and Alcohol.
Step 6: Alternatively, certain health conditions that are more prevalent in older adults, such as depression or anxiety, may increase the likelihood of Alcohol consumption. In this case, Age would have a causal relationship with Alcohol through the intermediate variable of the underlying health condition.
Step 7: Therefore, based on the existing knowledge of the biological, theoretical, and scientific relationships between Age and Alcohol, it is plausible that Age may have a causal relationship with Alcohol, either directly or through one or more intermediate variables.
Step 8: This conclusion is consistent with the concept of a 'life course' or 'developmental' perspective in epidemiology, which suggests that Age can influence various health behaviors, including Alcohol consumption, through a complex interplay of biological, psychological, and social factors.
Step 9: In conclusion, the relationship between Age and Alcohol is plausible and warrants further investigation to determine the nature and direction of the causal relationship.
Step 10: Therefore, the answer to the question is: TRUE.

Conclusion: Yes",True,"Reasoning Process:
Step 1: To determine if there is an association between Age and Alcohol, we need to consider whether knowledge of one variable provides information about the other. In this context, Age and Alcohol are two distinct variables that can be measured or recorded.
Step 2: Age is a demographic variable that can influence various health outcomes, including the likelihood of alcohol consumption. As people age, their drinking habits may change due to factors such as life experiences, social pressures, or health concerns.
Step 3: Alcohol consumption, on the other hand, is a behavior that can be influenced by various factors, including age. For instance, younger individuals may be more likely to engage in heavy drinking due to peer pressure or social norms, while older individuals may reduce their drinking as they age due to health concerns or social responsibilities.
Step 4: Given that Age can influence Alcohol consumption and vice versa, it is reasonable to conclude that there is a statistical association between the two variables. This association can be observed in various studies that have investigated the relationship between age and drinking habits.

Conclusion: Yes",True,"Reasoning Process:
Step 1: To determine if there is a causal relationship between Age and Alcohol, we need to consider the direction of causality. A causal relationship implies that a change in one variable (Age) precedes and leads to a change in another variable (Alcohol).
Step 2: We will examine if Age can influence Alcohol directly or through one or more intermediate variables. This involves considering the potential pathways through which Age could affect Alcohol consumption.
Step 3: One possible pathway is that as people age, their life circumstances and priorities may change, potentially influencing their alcohol consumption habits. For example, older adults may have more responsibilities, such as family or work commitments, that reduce their opportunities for social drinking or may have health concerns that discourage excessive drinking.
Step 4: Another possible pathway is that age-related physical changes, such as declining health or decreased mobility, may make it more difficult for older adults to engage in activities that involve drinking, such as socializing or traveling.
Step 5: However, it's also possible that the relationship between Age and Alcohol is bidirectional, meaning that changes in Alcohol consumption could also influence Age. For example, heavy drinking can lead to health problems that affect life expectancy and overall health, potentially influencing an individual's age.
Step 6: Considering these potential pathways, it's clear that there is a complex relationship between Age and Alcohol, with both direct and indirect influences. However, the question asks for a directional causal link, where Age precedes and leads to a change in Alcohol.
Step 7: Given the potential for bidirectional influence and the complexity of the relationship, it's challenging to assert a definitive causal link. However, in many cases, it's reasonable to assume that Age can influence Alcohol consumption, particularly through life circumstances and physical changes associated with aging.
Step 8: Therefore, based on the potential pathways and influences, we can conclude that there is a causal relationship where a change in Age can precede and lead to a change in Alcohol, either directly or through one or more intermediate variables.
Step 9: This conclusion is based on the understanding that Age can influence Alcohol consumption through various mechanisms, even if the relationship is not strictly unidirectional.
Step 10: However, it's essential to note that the strength and direction of this causal relationship may vary across individuals and populations, and other factors can also influence the relationship between Age and Alcohol.
Step 11: In conclusion, considering the potential pathways and influences, the answer to the question is: TRUE.

Conclusion: Yes",True
1,Age,Anxiety,True,"Reasoning Process:
Step 1: To determine if there is a plausible causal relationship between Age and Anxiety, we need to consider the biological, theoretical, and scientific evidence that links these two variables.
Step 2: Age is a known risk factor for various physical and mental health conditions, including cognitive decline, cardiovascular disease, and neurodegenerative disorders.
Step 3: Anxiety, as defined by PROMIS, encompasses a range of symptoms including fear, anxious misery, hyperarousal, and somatic symptoms related to arousal.
Step 4: Research has shown that aging is associated with changes in brain structure and function, including reduced volume in regions involved in emotional regulation, such as the amygdala and prefrontal cortex.
Step 5: These changes can lead to increased sensitivity to stress and anxiety, making older adults more prone to anxiety disorders.
Step 6: Additionally, age-related physical changes, such as decreased mobility, sensory decline, and chronic pain, can contribute to increased anxiety levels.
Step 7: Furthermore, life events and social factors associated with aging, such as retirement, loss of a spouse, or decreased social support, can also contribute to anxiety.
Step 8: Therefore, based on the existing knowledge of the biological, psychological, and social changes that occur with aging, it is plausible that Age may have a causal relationship with Anxiety, either directly or through one or more intermediate variables.

Conclusion: Yes",True,"Reasoning Process:
Step 1: To determine if there is an association between Age and Anxiety, we need to consider the nature of the variables and their potential relationship.
Step 2: Age is a continuous variable that represents a patient's age, which can be measured in years. Anxiety, as defined by PROMIS anxiety, is a psychological construct that encompasses various symptoms related to fear, anxious misery, hyperarousal, and somatic symptoms.
Step 3: Given the definitions of Age and Anxiety, we can consider the potential relationship between the two variables. Age is a demographic variable that can influence various aspects of a person's life, including their mental health. Anxiety, on the other hand, is a psychological state that can be influenced by various factors, including age.
Step 4: Research has shown that anxiety can change across the lifespan, with certain age groups being more prone to anxiety disorders. For example, adolescents and young adults may experience anxiety related to social pressures, while older adults may experience anxiety related to health concerns or loss of loved ones.
Step 5: Additionally, age can also influence the manifestation and expression of anxiety symptoms. For instance, older adults may be more likely to experience somatic symptoms related to anxiety, such as cardiovascular symptoms, whereas younger adults may experience more psychological symptoms, such as worry and fear.
Step 6: Considering these points, it is reasonable to conclude that there is a statistical association between Age and Anxiety. Knowledge of a patient's age can provide information about their potential anxiety symptoms and their manifestation.

Conclusion: Yes",True,"Reasoning Process:
Step 1: To determine if there is a causal relationship between Age and Anxiety, we need to consider the direction of causality. A causal relationship implies that a change in one variable (Age) precedes and leads to a change in another variable (Anxiety).
Step 2: We will examine the potential pathways through which Age could influence Anxiety. This includes direct effects, such as the physical and psychological changes that occur with aging, and indirect effects, such as the impact of age-related health conditions on Anxiety.
Step 3: Direct effects of Age on Anxiety could include the natural aging process, which can lead to physical and cognitive changes that contribute to Anxiety. For example, age-related decline in physical function, sensory loss, and cognitive decline can contribute to feelings of anxiety and fear.
Step 4: Indirect effects of Age on Anxiety could include the development of age-related health conditions, such as chronic pain, cardiovascular disease, and cognitive decline, which can contribute to Anxiety. For instance, chronic pain is a well-known risk factor for Anxiety, and its prevalence increases with age.
Step 5: Additionally, social and environmental factors associated with aging, such as retirement, loss of social support, and decreased mobility, can also contribute to Anxiety.
Step 6: Considering these potential pathways, it is reasonable to conclude that a change in Age can precede and influence a change in Anxiety, either directly or through one or more intermediate variables.
Step 7: Therefore, based on the analysis of direct and indirect effects, there is a causal relationship between Age and Anxiety.
Step 8: The direction of causality is from Age to Anxiety, indicating that as Age increases, Anxiety is likely to increase as well.
Step 9: This conclusion is consistent with the understanding that Age is a risk factor for Anxiety, and the development of age-related health conditions and social factors can contribute to the development of Anxiety.

Conclusion: Yes",True
2,Age,CCI,True,"Reasoning Process:
Step 1: Understanding the definitions of Age and CCI: Age is a demographic variable that can influence various health outcomes, while CCI is a measure of the number of comorbidities, which can also impact health outcomes.
Step 2: Considering the relationship between Age and CCI: As individuals age, they are more likely to develop comorbidities due to the accumulation of health risks and the natural aging process.
Step 3: Evaluating potential intermediate variables: Age can influence CCI through various intermediate variables, such as lifestyle factors (e.g., smoking, physical inactivity), environmental factors (e.g., exposure to pollutants), and genetic predispositions.
Step 4: Assessing the biological and theoretical plausibility: The relationship between Age and CCI is supported by existing knowledge in the fields of gerontology, epidemiology, and public health, making it a plausible hypothesis.

Conclusion: Yes",True,"Reasoning Process:
Step 1: To determine if there is an association between Age and CCI, we need to consider the definition of association in statistics. Association refers to any statistical dependency between two variables, regardless of strength or directionality.
Step 2: Given the definitions of Age and CCI, Age is a variable that can be measured in years and represents the age of the patient, while CCI is a comorbidity index that measures the number of comorbidities. Comorbidities are pre-existing medical conditions that a patient has in addition to the primary condition for which they are receiving treatment.
Step 3: As Age increases, the likelihood of developing comorbidities also increases. This is because older individuals are more likely to have a higher number of comorbidities due to the accumulation of health conditions over time.
Step 4: Therefore, there is a logical and statistical dependency between Age and CCI, as knowledge of the value of one variable (Age) can provide information about the value of the other variable (CCI).
Step 5: This dependency is not necessarily causal, but rather a correlation, as older individuals are more likely to have a higher CCI due to the natural aging process and the accumulation of health conditions.

Conclusion: Yes",True,"Reasoning Process:
Step 1: To determine if there is a causal relationship between Age and CCI, we need to consider the definition of CCI and its relationship with Age. CCI is a comorbidity index that measures the number of comorbidities, which are pre-existing medical conditions that a patient has in addition to their primary condition. Age is a factor that can influence the development of comorbidities over time.
Step 2: As a patient gets older, they are more likely to develop new comorbidities due to the natural aging process, wear and tear on the body, and increased exposure to risk factors. This suggests that Age can be a contributing factor to the development of comorbidities, which in turn can increase the CCI score.
Step 3: However, the relationship between Age and CCI is not necessarily direct. Other factors such as lifestyle, genetics, and environmental factors can also influence the development of comorbidities. Therefore, Age may influence CCI indirectly through these intermediate variables.
Step 4: Considering the temporal relationship between Age and CCI, it is clear that Age precedes CCI. As a patient gets older, their CCI score can increase due to the development of new comorbidities. This temporal relationship is consistent with a directional causal link between Age and CCI.

Conclusion: Yes",True
3,Age,Catastrophizing,True,"Reasoning Process:
Step 1: To determine if there is a plausible causal relationship between Age and Catastrophizing, we need to consider the potential biological, theoretical, or scientific mechanisms that could link these two variables.
Step 2: One possible mechanism is that as people age, they may experience more life events that contribute to the development of catastrophizing, such as chronic illness, loss of loved ones, or decreased physical function, which can lead to increased pain sensitivity and catastrophizing.
Step 3: Another possible mechanism is that older adults may have a different cognitive profile, such as decreased cognitive flexibility or increased rumination, which can contribute to catastrophizing.
Step 4: Additionally, age-related changes in the brain, such as decreased gray matter volume in areas involved in pain processing, may also contribute to the development of catastrophizing.
Step 5: Furthermore, older adults may have a different social and environmental context that can influence their pain experience and catastrophizing, such as decreased social support or increased stress.
Step 6: Considering these potential mechanisms, it is plausible that Age may have a causal relationship with Catastrophizing, either directly or through one or more intermediate variables.
Step 7: Therefore, based on the existing knowledge and potential mechanisms, the answer to the question is: TRUE.

Conclusion: Yes",True,"Reasoning Process:
Step 1: To determine if there is an association between Age and Catastrophizing, we need to consider the nature of the variables and their potential relationship.
Step 2: Age is a demographic variable that can influence various aspects of a person's life, including their physical and mental health. It is a quantitative variable that can be measured in years.
Step 3: Catastrophizing, on the other hand, is a psychological construct that refers to a person's tendency to think negatively about their pain and feel helpless in the face of it. It is a qualitative variable that can be measured using standardized questionnaires.
Step 4: While Age can influence a person's risk of developing certain health conditions, such as chronic pain, it does not directly determine their catastrophizing behavior. Catastrophizing is a complex psychological phenomenon that is influenced by a variety of factors, including past experiences, personality traits, and coping mechanisms.
Step 5: However, research has shown that older adults may be more likely to experience catastrophizing due to factors such as decreased physical function, increased pain sensitivity, and social isolation. This suggests that there may be a statistical association between Age and Catastrophizing.
Step 6: Furthermore, studies have found that older adults with chronic pain are more likely to exhibit catastrophizing behaviors, which can exacerbate their pain and worsen their quality of life. This association highlights the complex interplay between Age, pain, and catastrophizing.
Step 7: In conclusion, while Age does not directly cause catastrophizing, there is evidence to suggest that there is a statistical association between the two variables. This association is likely due to the complex interplay of factors that influence catastrophizing in older adults.

Conclusion: Yes",False,"Reasoning Process:
Step 1: To determine if there is a causal relationship between Age and Catastrophizing, we need to consider the definition of catastrophizing and its relationship with age.
Step 2: Catastrophizing is a psychological construct that refers to the tendency to magnify the threat value of a pain stimulus and feel helpless in the presence of pain. This construct is not directly related to age, but rather to an individual's perception and cognitive processing of pain.
Step 3: There is no established evidence to suggest that age directly influences catastrophizing. However, age can be an intermediate variable that affects catastrophizing through other factors, such as life experience, coping mechanisms, and cognitive abilities.
Step 4: For example, older adults may have more life experience and developed coping mechanisms that can influence their catastrophizing scores. However, this is not a direct causal relationship between age and catastrophizing.
Step 5: Therefore, while age may be related to catastrophizing through intermediate variables, there is no direct causal relationship between the two variables.
Step 6: In conclusion, based on the definition of catastrophizing and the relationship between age and catastrophizing, there is no direct causal relationship between Age and Catastrophizing.
Step 7: However, it is worth noting that age can be an indirect factor that influences catastrophizing through other variables.
Step 8: Therefore, the answer to the question is: FALSE

Conclusion: No",True
4,Age,Depression,True,"Reasoning Process:
Step 1: To determine the plausibility of a causal relationship between Age and Depression, we need to consider the biological, theoretical, and scientific evidence that supports or refutes such a relationship.
Step 2: Age is a known risk factor for various physical and mental health conditions, including cognitive decline, frailty, and decreased physical function. This suggests that as Age increases, the likelihood of experiencing physical and mental health issues also increases.
Step 3: Depression is a complex condition influenced by a combination of genetic, environmental, and psychological factors. While Age is not a direct cause of Depression, it can be a contributing factor due to the accumulation of physical and mental health issues that occur with aging.
Step 4: There is evidence to suggest that older adults are at a higher risk of developing Depression due to factors such as social isolation, loss of loved ones, and decreased physical function, which can contribute to feelings of sadness, hopelessness, and despair.
Step 5: Additionally, certain age-related changes in the brain, such as reduced neuroplasticity and decreased production of neurotransmitters like serotonin and dopamine, may also contribute to the development of Depression in older adults.
Step 6: Furthermore, studies have shown that the prevalence of Depression increases with Age, with older adults being more likely to experience depressive symptoms and disorders.
Step 7: Considering the biological, theoretical, and scientific evidence, it is plausible that Age may have a causal relationship with Depression, either directly or through one or more intermediate variables.
Step 8: This relationship is supported by the accumulation of physical and mental health issues with Age, increased risk of social isolation and loss, and age-related changes in the brain that can contribute to the development of Depression.

Conclusion: Yes",True,"Reasoning Process:
Step 1: To determine if there is an association between Age and Depression, we need to consider the relationship between the two variables. Association refers to any statistical dependency between two variables, regardless of strength or directionality.
Step 2: Age is a variable that can be measured in years and represents the chronological age of the patient. It is a quantitative variable.
Step 3: Depression, as defined by PROMIS depression, is a measure of the affective and cognitive manifestations of depression. It is a quantitative variable that can be measured on a scale.
Step 4: Research has shown that there is a well-established relationship between age and depression. Studies have consistently found that older adults are at a higher risk of developing depression compared to younger adults.
Step 5: This relationship is often attributed to various factors such as social isolation, loss of loved ones, chronic health conditions, and cognitive decline, which are more common in older age groups.
Step 6: Therefore, knowing a person's age can provide information about their risk of developing depression, indicating a statistical association between the two variables.

Conclusion: Yes",False,"Reasoning Process:
Step 1: To determine if there is a causal relationship between Age and Depression, we need to consider the direction of causality. A causal relationship implies that a change in one variable (Age) precedes and leads to a change in another variable (Depression).
Step 2: We know that Age is a risk factor for various health conditions, including depression. As people age, they may experience life changes, health decline, and social isolation, which can contribute to the development of depression.
Step 3: However, it's essential to note that the relationship between Age and Depression is complex and bidirectional. While older age may increase the risk of depression, depression can also affect an individual's perception of their age and overall health.
Step 4: Considering the complexity of the relationship, we need to evaluate if there is a clear temporal precedence of Age leading to Depression. Research suggests that age-related changes can contribute to the development of depression, but it's not a straightforward causal link.
Step 5: Moreover, there are other variables that can mediate the relationship between Age and Depression, such as lifestyle factors, health conditions, and social support. These intermediate variables can influence the direction and strength of the relationship.
Step 6: Given the complexity of the relationship and the presence of intermediate variables, it's challenging to establish a clear causal link between Age and Depression. However, we can say that there is a correlation between the two variables.
Step 7: While correlation does not necessarily imply causation, the relationship between Age and Depression is more likely to be bidirectional and influenced by multiple factors. Therefore, it's difficult to assert a clear causal relationship where Age precedes and leads to a change in Depression.

Conclusion: No",True
5,Age,Education,True,"Reasoning Process:
Step 1: To determine the plausibility of a causal relationship between Age and Education, we need to consider the potential mechanisms by which these two variables could be related.
Step 2: One possible mechanism is that older individuals may have had more opportunities to pursue higher education, leading to a direct causal relationship between Age and Education.
Step 3: Another possible mechanism is that older individuals may have had more time to accumulate wealth and resources, which could be used to fund their education, leading to an indirect causal relationship between Age and Education.
Step 4: Additionally, there may be other intermediate variables, such as socioeconomic status, access to education, and cultural background, that could mediate the relationship between Age and Education.
Step 5: Considering these potential mechanisms and intermediate variables, it is plausible that Age may have a causal relationship with Education, either directly or through one or more intermediate variables.

Conclusion: Yes",True,"Reasoning Process:
Step 1: To determine if there is an association between Age and Education, we need to consider the definition of association in statistics. Association refers to any statistical dependency between two variables, regardless of strength or directionality.
Step 2: Given the definition, we can infer that association can be observed in various forms, such as a positive correlation, negative correlation, or even a non-linear relationship between the variables.
Step 3: However, the question does not specify the strength or directionality of the association, nor does it provide any specific data or context about the relationship between Age and Education.
Step 4: Despite the lack of specific information, we can still consider the general relationship between Age and Education. Typically, as people get older, they tend to have higher levels of education, as they have had more time to pursue educational opportunities.
Step 5: This suggests a positive association between Age and Education, where knowledge of one variable (Age) can provide information about the other (Education).
Step 6: Therefore, based on the general understanding of the relationship between Age and Education, it is reasonable to conclude that there is an association between the two variables.

Conclusion: Yes",True,"Reasoning Process:
Step 1: To determine if there is a causal relationship between Age and Education, we need to consider the direction of causality. A causal relationship implies that a change in one variable (Age) precedes and leads to a change in another variable (Education).
Step 2: In this context, Age is typically considered a predictor or a cause, while Education is an outcome or effect. This suggests that Age may influence Education, but it does not necessarily imply a direct causal link.
Step 3: However, in the context of human development, it is well-established that Age is a key factor that influences Education. As individuals get older, they typically progress through various stages of education, such as primary, secondary, and higher education. This suggests that Age is a strong predictor of Education.
Step 4: Furthermore, there are no known mechanisms by which Education could cause Age. Education is typically a function of Age, as individuals acquire education as they grow older. This suggests that the relationship between Age and Education is unidirectional, with Age influencing Education but not the other way around.
Step 5: Therefore, based on the direction of causality and the relationship between Age and Education, it is reasonable to conclude that there is a causal relationship where a change in Age precedes and leads to a change in Education.

Conclusion: Yes",False
6,Age,Fear_avoidance,True,"Reasoning Process:
Step 1: To determine if there is a plausible causal relationship between Age and Fear_avoidance, we need to consider the potential biological, theoretical, or scientific mechanisms that could link these two variables.
Step 2: Age is a factor that can influence physical health and function, which in turn can affect an individual's ability to engage in physical activity and work, potentially leading to fear avoidance behaviors.
Step 3: As people age, they may experience natural declines in physical function, such as decreased muscle strength, flexibility, and endurance, which can make it more difficult to perform physical activities and work-related tasks.
Step 4: This decline in physical function can lead to increased fear of injury or re-injury, which may result in avoidance of physical activity and work, thereby contributing to fear avoidance behaviors.
Step 5: Additionally, age-related changes in cognitive and emotional processing, such as increased anxiety and decreased self-efficacy, may also contribute to fear avoidance behaviors.
Step 6: Furthermore, older adults may have a greater number of comorbidities, which can impact their ability to engage in physical activity and work, leading to fear avoidance behaviors.
Step 7: Considering these potential mechanisms, it is plausible that Age may have a causal relationship with Fear_avoidance, either directly or through one or more intermediate variables.

Conclusion: Yes",True,"Reasoning Process:
Step 1: To determine if there is an association between Age and Fear_avoidance, we need to consider whether knowledge of one variable provides information about the other. In this case, Age and Fear_avoidance are two distinct variables with different domains: Age is a demographic characteristic, while Fear_avoidance is a psychological construct related to a patient's beliefs and behaviors.
Step 2: Age can influence Fear_avoidance, as older adults may have different levels of fear avoidance due to various factors such as decreased physical function, increased health concerns, or life experiences. For instance, an older patient may be more likely to avoid physical activity due to concerns about exacerbating existing health conditions or experiencing a fall.
Step 3: However, the relationship between Age and Fear_avoidance is not necessarily a direct cause-and-effect relationship. Instead, it is a complex interplay of various factors, including but not limited to, physical and psychological changes that occur with aging.
Step 4: Furthermore, Fear_avoidance can also influence Age-related behaviors, such as physical activity levels, which in turn can impact overall health and well-being. For example, a patient with high Fear_avoidance may be less likely to engage in regular physical activity, potentially leading to decreased mobility and increased risk of age-related health issues.
Step 5: Considering these bidirectional relationships, it is reasonable to conclude that there is an association between Age and Fear_avoidance, as knowledge of one variable can provide information about the other.

Conclusion: Yes",True,"Reasoning Process:
Step 1: To determine if there is a causal relationship between Age and Fear_avoidance, we need to consider the direction of causality. A causal relationship implies that a change in one variable (Age) precedes and leads to a change in another variable (Fear_avoidance).
Step 2: We need to consider whether Age can directly or indirectly influence Fear_avoidance. Age is a demographic variable that can affect various aspects of a person's life, including physical capabilities, health status, and life experiences. Fear_avoidance, on the other hand, is a psychological construct that reflects a patient's beliefs and behaviors related to physical activity and work.
Step 3: One possible pathway for Age to influence Fear_avoidance is through physical changes associated with aging, such as decreased physical strength, flexibility, or endurance. As people age, they may become more aware of their physical limitations and develop fear-avoidant beliefs about physical activity and work.
Step 4: Another possible pathway is through life experiences and cumulative stress, which can also be influenced by Age. As people age, they may accumulate more life stressors, such as work-related stress, family responsibilities, or health problems, which can contribute to fear-avoidant beliefs.
Step 5: However, it's also possible that Fear_avoidance can influence Age, for example, through decreased physical activity and social isolation, which can accelerate aging and lead to further physical decline.
Step 6: Considering these potential bidirectional relationships, it's challenging to establish a clear causal link between Age and Fear_avoidance. However, if we focus on the question of whether Age can influence Fear_avoidance, we can argue that there is a plausible pathway for Age to affect Fear_avoidance through physical changes and life experiences associated with aging.
Step 7: Therefore, based on the available information and considering the potential pathways for Age to influence Fear_avoidance, we can conclude that there is a causal relationship where a change in Age can precede and lead to a change in Fear_avoidance.
Step 8: However, it's essential to note that this relationship may be bidirectional, and Fear_avoidance can also influence Age. Nevertheless, the question asks for a directional causal link, and based on the available information, we can argue that Age can influence Fear_avoidance.
Step 9: Therefore, the final answer to the question is: TRUE.

Conclusion: Yes",True
7,Age,Financial_level,True,"Reasoning Process:
Step 1: To determine the plausibility of a causal relationship between Age and Financial_level, we need to consider the potential mechanisms by which age could influence financial level.
Step 2: One possible mechanism is that as people age, they may experience declining physical health, which can lead to reduced productivity and earning potential, thereby affecting their financial level.
Step 3: Another possible mechanism is that older individuals may have had more time to accumulate wealth, but this is not necessarily a causal relationship, as it could be the result of other factors such as education, career choices, and financial decisions made earlier in life.
Step 4: Additionally, age can also be associated with increased healthcare expenses, which can further impact financial level.
Step 5: Furthermore, age can also be related to social and cultural factors, such as retirement, which can affect financial level.
Step 6: Considering these potential mechanisms, it is plausible that Age may have a causal relationship with Financial_level, either directly or through one or more intermediate variables.

Conclusion: Yes",True,"Reasoning Process:
Step 1: To determine if there is an association between Age and Financial_level, we need to consider the definition of association in the context of statistics. Association refers to any statistical dependency between two variables, regardless of strength or directionality.
Step 2: Given the definitions of Age and Financial_level, we can infer that Age is a demographic variable that can be influenced by various factors, including socioeconomic status, which is often proxied by Financial_level. This suggests that there may be a relationship between the two variables.
Step 3: However, the directionality of the relationship is not specified. It is possible that older individuals may have a higher financial level due to accumulated wealth, or that individuals with a higher financial level may be more likely to invest in health-promoting behaviors that increase their lifespan.
Step 4: Regardless of the directionality, the fact that Age and Financial_level are related to each other through a common underlying factor (socioeconomic status) suggests that there is a statistical association between the two variables.
Step 5: Therefore, based on the definitions of the variables and the concept of association in statistics, we can conclude that there is an association between Age and Financial_level.

Conclusion: Yes",False,"Reasoning Process:
Step 1: To determine if there is a causal relationship between Age and Financial_level, we need to consider the direction of causality. A causal relationship implies that a change in one variable (Age) precedes and leads to a change in another variable (Financial_level).
Step 2: We will examine if Age can directly or indirectly influence Financial_level through one or more intermediate variables.
Step 3: One possible direction of causality is that as Age increases, Financial_level may decrease due to factors such as decreased productivity, increased healthcare expenses, or reduced earning capacity. This suggests a potential causal relationship.
Step 4: However, it's also possible that Financial_level could influence Age, for example, through access to healthcare and nutrition, which can impact life expectancy. This would suggest a reverse causal relationship.
Step 5: Another consideration is that there may be confounding variables, such as education level, occupation, or family background, that could influence both Age and Financial_level, potentially creating a spurious correlation.
Step 6: Considering these possibilities, it's clear that the relationship between Age and Financial_level is complex and bidirectional, with multiple potential pathways of influence.
Step 7: However, the question asks for a directional causal link, where Age precedes and leads to a change in Financial_level. Given the complexity of the relationship, it's challenging to assert a definitive causal link in one direction.
Step 8: In the absence of a clear, direct causal link and considering the bidirectional nature of the relationship, it's reasonable to conclude that there is no clear causal relationship where Age directly or indirectly precedes and leads to a change in Financial_level.

Conclusion: No",True
8,Age,Obesity,True,"Reasoning Process:
Step 1: Understanding the question: The question asks about the plausibility of a causal relationship between Age and Obesity, considering direct or indirect relationships through intermediate variables.
Step 2: Considering the definition of Obesity: Obesity is typically defined by a Body Mass Index (BMI) of 30 or higher, which is a ratio of weight to height. This suggests a relationship between weight and BMI, but not directly with Age.
Step 3: Exploring the relationship between Age and Obesity: As people age, their muscle mass and metabolism often decrease, which can lead to weight gain and increased BMI. This is a well-documented phenomenon in the field of gerontology and endocrinology.
Step 4: Considering potential intermediate variables: Other factors such as lifestyle changes, hormonal changes, and decreased physical activity with age may also contribute to the relationship between Age and Obesity.
Step 5: Evaluating the plausibility: Given the biological and physiological changes that occur with aging, it is plausible that Age has a causal relationship with Obesity, either directly or through intermediate variables.

Conclusion: Yes",True,"Reasoning Process:
Step 1: Understanding the concept of association: An association refers to any statistical dependency between two variables, regardless of strength or directionality. This means that if knowing the value of one variable provides information about the other, they are said to be associated.
Step 2: Considering the definitions of the variables: Age is defined as the age of the patient, and Obesity is defined as BMI or being overweight, which is associated with weight or BMI. This suggests a potential relationship between the two variables.
Step 3: Analyzing the relationship between Age and Obesity: As individuals age, their weight and BMI often increase due to various factors such as muscle mass loss, hormonal changes, and decreased physical activity. This natural progression suggests a positive association between Age and Obesity.
Step 4: Considering the directionality of the association: The association between Age and Obesity is not bidirectional. Knowing a person's age does not necessarily determine their obesity status, but knowing a person's obesity status can provide information about their age.
Step 5: Evaluating the strength of the association: The association between Age and Obesity is generally considered to be moderate to strong, as older adults are more likely to experience weight gain and obesity due to various age-related factors.
Step 6: Conclusion: Based on the analysis, there is a statistical association between Age and Obesity, as knowing a person's age can provide information about their likelihood of being obese.
Step 7: Final Conclusion: The association between Age and Obesity is indeed present, and it is a well-established relationship in the field of medicine and public health.
Step 8: Final Answer: True

Conclusion: Yes",True,"Reasoning Process:
Step 1: To determine if there is a causal relationship between Age and Obesity, we need to consider the direction of causality. A causal relationship implies that a change in one variable (Age) precedes and leads to a change in another variable (Obesity).
Step 2: We know that as people age, their weight and body mass index (BMI) often increase due to various factors such as muscle loss, decreased metabolism, and changes in lifestyle. This suggests a potential temporal relationship between Age and Obesity.
Step 3: However, to establish a causal relationship, we need to consider whether Age is a direct or indirect cause of Obesity. While Age may be associated with Obesity, it is unlikely to be the direct cause. Instead, Age may be a proxy for other factors that contribute to Obesity, such as lifestyle changes, genetics, or underlying health conditions.
Step 4: Research has shown that factors such as diet, physical activity, and genetics play a significant role in the development of Obesity. These factors can be influenced by Age, but they are not direct consequences of Age itself.
Step 5: Therefore, while there is a temporal relationship between Age and Obesity, it is not a direct causal relationship. Age is more likely to be an indirect cause of Obesity through its association with other factors that contribute to weight gain and increased BMI.
Step 6: In conclusion, based on the understanding of the relationship between Age and Obesity, we can say that there is a causal relationship, but it is indirect. Age precedes and influences Obesity through one or more intermediate variables.

Conclusion: Yes",True
9,Age,PEG,True,"Reasoning Process:
Step 1: Understanding the variables: Age and PEG score. Age is a demographic variable that can influence various health outcomes, while PEG score is an index measuring pain interference and pain intensity due to chronic low back pain.
Step 2: Considering the relationship between Age and PEG score. As individuals age, they are more likely to experience wear and tear on their joints and muscles, which can lead to chronic low back pain.
Step 3: Exploring potential intermediate variables. Age can influence PEG score through various intermediate variables, such as physical activity level, lifestyle factors, and comorbidities, which can contribute to the development and severity of chronic low back pain.
Step 4: Evaluating the biological plausibility of the relationship. It is biologically plausible that Age can influence PEG score, as the natural aging process can lead to physical changes that contribute to chronic low back pain.
Step 5: Considering the theoretical and scientific basis. There is a substantial body of research supporting the relationship between Age and chronic low back pain, including studies on the effects of aging on musculoskeletal health and the development of degenerative conditions.
Step 6: Conclusion: Based on the understanding of the variables, the relationship between Age and PEG score, and the potential intermediate variables, it is plausible that Age may have a causal relationship with PEG score, either directly or through one or more intermediate variables.
Step 7: Conclusion: TRUE

Conclusion: Yes",True,"Reasoning Process:
Step 1: To determine if there is an association between Age and PEG, we need to consider the nature of the variables. Age is a demographic variable that can be measured in years, while PEG score is a quantitative index measuring pain interference and pain intensity due to chronic low back pain.
Step 2: Given that Age is a demographic variable and PEG score is a quantitative index, it is plausible that there could be a statistical association between the two variables. For instance, older adults may experience more chronic low back pain, which could be reflected in a higher PEG score.
Step 3: However, the direction and strength of the association between Age and PEG score are not specified. It is possible that younger individuals may experience more severe chronic low back pain, or that the relationship is non-linear.
Step 4: Despite the uncertainty in the direction and strength of the association, the fact remains that knowledge of a patient's Age could potentially provide information about their PEG score, and vice versa. This is the definition of an association in statistics.
Step 5: Therefore, based on the definition of association in statistics, it is reasonable to conclude that there is an association between Age and PEG score.
Step 6: This association may be due to various factors, such as the natural aging process, lifestyle changes, or underlying health conditions that affect both Age and PEG score.
Step 7: In conclusion, the association between Age and PEG score is a statistical dependency between the two variables, regardless of the strength or directionality.
Step 8: Therefore, the answer to the question is: True.

Conclusion: Yes",True,"Reasoning Process:
Step 1: To determine if there is a causal relationship between Age and PEG, we need to consider the definition of PEG and its relationship with Age. PEG is an index measuring pain interference and pain intensity due to chronic low back pain.
Step 2: As Age increases, the likelihood of developing chronic low back pain also increases. This is because the wear and tear on the spine increases with age, leading to a higher risk of degenerative changes and pain.
Step 3: Furthermore, as people age, their physical activity levels may decrease, which can exacerbate chronic low back pain. Additionally, age-related changes in the body, such as decreased muscle mass and bone density, can also contribute to increased pain.
Step 4: Therefore, it is reasonable to infer that as Age increases, PEG scores may also increase due to the increased risk of chronic low back pain and its associated factors.
Step 5: This suggests a directional causal link between Age and PEG, where a change in Age precedes and leads to a change in PEG.

Conclusion: Yes",True
10,Age,Sleep disturbance,True,"Reasoning Process:
Step 1: To determine the plausibility of a causal relationship between Age and Sleep disturbance, we need to consider the biological and theoretical aspects of both variables.
Step 2: Age is a well-established risk factor for various health conditions that can impact sleep quality, such as chronic pain, arthritis, and sleep apnea. This suggests a potential indirect relationship between Age and Sleep disturbance.
Step 3: Additionally, as people age, their sleep patterns can change due to natural aging processes, such as decreased melatonin production, reduced sleep efficiency, and increased sleep fragmentation. This indicates a direct relationship between Age and Sleep disturbance.
Step 4: Furthermore, age-related changes in lifestyle, such as retirement, loss of a spouse, or decreased physical activity, can also contribute to sleep disturbances. This suggests that Age may have a causal relationship with Sleep disturbance through intermediate variables.
Step 5: Considering these factors, it is plausible that Age may have a causal relationship with Sleep disturbance, either directly or through one or more intermediate variables.

Conclusion: Yes",True,"Reasoning Process:
Step 1: To determine if there is an association between Age and Sleep disturbance, we need to consider the nature of the variables and their potential relationship.
Step 2: Age is a continuous variable that represents a patient's age, which can be measured and quantified. It is a characteristic of the patient that can be influenced by various factors such as genetics, lifestyle, and environment.
Step 3: Sleep disturbance, on the other hand, is a self-reported measure of sleep quality, which can be influenced by various factors such as age, health status, and lifestyle. It is a subjective measure that can be affected by individual perceptions and experiences.
Step 4: Given that age is a potential influencing factor on sleep quality, it is plausible that there is a relationship between the two variables. As people age, their sleep patterns can change, and they may experience more sleep disturbances due to various age-related health issues.
Step 5: Furthermore, research has shown that sleep disturbances are more common among older adults, suggesting a potential association between age and sleep disturbance.
Step 6: Therefore, based on the nature of the variables and existing research, it is reasonable to conclude that there is an association between Age and Sleep disturbance.

Conclusion: Yes",True,"Reasoning Process:
Step 1: To determine if there is a causal relationship between Age and Sleep disturbance, we need to consider the direction of causality. A causal relationship implies that a change in one variable (Age) precedes and leads to a change in another variable (Sleep disturbance).
Step 2: We know that as people age, their physical and physiological changes can affect their sleep patterns. For example, older adults may experience age-related changes in their sleep-wake cycle, such as reduced deep sleep and increased sleep fragmentation.
Step 3: Additionally, age-related health conditions, such as chronic pain, arthritis, or dementia, can also disrupt sleep patterns and contribute to sleep disturbances.
Step 4: Furthermore, lifestyle changes that often accompany aging, such as retirement, loss of a spouse, or decreased physical activity, can also impact sleep quality.
Step 5: Considering these factors, it is reasonable to conclude that Age can influence Sleep disturbance through various intermediate variables, such as physical and physiological changes, age-related health conditions, and lifestyle changes.
Step 6: Therefore, the relationship between Age and Sleep disturbance is not merely correlational but rather causal, with Age preceding and influencing Sleep disturbance.

Conclusion: Yes",True
11,Age,Smoking,True,"Reasoning Process:
Step 1: To determine if there is a plausible causal relationship between Age and Smoking, we need to consider the biological and theoretical aspects of both variables.
Step 2: Age is a variable that can influence various physiological processes in the body, such as physical development, organ function, and disease susceptibility.
Step 3: Smoking is a behavior that can have a significant impact on the body, including the development of chronic diseases such as cardiovascular disease, respiratory disease, and cancer.
Step 4: There is a well-established scientific understanding that smoking can lead to premature aging and increased risk of age-related diseases, such as age-related macular degeneration, osteoporosis, and cardiovascular disease.
Step 5: Furthermore, the effects of smoking can accumulate over time, leading to a potential increase in the risk of age-related health problems as a person gets older.
Step 6: Additionally, there is evidence to suggest that smoking can affect the body's natural aging process, potentially leading to accelerated aging and related health issues.
Step 7: Considering these points, it is plausible that Age may have a causal relationship with Smoking, either directly or through one or more intermediate variables.

Conclusion: Yes",True,"Reasoning Process:
Step 1: To determine if there is an association between Age and Smoking, we need to consider whether knowledge of one variable provides information about the other. In this case, Age and Smoking are two distinct variables that can be measured or observed.
Step 2: Age is a variable that can be measured in years and is a characteristic of an individual. Smoking, on the other hand, is a behavior or habit that can be observed or reported by the individual. These two variables are not inherently linked in a cause-and-effect manner.
Step 3: However, research has shown that there is a statistical association between Age and Smoking. As people get older, the likelihood of smoking increases, and the duration of smoking also tends to increase with age. This is because younger individuals are more likely to start smoking, and as they age, they continue to smoke.
Step 4: Additionally, studies have found that older individuals are more likely to have a longer smoking history, which can lead to a higher risk of smoking-related health problems. This association is not necessarily causal, but it does indicate a statistical dependency between the two variables.
Step 5: Therefore, based on the available evidence, there is a statistical association between Age and Smoking, as knowledge of one variable (Age) can provide information about the other (Smoking).
Step 6: This association is not necessarily causal, but it does indicate a statistical dependency between the two variables.
Step 7: In conclusion, the association between Age and Smoking is supported by research and observational data, indicating that there is a statistical association between the two variables.
Step 8: Therefore, the final answer to the question is: True.

Conclusion: Yes",False,"Reasoning Process:
Step 1: To determine if there is a causal relationship between Age and Smoking, we need to consider the direction of causality. A causal relationship implies that a change in one variable (Age) precedes and leads to a change in another variable (Smoking).
Step 2: We know that Age is a variable that can change over time, and it is a characteristic of an individual. Smoking, on the other hand, is a behavior that can also change over time.
Step 3: Considering the definition of Smoking, it is a behavior that is typically acquired over time, often during adolescence or young adulthood. This suggests that Smoking is a behavior that can be influenced by various factors, including Age.
Step 4: However, the direction of causality is not as clear-cut. While it is true that older individuals are more likely to have a longer history of smoking, it is also possible that younger individuals may start smoking earlier in life, leading to a longer smoking history by the time they reach an older age.
Step 5: Furthermore, there are many other factors that can influence the development of smoking behavior, such as peer pressure, family history, and access to tobacco products. These factors can interact with Age in complex ways, making it difficult to establish a direct causal link between the two variables.
Step 6: In conclusion, while there may be a correlation between Age and Smoking, the direction of causality is not clear, and there are many intermediate variables that can influence the relationship between the two. Therefore, it is not possible to establish a causal relationship where a change in Age directly leads to a change in Smoking.

Conclusion: No",True
12,Alcohol,Anxiety,True,"Reasoning Process:
Step 1: Understanding the definitions of the variables involved: Alcohol and Anxiety. Alcohol consumption is a well-documented risk factor for various health issues, including mental health conditions. Anxiety is a complex condition characterized by fear, anxious misery, hyperarousal, and somatic symptoms.
Step 2: Considering the biological effects of alcohol on the brain and body. Alcohol is a central nervous system depressant that can alter neurotransmitter levels, including serotonin and GABA, which are involved in mood regulation. Chronic alcohol consumption can lead to changes in brain chemistry, potentially contributing to anxiety symptoms.
Step 3: Examining the relationship between alcohol and anxiety through existing research. Studies have shown that heavy drinking is associated with increased symptoms of anxiety, and that individuals with anxiety disorders are more likely to experience problems with alcohol use. This suggests a potential bidirectional relationship between the two variables.
Step 4: Considering potential intermediate variables that may mediate the relationship between alcohol and anxiety. For example, sleep disturbances, social isolation, and other comorbid mental health conditions may contribute to the development of anxiety in individuals who consume alcohol.
Step 5: Evaluating the plausibility of a causal relationship based on the existing knowledge. Given the biological effects of alcohol on the brain and body, the association between heavy drinking and anxiety symptoms, and the potential for intermediate variables to mediate this relationship, it is plausible that alcohol may have a causal relationship with anxiety.
Step 6: Conclusion: Based on the existing knowledge and the analysis of the relationship between alcohol and anxiety, it is plausible that alcohol may have a causal relationship with anxiety, either directly or through one or more intermediate variables.
Step 7: Conclusion: TRUE

Conclusion: Yes",True,"Reasoning Process:
Step 1: To determine if there is an association between Alcohol and Anxiety, we need to consider the potential relationship between alcohol consumption and anxiety symptoms. Alcohol consumption can have various effects on the body and mind, including altering mood, reducing anxiety in the short-term, but potentially exacerbating anxiety in the long-term or in excessive amounts.
Step 2: Research has shown that chronic and excessive alcohol consumption is linked to an increased risk of developing anxiety disorders, such as generalized anxiety disorder, panic disorder, and social anxiety disorder. This suggests a potential positive association between alcohol consumption and anxiety.
Step 3: Additionally, studies have also found that individuals with anxiety disorders are more likely to engage in heavy drinking or substance use as a coping mechanism, which can further perpetuate the cycle of anxiety and alcohol consumption.
Step 4: Furthermore, the PROMIS anxiety scale, which measures anxiety symptoms, has been used in research to assess the relationship between alcohol consumption and anxiety. This scale focuses on various aspects of anxiety, including fear, anxious misery, hyperarousal, and somatic symptoms related to arousal.
Step 5: Considering the evidence from research and the potential mechanisms by which alcohol consumption can impact anxiety, it is reasonable to conclude that there is an association between alcohol consumption and anxiety.

Conclusion: Yes",True,"Reasoning Process:
Step 1: To determine if there is a causal relationship between Alcohol and Anxiety, we need to consider the definition of both variables. Alcohol refers to alcohol consumption, which is a behavior or action, while Anxiety refers to a psychological state characterized by fear, worry, and somatic symptoms.
Step 2: A causal relationship typically involves a cause (the independent variable) that precedes and influences an effect (the dependent variable). In this case, we need to examine if a change in Alcohol consumption precedes and leads to a change in Anxiety levels.
Step 3: Research has shown that excessive alcohol consumption can lead to increased anxiety levels in some individuals. This is often referred to as a 'self-medication' effect, where people may drink to cope with anxiety, but ultimately exacerbate the problem.
Step 4: However, it's also possible that anxiety can lead to increased alcohol consumption, creating a bidirectional relationship. This is often referred to as a 'vicious cycle' or 'self-reinforcing loop'.
Step 5: Furthermore, there may be intermediate variables that mediate the relationship between Alcohol and Anxiety, such as sleep disturbances, social isolation, or other mental health conditions.
Step 6: Considering these complexities, it's essential to acknowledge that the relationship between Alcohol and Anxiety is bidirectional and influenced by multiple factors. However, for the purpose of this question, we are looking for a directional causal link where Alcohol precedes and leads to Anxiety.
Step 7: While there is evidence to suggest that excessive alcohol consumption can contribute to increased anxiety levels, it's not a straightforward causal relationship. The relationship is influenced by various factors and can be bidirectional.
Step 8: However, for the sake of this question, we will consider the evidence that excessive alcohol consumption can lead to increased anxiety levels, and conclude that there is a causal relationship where a change in Alcohol precedes and leads to a change in Anxiety.

Conclusion: Yes",False
13,Alcohol,CCI,True,"Reasoning Process:
Step 1: Understanding the definitions of the variables: Alcohol and CCI. Alcohol refers to the number of drinks per week, while CCI is a comorbidity index that measures the number of comorbidities.
Step 2: Considering the potential biological and scientific mechanisms through which alcohol consumption could influence comorbidities. For instance, excessive alcohol consumption is known to have negative effects on various bodily systems, including the cardiovascular, liver, and nervous systems.
Step 3: Alcohol consumption has been linked to an increased risk of various comorbidities, such as liver disease, cardiovascular disease, and certain types of cancer. This suggests a potential direct relationship between alcohol consumption and CCI.
Step 4: Additionally, alcohol consumption can also lead to malnutrition, which may exacerbate the development of comorbidities. This provides a potential intermediate variable through which alcohol consumption could influence CCI.
Step 5: Furthermore, chronic pain is often associated with comorbidities, and alcohol consumption can exacerbate chronic pain. This creates a potential indirect relationship between alcohol consumption and CCI through chronic pain.
Step 6: Considering the existing body of research on the topic, it is plausible that alcohol consumption has a causal relationship with CCI, either directly or through one or more intermediate variables.
Step 7: Based on the reasoning above, it is plausible that alcohol consumption has a causal relationship with CCI.
Step 8: Therefore, the answer to the question is TRUE.

Conclusion: Yes",True,"Reasoning Process:
Step 1: To determine if there is an association between Alcohol and CCI, we need to consider the definition of association in the context of statistics. Association refers to any statistical dependency between two variables, regardless of strength or directionality.
Step 2: We need to consider whether knowledge of the value of one variable (Alcohol) gives information about the value of the other variable (CCI).
Step 3: Alcohol consumption (Variable 1) can be influenced by various factors such as genetics, environment, and lifestyle, which can also impact the development of comorbidities (CCI).
Step 4: Comorbidities (CCI) can also be influenced by various factors such as genetics, environment, and lifestyle, which can also impact alcohol consumption (Alcohol).
Step 5: Given that both variables (Alcohol and CCI) can be influenced by common factors (genetics, environment, and lifestyle), it is reasonable to assume that there is a statistical association between the two variables.
Step 6: This association may not be causal, but rather a correlation due to shared underlying factors. However, the presence of an association is sufficient to answer the question.

Conclusion: Yes",False,"Reasoning Process:
Step 1: To determine if there is a causal relationship between Alcohol and CCI, we need to consider the definition of both variables. Alcohol refers to alcohol consumption, which is a behavior or lifestyle factor, while CCI is a comorbidity index that measures the number of comorbidities. A comorbidity is a medical condition that occurs alongside a primary condition.
Step 2: Given the definitions, we can infer that alcohol consumption (Alcohol) may influence health outcomes, which in turn could lead to the development of comorbidities. This suggests a potential causal relationship between Alcohol and CCI, but we need to consider the direction of causality.
Step 3: To establish a causal relationship, we need to determine if a change in Alcohol precedes and leads to a change in CCI. This requires considering the temporal relationship between the two variables. If changes in alcohol consumption occur before changes in comorbidities, it could indicate a causal link.
Step 4: However, it's also possible that CCI could influence alcohol consumption, for example, if individuals with more comorbidities are more likely to drink alcohol as a coping mechanism. This would suggest a reverse causal relationship or a bidirectional relationship.
Step 5: Another consideration is the presence of intermediate variables that could mediate the relationship between Alcohol and CCI. For example, alcohol consumption could lead to changes in health behaviors, such as poor diet or lack of exercise, which in turn increase the risk of comorbidities.
Step 6: Considering these factors, we can conclude that there is a potential causal relationship between Alcohol and CCI, but it is not a straightforward causal link. The relationship is likely to be complex and influenced by multiple factors, including intermediate variables.

Conclusion: No",True
14,Alcohol,Catastrophizing,True,"Reasoning Process:
Step 1: Understanding the definitions of the variables involved: Alcohol and Catastrophizing. Alcohol consumption is a behavior, while Catastrophizing is a cognitive process related to pain perception.
Step 2: Considering the potential relationship between Alcohol and Catastrophizing, it is essential to examine the existing literature and research findings. There is evidence suggesting that excessive alcohol consumption can lead to changes in brain chemistry and function, particularly in regions involved in emotional regulation and pain processing.
Step 3: Research has shown that chronic alcohol consumption can lead to increased activity in areas of the brain associated with stress, anxiety, and emotional reactivity, which may contribute to the development of catastrophizing thoughts and behaviors.
Step 4: Additionally, alcohol can also affect sleep quality, which is a known risk factor for the development of chronic pain and catastrophizing. Poor sleep can lead to increased pain sensitivity, fatigue, and decreased emotional regulation, all of which can contribute to catastrophizing.
Step 5: Furthermore, alcohol can also lead to social isolation, which is a known risk factor for the development of catastrophizing. Social isolation can lead to decreased social support, increased stress, and decreased emotional regulation, all of which can contribute to catastrophizing.
Step 6: Considering these potential mechanisms, it is plausible that alcohol consumption may have a causal relationship with catastrophizing, either directly or through one or more intermediate variables such as changes in brain chemistry, sleep quality, and social isolation.

Conclusion: Yes",True,"Reasoning Process:
Step 1: To determine if there is an association between Alcohol and Catastrophizing, we need to consider the definitions of both variables and their potential relationship.
Step 2: Alcohol consumption (Variable 1) can have various effects on an individual's behavior, mood, and cognitive processes. It can influence an individual's perception of pain and potentially exacerbate or alleviate it.
Step 3: Pain catastrophizing (Variable 2) is a cognitive process that involves the tendency to magnify the threat value of a pain stimulus and feel helpless in its presence. This process can be influenced by various factors, including psychological and emotional states.
Step 4: Considering the definitions of both variables, it is plausible that alcohol consumption could influence pain catastrophizing. For instance, alcohol may alter an individual's perception of pain, leading to increased catastrophizing. Alternatively, chronic pain and catastrophizing may lead to increased alcohol consumption as a coping mechanism.
Step 5: However, the question asks for an association between the two variables, regardless of directionality or strength. Therefore, we must consider if there is any statistical dependency between the two variables, even if it is not necessarily causal.
Step 6: Research has shown that there is a complex relationship between alcohol consumption and pain, including pain catastrophizing. Studies have found that individuals with chronic pain and high levels of catastrophizing may be more likely to engage in excessive alcohol consumption as a coping mechanism, and that alcohol consumption can exacerbate pain and catastrophizing.
Step 7: Furthermore, some studies have found that pain catastrophizing can predict increased alcohol consumption, and that alcohol consumption can predict increased pain catastrophizing. This bidirectional relationship suggests a statistical association between the two variables.
Step 8: Therefore, based on the definitions of the variables and the existing research, it is reasonable to conclude that there is an association between Alcohol and Catastrophizing.

Conclusion: Yes",False,"Reasoning Process:
Step 1: To determine if there is a causal relationship between Alcohol and Catastrophizing, we need to consider the definitions of both variables and their potential interactions.
Step 2: Alcohol consumption (Variable 1) is a behavior that can have various effects on an individual's physical and mental health. It can influence mood, cognitive function, and emotional regulation.
Step 3: Pain catastrophizing (Variable 2) is a psychological construct that involves the tendency to magnify the threat value of a pain stimulus and feel helpless in its presence. It is a cognitive and emotional response to pain.
Step 4: There is evidence to suggest that alcohol consumption can lead to changes in cognitive function, including impaired decision-making, memory, and emotional regulation. These changes can potentially influence an individual's perception of pain and their response to it.
Step 5: However, the relationship between alcohol consumption and pain catastrophizing is complex and bidirectional. While alcohol may influence catastrophizing, catastrophizing can also influence alcohol consumption. For example, individuals who catastrophize about their pain may be more likely to use alcohol as a coping mechanism.
Step 6: Considering the bidirectional relationship between alcohol consumption and pain catastrophizing, it is challenging to establish a clear causal link where alcohol temporally precedes and influences catastrophizing.
Step 7: However, some studies suggest that heavy and chronic alcohol consumption can lead to changes in brain regions involved in pain processing and emotional regulation, which may contribute to the development of pain catastrophizing.
Step 8: While there is some evidence to suggest that alcohol consumption can influence catastrophizing, the relationship is not straightforward and is likely influenced by multiple factors, including individual differences, coping mechanisms, and the context in which alcohol is consumed.
Step 9: Given the complexity of the relationship between alcohol consumption and pain catastrophizing, it is difficult to conclude that a change in alcohol consumption directly or indirectly leads to a change in catastrophizing in a way that is consistent with a directional causal link.

Conclusion: No",False
15,Alcohol,Depression,True,"Reasoning Process:
Step 1: Understanding the variables: Alcohol and Depression. Alcohol is defined as the number of drinks per week, and Depression is defined as the affective and cognitive manifestations of depression as measured by PROMIS.
Step 2: Considering the biological and scientific knowledge, there is a well-established relationship between alcohol consumption and depression. Alcohol is a central nervous system depressant, and chronic consumption can lead to changes in brain chemistry and function, which may contribute to the development of depressive symptoms.
Step 3: Additionally, research has shown that individuals with depression are more likely to engage in excessive alcohol consumption as a coping mechanism, creating a potential bidirectional relationship between the two variables.
Step 4: Furthermore, there are several intermediate variables that may mediate the relationship between alcohol consumption and depression, such as sleep disturbances, social isolation, and cognitive impairment, which are all common consequences of excessive alcohol use.
Step 5: Considering the existing knowledge and research, it is plausible that alcohol consumption may have a causal relationship with depression, either directly or through one or more intermediate variables.

Conclusion: Yes",True,"Reasoning Process:
Step 1: Understanding the definitions of the variables: Alcohol and Depression. Alcohol refers to the number of drinks consumed per week, while Depression is measured by the PROMIS depression scale, which assesses affective and cognitive manifestations of depression.
Step 2: Considering the potential relationship between Alcohol consumption and Depression. Research has shown that excessive alcohol consumption can contribute to the development of depression, and conversely, individuals with depression may be more likely to engage in excessive drinking as a coping mechanism.
Step 3: Evaluating the directionality of the association. While the relationship between Alcohol and Depression can be bidirectional, there is a well-established body of evidence indicating that excessive alcohol consumption is a risk factor for depression, and depression can also increase the likelihood of alcohol misuse.
Step 4: Considering the statistical dependency between the two variables. Given the established research and clinical evidence, there is a statistical association between Alcohol and Depression, as knowledge of the value of one variable (Alcohol consumption) can provide information about the other (Depression).

Conclusion: Yes",True,"Reasoning Process:
Step 1: To determine if there is a causal relationship between Alcohol and Depression, we need to consider the definition of causality. A causal relationship exists when one variable (the cause) precedes and influences another variable (the effect) in a way that is consistent with a directional link.
Step 2: We are given that Alcohol is defined as the number of drinks per week and Depression is defined as the affective and cognitive manifestations of depression, as measured by the PROMIS depression scale.
Step 3: Research has shown that excessive alcohol consumption can lead to changes in brain chemistry and function, which can contribute to the development of depression. This suggests that there may be a causal relationship between Alcohol and Depression.
Step 4: However, it's also possible that depression can lead to changes in drinking behavior, such as increased alcohol consumption as a coping mechanism. This would suggest a bidirectional relationship rather than a causal one.
Step 5: Additionally, there may be other intermediate variables, such as stress, anxiety, or social isolation, that can influence both alcohol consumption and depression, potentially confounding the relationship between the two.
Step 6: To establish a causal relationship, we would need to demonstrate that changes in Alcohol precede and lead to changes in Depression, and that this relationship is not confounded by other variables.
Step 7: While there is evidence to suggest a potential causal relationship between Alcohol and Depression, it is not a straightforward or direct relationship. There are likely multiple factors at play, and the relationship may be bidirectional or influenced by other variables.
Step 8: Therefore, while there is some evidence to suggest a causal relationship, it is not a definitive or direct causal relationship. However, for the purpose of this question, we will consider the presence of a potential causal relationship.

Conclusion: Yes",False
16,Alcohol,Education,True,"Reasoning Process:
Step 1: To determine if there is a plausible causal relationship between Alcohol and Education, we need to consider the potential mechanisms by which alcohol consumption could influence educational attainment or vice versa.
Step 2: One possible mechanism is that alcohol consumption could negatively impact cognitive function, memory, and decision-making skills, potentially leading to lower academic performance and reduced educational attainment.
Step 3: Another possible mechanism is that individuals with lower educational attainment may be more likely to engage in heavy drinking due to various socio-economic factors, such as stress, lack of job opportunities, or lower socioeconomic status.
Step 4: Additionally, there may be a third variable, such as socioeconomic status, that influences both alcohol consumption and educational attainment, potentially creating a spurious relationship between the two variables.
Step 5: Considering these potential mechanisms, it is plausible that alcohol consumption could have a causal relationship with education, either directly or through one or more intermediate variables.

Conclusion: Yes",True,"Reasoning Process:
Step 1: To determine if there is an association between Alcohol and Education, we need to consider whether knowledge of the value of one variable provides information about the other.
Step 2: Alcohol consumption (Variable 1) can be influenced by various factors such as age, socioeconomic status, and cultural background, which may also be related to Education (Variable 2).
Step 3: However, the direction of the relationship between Alcohol and Education is not specified, and the question only asks for the existence of an association, not the direction or strength of the relationship.
Step 4: Considering the complexity of the relationship between Alcohol and Education, and the fact that they are both influenced by multiple factors, it is plausible that there is an association between the two variables.
Step 5: For example, individuals with higher education levels may have different drinking habits compared to those with lower education levels, or vice versa.
Step 6: Therefore, it is reasonable to conclude that there is an association between Alcohol and Education, as knowledge of one variable can provide information about the other.

Conclusion: Yes",False,"Reasoning Process:
Step 1: To determine if there is a causal relationship between Alcohol and Education, we need to consider the direction of causality. A causal relationship implies that a change in one variable (Alcohol) precedes and leads to a change in another variable (Education).
Step 2: We need to examine if a change in Alcohol consumption (Variable 1) can influence Education (Variable 2) directly or through one or more intermediate variables.
Step 3: In general, education is typically considered a determinant of health behaviors, including alcohol consumption. This suggests that education may influence alcohol consumption rather than the other way around.
Step 4: However, there are some studies that suggest that heavy alcohol consumption can negatively impact cognitive function and academic performance, potentially leading to lower educational attainment.
Step 5: Considering these points, it is possible that there is a bidirectional relationship between Alcohol and Education, where education influences alcohol consumption, and heavy alcohol consumption can negatively impact education.
Step 6: However, the question asks for a directional causal link where Alcohol precedes and leads to a change in Education. Given the complexity of the relationship and the potential for bidirectionality, it is challenging to assert a clear causal link from Alcohol to Education.
Step 7: In the absence of strong evidence supporting a directional causal link from Alcohol to Education, and considering the potential for bidirectionality, we must conclude that the relationship between Alcohol and Education is not a straightforward causal one.

Conclusion: No",False
17,Alcohol,Fear_avoidance,True,"Reasoning Process:
Step 1: To determine if there is a plausible causal relationship between Alcohol and Fear_avoidance, we need to consider the potential biological, theoretical, or scientific mechanisms that could link these two variables.
Step 2: Alcohol consumption has been linked to various health outcomes, including cognitive impairment, motor function deficits, and emotional regulation difficulties. These effects could potentially influence an individual's fear avoidance behaviors, as they may become more anxious or fearful about engaging in physical activity or work due to their perceived limitations or vulnerabilities.
Step 3: Additionally, chronic alcohol consumption can lead to changes in brain chemistry and structure, particularly in regions involved in emotional processing and decision-making. This could further contribute to the development of fear avoidance behaviors, as individuals may become more prone to catastrophizing or overestimating the risks associated with physical activity or work.
Step 4: Furthermore, research has shown that individuals with chronic pain, including low back pain, often experience increased levels of anxiety and depression, which can contribute to fear avoidance behaviors. Alcohol consumption may exacerbate these mental health comorbidities, thereby indirectly influencing fear avoidance through its impact on mental health.
Step 5: While the relationship between Alcohol and Fear_avoidance is not as direct as other variables, it is plausible that alcohol consumption could contribute to the development or maintenance of fear avoidance behaviors through its effects on cognitive function, emotional regulation, and mental health.
Step 6: Therefore, based on the existing knowledge of the effects of alcohol consumption on cognitive function, emotional regulation, and mental health, it is plausible that Alcohol may have a causal relationship with Fear_avoidance, either directly or through one or more intermediate variables.
Step 7: This relationship is biologically, theoretically, and scientifically reasonable, as it is grounded in the known effects of alcohol on the brain and body, as well as the established links between chronic pain, anxiety, and depression.

Conclusion: Yes",True,"Reasoning Process:
Step 1: To determine if there is an association between Alcohol and Fear_avoidance, we need to consider the potential relationship between alcohol consumption and fear avoidance beliefs in patients with low back pain and resulting disability.
Step 2: Alcohol consumption (Variable 1) can have various effects on an individual's behavior, including their physical activity levels and work habits. For instance, excessive alcohol consumption may lead to decreased motivation to engage in physical activity or work-related tasks.
Step 3: Fear avoidance (Variable 2) is a patient-reported questionnaire that specifically focuses on how a patient's fear avoidance beliefs about physical activity and work may affect and contribute to their low back pain and resulting disability. This suggests that fear avoidance is closely related to an individual's behavior and decision-making processes regarding physical activity and work.
Step 4: Given the potential impact of alcohol consumption on an individual's behavior and decision-making processes, it is plausible that there could be a statistical association between alcohol consumption and fear avoidance. For example, individuals who consume more alcohol may be more likely to exhibit fear avoidance behaviors, such as avoiding physical activity or work-related tasks due to fear of exacerbating their low back pain.
Step 5: While the strength and direction of the association may vary, the potential relationship between alcohol consumption and fear avoidance suggests that there is indeed an association between the two variables.
Step 6: Therefore, based on the potential relationship between alcohol consumption and fear avoidance, the answer to the question is: True.

Conclusion: Yes",False,"Reasoning Process:
Step 1: To determine if there is a causal relationship between Alcohol and Fear_avoidance, we need to consider the potential mechanisms by which alcohol consumption could influence fear avoidance beliefs in patients with low back pain.
Step 2: One possible mechanism is that excessive alcohol consumption can lead to increased stress and anxiety, which in turn can exacerbate fear avoidance behaviors in individuals with low back pain.
Step 3: Another possible mechanism is that alcohol consumption can lead to decreased physical activity, which can contribute to increased fear avoidance behaviors as individuals may become more fearful of exacerbating their pain through physical activity.
Step 4: However, it's also possible that fear avoidance behaviors may lead to increased alcohol consumption as individuals may use alcohol as a coping mechanism to manage their pain and anxiety.
Step 5: To establish a causal relationship, we need to consider the direction of the relationship and whether there is a temporal relationship between the two variables.
Step 6: While there may be a correlation between alcohol consumption and fear avoidance behaviors, the relationship is likely bidirectional and reciprocal, rather than a straightforward causal relationship where alcohol consumption directly leads to fear avoidance.
Step 7: Therefore, based on the complexity of the relationship and the potential for bidirectional causality, it is unlikely that a change in Alcohol precedes and leads to a change in Fear_avoidance in a way consistent with a directional causal link.
Step 8: Conclusion: FALSE

Conclusion: No",False
18,Alcohol,Financial_level,True,"Reasoning Process:
Step 1: Understanding the variables: Alcohol and Financial_level. Alcohol is defined as the number of drinks per week, and Financial_level is a proxy for socioeconomic status.
Step 2: Considering the potential mechanisms by which Alcohol could influence Financial_level. One possible mechanism is that excessive alcohol consumption can lead to decreased productivity, absenteeism, and presenteeism, ultimately affecting an individual's income and financial situation.
Step 3: Another possible mechanism is that alcohol consumption can lead to increased healthcare costs, as excessive drinking can result in health problems such as liver disease, certain types of cancer, and other conditions that require medical treatment and potentially impact financial stability.
Step 4: Additionally, individuals with lower socioeconomic status may be more likely to engage in heavy drinking as a coping mechanism for stress, anxiety, or other mental health issues related to their financial situation, creating a potential bidirectional relationship between Alcohol and Financial_level.
Step 5: Considering the potential for confounding variables, such as education level, employment status, and access to healthcare, which can influence both alcohol consumption and financial situation, and may need to be accounted for in any analysis of the relationship between Alcohol and Financial_level.
Step 6: Given the potential mechanisms and bidirectional relationship, it is plausible that Alcohol may have a causal relationship with Financial_level, either directly or through one or more intermediate variables.
Step 7: Conclusion: Based on the potential mechanisms, bidirectional relationship, and the need to account for confounding variables, it is plausible that Alcohol may have a causal relationship with Financial_level.
Step 8: Conclusion: Therefore, the answer to the question is: TRUE

Conclusion: Yes",True,"Reasoning Process:
Step 1: To determine if there is an association between Alcohol and Financial_level, we need to consider the potential relationships between alcohol consumption and socioeconomic status.
Step 2: Alcohol consumption can be influenced by socioeconomic status, as individuals with higher incomes may have greater access to financial resources, enabling them to afford more alcohol. This could suggest a positive association between the two variables.
Step 3: On the other hand, individuals with lower socioeconomic status may experience stress, anxiety, or other factors that could lead to increased alcohol consumption as a coping mechanism. This could suggest a positive association between the two variables as well.
Step 4: However, it's also possible that there is no direct causal relationship between the two variables, and that other factors, such as cultural or social norms, may influence both alcohol consumption and socioeconomic status independently.
Step 5: Given these potential relationships, it's likely that there is an association between Alcohol and Financial_level, as knowledge of one variable could provide information about the other.

Conclusion: Yes",False,"Reasoning Process:
Step 1: To determine if there is a causal relationship between Alcohol and Financial_level, we need to consider the direction of causality. A causal relationship implies that a change in one variable (Alcohol) precedes and leads to a change in another variable (Financial_level).
Step 2: We need to examine if there is a plausible mechanism by which Alcohol consumption could influence Financial_level. This could be through direct effects (e.g., spending money on alcohol) or indirect effects (e.g., through health consequences of excessive drinking that impact employment or income).
Step 3: However, upon further consideration, it's unlikely that a change in Alcohol consumption would directly cause a change in Financial_level. While excessive drinking can lead to financial problems, it's not a straightforward causal link. Financial_level is more likely to influence Alcohol consumption, as individuals with lower financial means may be more likely to engage in heavy drinking as a coping mechanism.
Step 4: Additionally, there may be confounding variables that could influence both Alcohol and Financial_level, such as education level, employment status, or mental health, which could further complicate the relationship between the two variables.
Step 5: Considering these factors, it's unlikely that a change in Alcohol consumption would directly or indirectly lead to a change in Financial_level in a way that is consistent with a directional causal link.
Step 6: Therefore, based on the analysis, the answer to the question is: FALSE.

Conclusion: No",False
19,Alcohol,Obesity,True,"Reasoning Process:
Step 1: Understanding the definitions of the variables: Alcohol and Obesity. Alcohol refers to the consumption of alcohol in terms of the number of drinks per week, while Obesity is defined as BMI or being overweight, which can be described as weight or BMI associations.
Step 2: Considering the biological and scientific knowledge, there is evidence to suggest that alcohol consumption can have various effects on the body, including changes in metabolism, appetite regulation, and fat storage. For instance, alcohol can increase the levels of certain hormones that stimulate appetite, leading to increased food intake and potential weight gain.
Step 3: Additionally, research has shown that excessive alcohol consumption is associated with an increased risk of obesity, particularly in individuals who consume high amounts of alcohol regularly. This is because chronic alcohol consumption can lead to changes in the body's metabolism, making it more difficult to lose weight and maintain weight loss.
Step 4: Furthermore, there is evidence to suggest that alcohol can also affect the body's ability to regulate fat storage, leading to an accumulation of fat in the body, which is a key characteristic of obesity.
Step 5: Considering these points, it is plausible that alcohol may have a causal relationship with obesity, either directly or through one or more intermediate variables, such as changes in metabolism, appetite regulation, and fat storage.
Step 6: Therefore, based on the existing knowledge and scientific evidence, it is reasonable to conclude that there is a plausible causal relationship between alcohol consumption and obesity.
Step 7: This relationship can be represented as: Alcohol -> Obesity, where Alcohol is the potential cause and Obesity is the potential effect, with intermediate variables such as changes in metabolism, appetite regulation, and fat storage playing a role in the causal pathway.

Conclusion: Yes",True,"Reasoning Process:
Step 1: To determine if there is an association between Alcohol and Obesity, we need to consider the relationship between alcohol consumption and weight or BMI. Research has shown that excessive alcohol consumption is linked to various health issues, including weight gain and obesity.
Step 2: Alcohol consumption can lead to an increase in calorie intake, as alcoholic beverages are high in calories. This can result in weight gain and potentially lead to obesity if not balanced with a healthy diet and regular exercise.
Step 3: Studies have also found that individuals who consume excessive amounts of alcohol are more likely to engage in unhealthy behaviors, such as poor diet and lack of physical activity, which can contribute to weight gain and obesity.
Step 4: Additionally, some research suggests that alcohol can affect the body's ability to regulate hunger and fullness hormones, leading to increased appetite and food intake, which can contribute to weight gain and obesity.
Step 5: Furthermore, chronic heavy drinking can lead to liver disease, which can cause weight loss, but in the long term, it can also lead to weight gain and obesity due to the body's inability to metabolize fat properly.
Step 6: Considering these factors, there is evidence to suggest that there is a statistical association between alcohol consumption and obesity.
Step 7: Therefore, based on the available research and evidence, the answer to the question is that there is an association between Alcohol and Obesity.
Step 8: This association can be observed in various studies that have investigated the relationship between alcohol consumption and weight or BMI, and the majority of these studies have found a positive correlation between the two variables.

Conclusion: Yes",True,"Reasoning Process:
Step 1: To determine if there is a causal relationship between Alcohol and Obesity, we need to consider the definition of causality. A causal relationship exists if a change in one variable (Alcohol) precedes and leads to a change in another variable (Obesity).
Step 2: We will examine the temporal relationship between Alcohol consumption and Obesity. If Alcohol consumption increases, does it lead to an increase in Obesity, and vice versa?
Step 3: Research has shown that excessive alcohol consumption is associated with weight gain and obesity. This is because alcohol contains empty calories, which can lead to an increase in calorie intake and subsequent weight gain.
Step 4: Additionally, alcohol consumption can also lead to changes in behavior, such as reduced physical activity and increased snacking, which can further contribute to weight gain and obesity.
Step 5: Furthermore, chronic heavy drinking can lead to changes in the body's metabolism, making it more difficult to lose weight and maintain weight loss.
Step 6: Therefore, based on the available evidence, it appears that there is a causal relationship between Alcohol consumption and Obesity, where an increase in Alcohol consumption can lead to an increase in Obesity.

Conclusion: Yes",False
20,Alcohol,PEG,True,"Reasoning Process:
Step 1: To determine if there is a plausible causal relationship between Alcohol and PEG, we need to consider the biological and theoretical mechanisms by which alcohol consumption could influence chronic low back pain and its associated interference and intensity.
Step 2: Alcohol consumption has been linked to various health outcomes, including musculoskeletal disorders, which can contribute to chronic low back pain.
Step 3: Alcohol can also affect the nervous system, leading to inflammation, muscle weakness, and decreased pain tolerance, all of which could potentially exacerbate chronic low back pain.
Step 4: Additionally, alcohol consumption has been associated with poor sleep quality, which is a known risk factor for chronic pain, including low back pain.
Step 5: Furthermore, chronic alcohol consumption can lead to malnutrition, particularly deficiencies in vitamins and minerals essential for bone health, which may contribute to the development or exacerbation of low back pain.
Step 6: Considering these potential mechanisms, it is plausible that alcohol consumption could have a causal relationship with PEG, either directly or through one or more intermediate variables.

Conclusion: Yes",True,"Reasoning Process:
Step 1: To determine if there is an association between Alcohol and PEG, we need to consider whether there is a statistical dependency between the two variables, regardless of the strength or directionality of the relationship.
Step 2: Alcohol consumption (Variable 1) and PEG score (Variable 2) are two distinct variables with different measurement scales and units. Alcohol consumption is typically measured in the number of drinks per week, while PEG score is an index measuring pain interference and pain intensity due to chronic low back pain.
Step 3: Although the measurement scales and units of the two variables are different, it is still possible for them to be associated. For example, research has shown that individuals with chronic pain, such as those with high PEG scores, may be more likely to consume alcohol as a coping mechanism or to self-medicate their pain.
Step 4: Therefore, there is a plausible biological and psychological mechanism by which knowledge of the value of one variable (Alcohol) could provide information about the other variable (PEG), and vice versa.
Step 5: Given the potential for a biological and psychological mechanism linking the two variables, it is reasonable to conclude that there may be an association between Alcohol and PEG.

Conclusion: Yes",True,"Reasoning Process:
Step 1: To determine if there is a causal relationship between Alcohol and PEG, we need to consider the definition of causality. A causal relationship requires that the cause (Alcohol) precedes the effect (PEG) in time and that the cause is associated with the effect in a way that is consistent with a directional link.
Step 2: We need to examine the relationship between Alcohol and PEG to see if there is evidence that a change in Alcohol precedes and leads to a change in PEG. This requires considering the temporal relationship between the two variables.
Step 3: Alcohol consumption (Variable 1) is a behavior that can be influenced by various factors, including social, environmental, and psychological factors. It is a modifiable risk factor that can be changed through interventions such as counseling or therapy.
Step 4: PEG score (Variable 2) is a measure of pain interference and pain intensity due to chronic low back pain. It is a health outcome that can be influenced by various factors, including pain management strategies, physical activity, and mental health.
Step 5: There is evidence to suggest that excessive alcohol consumption can exacerbate chronic pain, including low back pain. Alcohol can interfere with pain management strategies and worsen pain intensity.
Step 6: Additionally, research has shown that reducing or abstaining from alcohol can lead to improved pain outcomes, including reduced pain intensity and improved function.
Step 7: Therefore, there is a temporal relationship between Alcohol and PEG, where a change in Alcohol consumption can precede and lead to a change in PEG score. This is consistent with a directional causal link.

Conclusion: Yes",True
21,Alcohol,Sleep disturbance,True,"Reasoning Process:
Step 1: Understanding the definitions of the variables: Alcohol and Sleep disturbance. Alcohol is defined as the number of drinks per week, while Sleep disturbance is a self-reported score on the general perception of sleep quality.
Step 2: Considering the biological effects of alcohol consumption on the body. Alcohol is a central nervous system depressant that can disrupt sleep patterns, reduce sleep quality, and decrease the depth of sleep.
Step 3: Exploring the potential mechanisms by which alcohol may affect sleep disturbance. This could include direct effects on the brain's sleep-regulating centers, disruption of the body's natural sleep-wake cycle, and increased symptoms of insomnia and daytime fatigue.
Step 4: Reviewing existing scientific literature on the relationship between alcohol consumption and sleep disturbance. Studies have consistently shown a positive correlation between alcohol consumption and sleep disturbance, with heavy drinking associated with poorer sleep quality and increased risk of sleep disorders.
Step 5: Considering the possibility of intermediate variables that may mediate the relationship between alcohol and sleep disturbance. These could include factors such as stress, anxiety, and depression, which are often comorbid with heavy drinking and can also contribute to sleep disturbance.
Step 6: Evaluating the plausibility of a causal relationship between alcohol and sleep disturbance based on the existing knowledge. Given the biological effects of alcohol on the body, the consistent findings in scientific literature, and the potential for intermediate variables, it is plausible that alcohol may have a causal relationship with sleep disturbance.
Step 7: Conclusion: Based on the biological effects of alcohol, the consistent findings in scientific literature, and the potential for intermediate variables, it is plausible that alcohol may have a causal relationship with sleep disturbance, either directly or through one or more intermediate variables.
Step 8: Conclusion: TRUE

Conclusion: Yes",True,"Reasoning Process:
Step 1: To determine if there is an association between Alcohol and Sleep disturbance, we need to consider the potential relationship between alcohol consumption and sleep quality. Research has shown that excessive alcohol consumption can disrupt sleep patterns and reduce sleep quality.
Step 2: Alcohol consumption can lead to sleep disturbances through various mechanisms, including altering the body's sleep-wake cycle, reducing the quality of sleep, and decreasing the amount of deep sleep. This suggests a potential positive association between alcohol consumption and sleep disturbance.
Step 3: Studies have consistently shown that individuals who consume more alcohol tend to report poorer sleep quality and more sleep disturbances. This relationship has been observed in various populations and is supported by evidence from epidemiological studies.
Step 4: While the strength of the association may vary depending on factors such as the amount and frequency of alcohol consumption, as well as individual differences in sensitivity to alcohol's effects, the overall evidence suggests a significant association between alcohol consumption and sleep disturbance.

Conclusion: Yes",True,"Reasoning Process:
Step 1: To determine if there is a causal relationship between Alcohol and Sleep disturbance, we need to consider the definition of causality. A causal relationship requires that the cause (Alcohol) precedes the effect (Sleep disturbance) in time and that the cause is associated with the effect in a way that is consistent with a directional link.
Step 2: We also need to consider the possibility of intermediate variables that may mediate the relationship between Alcohol and Sleep disturbance. These intermediate variables could be factors such as stress, anxiety, or other health conditions that may be influenced by Alcohol consumption and, in turn, affect Sleep disturbance.
Step 3: Given the definitions of Alcohol and Sleep disturbance, we can see that Alcohol consumption (Variable 1) is a behavior that can be measured in terms of the number of drinks per week, whereas Sleep disturbance (Variable 2) is a subjective assessment of sleep quality, depth, and restoration.
Step 4: Research has shown that excessive alcohol consumption can lead to sleep disturbances, including insomnia, daytime fatigue, and other sleep-related problems. This suggests that there is a plausible mechanism by which Alcohol consumption could influence Sleep disturbance.
Step 5: Furthermore, studies have also found that sleep disturbances can be a consequence of chronic alcohol consumption, and that addressing sleep disturbances can be an important aspect of treating alcohol use disorders.
Step 6: Considering the temporal relationship between Alcohol consumption and Sleep disturbance, it is reasonable to conclude that a change in Alcohol consumption can precede and influence a change in Sleep disturbance, either directly or through one or more intermediate variables.

Conclusion: Yes",False
22,Alcohol,Smoking,True,"Reasoning Process:
Step 1: To determine if there is a plausible causal relationship between Alcohol and Smoking, we need to consider the biological, theoretical, and scientific evidence that links these two variables.
Step 2: Alcohol consumption has been linked to various health outcomes, including liver disease, certain types of cancer, and cardiovascular disease. This suggests that alcohol has a biological impact on the body.
Step 3: Smoking is also a well-established risk factor for various health outcomes, including lung cancer, heart disease, and chronic obstructive pulmonary disease (COPD). This indicates that smoking has a significant biological impact on the body as well.
Step 4: Research has shown that individuals who consume alcohol are more likely to smoke, and vice versa. This suggests a potential correlation between the two variables.
Step 5: There are several potential mechanisms by which alcohol consumption could influence smoking behavior. For example, alcohol can lower inhibitions and increase the likelihood of engaging in risk-taking behaviors, including smoking.
Step 6: Additionally, alcohol can also affect the brain's reward system, leading to increased cravings for nicotine and other substances. This could contribute to a causal relationship between alcohol consumption and smoking.
Step 7: Furthermore, there is evidence to suggest that alcohol can increase the absorption of nicotine in the body, making it more likely that individuals who consume alcohol will also smoke.
Step 8: Considering the biological, theoretical, and scientific evidence, it is plausible that alcohol consumption may have a causal relationship with smoking, either directly or through one or more intermediate variables.

Conclusion: Yes",True,"Reasoning Process:
Step 1: To determine if there is an association between Alcohol and Smoking, we need to consider if there is a statistical dependency between the two variables. This means we are looking for a relationship where knowledge of one variable provides information about the other.
Step 2: Alcohol consumption (Variable 1) and Smoking (Variable 2) are two distinct behaviors that can be influenced by various factors such as genetics, environment, and personal choices. Research has shown that there is a complex relationship between these two variables.
Step 3: Studies have consistently demonstrated that individuals who consume alcohol are more likely to smoke, and vice versa. This is often attributed to shared underlying factors such as stress, peer influence, and mental health conditions.
Step 4: Furthermore, research has also shown that the relationship between alcohol and smoking is bidirectional, meaning that alcohol consumption can increase the likelihood of smoking, and smoking can also increase the likelihood of alcohol consumption.
Step 5: Additionally, there is evidence to suggest that the relationship between alcohol and smoking is dose-dependent, with heavier drinkers being more likely to smoke and vice versa.
Step 6: Considering these findings, it is clear that there is a statistical association between Alcohol and Smoking, as knowledge of one variable provides information about the other.

Conclusion: Yes",True,"Reasoning Process:
Step 1: To determine if there is a causal relationship between Alcohol and Smoking, we need to consider the definition of both variables. Alcohol refers to alcohol consumption, which is a behavior, and Smoking refers to the action of inhaling and exhaling tobacco smoke.
Step 2: A causal relationship typically involves a cause (the variable that changes first) and an effect (the variable that changes as a result). We need to determine if a change in Alcohol consumption precedes and leads to a change in Smoking behavior.
Step 3: Research has shown that alcohol consumption can increase the likelihood of engaging in impulsive behaviors, including Smoking. This is because alcohol can lower inhibitions and impair decision-making skills, making it more likely for individuals to engage in risk-taking behaviors like Smoking.
Step 4: Additionally, some studies have found that individuals who drink heavily are more likely to start Smoking, and that alcohol consumption can also contribute to the development of nicotine dependence.
Step 5: However, it's also possible that Smoking can influence alcohol consumption, as some people may use Smoking as a coping mechanism for stress or other emotional issues, which can be triggered or exacerbated by alcohol consumption.
Step 6: Despite this potential bidirectional relationship, the evidence suggests that alcohol consumption can precede and influence Smoking behavior, particularly in terms of increasing the likelihood of initiating Smoking or exacerbating nicotine dependence.

Conclusion: Yes",False
23,Anxiety,Alcohol,True,"Reasoning Process:
Step 1: Understanding the definitions of Anxiety and Alcohol: Anxiety is a psychological state characterized by fear, worry, and hyperarousal, while Alcohol is a substance consumed in varying amounts.
Step 2: Considering the potential effects of Alcohol on the body and brain: Alcohol is a central nervous system depressant that can lead to feelings of relaxation and reduced anxiety in the short-term, but chronic or excessive consumption can lead to increased anxiety, insomnia, and other mental health issues.
Step 3: Exploring the relationship between Anxiety and Alcohol: Research has shown that individuals with anxiety disorders are more likely to use alcohol as a coping mechanism, and that chronic alcohol consumption can exacerbate anxiety symptoms.
Step 4: Considering potential intermediate variables: Other factors, such as genetic predisposition, environmental influences, and underlying mental health conditions, may also play a role in the relationship between Anxiety and Alcohol.
Step 5: Evaluating the plausibility of a causal relationship: Given the complex interplay between Anxiety and Alcohol, as well as the potential for intermediate variables, it is plausible that Anxiety may have a causal relationship with Alcohol, either directly or through one or more intermediate variables.
Step 6: Conclusion: Based on the existing knowledge and understanding of the definitions, effects, and relationships between Anxiety and Alcohol, it is plausible that Anxiety may have a causal relationship with Alcohol.
Step 7: Conclusion: Therefore, the answer to the question is: TRUE

Conclusion: Yes",True,"Reasoning Process:
Step 1: To determine if there is an association between Anxiety and Alcohol, we need to consider the potential relationship between the two variables. Anxiety is a psychological state characterized by feelings of fear, worry, and nervousness, as measured by the PROMIS anxiety scale. Alcohol consumption, on the other hand, is a behavioral variable measured by the number of drinks per week.
Step 2: Research has shown that there is a complex relationship between anxiety and alcohol consumption. Studies have found that individuals with anxiety disorders are more likely to consume alcohol as a coping mechanism, which can lead to a higher risk of developing alcohol use disorder. Additionally, chronic alcohol consumption can exacerbate anxiety symptoms, creating a vicious cycle.
Step 3: Furthermore, there is evidence that anxiety can also influence drinking behavior, with anxious individuals being more likely to engage in binge drinking or heavy drinking patterns. This suggests that there is a bidirectional relationship between anxiety and alcohol consumption, where each variable can influence the other.
Step 4: Given the evidence of a bidirectional relationship between anxiety and alcohol consumption, it is reasonable to conclude that there is a statistical association between the two variables.

Conclusion: Yes",True,"Reasoning Process:
Step 1: To determine if there is a causal relationship between Anxiety and Alcohol, we need to consider the definitions of both variables. Anxiety is defined as PROMIS anxiety, which focuses on fear, anxious misery, hyperarousal, and somatic symptoms related to arousal. Alcohol is defined as alcohol consumption (number of drinks per week).
Step 2: A causal relationship requires a temporal relationship where the cause precedes the effect. In this case, we need to determine if a change in Anxiety can precede and lead to a change in Alcohol consumption.
Step 3: Research has shown that anxiety can be a risk factor for alcohol use and abuse. Individuals with anxiety may use alcohol as a coping mechanism to manage their symptoms, which can lead to increased alcohol consumption over time.
Step 4: Additionally, anxiety can also lead to changes in behavior and lifestyle, such as social withdrawal, which can increase the likelihood of alcohol use. This suggests that anxiety can influence alcohol consumption through intermediate variables such as social behavior and coping mechanisms.
Step 5: Furthermore, studies have also shown that anxiety can lead to changes in brain chemistry and function, which can increase the reward and pleasure associated with alcohol consumption, making it more likely for individuals to engage in heavy drinking.
Step 6: Considering these points, it appears that anxiety can indeed precede and influence alcohol consumption, either directly or through intermediate variables such as social behavior, coping mechanisms, and changes in brain chemistry.

Conclusion: Yes",True
24,Anxiety,CCI,True,"Reasoning Process:
Step 1: Understanding the definitions of Anxiety and CCI: Anxiety is a psychological state characterized by fear, worry, and hyperarousal, while CCI is a measure of the number of comorbidities an individual has. This suggests that Anxiety is a psychological condition and CCI is a measure of physical health conditions.
Step 2: Considering the potential relationship between Anxiety and CCI: Anxiety can be a comorbidity itself, and individuals with multiple comorbidities (high CCI) may experience increased anxiety due to the complexity and burden of managing their health conditions. This suggests a potential indirect relationship between Anxiety and CCI.
Step 3: Exploring potential intermediate variables: There are several potential intermediate variables that could link Anxiety and CCI, such as pain, sleep disturbances, or cognitive impairment, which are common comorbidities and can be influenced by Anxiety. These intermediate variables can exacerbate the relationship between Anxiety and CCI.
Step 4: Considering the bi-directional relationship: Anxiety can contribute to the development of comorbidities, and conversely, the presence of comorbidities (high CCI) can increase the risk of developing Anxiety. This bi-directional relationship supports the plausibility of a causal relationship between Anxiety and CCI.
Step 5: Evaluating the plausibility: Based on the existing knowledge and the potential intermediate variables, it is plausible that Anxiety may have a causal relationship with CCI, either directly or through one or more intermediate variables.
Step 6: Conclusion: Given the potential indirect and bi-directional relationships between Anxiety and CCI, and the presence of intermediate variables, it is plausible that Anxiety may have a causal relationship with CCI.
Step 7: Conclusion: Therefore, the answer to the question is: TRUE

Conclusion: Yes",True,"Reasoning Process:
Step 1: To determine if there is an association between Anxiety and CCI, we need to consider the definitions of both variables. Anxiety is defined as a PROMIS anxiety measure focusing on fear, anxious misery, hyperarousal, and somatic symptoms related to arousal. CCI, on the other hand, is a comorbidity index that measures the number of comorbidities.
Step 2: Given the definitions, we can infer that Anxiety is a psychological and physiological state, whereas CCI is a measure of the presence of multiple health conditions. This suggests that Anxiety could be influenced by or be a consequence of having multiple comorbidities, as measured by CCI.
Step 3: Furthermore, research has shown that individuals with multiple comorbidities (high CCI scores) are more likely to experience anxiety due to the complexity and burden of managing multiple health conditions. This implies a potential association between CCI and Anxiety.
Step 4: Additionally, studies have also found that anxiety can exacerbate or contribute to the development of comorbidities, creating a bidirectional relationship between the two variables. This further supports the existence of an association between Anxiety and CCI.
Step 5: Considering the above points, it is reasonable to conclude that there is a statistical association between Anxiety and CCI, as knowledge of one variable can provide information about the other.

Conclusion: Yes",False,"Reasoning Process:
Step 1: To determine if there is a causal relationship between Anxiety and CCI, we need to consider the definitions of both variables. Anxiety is defined as a psychological state characterized by fear, worry, and hyperarousal, while CCI is a comorbidity index that measures the number of comorbidities.
Step 2: We need to examine if a change in Anxiety can lead to a change in CCI. A change in Anxiety could potentially lead to changes in behavior, such as avoidance or hypervigilance, which may increase the likelihood of developing new comorbidities, thereby increasing the CCI score.
Step 3: However, it's also possible that a change in CCI could lead to a change in Anxiety, for example, if a person develops a new comorbidity that exacerbates their anxiety symptoms. This would suggest a bidirectional relationship rather than a causal relationship from Anxiety to CCI.
Step 4: Another possibility is that there are intermediate variables that mediate the relationship between Anxiety and CCI, such as stress, sleep disturbances, or substance use. These variables could potentially link Anxiety to CCI, but would not be the direct cause of the relationship.
Step 5: Considering these possibilities, we need to determine if there is evidence to support a directional causal link from Anxiety to CCI. While Anxiety can potentially influence CCI through various mechanisms, the relationship is not necessarily unidirectional or direct.
Step 6: In conclusion, while there may be a relationship between Anxiety and CCI, it is not clear if Anxiety directly causes a change in CCI. The relationship is likely to be more complex, involving bidirectional effects and potential intermediate variables.
Step 7: Therefore, based on the available information, it is not possible to definitively conclude that a change in Anxiety directly causes a change in CCI.
Step 8: However, considering the complexity of the relationship and the potential for bidirectional effects and intermediate variables, it is also not entirely accurate to say that there is no causal relationship between Anxiety and CCI.
Step 9: A more nuanced conclusion would be that the relationship between Anxiety and CCI is likely to be bidirectional and influenced by multiple factors, but the question asks for a simple true or false answer.
Step 10: Given the complexity of the relationship and the limitations of the information provided, the best answer to the question is: FALSE, as it is not possible to definitively conclude that a change in Anxiety directly causes a change in CCI.

Conclusion: No",True
25,Anxiety,Catastrophizing,True,"Reasoning Process:
Step 1: Understanding the definitions of Anxiety and Catastrophizing: Anxiety is characterized by fear, anxious misery, hyperarousal, and somatic symptoms related to arousal, while Catastrophizing is the tendency to magnify the threat value of a pain stimulus and feel helpless in the presence of pain.
Step 2: Considering the relationship between Anxiety and Catastrophizing: Anxiety can lead to increased arousal and heightened sensitivity to pain, which may contribute to Catastrophizing. For instance, individuals with anxiety may be more prone to magnifying the threat value of a pain stimulus due to their increased state of arousal.
Step 3: Exploring potential intermediate variables: Other factors such as fear-avoidance beliefs, pain-related cognitions, and emotional regulation difficulties may also play a role in the relationship between Anxiety and Catastrophizing. For example, individuals with anxiety may be more likely to develop fear-avoidance beliefs, which can contribute to Catastrophizing.
Step 4: Considering the biological and theoretical plausibility: The relationship between Anxiety and Catastrophizing is biologically plausible, as anxiety can activate the body's stress response, leading to increased arousal and heightened pain sensitivity. Theoretically, this relationship is also plausible, as anxiety can influence pain perception and cognition, leading to Catastrophizing.
Step 5: Evaluating the scientific evidence: While there is limited direct evidence specifically examining the causal relationship between Anxiety and Catastrophizing, research has consistently shown that anxiety is a significant predictor of Catastrophizing in individuals with chronic pain. This suggests that Anxiety may have a causal relationship with Catastrophizing, either directly or through one or more intermediate variables.
Step 6: Conclusion: Based on the definitions, relationship, intermediate variables, biological and theoretical plausibility, and scientific evidence, it is plausible that Anxiety may have a causal relationship with Catastrophizing, either directly or through one or more intermediate variables.
Step 7: Final Answer: TRUE

Conclusion: Yes",True,"Reasoning Process:
Step 1: Understanding the definitions of Anxiety and Catastrophizing: Anxiety is characterized by fear, anxious misery, hyperarousal, and somatic symptoms related to arousal, while Catastrophizing is the tendency to magnify the threat value of a pain stimulus and feel helpless in the presence of pain.
Step 2: Considering the relationship between Anxiety and Catastrophizing: Anxiety can exacerbate Catastrophizing as individuals with anxiety may be more prone to magnify the threat value of a pain stimulus and feel helpless in the presence of pain.
Step 3: Analyzing the potential for statistical association: Given the relationship between Anxiety and Catastrophizing, it is plausible that knowledge of the value of one variable (Anxiety) could provide information about the other variable (Catastrophizing), suggesting a statistical association between the two.
Step 4: Considering the directionality of the association: The association between Anxiety and Catastrophizing is likely bidirectional, meaning that high levels of Anxiety can contribute to high levels of Catastrophizing, and high levels of Catastrophizing can also contribute to high levels of Anxiety.
Step 5: Evaluating the strength of the association: While the strength of the association between Anxiety and Catastrophizing may vary, the presence of a statistical association is not contingent on the strength of the relationship.
Step 6: Conclusion: Based on the definitions, relationship, and potential for statistical association, there is a statistical association between Anxiety and Catastrophizing.
Step 7: Final Answer: True

Conclusion: Yes",True,"Reasoning Process:
Step 1: Understanding the definitions of Anxiety and Catastrophizing: Anxiety is a psychological state characterized by fear, worry, and hyperarousal, while Catastrophizing is a cognitive process of magnifying the threat value of pain and feeling helpless in the presence of pain.
Step 2: Considering the relationship between Anxiety and Catastrophizing: Anxiety can exacerbate or trigger Catastrophizing, as individuals with high levels of anxiety may be more prone to catastrophic thinking and feelings of helplessness in the face of pain.
Step 3: Examining the potential intermediate variables: While there may be other factors that influence the relationship between Anxiety and Catastrophizing, such as coping mechanisms, social support, and past experiences, the direct relationship between Anxiety and Catastrophizing is well-established in the literature.
Step 4: Evaluating the temporal relationship: Anxiety can occur before and lead to Catastrophizing, as individuals may experience anxiety in anticipation of pain, which can then lead to catastrophic thinking and feelings of helplessness.
Step 5: Considering the directional causal link: The relationship between Anxiety and Catastrophizing is consistent with a directional causal link, where Anxiety precedes and influences Catastrophizing.
Step 6: Based on the analysis, it appears that there is a causal relationship where a change in Anxiety precedes and leads to a change in Catastrophizing, either directly or through one or more intermediate variables.
Step 7: Therefore, the conclusion is that there is a causal relationship between Anxiety and Catastrophizing.

Conclusion: Yes",False
26,Anxiety,Depression,True,"Reasoning Process:
Step 1: Understanding the definitions of Anxiety and Depression: Anxiety (PROMIS) focuses on fear, anxious misery, hyperarousal, and somatic symptoms related to arousal, while Depression (PROMIS) encompasses affective and cognitive manifestations of depression. These definitions suggest that Anxiety and Depression are related but distinct constructs.
Step 2: Considering the comorbidity between Anxiety and Depression: Research has consistently shown that individuals with Anxiety are at a higher risk of developing Depression, and vice versa. This comorbidity suggests a potential causal relationship between the two conditions.
Step 3: Examining the shared underlying mechanisms: Both Anxiety and Depression have been linked to abnormalities in the brain's stress response system, including the hypothalamic-pituitary-adrenal (HPA) axis and the amygdala. This shared neurobiological underpinning supports the possibility of a causal relationship between the two conditions.
Step 4: Considering the potential intermediate variables: Sleep disturbances, social withdrawal, and decreased motivation are common intermediate variables that may link Anxiety and Depression. These variables can exacerbate or perpetuate the symptoms of both conditions, further supporting the plausibility of a causal relationship.
Step 5: Evaluating the theoretical and scientific plausibility: The relationship between Anxiety and Depression is well-established in the literature, and the shared underlying mechanisms and intermediate variables provide a plausible framework for a causal relationship. Therefore, it is scientifically reasonable to propose that Anxiety may have a causal relationship with Depression, either directly or through one or more intermediate variables.
Step 6: Conclusion: Based on the definitions, comorbidity, shared underlying mechanisms, potential intermediate variables, and theoretical and scientific plausibility, it is plausible that Anxiety may have a causal relationship with Depression, either directly or through one or more intermediate variables.
Step 7: Conclusion: Therefore, the final answer is: TRUE

Conclusion: Yes",True,"Reasoning Process:
Step 1: Understanding the definitions of Anxiety and Depression: Anxiety (PROMIS) focuses on fear, anxious misery, hyperarousal, and somatic symptoms related to arousal, while Depression (PROMIS) encompasses affective and cognitive manifestations of depression.
Step 2: Recognizing that both Anxiety and Depression are complex psychological constructs that can co-occur and share common underlying factors, such as stress, trauma, and neurobiological mechanisms.
Step 3: Understanding that the presence of one condition can influence the development or exacerbation of the other, suggesting a potential bidirectional relationship between Anxiety and Depression.
Step 4: Considering the high comorbidity rates between Anxiety and Depression, with studies suggesting that individuals with Anxiety are at increased risk of developing Depression, and vice versa.
Step 5: Acknowledging that the shared underlying mechanisms and symptoms between Anxiety and Depression, such as sleep disturbances, fatigue, and difficulty concentrating, further support the potential association between the two conditions.
Step 6: Recalling that statistical association refers to any dependency between two variables, regardless of strength or directionality, and that the presence of a bidirectional relationship and shared underlying factors between Anxiety and Depression supports the existence of an association.

Conclusion: Yes",True,"Reasoning Process:
Step 1: Understanding the definitions of Anxiety and Depression: Anxiety (PROMIS) focuses on fear, anxious misery, hyperarousal, and somatic symptoms related to arousal, while Depression (PROMIS) encompasses affective and cognitive manifestations of depression.
Step 2: Considering the relationship between Anxiety and Depression, it is known that Anxiety can often be a precursor to Depression. Individuals experiencing high levels of Anxiety may be more likely to develop Depression due to the increased stress and emotional burden.
Step 3: Analyzing the definitions of Anxiety and Depression, it appears that Anxiety can contribute to the development of Depression through various pathways, such as increased stress, emotional dysregulation, and decreased motivation, which are all related to the affective and cognitive manifestations of Depression.
Step 4: Considering the temporal relationship, it is plausible that a change in Anxiety could precede and lead to a change in Depression, as individuals with increasing Anxiety may be more likely to experience the affective and cognitive symptoms of Depression over time.
Step 5: Given the above analysis, it is reasonable to conclude that there is a causal relationship where a change in Anxiety precedes and leads to a change in Depression, either directly or through one or more intermediate variables.
Step 6: Therefore, the answer to the question is TRUE, indicating that there is a causal relationship between Anxiety and Depression.
Step 7: This conclusion is based on the understanding that Anxiety can contribute to the development of Depression through various pathways and the temporal relationship between the two conditions.

Conclusion: Yes",False
27,Anxiety,Education,False,"Reasoning Process:
Step 1: Understanding the definitions of Anxiety and Education: Anxiety is a psychological state characterized by fear, worry, and hyperarousal, while Education is a measure of an individual's level of formal learning. Both variables are distinct and unrelated in their fundamental nature.
Step 2: Considering the potential pathways for a causal relationship between Anxiety and Education: A direct causal relationship would imply that Education directly influences Anxiety, or vice versa. However, this seems unlikely as Education is a broad construct that encompasses various aspects of learning, whereas Anxiety is a psychological state. There is no clear, direct mechanism by which Education would cause or be caused by Anxiety.
Step 3: Exploring potential intermediate variables: One possible intermediate variable could be socioeconomic status (SES), which is often related to Education. Higher SES may be associated with lower levels of Anxiety due to better access to resources and support. However, this is still an indirect relationship and not a direct causal link between Education and Anxiety.
Step 4: Considering the biopsychosocial model: This model suggests that health outcomes, including mental health, are influenced by a combination of biological, psychological, and social factors. While Education may influence an individual's socioeconomic status, which in turn affects their mental health, this is still an indirect relationship and not a direct causal link between Education and Anxiety.
Step 5: Evaluating the plausibility of a causal relationship: Based on the above considerations, it is plausible that Education may have an indirect effect on Anxiety through intermediate variables such as socioeconomic status. However, a direct causal relationship between Education and Anxiety is less plausible.

Conclusion: No",False,"Reasoning Process:
Step 1: To determine if there is an association between Anxiety and Education, we need to consider whether knowledge of the value of one variable provides information about the other.
Step 2: Anxiety (Variable 1) is defined as PROMIS anxiety, which focuses on fear, anxious misery, hyperarousal, and somatic symptoms related to arousal. This suggests that anxiety is a psychological and physiological state.
Step 3: Education (Variable 2) is defined as the level of education of the participant, which is a demographic characteristic.
Step 4: Considering the definitions of both variables, it is unlikely that knowledge of a person's level of education would directly provide information about their anxiety levels or vice versa.
Step 5: However, there could be indirect associations, such as education level being associated with access to resources, socioeconomic status, or occupation, which in turn could be related to anxiety levels.
Step 6: However, the question asks for a general association between the two variables, regardless of strength or directionality. In this case, the direct relationship between education and anxiety is not clear-cut.
Step 7: Therefore, based on the definitions and general knowledge, it is unlikely that there is a direct or strong statistical association between Anxiety and Education.

Conclusion: No",False,"Reasoning Process:
Step 1: To determine if there is a causal relationship between Anxiety and Education, we need to consider the direction of the relationship and whether Anxiety can influence Education directly or indirectly through one or more intermediate variables.
Step 2: Anxiety is a psychological state characterized by feelings of fear, worry, and nervousness, as defined by the PROMIS anxiety scale. This suggests that Anxiety is a mental health condition that can impact an individual's well-being and behavior.
Step 3: Education, on the other hand, is a level of educational attainment that is typically acquired through formal learning and training. It is a measurable outcome that can be influenced by various factors, including cognitive abilities, socio-economic status, and access to educational resources.
Step 4: Considering the definitions of Anxiety and Education, it is unlikely that a change in Anxiety would directly lead to a change in Education. Anxiety is a psychological state, while Education is a measurable outcome that is influenced by a range of factors.
Step 5: However, it is possible that Anxiety could influence Education indirectly through intermediate variables, such as motivation, cognitive function, or socio-economic status. For example, individuals with high levels of Anxiety may experience decreased motivation, which could negatively impact their academic performance and educational attainment.
Step 6: Another possible indirect relationship is that Anxiety could influence Education through the intermediate variable of mental health treatment. Individuals with high levels of Anxiety may be more likely to seek mental health treatment, which could lead to improved cognitive function and better educational outcomes.
Step 7: However, upon further consideration, it is still unclear whether Anxiety can causally influence Education, as the relationship between the two variables is complex and influenced by multiple factors.
Step 8: To establish a causal relationship between Anxiety and Education, we would need to identify a clear and direct mechanism by which Anxiety influences Education, or demonstrate a consistent pattern of temporal precedence and association between the two variables.
Step 9: Given the current understanding of the variables, it is not clear whether Anxiety can causally influence Education, either directly or indirectly through intermediate variables.
Step 10: Therefore, based on the available information, it is not possible to conclude that there is a causal relationship between Anxiety and Education.
Step 11: However, it is worth noting that the relationship between Anxiety and Education is complex and may be influenced by multiple factors. Further research is needed to fully understand the relationship between these variables.

Conclusion: No",False
28,Anxiety,Fear_avoidance,True,"Reasoning Process:
Step 1: Understanding the definitions of Anxiety and Fear_avoidance: Anxiety is a psychological state characterized by feelings of worry, fear, and hyperarousal, as measured by PROMIS anxiety. Fear_avoidance, on the other hand, is a patient-reported questionnaire that focuses on how fear of physical activity and work affects low back pain and disability.
Step 2: Considering the relationship between Anxiety and Fear_avoidance: Anxiety can lead to avoidance behaviors, including avoidance of physical activity and work, due to fear of exacerbating symptoms or experiencing pain. This avoidance can, in turn, contribute to low back pain and disability.
Step 3: Evaluating the plausibility of a causal relationship: Given the established link between anxiety and avoidance behaviors, it is plausible that Anxiety may have a causal relationship with Fear_avoidance, either directly or through one or more intermediate variables.
Step 4: Considering the biological and theoretical underpinnings: Anxiety can lead to physiological responses such as increased heart rate and blood pressure, which can contribute to muscle tension and pain. This can, in turn, lead to fear of physical activity and work, thereby creating a cycle of fear and avoidance.
Step 5: Considering the scientific evidence: Research has shown that anxiety is a significant predictor of fear-avoidance beliefs and behaviors in individuals with chronic pain, including low back pain.
Step 6: Conclusion: Based on the definitions, relationships, and scientific evidence, it is plausible that Anxiety may have a causal relationship with Fear_avoidance, either directly or through one or more intermediate variables.

Conclusion: Yes",True,"Reasoning Process:
Step 1: Understanding the definitions of Anxiety and Fear_avoidance: Anxiety is a psychological state characterized by feelings of fear, worry, and hyperarousal, as measured by the PROMIS anxiety scale. Fear_avoidance is a patient-reported questionnaire that focuses on how fear of physical activity and work affects low back pain and disability.
Step 2: Considering the relationship between Anxiety and Fear_avoidance: Anxiety can lead to fear, which in turn can lead to fear avoidance behaviors. For instance, a person experiencing anxiety about physical activity may avoid it due to fear of exacerbating their low back pain.
Step 3: Analyzing the potential for statistical association: Given the logical connection between Anxiety and Fear_avoidance, it is plausible that knowledge of a person's anxiety levels could provide information about their fear avoidance behaviors, and vice versa.
Step 4: Considering the nature of association: Association refers to any statistical dependency between two variables, regardless of strength or directionality. Therefore, even if the relationship between Anxiety and Fear_avoidance is not necessarily causal or direct, it is still possible for them to be associated.
Step 5: Evaluating the likelihood of an association: Given the definitions and the logical connection between the two variables, it is reasonable to conclude that there is an association between Anxiety and Fear_avoidance.

Conclusion: Yes",True,"Reasoning Process:
Step 1: To determine if there is a causal relationship between Anxiety and Fear_avoidance, we need to consider the definitions of both variables. Anxiety is defined as a PROMIS anxiety measure focusing on fear, anxious misery, hyperarousal, and somatic symptoms related to arousal. Fear_avoidance is a patient-reported questionnaire that focuses on how a patient's fear avoidance beliefs about physical activity and work may affect and contribute to their low back pain and resulting disability.
Step 2: Given the definitions, we can see that Anxiety encompasses a range of symptoms and experiences that could potentially influence an individual's behavior and beliefs, including their fear avoidance beliefs. This suggests a potential link between Anxiety and Fear_avoidance.
Step 3: However, to establish a causal relationship, we need to consider whether a change in Anxiety can precede and lead to a change in Fear_avoidance. This requires examining the temporal relationship between the two variables.
Step 4: Research has shown that anxiety can indeed contribute to the development of fear avoidance beliefs in individuals with chronic pain, including low back pain. For example, anxiety can lead to increased fear of movement or activity, which in turn can lead to avoidance of physical activity and work, thereby contributing to disability.
Step 5: Additionally, studies have also shown that reducing anxiety through interventions such as cognitive-behavioral therapy (CBT) can lead to a decrease in fear avoidance beliefs and an increase in physical activity and work participation. This further supports the idea that Anxiety can precede and influence Fear_avoidance.
Step 6: Therefore, based on the definitions of the variables and the existing research, it appears that there is a causal relationship between Anxiety and Fear_avoidance, where a change in Anxiety can precede and lead to a change in Fear_avoidance.

Conclusion: Yes",False
29,Anxiety,Financial_level,True,"Reasoning Process:
Step 1: Understanding the definitions of Anxiety and Financial_level: Anxiety is a psychological state characterized by fear, worry, and hyperarousal, while Financial_level is a proxy for socioeconomic status.
Step 2: Considering the potential relationship between Anxiety and Financial_level: Research has shown that individuals with lower socioeconomic status often experience higher levels of stress and anxiety due to financial insecurity, housing instability, and limited access to resources.
Step 3: Exploring potential intermediate variables: Financial strain, debt, and financial insecurity can contribute to anxiety by creating a sense of uncertainty and fear about the future, which can lead to increased stress levels and anxiety.
Step 4: Considering the bi-directional relationship: It is also plausible that anxiety can affect financial level, as individuals with anxiety may experience decreased productivity, increased healthcare costs, and reduced ability to work, leading to financial strain.
Step 5: Evaluating the plausibility of a causal relationship: Based on the existing knowledge and research, it is plausible that Anxiety may have a causal relationship with Financial_level, either directly or through one or more intermediate variables.
Step 6: Conclusion: The relationship between Anxiety and Financial_level is bi-directional and influenced by various factors, making it plausible to suggest a causal relationship between the two variables.
Step 7: Conclusion: Therefore, the answer to the question is TRUE.

Conclusion: Yes",True,"Reasoning Process:
Step 1: Understanding the definitions of Anxiety and Financial_level: Anxiety is a psychological state characterized by fear, worry, and hyperarousal, while Financial_level is a measure of an individual's socioeconomic status.
Step 2: Considering the potential relationship between Anxiety and Financial_level: Research has shown that individuals with lower socioeconomic status often experience higher levels of stress and anxiety due to financial insecurity and uncertainty.
Step 3: Evaluating the possibility of a statistical association: Given the established link between financial stress and anxiety, it is plausible that there is a statistical association between Anxiety and Financial_level.
Step 4: Considering the definition of association: An association refers to any statistical dependency between two variables, regardless of strength or directionality. Therefore, if knowledge of the value of one variable gives information about the other, they are said to be associated.
Step 5: Applying the definition of association to the relationship between Anxiety and Financial_level: Since financial stress is a known contributor to anxiety, and knowledge of an individual's financial situation can provide information about their anxiety levels, it is reasonable to conclude that there is an association between Anxiety and Financial_level.

Conclusion: Yes",True,"Reasoning Process:
Step 1: To determine if there is a causal relationship between Anxiety and Financial_level, we need to consider the definition of both variables. Anxiety is defined as PROMIS anxiety, which focuses on fear, anxious misery, hyperarousal, and somatic symptoms related to arousal. Financial_level is a proxy for socioeconomic status, representing the level of financial situation of the participant.
Step 2: A causal relationship requires a temporal relationship where the cause (Anxiety) precedes the effect (Financial_level). We need to consider if a change in Anxiety can lead to a change in Financial_level, either directly or through one or more intermediate variables.
Step 3: Considering the definitions, Anxiety is a psychological state, while Financial_level is an economic indicator. There is no direct causal link between psychological states and economic indicators. However, we need to consider potential intermediate variables that could mediate this relationship.
Step 4: One possible intermediate variable is stress, which can be caused by Anxiety and can lead to financial difficulties. For example, high levels of Anxiety can lead to decreased productivity, absenteeism, or presenteeism, ultimately affecting an individual's financial situation.
Step 5: Another possible intermediate variable is debt. High levels of Anxiety can lead to impulsive financial decisions, such as overspending or taking on high-interest loans, which can negatively impact Financial_level.
Step 6: Considering these potential intermediate variables, it is possible that a change in Anxiety can lead to a change in Financial_level, either directly or through one or more intermediate variables.
Step 7: However, it is essential to note that the relationship between Anxiety and Financial_level is likely to be bidirectional. Financial difficulties can also contribute to increased Anxiety levels, creating a complex feedback loop.
Step 8: Despite this bidirectional relationship, the question asks for a directional causal link, where Anxiety precedes and influences Financial_level. While the relationship is likely bidirectional, there is still a causal relationship where Anxiety can lead to changes in Financial_level through intermediate variables.

Conclusion: Yes",False
30,Anxiety,Obesity,True,"Reasoning Process:
Step 1: Understanding the definitions of Anxiety and Obesity: Anxiety is defined as PROMIS anxiety, focusing on fear, anxious misery, hyperarousal, and somatic symptoms related to arousal. Obesity is defined as BMI or weight associations.
Step 2: Considering the potential relationship between Anxiety and Obesity: Anxiety can lead to changes in behavior, such as overeating or poor eating habits, which can contribute to weight gain and obesity. Additionally, individuals with anxiety may experience increased stress levels, which can also contribute to weight gain.
Step 3: Exploring potential intermediate variables: One possible intermediate variable is stress, which can be caused by anxiety and can lead to weight gain. Another possible intermediate variable is emotional eating, which can be triggered by anxiety and can contribute to obesity.
Step 4: Considering the biological plausibility: There is evidence to suggest that chronic stress, which can be caused by anxiety, can lead to changes in appetite regulation and metabolism, contributing to weight gain and obesity.
Step 5: Evaluating the theoretical plausibility: The relationship between anxiety and obesity can be explained by various psychological and behavioral mechanisms, such as emotional eating, stress-induced overeating, and changes in appetite regulation.
Step 6: Assessing the scientific evidence: There is a body of research suggesting a link between anxiety and obesity, including studies that have found associations between anxiety and weight gain, as well as studies that have identified anxiety as a predictor of weight gain and obesity.
Step 7: Conclusion: Based on the definitions, potential relationships, intermediate variables, biological plausibility, theoretical plausibility, and scientific evidence, it is plausible that Anxiety may have a causal relationship with Obesity, either directly or through one or more intermediate variables.
Step 8: Conclusion: Therefore, the final answer is: TRUE

Conclusion: Yes",True,"Reasoning Process:
Step 1: Understanding the definitions of Anxiety and Obesity: Anxiety is defined as PROMIS anxiety, focusing on fear, anxious misery, hyperarousal, and somatic symptoms related to arousal. Obesity is defined as BMI or weight associations.
Step 2: Considering the relationship between Anxiety and Obesity: Research has shown that individuals with obesity are at a higher risk of developing anxiety disorders, and conversely, anxiety can also contribute to weight gain and obesity. This bidirectional relationship suggests a potential association between the two variables.
Step 3: Evaluating the statistical dependency: Studies have consistently shown a positive correlation between anxiety and obesity, indicating that as anxiety levels increase, so does the likelihood of obesity, and vice versa. This correlation is observed in various populations and is supported by multiple research studies.
Step 4: Considering the strength and directionality of the association: While the strength of the association may vary depending on the population and study, the directionality of the association is clear: anxiety is associated with an increased risk of obesity, and obesity is associated with an increased risk of anxiety.
Step 5: Conclusion: Based on the definitions, research findings, and statistical analysis, there is a statistical association between Anxiety and Obesity.
Step 6: Final Conclusion: True

Conclusion: Yes",True,"Reasoning Process:
Step 1: To determine if there is a causal relationship between Anxiety and Obesity, we need to consider the definitions of both variables. Anxiety is defined as PROMIS anxiety, which focuses on fear, anxious misery, hyperarousal, and somatic symptoms related to arousal. Obesity is defined as BMI or being overweight, which is associated with weight or BMI.
Step 2: We need to examine if a change in Anxiety can lead to a change in Obesity. A change in Anxiety could potentially lead to changes in behavior, such as increased stress eating or decreased physical activity, which in turn could contribute to weight gain and obesity.
Step 3: However, the relationship between Anxiety and Obesity is complex and bidirectional. While Anxiety can potentially lead to changes in behavior that contribute to obesity, obesity can also contribute to increased anxiety due to the physical and social challenges associated with being overweight.
Step 4: Despite the bidirectional relationship, research has shown that anxiety can indeed contribute to weight gain and obesity. For example, individuals with anxiety may experience increased stress eating, which can lead to consuming high-calorie foods and drinks, and decreased physical activity, which can contribute to weight gain.
Step 5: Additionally, anxiety can also lead to changes in sleep patterns, which can further contribute to weight gain. For instance, individuals with anxiety may experience insomnia or other sleep disorders, which can disrupt the body's natural hunger and fullness hormones, leading to overeating and weight gain.
Step 6: Furthermore, anxiety can also lead to increased cortisol levels, which can contribute to weight gain, particularly in the abdominal area. Elevated cortisol levels can also lead to increased appetite and food cravings, further contributing to weight gain.
Step 7: In conclusion, while the relationship between Anxiety and Obesity is complex and bidirectional, there is evidence to suggest that a change in Anxiety can precede and lead to a change in Obesity, either directly or through one or more intermediate variables.

Conclusion: Yes",False
31,Anxiety,PEG,True,"Reasoning Process:
Step 1: Understanding the definitions of Anxiety and PEG: Anxiety is a psychological state characterized by fear, worry, and hyperarousal, while PEG is a measure of pain interference and intensity due to chronic low back pain. Both variables are related to human experience, but they seem to be distinct constructs.
Step 2: Considering the potential relationship between Anxiety and PEG: Anxiety can exacerbate or contribute to the experience of pain, as individuals with anxiety may be more sensitive to pain or have a heightened state of arousal, which can increase their perception of pain intensity. This is a well-established concept in the field of pain research and psychology.
Step 3: Exploring potential intermediate variables: There are several potential intermediate variables that could link Anxiety to PEG, such as stress, sleep disturbances, or cognitive factors like catastrophizing. These variables can mediate the relationship between Anxiety and PEG, making it plausible that Anxiety could have a causal relationship with PEG through these intermediates.
Step 4: Considering the biological and theoretical plausibility: The relationship between Anxiety and PEG is biologically plausible, as anxiety can activate the body's stress response, leading to increased pain sensitivity and perception. Theoretically, this relationship is also supported by models of pain processing and the role of psychological factors in pain modulation.
Step 5: Evaluating the scientific evidence: While there is a large body of research on the relationship between anxiety and pain, the specific relationship between Anxiety and PEG is less well-studied. However, the existing evidence suggests that anxiety is a significant predictor of pain outcomes, including pain intensity and interference, making it plausible that Anxiety has a causal relationship with PEG.
Step 6: Conclusion: Based on the definitions, potential relationships, intermediate variables, biological and theoretical plausibility, and existing scientific evidence, it is plausible that Anxiety may have a causal relationship with PEG, either directly or through one or more intermediate variables.
Step 7: Final Answer: TRUE

Conclusion: Yes",True,"Reasoning Process:
Step 1: To determine if there is an association between Anxiety and PEG, we need to consider the definitions of both variables. Anxiety, as defined by PROMIS, encompasses various aspects such as fear, anxious misery, hyperarousal, and somatic symptoms related to arousal. PEG, on the other hand, is an index measuring pain interference and pain intensity due to chronic low back pain.
Step 2: Given the definitions, we can infer that Anxiety and PEG are related to different constructs. Anxiety is a psychological and emotional state, while PEG is a measure of pain intensity and interference. However, it is possible that there could be an association between the two variables, as anxiety can often exacerbate or be exacerbated by chronic pain.
Step 3: Furthermore, research has shown that individuals with chronic pain often experience higher levels of anxiety, and that anxiety can worsen the perception of pain. This suggests that there may be a bidirectional relationship between Anxiety and PEG, where anxiety can affect pain perception and vice versa.
Step 4: Considering the potential bidirectional relationship and the fact that anxiety can impact pain perception, it is reasonable to conclude that there is an association between Anxiety and PEG.

Conclusion: Yes",True,"Reasoning Process:
Step 1: To determine if there is a causal relationship between Anxiety and PEG, we need to consider the definitions of both variables. Anxiety is defined as PROMIS anxiety, which encompasses fear, anxious misery, hyperarousal, and somatic symptoms related to arousal. PEG score, on the other hand, measures pain interference and pain intensity due to chronic low back pain.
Step 2: Given the definitions, we can infer that Anxiety (PROMIS anxiety) can potentially impact an individual's perception and experience of pain. For instance, anxiety can exacerbate pain by increasing muscle tension, altering pain processing, and affecting emotional regulation.
Step 3: Furthermore, research has shown that anxiety is a common comorbidity with chronic pain conditions, including low back pain. Studies have demonstrated that anxiety can contribute to the development and maintenance of chronic pain, and that addressing anxiety can be an effective strategy for managing chronic pain.
Step 4: Considering these points, it is plausible that a change in Anxiety (PROMIS anxiety) could precede and influence a change in PEG score, either directly or through one or more intermediate variables. For example, anxiety could lead to increased muscle tension, which in turn contributes to increased pain intensity and interference with daily activities, as measured by the PEG score.
Step 5: Therefore, based on the definitions of the variables and the existing research on the relationship between anxiety and chronic pain, it is reasonable to conclude that there is a causal relationship between Anxiety and PEG, where a change in Anxiety precedes and leads to a change in PEG.

Conclusion: Yes",True
32,Anxiety,Sleep disturbance,True,"Reasoning Process:
Step 1: Understanding the definitions of Anxiety and Sleep disturbance: Anxiety is a psychological state characterized by fear, worry, and hyperarousal, while Sleep disturbance is a self-reported measure of sleep quality and restoration. Both variables are related to an individual's subjective experience and can be influenced by various factors, including psychological and physiological processes.
Step 2: Considering the relationship between Anxiety and Sleep disturbance: Anxiety can lead to increased arousal, making it difficult to fall asleep or stay asleep, which in turn can result in sleep disturbances. Additionally, sleep disturbances can exacerbate anxiety symptoms, creating a vicious cycle. This bidirectional relationship suggests a plausible link between the two variables.
Step 3: Exploring potential intermediate variables: Other factors, such as stress, depression, and lifestyle habits (e.g., irregular sleep schedule, caffeine consumption), can also influence both Anxiety and Sleep disturbance. These intermediate variables can mediate or moderate the relationship between Anxiety and Sleep disturbance, further supporting the plausibility of a causal relationship.
Step 4: Considering the biological and theoretical underpinnings: The relationship between Anxiety and Sleep disturbance is grounded in the body's physiological response to stress and the brain's regulation of sleep-wake cycles. This relationship is supported by existing knowledge in the fields of psychology, neuroscience, and sleep medicine.
Step 5: Evaluating the overall plausibility: Based on the definitions, relationships, intermediate variables, and biological underpinnings, it is reasonable to conclude that Anxiety may have a causal relationship with Sleep disturbance, either directly or through one or more intermediate variables.
Step 6: Conclusion: Given the existing knowledge and relationships between Anxiety and Sleep disturbance, it is plausible that Anxiety may have a causal relationship with Sleep disturbance.

Conclusion: Yes",True,"Reasoning Process:
Step 1: Understanding the definitions of Anxiety and Sleep disturbance: Anxiety is a psychological state characterized by fear, worry, and hyperarousal, while Sleep disturbance is a self-reported measure of sleep quality and restoration. Both variables are related to an individual's subjective experience and can be influenced by various factors such as stress, mental health, and lifestyle.
Step 2: Considering the potential relationship between Anxiety and Sleep disturbance: Anxiety can lead to difficulty falling asleep, insomnia, and poor sleep quality due to the body's heightened state of arousal. Additionally, sleep disturbances can exacerbate anxiety symptoms, creating a cycle of distress and disrupted sleep patterns.
Step 3: Evaluating the possibility of a statistical association: Given the interplay between Anxiety and Sleep disturbance, it is plausible that there is a statistical association between the two variables. Research has consistently shown that anxiety disorders are often comorbid with sleep disorders, and sleep disturbances can be a symptom of anxiety.
Step 4: Considering the nature of the variables: Both Anxiety and Sleep disturbance are subjective, self-reported measures, which can be influenced by individual differences in perception and reporting. However, this does not necessarily preclude the existence of a statistical association between the two variables.
Step 5: Reviewing the literature: Studies have consistently demonstrated a significant association between anxiety and sleep disturbances. For example, individuals with anxiety disorders are more likely to experience sleep disturbances, and sleep disturbances can exacerbate anxiety symptoms.
Step 6: Conclusion: Based on the definitions, potential relationship, and literature review, it is reasonable to conclude that there is a statistical association between Anxiety and Sleep disturbance.

Conclusion: Yes",True,"Reasoning Process:
Step 1: Understanding the definitions of Anxiety and Sleep disturbance: Anxiety is a psychological state characterized by fear, worry, and hyperarousal, while Sleep disturbance is a self-reported measure of sleep quality and restoration. Both variables are related to an individual's emotional and physical well-being.
Step 2: Considering the potential pathways through which Anxiety could influence Sleep disturbance: Anxiety can lead to increased arousal, which can disrupt sleep patterns and reduce sleep quality. Additionally, anxiety can also lead to rumination and worry, making it difficult to fall asleep and stay asleep.
Step 3: Evaluating the temporal relationship between Anxiety and Sleep disturbance: Anxiety can occur before and lead to changes in Sleep disturbance, as individuals with anxiety may experience difficulty sleeping due to their anxious thoughts and feelings. This suggests a potential causal relationship between the two variables.
Step 4: Considering the possibility of intermediate variables: While there may be other factors that contribute to the relationship between Anxiety and Sleep disturbance, such as depression or stress, the direct influence of Anxiety on Sleep disturbance is well-established in the literature.
Step 5: Assessing the direction of the causal relationship: The available evidence suggests that Anxiety can precede and influence Sleep disturbance, rather than the other way around. This is consistent with a directional causal link between the two variables.
Step 6: Conclusion: Based on the definitions, potential pathways, temporal relationship, and direction of the causal relationship, it is reasonable to conclude that there is a causal relationship between Anxiety and Sleep disturbance, where a change in Anxiety precedes and leads to a change in Sleep disturbance.
Step 7: Conclusion: Therefore, the answer to the question is TRUE.

Conclusion: Yes",False
33,Anxiety,Smoking,True,"Reasoning Process:
Step 1: Understanding the definitions of Anxiety and Smoking: Anxiety is a psychological state characterized by fear, worry, and hyperarousal, while Smoking is a habit of inhaling tobacco smoke. Both are distinct concepts, but they can be related through various mechanisms.
Step 2: Considering the potential biological mechanisms: Nicotine, a primary psychoactive substance in tobacco, is known to stimulate the brain's reward system, release stress hormones like adrenaline, and increase heart rate and blood pressure. These physiological responses can exacerbate anxiety symptoms in susceptible individuals.
Step 3: Exploring the relationship between Smoking and Anxiety: Research has shown that Smoking is a common comorbidity with Anxiety disorders, with individuals with Anxiety being more likely to smoke and vice versa. This co-occurrence suggests a potential causal relationship between the two.
Step 4: Evaluating the possibility of intermediate variables: Other factors, such as stress, depression, and substance use disorders, can also contribute to the relationship between Smoking and Anxiety. These intermediate variables can mediate or moderate the causal relationship between the two.
Step 5: Considering the plausibility of a causal relationship: Given the biological mechanisms, the co-occurrence of Smoking and Anxiety, and the potential role of intermediate variables, it is plausible that Anxiety may have a causal relationship with Smoking, either directly or through one or more intermediate variables.
Step 6: Conclusion: Based on the existing knowledge and the analysis of the relationship between Anxiety and Smoking, it is plausible that Anxiety may have a causal relationship with Smoking, either directly or through one or more intermediate variables.
Step 7: Final Answer: TRUE

Conclusion: Yes",True,"Reasoning Process:
Step 1: To determine if there is an association between Anxiety and Smoking, we need to consider the potential relationship between the two variables. Anxiety is a psychological state characterized by feelings of fear, worry, and nervousness, as defined by the PROMIS anxiety scale. Smoking, on the other hand, is a behavioral habit that involves inhaling and exhaling tobacco smoke.
Step 2: Research has shown that smoking is a significant risk factor for various health conditions, including cardiovascular disease, respiratory disease, and mental health disorders. Given that anxiety is a mental health disorder, it is plausible that smoking could be associated with anxiety, either as a contributing factor or a consequence of anxiety.
Step 3: Studies have consistently shown that individuals with anxiety disorders are more likely to smoke than those without anxiety disorders. This suggests a potential association between anxiety and smoking, as knowledge of an individual's anxiety status could provide information about their likelihood of smoking.
Step 4: Furthermore, smoking can exacerbate anxiety symptoms, creating a vicious cycle where anxiety leads to smoking, and smoking worsens anxiety. This bidirectional relationship supports the existence of an association between the two variables.
Step 5: Additionally, nicotine, a primary psychoactive substance in tobacco, can have anxiogenic effects, meaning it can induce or worsen anxiety in some individuals. This pharmacological mechanism further supports the association between smoking and anxiety.
Step 6: Considering the evidence from research and the bidirectional relationship between anxiety and smoking, it is reasonable to conclude that there is an association between the two variables.

Conclusion: Yes",True,"Reasoning Process:
Step 1: To determine if there is a causal relationship between Anxiety and Smoking, we need to consider the definitions of both variables. Anxiety is defined as PROMIS anxiety, which focuses on fear, anxious misery, hyperarousal, and somatic symptoms related to arousal. Smoking is defined as the action or habit of inhaling and exhaling the smoke of tobacco by sucking on the end of a lit cigarette, cigar, pipe, etc.
Step 2: We need to consider if there is a plausible mechanism by which Anxiety could lead to Smoking. One possible mechanism is that individuals experiencing anxiety may turn to smoking as a coping mechanism to alleviate their symptoms. This is a common phenomenon where individuals use nicotine as a self-medication to reduce anxiety and stress.
Step 3: Another possible mechanism is that anxiety can lead to increased stress and tension, which may increase the likelihood of engaging in impulsive behaviors, including smoking. This is because individuals under stress may be more prone to acting on impulse without fully considering the consequences.
Step 4: Additionally, research has shown that there is a bidirectional relationship between anxiety and smoking. Smoking can also contribute to the development and exacerbation of anxiety disorders. This suggests that there is a reciprocal relationship between the two variables.
Step 5: Considering these mechanisms, it is reasonable to conclude that there is a causal relationship where a change in Anxiety precedes and leads to a change in Smoking, either directly or through one or more intermediate variables.
Step 6: Therefore, the answer to the question is that there is a causal relationship between Anxiety and Smoking.
Step 7: This conclusion is based on the definitions of the variables, the plausible mechanisms by which Anxiety could lead to Smoking, and the bidirectional relationship between the two variables.

Conclusion: Yes",True
34,CCI,Alcohol,True,"Reasoning Process:
Step 1: To determine if there is a plausible causal relationship between CCI and Alcohol, we need to consider the potential biological, theoretical, or scientific mechanisms that could link these two variables.
Step 2: CCI measures the number of comorbidities, which can include various health conditions such as diabetes, hypertension, and cardiovascular disease. These conditions are often associated with chronic pain, which can lead to increased alcohol consumption as a coping mechanism.
Step 3: On the other hand, excessive alcohol consumption can also contribute to the development of comorbidities, such as liver disease, pancreatitis, and certain types of cancer, which can increase the CCI score.
Step 4: Additionally, chronic pain and comorbidities can lead to decreased quality of life, which may result in increased stress and anxiety, potentially driving individuals to consume more alcohol as a way to cope with their symptoms.
Step 5: Furthermore, certain medications used to treat comorbidities, such as opioids, can have a high potential for abuse and dependence, which can lead to increased alcohol consumption.
Step 6: Considering these potential mechanisms, it is plausible that CCI and Alcohol may have a causal relationship, either directly or through one or more intermediate variables.
Step 7: This relationship could be bidirectional, with comorbidities influencing alcohol consumption and vice versa, creating a complex interplay between the two variables.
Step 8: Therefore, based on the existing knowledge and potential mechanisms linking CCI and Alcohol, it is reasonable to conclude that a causal relationship between the two variables is plausible.
Step 9: This relationship highlights the importance of considering the complex interplay between physical and mental health factors when assessing the impact of comorbidities on health outcomes.

Conclusion: Yes",True,"Reasoning Process:
Step 1: To determine if there is an association between CCI and Alcohol, we need to consider the nature of the variables. CCI is a comorbidity index, which measures the number of comorbidities, and Alcohol is a measure of alcohol consumption (number of drinks per week).
Step 2: Comorbidities are medical conditions that co-occur with a primary condition, and the CCI is a numerical representation of the number of these comorbidities. Alcohol consumption, on the other hand, is a lifestyle factor that can influence health outcomes and potentially interact with comorbidities.
Step 3: Given that comorbidities and alcohol consumption are both related to health outcomes, it is plausible that there could be an association between the two variables. For instance, individuals with higher CCI scores may be more likely to consume alcohol as a coping mechanism or have underlying conditions that increase their risk of alcohol use disorder.
Step 4: Furthermore, research has shown that comorbidities can affect an individual's risk of developing alcohol use disorder, and conversely, alcohol consumption can exacerbate or interact with comorbidities, leading to a complex relationship between the two variables.
Step 5: Therefore, based on the nature of the variables and the existing research, it is reasonable to conclude that there is an association between CCI and Alcohol.

Conclusion: Yes",True,"Reasoning Process:
Step 1: To determine if there is a causal relationship between CCI and Alcohol, we need to consider the definition of CCI and its potential impact on Alcohol consumption.
Step 2: CCI measures the number of comorbidities, which are pre-existing medical conditions that a person has in addition to their primary condition. Comorbidities can affect a person's overall health and well-being, potentially influencing their behavior, including their alcohol consumption.
Step 3: However, the relationship between CCI and Alcohol is not direct. CCI is a measure of health status, while Alcohol is a behavior. Therefore, we need to consider potential intermediate variables that could link CCI to Alcohol.
Step 4: One possible intermediate variable is the person's mental health. A higher CCI could lead to increased stress, anxiety, or depression, which in turn could increase the likelihood of alcohol consumption as a coping mechanism.
Step 5: Another possible intermediate variable is the person's physical health. A higher CCI could lead to chronic pain, fatigue, or other physical symptoms that make it more difficult to engage in activities, potentially increasing the desire for relaxation or escape through alcohol consumption.
Step 6: Considering these potential intermediate variables, it is plausible that a change in CCI could precede and lead to a change in Alcohol consumption, either directly or through one or more intermediate variables.
Step 7: However, it's essential to note that this relationship is not necessarily a direct causal link. The relationship between CCI and Alcohol is more likely to be indirect, with multiple potential intermediate variables influencing the outcome.
Step 8: Therefore, based on the definitions of CCI and Alcohol, and considering potential intermediate variables, we can conclude that there is a causal relationship between CCI and Alcohol, but it is indirect and mediated by one or more intermediate variables.

Conclusion: Yes",False
35,CCI,Anxiety,True,"Reasoning Process:
Step 1: Understanding the definitions of CCI and Anxiety: CCI is a comorbidity index that measures the number of comorbidities, while Anxiety is a psychological condition characterized by fear, anxious misery, hyperarousal, and somatic symptoms related to arousal.
Step 2: Considering the relationship between comorbidities and psychological conditions: Research has shown that individuals with multiple comorbidities often experience increased stress, anxiety, and depression due to the complexity of managing their health conditions.
Step 3: Exploring potential intermediate variables: Comorbidities can lead to increased stress, which may contribute to the development of anxiety. Additionally, chronic pain, a common comorbidity, is often associated with anxiety and depression.
Step 4: Evaluating the biological and theoretical plausibility: The relationship between CCI and Anxiety is biologically plausible as comorbidities can lead to increased stress, which can contribute to the development of anxiety. This relationship is also theoretically plausible as it aligns with the understanding of the impact of chronic health conditions on mental health.
Step 5: Considering the scientific evidence: Studies have shown that individuals with higher CCI scores tend to have higher levels of anxiety and depression. This suggests a potential causal relationship between CCI and Anxiety.
Step 6: Conclusion: Based on the understanding of CCI and Anxiety, the relationship between comorbidities and psychological conditions, potential intermediate variables, biological and theoretical plausibility, and scientific evidence, it is plausible that CCI may have a causal relationship with Anxiety, either directly or through one or more intermediate variables.
Step 7: Conclusion: Therefore, the final answer is TRUE.

Conclusion: Yes",True,"Reasoning Process:
Step 1: To determine if there is an association between CCI and Anxiety, we need to consider the definition of association in the context of statistics. Association refers to any statistical dependency between two variables, regardless of strength or directionality.
Step 2: CCI measures the number of comorbidities, which can include various health conditions that may be related to anxiety. For instance, individuals with higher CCI scores may have a higher likelihood of experiencing anxiety due to the presence of multiple comorbidities.
Step 3: Anxiety, as measured by PROMIS anxiety, encompasses a range of symptoms including fear, anxious misery, hyperarousal, and somatic symptoms related to arousal. These symptoms can be influenced by various factors, including comorbidities.
Step 4: Given that CCI captures the presence of multiple comorbidities, which can contribute to anxiety symptoms, and anxiety is influenced by various factors including comorbidities, it is plausible that there is a statistical association between CCI and Anxiety.
Step 5: Furthermore, research has shown that individuals with higher CCI scores tend to have poorer health outcomes, including increased symptoms of anxiety and depression. This suggests a potential link between CCI and anxiety.
Step 6: Additionally, studies have demonstrated that comorbidities can exacerbate anxiety symptoms, and that anxiety can also contribute to the development of comorbidities. This bidirectional relationship supports the existence of an association between CCI and Anxiety.

Conclusion: Yes",True,"Reasoning Process:
Step 1: To determine if there is a causal relationship between CCI and Anxiety, we need to consider the definition of CCI and its potential impact on Anxiety.
Step 2: CCI measures the number of comorbidities, which can include various health conditions that may contribute to Anxiety. For example, chronic pain, cardiovascular disease, and depression are all comorbidities that can be included in the CCI and are also known to be associated with Anxiety.
Step 3: Given that CCI includes conditions that are known to contribute to Anxiety, it is plausible that a change in CCI could lead to a change in Anxiety. This is because an increase in comorbidities (i.e., an increase in CCI) could exacerbate symptoms of Anxiety, and a decrease in comorbidities (i.e., a decrease in CCI) could alleviate symptoms of Anxiety.
Step 4: Furthermore, research has shown that comorbidities can have a cumulative effect on mental health outcomes, including Anxiety. This means that as the number of comorbidities increases, the risk of developing Anxiety also increases.
Step 5: Therefore, based on the definition of CCI and the known associations between comorbidities and Anxiety, it is reasonable to conclude that a change in CCI can precede and lead to a change in Anxiety, either directly or through one or more intermediate variables.

Conclusion: Yes",False
36,CCI,Catastrophizing,True,"Reasoning Process:
Step 1: Understanding the definitions of CCI and Catastrophizing: CCI is a comorbidity index that measures the number of comorbidities, while Catastrophizing is a pain catastrophizing score that reflects an individual's tendency to magnify the threat value of pain and feel helpless in its presence.
Step 2: Considering the relationship between comorbidities and pain: Comorbidities can contribute to increased pain perception, as they may lead to chronic inflammation, nerve damage, or other mechanisms that exacerbate pain. This suggests a potential indirect relationship between CCI and Catastrophizing through the increased burden of pain.
Step 3: Exploring the psychological impact of comorbidities: Individuals with multiple comorbidities may experience increased stress, anxiety, and depression, which can contribute to catastrophizing. This suggests a potential indirect relationship between CCI and Catastrophizing through the psychological impact of comorbidities.
Step 4: Considering the role of pain in catastrophizing: Catastrophizing is a cognitive process that is closely tied to pain perception. Individuals who catastrophize may be more likely to experience increased pain due to their negative thoughts and expectations. This suggests a potential indirect relationship between CCI and Catastrophizing through the experience of pain.
Step 5: Evaluating the plausibility of a direct relationship: While there is no direct causal link between comorbidities and catastrophizing, the relationships outlined above suggest that CCI may have an indirect causal relationship with Catastrophizing through one or more intermediate variables.
Step 6: Conclusion: Based on the existing knowledge and relationships outlined above, it is plausible that CCI may have a causal relationship with Catastrophizing, either directly or through one or more intermediate variables.
Step 7: Conclusion: Therefore, the answer to the question is: TRUE

Conclusion: Yes",True,"Reasoning Process:
Step 1: To determine if there is an association between CCI and Catastrophizing, we need to consider the definitions of both variables. CCI is a comorbidity index, which measures the number of comorbidities, whereas Catastrophizing is a pain catastrophizing score that reflects an individual's tendency to magnify the threat value of a pain stimulus and feel helpless in the presence of pain.
Step 2: Given the definitions, we can infer that CCI is a measure of the physical health status of an individual, whereas Catastrophizing is a psychological construct related to pain perception. This suggests that CCI and Catastrophizing are measuring different aspects of an individual's health, one being physical and the other being psychological.
Step 3: While CCI and Catastrophizing are measuring different aspects of health, it is possible that there could be an association between the two variables. For example, individuals with multiple comorbidities (high CCI) may be more likely to experience pain and, as a result, may be more prone to catastrophizing. Alternatively, individuals who catastrophize may be more likely to experience anxiety or depression, which can contribute to the development of comorbidities.
Step 4: However, the association between CCI and Catastrophizing is not necessarily direct or causal. It is also possible that other variables, such as age, socioeconomic status, or access to healthcare, may mediate or confound the relationship between CCI and Catastrophizing.
Step 5: In conclusion, while there may be an association between CCI and Catastrophizing, it is likely to be indirect and influenced by multiple factors. Therefore, the association is not necessarily a direct or causal one.

Conclusion: Yes",True,"Reasoning Process:
Step 1: Understanding the definitions of CCI and Catastrophizing: CCI is a comorbidity index that measures the number of comorbidities, while Catastrophizing is a pain-related cognitive process characterized by magnifying the threat value of pain and feeling helpless in its presence.
Step 2: Considering the definitions, CCI and Catastrophizing appear to be distinct constructs, with CCI being a measure of physical health and Catastrophizing being a psychological process.
Step 3: Analyzing the potential causal relationship between CCI and Catastrophizing, it is essential to consider whether a change in CCI (e.g., an increase in comorbidities) could lead to a change in Catastrophizing (e.g., increased pain catastrophizing).
Step 4: Research suggests that chronic pain is often associated with increased comorbidities, and individuals with more comorbidities may experience more severe pain and greater pain-related distress, which could potentially lead to increased catastrophizing.
Step 5: However, the relationship between CCI and Catastrophizing is likely to be complex and bidirectional, with both factors influencing each other. For instance, individuals with higher catastrophizing tendencies may be more likely to develop comorbidities due to poor health behaviors or decreased adherence to treatment.
Step 6: Considering the complexity of the relationship, it is challenging to establish a clear causal link between CCI and Catastrophizing. However, it is possible to propose a directional causal link where CCI precedes and influences Catastrophizing, particularly in the context of chronic pain management.
Step 7: A potential intermediate variable that could mediate the relationship between CCI and Catastrophizing is the presence of chronic pain. For example, individuals with more comorbidities may be more likely to experience chronic pain, which in turn could lead to increased catastrophizing.
Step 8: In conclusion, while the relationship between CCI and Catastrophizing is complex and bidirectional, it is possible to propose a directional causal link where CCI precedes and influences Catastrophizing, particularly in the context of chronic pain management.

Conclusion: Yes",False
37,CCI,Depression,True,"Reasoning Process:
Step 1: Understanding the definitions of CCI and Depression: CCI is a comorbidity index that measures the number of comorbidities, while Depression is a mental health condition measured by PROMIS depression, which assesses affective and cognitive manifestations of depression.
Step 2: Considering the relationship between comorbidities and mental health: Research has shown that individuals with multiple comorbidities are at a higher risk of developing mental health conditions, including depression. This is because comorbidities can lead to increased stress, decreased quality of life, and reduced access to healthcare, all of which can contribute to the development of depression.
Step 3: Exploring potential intermediate variables: Possible intermediate variables that could link CCI to Depression include stress, anxiety, sleep disturbances, and decreased physical function, all of which are common comorbidities that can contribute to the development of depression.
Step 4: Considering the biological and theoretical plausibility: The relationship between CCI and Depression is biologically plausible because comorbidities can lead to chronic inflammation, oxidative stress, and changes in the hypothalamic-pituitary-adrenal axis, all of which can contribute to the development of depression.
Step 5: Considering the scientific evidence: There is a large body of research that supports the relationship between comorbidities and depression, including studies that have shown that individuals with multiple comorbidities are at a higher risk of developing depression.
Step 6: Conclusion: Based on the definitions, research, and biological plausibility, it is plausible that CCI may have a causal relationship with Depression, either directly or through one or more intermediate variables.

Conclusion: Yes",True,"Reasoning Process:
Step 1: To determine if there is an association between CCI and Depression, we need to consider the definitions of both variables. CCI is a comorbidity index that measures the number of comorbidities, which implies that it is a quantitative measure of the presence of multiple health conditions. Depression, on the other hand, is a psychological condition that can be measured using various scales, such as the PROMIS depression scale, which assesses the affective and cognitive manifestations of depression.
Step 2: Given the definitions, we can infer that CCI and Depression are related, as comorbidities can contribute to the development or exacerbation of depression. For instance, individuals with multiple chronic conditions (high CCI) may be more likely to experience depression due to the physical and emotional burden of managing their health conditions.
Step 3: Furthermore, research has shown that there is a significant association between comorbidities and depression. Studies have consistently found that individuals with higher CCI scores are at a greater risk of developing depression, and that depression is more common among individuals with multiple chronic conditions.
Step 4: Therefore, based on the definitions of CCI and Depression, and the existing research on the topic, it is reasonable to conclude that there is an association between the two variables.

Conclusion: Yes",True,"Reasoning Process:
Step 1: Understanding the definitions of CCI and Depression: CCI is a comorbidity index that measures the number of comorbidities, while Depression is measured by PROMIS depression, which captures the affective and cognitive manifestations of depression.
Step 2: Considering the relationship between CCI and Depression: A higher CCI score indicates a greater number of comorbidities, which can contribute to a higher risk of developing depression. This is because comorbidities can lead to increased stress, decreased quality of life, and reduced treatment adherence, all of which can exacerbate depressive symptoms.
Step 3: Evaluating the temporal relationship: A change in CCI (e.g., an increase in comorbidities) can occur before a change in Depression (e.g., the development of depressive symptoms). This temporal relationship is consistent with a directional causal link, where CCI precedes and influences Depression.
Step 4: Considering potential intermediate variables: While there may be other factors that mediate the relationship between CCI and Depression (e.g., pain, anxiety, or social isolation), the presence of these intermediate variables does not negate the causal relationship between CCI and Depression. Instead, they may modify or strengthen the relationship.
Step 5: Conclusion: Based on the definitions, relationship, temporal relationship, and potential intermediate variables, there is a causal relationship where a change in CCI precedes and leads to a change in Depression, either directly or through one or more intermediate variables.
Step 6: Final Conclusion: TRUE
Step 7: The final answer is consistent with the reasoning provided.

Conclusion: Yes",False
38,CCI,Education,True,"Reasoning Process:
Step 1: Understanding the definitions of CCI and Education: CCI is a comorbidity index that measures the number of comorbidities, while Education is the level of education of the participant.
Step 2: Considering the potential relationship between CCI and Education: Comorbidities can be influenced by various factors, including socioeconomic status, access to healthcare, and lifestyle choices, which are also related to education level.
Step 3: Exploring potential intermediate variables: Education can affect an individual's socioeconomic status, which in turn can influence their access to healthcare and lifestyle choices, potentially leading to comorbidities.
Step 4: Considering the bi-directional relationship: Education can also be influenced by comorbidities, as individuals with chronic illnesses may have limited access to education due to their health status.
Step 5: Evaluating the plausibility of a causal relationship: Given the complex interplay between education, socioeconomic status, access to healthcare, and lifestyle choices, it is plausible that CCI may have a causal relationship with Education, either directly or through one or more intermediate variables.

Conclusion: Yes",True,"Reasoning Process:
Step 1: To determine if there is an association between CCI and Education, we need to consider the definition of association in statistics. Association refers to any statistical dependency between two variables, regardless of strength or directionality.
Step 2: CCI (Comorbidity Index) measures the number of comorbidities, which is a health-related variable. Education, on the other hand, is a non-health related variable that measures the level of education of the participant.
Step 3: Given that CCI and Education are variables from different domains (health and non-health), it is plausible that there could be an association between them. For instance, individuals with higher education levels may have better access to healthcare, leading to lower CCI scores.
Step 4: However, the direction and strength of the association are not specified. Therefore, we cannot assume a direct causal relationship between the two variables.
Step 5: Considering the definition of association in statistics, it is possible that there is an association between CCI and Education, even if it is not necessarily a direct or causal relationship.
Step 6: Therefore, based on the definition of association in statistics, it is reasonable to conclude that there could be an association between CCI and Education.

Conclusion: Yes",False,"Reasoning Process:
Step 1: To determine if there is a causal relationship between CCI and Education, we need to consider the definition of both variables. CCI is a comorbidity index, which measures the number of comorbidities, and Education is the level of education of the participant.
Step 2: A comorbidity index (CCI) is typically used in the context of health and medicine to assess the severity of a patient's health conditions. It is not directly related to the level of education of an individual.
Step 3: Education is a socio-economic factor that is influenced by various factors such as family background, socio-economic status, and access to education. It is not directly influenced by a comorbidity index.
Step 4: Considering the definitions and relationships between the variables, it is unlikely that a change in CCI would directly or indirectly lead to a change in Education. The two variables operate in different domains, with CCI being a health-related measure and Education being a socio-economic factor.
Step 5: Therefore, based on the definitions and relationships between the variables, there is no causal relationship where a change in CCI precedes and leads to a change in Education.
Step 6: This is because CCI and Education are not directly related, and there is no clear pathway for CCI to influence Education.
Step 7: In conclusion, the relationship between CCI and Education is not causal.
Step 8: Therefore, the answer to the question is FALSE.

Conclusion: No",False
39,CCI,Fear_avoidance,True,"Reasoning Process:
Step 1: Understanding the definitions of CCI and Fear_avoidance: CCI is a comorbidity index that measures the number of comorbidities, while Fear_avoidance is a patient-reported questionnaire focusing on the impact of fear avoidance beliefs on low back pain and disability.
Step 2: Considering the relationship between comorbidities and pain: Comorbidities can contribute to increased pain levels, decreased physical function, and reduced quality of life. This suggests a potential link between CCI and pain-related outcomes.
Step 3: Exploring the potential mechanisms: Comorbidities may lead to decreased physical activity, increased stress, and altered pain perception, which can contribute to fear avoidance behaviors. This provides a plausible pathway for CCI to influence Fear_avoidance.
Step 4: Considering the role of intermediate variables: Factors such as pain intensity, functional limitations, and psychological factors (e.g., anxiety, depression) can mediate the relationship between CCI and Fear_avoidance. This suggests that CCI may have a causal relationship with Fear_avoidance through one or more intermediate variables.
Step 5: Evaluating the plausibility: Based on existing knowledge, it is biologically and theoretically reasonable to assume that CCI may have a causal relationship with Fear_avoidance, either directly or through intermediate variables.
Step 6: Conclusion: Given the relationships between comorbidities, pain, and fear avoidance, it is plausible that CCI may have a causal relationship with Fear_avoidance.

Conclusion: Yes",True,"Reasoning Process:
Step 1: To determine if there is an association between CCI and Fear_avoidance, we need to consider the definitions of both variables. CCI is a comorbidity index, which measures the number of comorbidities a patient has. Fear_avoidance, on the other hand, is a patient-reported questionnaire that focuses on how a patient's fear avoidance beliefs about physical activity and work may affect and contribute to their low back pain and resulting disability.
Step 2: Given the definitions, we can infer that CCI and Fear_avoidance are related but through different pathways. CCI is a measure of the patient's overall health status, while Fear_avoidance is a measure of the patient's psychological response to their pain and disability.
Step 3: Research has shown that patients with higher comorbidity indices (CCI) are more likely to have complex and multifaceted pain experiences, which may contribute to increased fear avoidance behaviors. This suggests a potential association between CCI and Fear_avoidance.
Step 4: Furthermore, studies have demonstrated that addressing comorbidities and improving overall health status can lead to reduced fear avoidance behaviors and improved pain outcomes. This implies a potential bidirectional association between CCI and Fear_avoidance.
Step 5: Considering the relationships between CCI and Fear_avoidance, it is reasonable to conclude that there is an association between the two variables.

Conclusion: Yes",False,"Reasoning Process:
Step 1: To determine if there is a causal relationship between CCI and Fear_avoidance, we need to consider the definitions of both variables. CCI is a comorbidity index that measures the number of comorbidities, while Fear_avoidance is a patient-reported questionnaire that focuses on how a patient's fear avoidance beliefs about physical activity and work may affect and contribute to their low back pain and resulting disability.
Step 2: A causal relationship typically involves a temporal relationship where the cause precedes the effect. We need to determine if a change in CCI can precede and lead to a change in Fear_avoidance.
Step 3: Considering the definitions, CCI is a measure of comorbidities, which are pre-existing medical conditions. Fear_avoidance, on the other hand, is a patient-reported questionnaire that may be influenced by various factors, including but not limited to, comorbidities.
Step 4: While it is plausible that a change in CCI could influence Fear_avoidance, the relationship is not necessarily direct. For example, a patient with a higher CCI may experience more comorbidities, which could lead to increased fear avoidance due to the complexity of their medical condition and the potential for exacerbation of their low back pain.
Step 5: However, it is also possible that other variables, such as pain intensity, functional limitations, or psychological factors, could mediate the relationship between CCI and Fear_avoidance. Therefore, the relationship between CCI and Fear_avoidance is likely to be indirect and mediated by one or more intermediate variables.
Step 6: In conclusion, while there is a plausible relationship between CCI and Fear_avoidance, it is not a direct causal relationship. Instead, it is likely to be an indirect relationship mediated by one or more intermediate variables.

Conclusion: No",False
40,CCI,Financial_level,True,"Reasoning Process:
Step 1: Understanding the definitions of CCI and Financial_level: CCI is a comorbidity index that measures the number of comorbidities, while Financial_level is a proxy for socioeconomic status.
Step 2: Considering the relationship between comorbidities and socioeconomic status: Research has shown that individuals with lower socioeconomic status often have limited access to healthcare, leading to delayed diagnosis and treatment of comorbidities, resulting in a higher number of comorbidities (CCI).
Step 3: Considering the relationship between comorbidities and healthcare costs: Individuals with a higher CCI often require more medical resources, leading to increased healthcare costs, which can further exacerbate financial difficulties, affecting Financial_level.
Step 4: Considering the relationship between socioeconomic status and healthcare access: Individuals with lower Financial_level may have limited access to healthy food, exercise, and other lifestyle factors that can contribute to the development of comorbidities, creating a potential feedback loop.
Step 5: Considering the potential for intermediate variables: Factors such as education, employment status, and access to healthcare can act as intermediate variables between CCI and Financial_level, influencing both the development of comorbidities and socioeconomic status.
Step 6: Evaluating the plausibility of a causal relationship: Based on the existing knowledge and relationships between comorbidities, socioeconomic status, healthcare access, and healthcare costs, it is plausible that CCI may have a causal relationship with Financial_level, either directly or through one or more intermediate variables.
Step 7: Conclusion: Based on the analysis, it is plausible that CCI may have a causal relationship with Financial_level, either directly or through one or more intermediate variables.
Step 8: Conclusion: Therefore, the final answer is: TRUE

Conclusion: Yes",True,"Reasoning Process:
Step 1: To determine if there is an association between CCI and Financial_level, we need to consider the nature of the variables. CCI is a comorbidity index, which measures the number of comorbidities, and Financial_level is a proxy for socioeconomic status.
Step 2: Comorbidities are often more prevalent in individuals with lower socioeconomic status due to various factors such as limited access to healthcare, poor living conditions, and unhealthy lifestyle choices. This suggests a potential relationship between CCI and Financial_level.
Step 3: Furthermore, research has shown that individuals with higher CCI scores tend to have lower financial levels due to increased healthcare costs, lost productivity, and reduced employment opportunities. This supports the idea of an association between the two variables.
Step 4: Additionally, studies have demonstrated that there is a significant correlation between CCI and Financial_level, indicating a statistical association between the two variables.
Step 5: Considering the above points, it is reasonable to conclude that there is an association between CCI and Financial_level.

Conclusion: Yes",True,"Reasoning Process:
Step 1: To determine if there is a causal relationship between CCI and Financial_level, we need to consider the definition of CCI and Financial_level. CCI is a comorbidity index that measures the number of comorbidities, which are health conditions that co-occur with a primary condition. Financial_level, on the other hand, is a proxy for socioeconomic status, indicating the level of financial situation of a participant.
Step 2: Given the definitions, we can infer that CCI and Financial_level are related but not directly. CCI is a health-related variable, while Financial_level is a socioeconomic variable. This suggests that the relationship between CCI and Financial_level is likely indirect, involving one or more intermediate variables.
Step 3: One possible intermediate variable is healthcare expenditure. Individuals with higher CCI values may require more medical treatments, medications, and hospitalizations, leading to increased healthcare expenditure. This increased expenditure can, in turn, affect an individual's financial situation, potentially reducing their Financial_level.
Step 4: Another possible intermediate variable is employment status. Individuals with higher CCI values may experience reduced productivity, leading to reduced employment opportunities or reduced working hours. This can result in reduced income, affecting their Financial_level.
Step 5: Considering these potential intermediate variables, we can conclude that a change in CCI can precede and lead to a change in Financial_level, either directly or through one or more intermediate variables.

Conclusion: Yes",False
41,CCI,Obesity,True,"Reasoning Process:
Step 1: Understanding the definitions of CCI and Obesity: CCI is a comorbidity index that measures the number of comorbidities, while Obesity is a condition characterized by excess body weight or BMI. This suggests that CCI and Obesity are related but distinct concepts.
Step 2: Considering the relationship between comorbidities and health outcomes: Comorbidities often cluster together and are associated with various health outcomes, including chronic conditions like obesity. This clustering effect may indicate a potential link between CCI and Obesity.
Step 3: Exploring potential pathways: There are several potential pathways through which CCI could influence Obesity, such as shared underlying risk factors (e.g., genetics, lifestyle), common comorbidities (e.g., diabetes, hypertension), or socioeconomic factors. These pathways suggest a plausible relationship between CCI and Obesity.
Step 4: Considering the complexity of human health: Human health is influenced by a multitude of factors, including genetics, environment, and lifestyle. The relationship between CCI and Obesity is likely to be complex and influenced by multiple intermediate variables, making it plausible that CCI may have a causal relationship with Obesity.
Step 5: Reviewing existing research: Studies have shown that individuals with higher CCI scores are more likely to have obesity and other chronic conditions. This empirical evidence supports the plausibility of a causal relationship between CCI and Obesity.
Step 6: Considering the direction of causality: While CCI may be associated with Obesity, it is also possible that Obesity could influence CCI, creating a bidirectional relationship. However, the question asks for plausibility, and the existing evidence suggests that CCI may have a causal relationship with Obesity, either directly or through intermediate variables.

Conclusion: Yes",True,"Reasoning Process:
Step 1: To determine if there is an association between CCI and Obesity, we need to understand what each variable represents. CCI is a comorbidity index, which measures the number of comorbidities a patient has. Obesity, on the other hand, refers to being overweight or having a high BMI.
Step 2: Comorbidities are medical conditions that co-occur with a primary condition, and they can be related to various factors, including lifestyle, genetics, and environmental factors. Obesity is a known risk factor for many comorbidities, such as diabetes, cardiovascular disease, and certain types of cancer.
Step 3: Given that obesity is a risk factor for many comorbidities, it is likely that individuals with a higher CCI (i.e., those with more comorbidities) are also more likely to be obese. This suggests a potential association between CCI and Obesity.
Step 4: Furthermore, research has shown that there is a positive correlation between CCI and BMI, indicating that as the number of comorbidities increases, so does the likelihood of being overweight or obese.
Step 5: Additionally, studies have also found that individuals with higher CCI scores tend to have a higher prevalence of obesity, which further supports the existence of an association between the two variables.
Step 6: Considering the above points, it is reasonable to conclude that there is a statistical association between CCI and Obesity.
Step 7: Therefore, the answer to the question is: True.

Conclusion: Yes",False,"Reasoning Process:
Step 1: To determine if there is a causal relationship between CCI and Obesity, we need to consider the definition of CCI and its relationship with Obesity. CCI measures the number of comorbidities, which are pre-existing medical conditions that a person has in addition to their primary condition. Obesity, on the other hand, is a condition characterized by excess body fat.
Step 2: We need to consider whether a change in CCI (i.e., an increase or decrease in the number of comorbidities) can lead to a change in Obesity. One possible mechanism is that as the number of comorbidities increases, a person's overall health may decline, leading to a higher likelihood of developing Obesity.
Step 3: However, it's also possible that Obesity can lead to an increase in comorbidities, creating a bidirectional relationship. For example, Obesity can increase the risk of developing conditions like diabetes, hypertension, and cardiovascular disease, which would increase the CCI.
Step 4: Another consideration is that CCI and Obesity may be influenced by common underlying factors, such as lifestyle choices (e.g., diet, physical activity) or socioeconomic status. This could create a confounding variable that affects both CCI and Obesity, making it difficult to establish a causal relationship between the two.
Step 5: Considering these factors, it's challenging to establish a clear causal relationship between CCI and Obesity. While there may be some indirect relationships or correlations, it's difficult to determine whether a change in CCI directly leads to a change in Obesity.
Step 6: However, some studies have suggested that certain comorbidities, such as diabetes and hypertension, can increase the risk of developing Obesity. Additionally, Obesity can also increase the risk of developing these comorbidities, creating a cycle of disease progression.
Step 7: Taking into account the complexity of the relationship between CCI and Obesity, it's possible to argue that there is a causal relationship, but it's not a straightforward one. The relationship is likely bidirectional, with both CCI and Obesity influencing each other.
Step 8: However, based on the available evidence and considering the complexity of the relationship, it's reasonable to conclude that there is a causal relationship between CCI and Obesity, but it's not a direct one. The relationship is likely influenced by multiple factors and is bidirectional.

Conclusion: No",False
42,CCI,PEG,True,"Reasoning Process:
Step 1: Understanding the definitions of CCI and PEG: CCI is a comorbidity index that measures the number of comorbidities, while PEG score is an index measuring pain interference and pain intensity due to chronic low back pain.
Step 2: Considering the relationship between comorbidities and chronic pain: Comorbidities can exacerbate or contribute to chronic pain, as they may require additional medical treatment, lead to decreased physical activity, or increase stress levels, all of which can worsen pain intensity and interference.
Step 3: Evaluating the potential for a causal relationship: Given the established link between comorbidities and chronic pain, it is plausible that a higher CCI score (indicating more comorbidities) could be associated with a higher PEG score (indicating greater pain interference and intensity).
Step 4: Considering potential intermediate variables: Comorbidities may influence pain through various pathways, such as medication side effects, decreased physical function, or increased stress, which could, in turn, affect the PEG score. Therefore, a causal relationship between CCI and PEG is plausible, either directly or through one or more intermediate variables.

Conclusion: Yes",True,"Reasoning Process:
Step 1: To determine if there is an association between CCI and PEG, we need to consider the nature of both variables. CCI is a comorbidity index, which measures the number of comorbidities a patient has. PEG score, on the other hand, measures pain interference and pain intensity due to chronic low back pain.
Step 2: Given the definitions of CCI and PEG, it is plausible that there could be a relationship between the two variables. Comorbidities can often exacerbate or contribute to chronic pain, including low back pain. Therefore, it is reasonable to hypothesize that a higher CCI score (indicating more comorbidities) may be associated with a higher PEG score (indicating greater pain interference and intensity).
Step 3: However, the question asks for a general association, regardless of strength or directionality. This means we do not need to consider the specific nature of the relationship (e.g., positive or negative correlation). We only need to determine if there is any statistical dependency between the two variables.
Step 4: Considering the definitions and potential relationships between CCI and PEG, it is likely that there is some level of association between the two variables. For instance, patients with more comorbidities (higher CCI) may experience more severe pain (higher PEG score) due to the cumulative effect of their conditions. Therefore, it is reasonable to conclude that there is an association between CCI and PEG.

Conclusion: Yes",True,"Reasoning Process:
Step 1: To determine if there is a causal relationship between CCI and PEG, we need to consider the definitions of both variables. CCI is a comorbidity index, which measures the number of comorbidities, while PEG score is an index measuring pain interference and pain intensity due to chronic low back pain.
Step 2: Given the definitions, we can infer that comorbidities (CCI) can potentially impact an individual's overall health and well-being, which in turn can affect their pain experience and intensity. This suggests a plausible link between CCI and PEG.
Step 3: However, to establish a causal relationship, we need to consider the direction of the relationship. A change in CCI (i.e., an increase or decrease in comorbidities) could potentially lead to a change in PEG (i.e., an increase or decrease in pain interference and intensity).
Step 4: Furthermore, we can consider the potential intermediate variables that could mediate this relationship. For example, an increase in comorbidities (CCI) could lead to a decrease in physical function, which in turn could increase pain interference and intensity (PEG).
Step 5: Additionally, we can consider the temporal relationship between CCI and PEG. A change in CCI (e.g., an increase in comorbidities) would likely precede a change in PEG (e.g., an increase in pain interference and intensity).
Step 6: Based on these considerations, it appears that there is a plausible causal relationship between CCI and PEG, where a change in CCI precedes and leads to a change in PEG, either directly or through one or more intermediate variables.

Conclusion: Yes",False
43,CCI,Sleep disturbance,True,"Reasoning Process:
Step 1: Understanding the definitions of CCI and Sleep disturbance: CCI is a comorbidity index that measures the number of comorbidities, while Sleep disturbance is a self-reported measure of sleep quality, depth, and restoration.
Step 2: Considering the relationship between comorbidities and sleep: Research has shown that individuals with multiple comorbidities often experience sleep disturbances due to the complexity of their health conditions, medication side effects, and increased stress levels.
Step 3: Exploring potential intermediate variables: Possible intermediate variables that could link CCI to Sleep disturbance include pain, anxiety, depression, and medication side effects, which are common comorbidities and can affect sleep quality.
Step 4: Evaluating the biological and theoretical plausibility: Given the established relationships between comorbidities, pain, anxiety, depression, and sleep disturbances, it is biologically and theoretically plausible that CCI may have a causal relationship with Sleep disturbance, either directly or through one or more intermediate variables.

Conclusion: Yes",True,"Reasoning Process:
Step 1: To determine if there is an association between CCI and Sleep disturbance, we need to consider the definitions of both variables. CCI is a comorbidity index that measures the number of comorbidities, which are pre-existing medical conditions that a patient has in addition to their primary condition. Sleep disturbance, on the other hand, is a measure of self-reported perceptions of sleep quality, sleep depth, and restoration associated with sleep.
Step 2: Given the definitions, we can infer that comorbidities (measured by CCI) can potentially impact an individual's sleep quality. For instance, patients with multiple comorbidities may experience more sleep disturbances due to the complexity of their medical conditions, medication side effects, or other factors related to their comorbidities.
Step 3: Furthermore, research has shown that there is a significant association between comorbidities and sleep disturbances. Studies have found that patients with higher CCI scores tend to report poorer sleep quality and more sleep disturbances compared to those with lower CCI scores.
Step 4: Additionally, the relationship between CCI and sleep disturbance is bidirectional. Not only can comorbidities affect sleep quality, but sleep disturbances can also exacerbate the severity of comorbidities, creating a vicious cycle.
Step 5: Considering these points, it is reasonable to conclude that there is a statistical association between CCI and Sleep disturbance.
Step 6: Therefore, based on the definitions of the variables and the existing research, the answer to the question is: True.

Conclusion: Yes",True,"Reasoning Process:
Step 1: To determine if there is a causal relationship between CCI and Sleep disturbance, we need to consider the definitions of both variables. CCI is a comorbidity index that measures the number of comorbidities, which are conditions that co-occur with a primary condition. Sleep disturbance, on the other hand, is a self-reported measure of sleep quality, depth, and restoration associated with sleep.
Step 2: Given the definitions, we can infer that CCI and Sleep disturbance are related but distinct concepts. CCI is a measure of the presence and number of comorbidities, while Sleep disturbance is a subjective experience of sleep quality. This suggests that CCI may influence Sleep disturbance, but the relationship is not direct.
Step 3: We need to consider potential intermediate variables that could mediate the relationship between CCI and Sleep disturbance. For example, comorbidities may lead to chronic pain, anxiety, or depression, which in turn can affect sleep quality. Alternatively, comorbidities may lead to changes in lifestyle, such as reduced physical activity or changes in medication, which can also impact sleep.
Step 4: Considering the potential intermediate variables, we can propose a causal pathway where CCI precedes and influences Sleep disturbance. For instance, a patient with multiple comorbidities may experience chronic pain, which can lead to sleep disturbance due to discomfort, anxiety, or difficulty falling asleep.
Step 5: However, it's essential to note that the relationship between CCI and Sleep disturbance is likely bidirectional. Sleep disturbance can also exacerbate comorbidities, creating a feedback loop. For example, poor sleep quality can worsen chronic pain, leading to increased comorbidities.
Step 6: Despite the bidirectional relationship, we can still conclude that CCI temporally precedes and influences Sleep disturbance, either directly or through intermediate variables. This is because the presence of comorbidities can set the stage for sleep disturbances, even if the relationship is not entirely causal.

Conclusion: Yes",False
44,CCI,Smoking,True,"Reasoning Process:
Step 1: To determine the plausibility of a causal relationship between CCI and Smoking, we need to consider the definitions and potential relationships between the two variables.
Step 2: CCI measures the number of comorbidities, which are pre-existing medical conditions that a patient may have. This suggests that CCI is related to the overall health status of an individual.
Step 3: Smoking is a known risk factor for various health conditions, including cardiovascular disease, respiratory disease, and cancer. Therefore, smoking can lead to the development of comorbidities.
Step 4: Given that smoking can lead to comorbidities, it is plausible that individuals with a higher CCI (i.e., those with more comorbidities) may have a higher likelihood of being smokers, as they may be more likely to have developed comorbidities due to smoking.
Step 5: Alternatively, it is also possible that smoking may be a common underlying factor that contributes to both the development of comorbidities (measured by CCI) and the presence of smoking itself. This would suggest a potential indirect relationship between CCI and smoking.
Step 6: Furthermore, there may be other intermediate variables, such as socioeconomic status, access to healthcare, or genetic predisposition, that could also influence the relationship between CCI and smoking.
Step 7: Considering these potential relationships, it is plausible that CCI may have a causal relationship with smoking, either directly or through one or more intermediate variables.

Conclusion: Yes",True,"Reasoning Process:
Step 1: To determine if there is an association between CCI and Smoking, we need to consider the definition of association in statistics. Association refers to any statistical dependency between two variables, regardless of strength or directionality.
Step 2: CCI measures the number of comorbidities, which are pre-existing medical conditions that a patient has. Smoking is a behavior that can lead to various health issues and is often associated with an increased risk of developing comorbidities.
Step 3: Given that smoking can lead to an increased risk of developing comorbidities, it is reasonable to infer that individuals with a higher CCI (i.e., those with more comorbidities) are more likely to have a history of smoking.
Step 4: Therefore, there is a logical connection between the number of comorbidities (CCI) and the likelihood of smoking, suggesting a statistical association between the two variables.

Conclusion: Yes",False,"Reasoning Process:
Step 1: To determine if there is a causal relationship between CCI and Smoking, we need to consider the definition of both variables. CCI is a comorbidity index, which measures the number of comorbidities, and Smoking is the action or habit of inhaling and exhaling the smoke of tobacco.
Step 2: A comorbidity index like CCI is typically used to quantify the presence and severity of multiple health conditions in a patient. It is often used in clinical settings to assess the overall health status of a patient and to guide treatment decisions.
Step 3: Smoking is a risk factor for various health conditions, including cardiovascular disease, respiratory disease, and certain types of cancer. It is also a known comorbidity that can be included in a CCI.
Step 4: However, the direction of causality between CCI and Smoking is not straightforward. A high CCI score may indicate a patient's increased risk of developing smoking-related health conditions, but it does not directly cause a patient to start smoking.
Step 5: In fact, the relationship between CCI and Smoking is more likely to be bidirectional. A patient with a high CCI score may be more likely to smoke due to various factors, such as stress, anxiety, or a history of trauma, which can contribute to both the development of comorbidities and the initiation of smoking.
Step 6: Therefore, while there may be an association between CCI and Smoking, the relationship is not causal in the sense that a change in CCI directly leads to a change in Smoking.
Step 7: In conclusion, based on the definitions and relationships between CCI and Smoking, there is no causal relationship where a change in CCI precedes and leads to a change in Smoking.

Conclusion: No",False
45,Catastrophizing,Alcohol,True,"Reasoning Process:
Step 1: Understanding the definitions of Catastrophizing and Alcohol: Catastrophizing is a psychological phenomenon characterized by an exaggerated negative response to pain, while Alcohol is a substance consumed in varying amounts.
Step 2: Considering the potential relationship between Catastrophizing and Alcohol: Catastrophizing can lead to increased stress and anxiety, which may increase the desire to consume alcohol as a coping mechanism.
Step 3: Exploring potential intermediate variables: Stress, anxiety, and emotional regulation are potential intermediate variables that could link Catastrophizing to Alcohol consumption.
Step 4: Evaluating the biological and theoretical plausibility: There is a plausible biological mechanism by which catastrophizing could lead to increased alcohol consumption, as stress and anxiety can trigger the release of neurotransmitters that increase the desire for alcohol.
Step 5: Considering existing knowledge: Research has shown that individuals with higher levels of catastrophizing tend to have higher rates of substance use, including alcohol, as a coping mechanism for their emotional pain.

Conclusion: Yes",True,"Reasoning Process:
Step 1: To determine if there is an association between Catastrophizing and Alcohol, we need to consider the definitions of both variables and their potential relationship.
Step 2: Catastrophizing is a psychological construct that refers to the tendency to magnify the threat value of a pain stimulus and feel helpless in the presence of pain. It is a cognitive process that can be influenced by various factors, including emotional state, past experiences, and coping mechanisms.
Step 3: Alcohol consumption, on the other hand, is a behavioral variable that refers to the number of drinks per week. It is a measurable and quantifiable variable that can be influenced by various factors, including social, environmental, and psychological factors.
Step 4: Considering the definitions of both variables, we can infer that catastrophizing is a psychological process that may be influenced by various factors, including emotional state and coping mechanisms, while alcohol consumption is a behavioral variable that can be influenced by various factors, including social and environmental factors.
Step 5: There is evidence to suggest that there is a complex relationship between catastrophizing and alcohol consumption. Studies have shown that individuals who engage in catastrophizing may be more likely to use alcohol as a coping mechanism to manage their pain, and that chronic alcohol consumption can exacerbate pain and increase the risk of developing chronic pain conditions.
Step 6: Furthermore, research has also shown that catastrophizing can be a predictor of alcohol use and misuse, particularly in individuals with chronic pain. This suggests that there may be a bidirectional relationship between catastrophizing and alcohol consumption.
Step 7: Given the evidence of a complex and bidirectional relationship between catastrophizing and alcohol consumption, it is reasonable to conclude that there is an association between the two variables.

Conclusion: Yes",True,"Reasoning Process:
Step 1: To determine if there is a causal relationship between Catastrophizing and Alcohol, we need to consider the definition of catastrophizing and its potential impact on behavior, including substance use.
Step 2: Catastrophizing is characterized by a tendency to magnify the threat value of a pain stimulus and feel helpless in the presence of pain. This mindset can lead to increased stress, anxiety, and emotional distress, which may motivate individuals to engage in maladaptive coping mechanisms, such as substance use.
Step 3: Alcohol consumption is a common coping mechanism for stress, anxiety, and emotional distress. Individuals who catastrophize may be more likely to use alcohol as a way to escape or cope with their emotional pain.
Step 4: Research has shown that there is a correlation between catastrophizing and increased substance use, including alcohol. Studies have found that individuals with higher levels of catastrophizing tend to have higher levels of substance use.
Step 5: While correlation does not necessarily imply causation, the direction of the relationship between catastrophizing and substance use suggests that catastrophizing may precede and influence substance use. This is consistent with a directional causal link.
Step 6: Therefore, based on the definition of catastrophizing and its potential impact on behavior, as well as the correlation between catastrophizing and substance use, it is reasonable to conclude that there is a causal relationship where a change in Catastrophizing precedes and leads to a change in Alcohol.

Conclusion: Yes",False
46,Catastrophizing,Anxiety,True,"Reasoning Process:
Step 1: Understanding the definitions of Catastrophizing and Anxiety: Catastrophizing is characterized by the tendency to magnify the threat value of a pain stimulus and to feel helpless in the presence of pain, as well as by a relative inability to prevent or inhibit pain-related thoughts in anticipation of, during, or following a painful event. Anxiety, on the other hand, focuses on fear, anxious misery, hyperarousal, and somatic symptoms related to arousal.
Step 2: Considering the relationship between Catastrophizing and Anxiety: Catastrophizing is a cognitive process that can lead to increased fear and anxiety in response to pain. Individuals who catastrophize are more likely to experience anxiety due to their exaggerated perception of the threat posed by pain.
Step 3: Exploring potential intermediate variables: One possible intermediate variable is the emotional response to pain. Catastrophizing can lead to an increased emotional response to pain, which in turn can contribute to anxiety. Another possible intermediate variable is the avoidance behavior. Catastrophizing can lead to avoidance of activities that may exacerbate pain, which can also contribute to anxiety.
Step 4: Considering the biological and theoretical basis: The relationship between catastrophizing and anxiety is supported by the biopsychosocial model of pain, which suggests that pain is a complex experience influenced by biological, psychological, and social factors. Catastrophizing is a psychological factor that can contribute to the experience of pain and anxiety.
Step 5: Evaluating the scientific evidence: Research has shown that catastrophizing is a significant predictor of anxiety in individuals with chronic pain. Studies have also demonstrated that interventions targeting catastrophizing can reduce anxiety and improve pain outcomes.
Step 6: Conclusion: Based on the definitions, relationship, intermediate variables, biological and theoretical basis, and scientific evidence, it is plausible that catastrophizing may have a causal relationship with anxiety, either directly or through one or more intermediate variables.
Step 7: Conclusion: Therefore, the answer to the question is TRUE.

Conclusion: Yes",True,"Reasoning Process:
Step 1: Understanding the definitions of Catastrophizing and Anxiety: Catastrophizing is characterized by the tendency to magnify the threat value of a pain stimulus and to feel helpless in the presence of pain, as well as by a relative inability to prevent or inhibit pain-related thoughts in anticipation of, during, or following a painful event. Anxiety, on the other hand, focuses on fear (e.g., worry, feelings of panic), anxious misery (e.g., dread), hyperarousal (e.g., tension, nervousness, restlessness), and somatic symptoms related to arousal (e.g., cardiovascular symptoms, dizziness).
Step 2: Considering the relationship between Catastrophizing and Anxiety: Catastrophizing is a cognitive process that involves negative thinking patterns, which can lead to increased anxiety. Individuals who catastrophize are more likely to experience anxiety due to their exaggerated perception of pain and their feelings of helplessness. This suggests a potential association between the two variables.
Step 3: Analyzing the definitions and relationship: Both Catastrophizing and Anxiety are related to negative emotional and cognitive processes. Catastrophizing can lead to increased anxiety, and anxiety can exacerbate catastrophizing. This bidirectional relationship suggests a statistical association between the two variables.
Step 4: Considering the context of pain management: In the context of pain management, Catastrophizing and Anxiety are often comorbid conditions. Research has shown that individuals with higher levels of catastrophizing tend to have higher levels of anxiety, and that anxiety can worsen pain and catastrophizing. This comorbidity further supports the existence of an association between the two variables.
Step 5: Conclusion: Based on the definitions, relationship, and context, there is a statistical association between Catastrophizing and Anxiety.
Step 6: Final Answer: True

Conclusion: Yes",True,"Reasoning Process:
Step 1: Understanding the definitions of Catastrophizing and Anxiety: Catastrophizing is characterized by the tendency to magnify the threat value of a pain stimulus and to feel helpless in the presence of pain, as well as by a relative inability to prevent or inhibit pain-related thoughts in anticipation of, during, or following a painful event. Anxiety, on the other hand, focuses on fear (e.g., worry, feelings of panic), anxious misery (e.g., dread), hyperarousal (e.g., tension, nervousness, restlessness), and somatic symptoms related to arousal (e.g., cardiovascular symptoms, dizziness).
Step 2: Analyzing the relationship between Catastrophizing and Anxiety: Catastrophizing can lead to increased anxiety as it involves magnifying the threat value of a pain stimulus, which can cause fear, worry, and other symptoms associated with anxiety. This suggests a potential causal relationship between the two variables.
Step 3: Considering the direction of the relationship: The definition of catastrophizing implies that it can lead to increased anxiety, which is consistent with a directional causal link where catastrophizing precedes and influences anxiety.
Step 4: Evaluating the possibility of intermediate variables: While there may be intermediate variables that mediate the relationship between catastrophizing and anxiety, the definitions provided suggest a direct link between the two variables, where catastrophizing can directly lead to increased anxiety.
Step 5: Conclusion: Based on the definitions and analysis, there is a causal relationship where a change in catastrophizing precedes and leads to a change in anxiety, either directly or through one or more intermediate variables.
Step 6: Therefore, the answer to the question is: TRUE

Conclusion: Yes",True
47,Catastrophizing,CCI,True,"Reasoning Process:
Step 1: Understanding the definitions of Catastrophizing and CCI: Catastrophizing is a psychological construct that refers to the tendency to magnify the threat value of a pain stimulus, while CCI is a comorbidity index that measures the number of comorbidities. Both variables are distinct and operate in different domains - one is psychological and the other is medical.
Step 2: Considering the potential pathways through which Catastrophizing could influence CCI: Catastrophizing can lead to increased stress, anxiety, and depression, which are known risk factors for developing comorbidities. Additionally, catastrophizing can lead to maladaptive coping behaviors, such as avoidance or excessive reliance on pain medications, which can also contribute to the development of comorbidities.
Step 3: Evaluating the plausibility of a direct causal relationship between Catastrophizing and CCI: While catastrophizing can contribute to the development of comorbidities through intermediate variables, it is unlikely to have a direct causal relationship with CCI, as CCI is a measure of the number of comorbidities, not a direct outcome of catastrophizing.
Step 4: Considering the possibility of indirect causal relationships: Catastrophizing can lead to increased stress, anxiety, and depression, which can increase the likelihood of developing comorbidities. This suggests that catastrophizing may have an indirect causal relationship with CCI through these intermediate variables.
Step 5: Evaluating the overall plausibility of a causal relationship between Catastrophizing and CCI: Based on the potential pathways and indirect relationships, it is plausible that catastrophizing may have a causal relationship with CCI, either directly or through one or more intermediate variables.
Step 6: Conclusion: Based on the analysis, it is plausible that catastrophizing may have a causal relationship with CCI, either directly or through one or more intermediate variables.
Step 7: Conclusion: Therefore, the answer to the question is: TRUE

Conclusion: Yes",True,"Reasoning Process:
Step 1: To determine if there is an association between Catastrophizing and CCI, we need to consider the definitions of both variables. Catastrophizing is a psychological construct that refers to the tendency to magnify the threat value of a pain stimulus and feel helpless in the presence of pain. CCI, on the other hand, is a comorbidity index that measures the number of comorbidities.
Step 2: Given the definitions, we can see that catastrophizing is a psychological factor that affects an individual's perception and experience of pain, while CCI is a measure of the number of comorbidities, which can be physical or medical conditions. There is no direct link between the two variables in terms of their definitions.
Step 3: However, research has shown that individuals with higher levels of catastrophizing tend to have more comorbidities and poorer health outcomes. This suggests that there may be an indirect association between catastrophizing and CCI, as catastrophizing can contribute to the development and exacerbation of comorbidities.
Step 4: Furthermore, studies have also found that individuals with higher CCI scores tend to have higher levels of catastrophizing, suggesting a bidirectional relationship between the two variables. This means that not only can catastrophizing contribute to the development of comorbidities, but having multiple comorbidities can also contribute to increased catastrophizing.
Step 5: Therefore, based on the available research and the definitions of the variables, it appears that there is an association between catastrophizing and CCI, albeit an indirect one.

Conclusion: Yes",False,"Reasoning Process:
Step 1: Understanding the definitions of Catastrophizing and CCI: Catastrophizing is a psychological construct that refers to the tendency to magnify the threat value of a pain stimulus and feel helpless in the presence of pain, while CCI is a comorbidity index that measures the number of comorbidities. This suggests that Catastrophizing is a psychological factor and CCI is a medical outcome.
Step 2: Considering the nature of Catastrophizing and CCI, it is unlikely that a change in Catastrophizing would directly lead to a change in CCI. Catastrophizing is a psychological response to pain, whereas CCI is a measure of medical comorbidities. There is no clear direct link between psychological responses to pain and the presence of comorbidities.
Step 3: However, it is possible that Catastrophizing could influence CCI indirectly through other variables. For example, individuals who catastrophize may be more likely to engage in maladaptive coping behaviors, such as avoidance or excessive seeking of medical care, which could lead to an increase in CCI. Alternatively, catastrophizing could lead to increased stress and anxiety, which could contribute to the development of comorbidities.
Step 4: Another possible indirect link is that catastrophizing could lead to decreased adherence to treatment plans, which could result in poorer health outcomes and an increase in CCI. Additionally, catastrophizing could lead to decreased physical activity and social isolation, which could also contribute to an increase in CCI.
Step 5: Considering these potential indirect links, it is possible that a change in Catastrophizing could precede and influence a change in CCI, either directly or through one or more intermediate variables.
Step 6: However, it is also possible that the relationship between Catastrophizing and CCI is bidirectional, with CCI influencing Catastrophizing as well. For example, individuals with multiple comorbidities may be more likely to experience pain and catastrophize about it. Therefore, the relationship between Catastrophizing and CCI may be complex and bidirectional.
Step 7: Given the complexity of the relationship between Catastrophizing and CCI, and the potential for bidirectionality, it is difficult to conclude with certainty that a change in Catastrophizing always precedes and leads to a change in CCI. However, based on the available information, it is possible to suggest that there may be a causal relationship between the two variables.

Conclusion: No",False
48,Catastrophizing,Depression,True,"Reasoning Process:
Step 1: Understanding the definitions of Catastrophizing and Depression: Catastrophizing is a cognitive process characterized by the tendency to magnify the threat value of a pain stimulus and feel helpless in the presence of pain, while Depression is a mental health condition with affective and cognitive manifestations.
Step 2: Considering the relationship between Catastrophizing and Depression: Catastrophizing is often associated with increased anxiety, fear, and hopelessness, which are common symptoms of Depression. Additionally, individuals who catastrophize may be more likely to experience rumination and negative thinking patterns, which are also characteristic of Depression.
Step 3: Exploring potential intermediate variables: It is plausible that Catastrophizing may contribute to Depression through intermediate variables such as anxiety, stress, or sleep disturbances, which are known to be associated with both Catastrophizing and Depression.
Step 4: Considering the biopsychosocial model: The biopsychosocial model suggests that psychological factors, such as Catastrophizing, can contribute to the development and maintenance of physical symptoms, including pain, which can in turn contribute to the development of Depression.
Step 5: Reviewing existing research: Studies have shown that Catastrophizing is a significant predictor of Depression in individuals with chronic pain, suggesting a plausible causal relationship between the two.

Conclusion: Yes",True,"Reasoning Process:
Step 1: Understanding the definitions of Catastrophizing and Depression: Catastrophizing is a cognitive process characterized by the tendency to magnify the threat value of a pain stimulus and feel helpless in the presence of pain, while Depression is a mental health condition with affective and cognitive manifestations.
Step 2: Considering the relationship between Catastrophizing and Depression: Catastrophizing is often a cognitive component of Depression, as individuals with Depression may exhibit a tendency to catastrophize their pain and other experiences.
Step 3: Evaluating the statistical dependency between Catastrophizing and Depression: Research has shown that there is a significant correlation between Catastrophizing and Depression, with individuals who catastrophize their pain being more likely to experience Depression.
Step 4: Considering the directionality of the association: The association between Catastrophizing and Depression is bidirectional, meaning that Catastrophizing can contribute to the development of Depression, and Depression can also contribute to increased Catastrophizing.
Step 5: Considering the strength of the association: The strength of the association between Catastrophizing and Depression can vary depending on the population and context, but it is generally considered to be a moderate to strong association.
Step 6: Conclusion: Based on the definitions, relationship, and statistical dependency between Catastrophizing and Depression, there is an association between the two variables.
Step 7: Final Conclusion: True
Step 8: The association between Catastrophizing and Depression is supported by research and clinical observations, indicating that there is a statistical dependency between the two variables.

Conclusion: Yes",True,"Reasoning Process:
Step 1: Understanding the definitions of Catastrophizing and Depression: Catastrophizing is a cognitive process characterized by the tendency to magnify the threat value of a pain stimulus and feel helpless in the presence of pain, while Depression is a mental health condition with affective and cognitive manifestations.
Step 2: Considering the relationship between Catastrophizing and Depression: Research has shown that Catastrophizing is a risk factor for the development of Depression, particularly in individuals experiencing chronic pain. Catastrophizing can lead to increased anxiety, rumination, and avoidance behaviors, which can contribute to the development of depressive symptoms.
Step 3: Evaluating the temporal relationship: Studies have demonstrated that Catastrophizing can precede the onset of Depression, suggesting a temporal relationship between the two variables. For example, a study found that individuals with high levels of Catastrophizing were more likely to develop Depression over a 6-month period compared to those with low levels of Catastrophizing.
Step 4: Considering potential intermediate variables: While the exact mechanisms are not fully understood, it is thought that Catastrophizing may lead to Depression through intermediate variables such as anxiety, rumination, and avoidance behaviors. These variables can serve as mediators or moderators in the relationship between Catastrophizing and Depression.
Step 5: Assessing the directional causal link: Based on the available evidence, it appears that Catastrophizing can temporally precede and influence Depression, either directly or through one or more intermediate variables. This suggests a directional causal link between the two variables.

Conclusion: Yes",True
49,Catastrophizing,Education,True,"Reasoning Process:
Step 1: Understanding the definitions of Catastrophizing and Education: Catastrophizing is a psychological construct that refers to the tendency to magnify the threat value of a pain stimulus and feel helpless in the presence of pain. Education, on the other hand, is a measure of an individual's level of formal schooling or academic achievement.
Step 2: Considering the relationship between Catastrophizing and Education: While Education is a broad construct that encompasses various aspects of an individual's life, including cognitive, social, and emotional development, it is not directly related to Catastrophizing. However, Education can influence an individual's cognitive abilities, such as problem-solving, critical thinking, and emotional regulation, which in turn may affect their Catastrophizing tendencies.
Step 3: Exploring potential intermediate variables: One possible intermediate variable that could link Education to Catastrophizing is cognitive-behavioral skills. Individuals with higher levels of Education may have better-developed cognitive-behavioral skills, such as stress management, coping, and problem-solving, which can help mitigate Catastrophizing. Conversely, individuals with lower levels of Education may have limited access to these skills, making them more prone to Catastrophizing.
Step 4: Assessing the plausibility of the relationship: Based on the existing knowledge, it is plausible that Education may have a causal relationship with Catastrophizing, either directly or through intermediate variables such as cognitive-behavioral skills. This relationship is biologically and theoretically reasonable, as Education can influence an individual's cognitive and emotional development, which in turn can affect their Catastrophizing tendencies.

Conclusion: Yes",False,"Reasoning Process:
Step 1: To determine if there is an association between Catastrophizing and Education, we need to consider the definitions of both variables. Catastrophizing refers to the tendency to magnify the threat value of a pain stimulus and feel helpless in the presence of pain, while Education refers to the level of education of the participant.
Step 2: We are looking for a statistical dependency between the two variables, regardless of strength or directionality. This means that if knowledge of the value of one variable gives information about the other, they are said to be associated.
Step 3: Considering the definitions of Catastrophizing and Education, it is possible that there could be an association between the two variables. For example, individuals with higher levels of education may have better coping mechanisms and be less likely to catastrophize about pain, while individuals with lower levels of education may be more likely to catastrophize due to a lack of knowledge about pain management and coping strategies.
Step 4: However, the direction of the association is not specified, and it is also possible that there is no association between the two variables. Without further information or research, it is difficult to determine the nature of the relationship between Catastrophizing and Education.
Step 5: Given the complexity of the relationship between Catastrophizing and Education, and the fact that there is no clear direction of association, it is possible that there may be an association between the two variables, but it is not a straightforward or direct one.
Step 6: However, in the absence of any specific research or data, it is also possible that there is no association between Catastrophizing and Education. Therefore, we cannot definitively conclude that there is an association between the two variables.
Step 7: Considering the above points, it is reasonable to conclude that there may be an association between Catastrophizing and Education, but it is not a straightforward or direct one, and more research is needed to determine the nature of the relationship.

Conclusion: No",False,"Reasoning Process:
Step 1: To determine if there is a causal relationship between Catastrophizing and Education, we need to consider the definitions of both variables and their potential relationships.
Step 2: Catastrophizing is a psychological phenomenon characterized by the tendency to magnify the threat value of a pain stimulus and feel helpless in the presence of pain. This suggests that catastrophizing is a psychological or cognitive process.
Step 3: Education, on the other hand, is a level of knowledge or skill acquired through experience or teaching. It is a measurable outcome that can be influenced by various factors, including cognitive processes.
Step 4: Given the definitions, it is unlikely that catastrophizing directly influences education, as catastrophizing is a psychological process and education is a measurable outcome.
Step 5: However, it is possible that catastrophizing could influence education indirectly through other variables, such as motivation or learning behaviors. For example, individuals who catastrophize may be less motivated to learn or engage in educational activities.
Step 6: However, the question asks if catastrophizing precedes and leads to a change in education, either directly or through one or more intermediate variables. This implies a temporal relationship where catastrophizing occurs before education.
Step 7: Considering the definitions and potential relationships, it is unlikely that catastrophizing would precede and lead to a change in education, as catastrophizing is a psychological process that may not have a direct causal link to education.
Step 8: Furthermore, education is often a long-term process that is influenced by multiple factors, including genetics, environment, and life experiences. It is unlikely that catastrophizing would be a primary driver of education.
Step 9: Therefore, based on the definitions and potential relationships between catastrophizing and education, it is unlikely that there is a causal relationship where catastrophizing precedes and leads to a change in education.

Conclusion: No",False
50,Catastrophizing,Fear_avoidance,True,"Reasoning Process:
Step 1: Understanding the definitions of Catastrophizing and Fear avoidance: Catastrophizing is a cognitive process where individuals magnify the threat value of pain and feel helpless in its presence. Fear avoidance, on the other hand, is a patient-reported questionnaire that focuses on how fear of physical activity and work affects low back pain and disability.
Step 2: Considering the relationship between Catastrophizing and Fear avoidance: Catastrophizing can lead to increased anxiety and fear of pain, which in turn can lead to avoidance of activities that may exacerbate pain. This avoidance behavior can perpetuate a cycle of fear and disability, as individuals may become more fearful of engaging in activities that could potentially worsen their pain.
Step 3: Evaluating the plausibility of a causal relationship: Given the definitions and the relationship between Catastrophizing and Fear avoidance, it is plausible that Catastrophizing may have a causal relationship with Fear avoidance. This relationship can be direct, where Catastrophizing leads to Fear avoidance, or indirect, where Catastrophizing leads to increased anxiety and fear, which in turn leads to Fear avoidance.
Step 4: Considering potential intermediate variables: Intermediate variables, such as anxiety, fear, and disability, can mediate the relationship between Catastrophizing and Fear avoidance. For example, Catastrophizing can lead to increased anxiety, which can then lead to Fear avoidance.
Step 5: Conclusion: Based on the definitions, relationship, and potential intermediate variables, it is plausible that Catastrophizing may have a causal relationship with Fear avoidance, either directly or through one or more intermediate variables.
Step 6: Final Answer: TRUE

Conclusion: Yes",True,"Reasoning Process:
Step 1: Understanding the definitions of Catastrophizing and Fear avoidance: Catastrophizing is a cognitive process where individuals magnify the threat value of pain and feel helpless in its presence, while Fear avoidance is a patient-reported questionnaire that focuses on how fear of physical activity and work affects low back pain and disability.
Step 2: Considering the relationship between Catastrophizing and Fear avoidance: Catastrophizing can lead to increased fear of pain, which in turn can lead to fear avoidance behaviors. This suggests a potential link between the two variables.
Step 3: Analyzing the psychological underpinnings of both variables: Both Catastrophizing and Fear avoidance are related to cognitive processes that influence an individual's perception and behavior in response to pain. This shared psychological foundation suggests a potential association between the two variables.
Step 4: Reviewing research on the topic: Studies have shown that catastrophizing is a significant predictor of fear avoidance behaviors in individuals with chronic pain. This empirical evidence supports the existence of an association between the two variables.
Step 5: Considering the logical connection between the two variables: If an individual catastrophizes about their pain, they are more likely to fear the consequences of physical activity or work, leading to fear avoidance behaviors. This logical connection further supports the existence of an association between the two variables.

Conclusion: Yes",True,"Reasoning Process:
Step 1: Understanding the definitions of Catastrophizing and Fear avoidance: Catastrophizing is a cognitive process where individuals magnify the threat value of pain and feel helpless in its presence, while Fear avoidance is a patient-reported questionnaire that focuses on how fear of physical activity and work affects low back pain and disability.
Step 2: Analyzing the relationship between Catastrophizing and Fear avoidance: Catastrophizing can lead to increased fear of pain, which in turn can lead to fear avoidance behaviors. This suggests a potential causal link between the two variables.
Step 3: Considering the direction of causality: Catastrophizing can precede and influence Fear avoidance, as individuals who catastrophize about their pain may be more likely to avoid activities that they perceive as threatening or painful, thereby increasing their fear avoidance behaviors.
Step 4: Evaluating the presence of intermediate variables: While there may be other factors that influence the relationship between Catastrophizing and Fear avoidance, such as pain intensity or coping skills, the direct causal link between catastrophizing and fear avoidance is supported by the definition and theoretical understanding of the two constructs.
Step 5: Conclusion: Based on the definitions, theoretical understanding, and analysis of the relationship between Catastrophizing and Fear avoidance, there is a causal relationship where a change in Catastrophizing precedes and leads to a change in Fear avoidance, either directly or through one or more intermediate variables.
Step 6: Final Conclusion: TRUE
Step 7: The causal relationship between Catastrophizing and Fear avoidance is supported by the cognitive-behavioral model of chronic pain, which suggests that negative thoughts and beliefs (such as catastrophizing) can lead to fear and avoidance behaviors.

Conclusion: Yes",False
51,Catastrophizing,Financial_level,True,"Reasoning Process:
Step 1: Understanding the definitions of Catastrophizing and Financial_level: Catastrophizing is a psychological construct related to pain perception, while Financial_level is a socioeconomic indicator. Both are distinct concepts, but they may intersect in certain contexts.
Step 2: Considering the potential pathways through which Catastrophizing could influence Financial_level: Individuals with high catastrophizing tendencies may experience increased stress, anxiety, and decreased productivity, which could lead to reduced work performance, lower income, and subsequently, a lower Financial_level.
Step 3: Examining the possibility of intermediate variables: Stress, anxiety, and decreased productivity could be intermediate variables that link Catastrophizing to Financial_level. For instance, individuals who catastrophize may experience increased stress, which could lead to decreased productivity, reduced income, and a lower Financial_level.
Step 4: Evaluating the plausibility of the relationship: Given the existing knowledge on the impact of stress, anxiety, and decreased productivity on socioeconomic outcomes, it is plausible that Catastrophizing could have a causal relationship with Financial_level, either directly or through intermediate variables.

Conclusion: Yes",True,"Reasoning Process:
Step 1: To determine if there is an association between Catastrophizing and Financial_level, we need to consider the definitions of both variables. Catastrophizing refers to a psychological response to pain, characterized by magnifying the threat value of a pain stimulus and feeling helpless in the presence of pain. Financial_level, on the other hand, is a proxy for socioeconomic status, indicating the level of financial situation of a participant.
Step 2: Given the definitions, we can see that Catastrophizing is a psychological construct related to pain perception, while Financial_level is a socio-economic indicator. There is no direct causal link between the two variables, as catastrophizing is a cognitive response to pain, and financial situation is an external factor that may influence pain perception indirectly.
Step 3: However, research has shown that socioeconomic status, including financial situation, can impact pain perception and experience. For instance, individuals with lower socioeconomic status may experience more chronic pain due to various factors such as limited access to healthcare, poor living conditions, and increased stress. Therefore, it is plausible that financial situation could be associated with catastrophizing, as individuals with lower financial situation may be more likely to experience pain-related catastrophizing due to increased stress and limited resources.
Step 4: Furthermore, studies have found that there is a significant association between socioeconomic status and pain catastrophizing. For example, individuals with lower socioeconomic status tend to report higher levels of pain catastrophizing, which can exacerbate pain experience and perpetuate a cycle of suffering.
Step 5: In conclusion, based on the definitions of the variables and the existing research, there is a plausible association between Catastrophizing and Financial_level. The relationship is likely indirect, with financial situation influencing pain perception and experience, which in turn can lead to catastrophizing.
Step 6: Therefore, the answer to the question is: True.
Step 7: There is an association between Catastrophizing and Financial_level.

Conclusion: Yes",False,"Reasoning Process:
Step 1: To determine if there is a causal relationship between Catastrophizing and Financial_level, we need to consider the definitions of both variables and their potential relationships.
Step 2: Catastrophizing is a psychological construct that refers to the tendency to magnify the threat value of a pain stimulus and feel helpless in the presence of pain. It is a cognitive process that occurs within an individual's mind.
Step 3: Financial_level, on the other hand, is a proxy for socioeconomic status, which is an external factor that can be influenced by various factors, including but not limited to, income, education, and employment status.
Step 4: Given the definitions, it is unlikely that Catastrophizing directly influences Financial_level, as Catastrophizing is a psychological process and Financial_level is an external factor.
Step 5: However, it is possible that Catastrophizing could influence Financial_level indirectly through intermediate variables, such as decreased productivity, absenteeism, or reduced job performance due to chronic pain, which could lead to financial difficulties.
Step 6: However, even in this case, the relationship would be more accurately described as a correlation rather than a causal relationship, as the direction of causality would be unclear.
Step 7: Therefore, based on the definitions and potential relationships between Catastrophizing and Financial_level, it is unlikely that there is a causal relationship where Catastrophizing precedes and leads to a change in Financial_level.

Conclusion: No",False
52,Catastrophizing,Obesity,True,"Reasoning Process:
Step 1: Understanding the definitions of Catastrophizing and Obesity: Catastrophizing is a psychological phenomenon characterized by an exaggerated negative mental response to pain, while Obesity is a medical condition defined by an excess of body fat. 
Step 2: Considering the relationship between Catastrophizing and Obesity: Catastrophizing can lead to maladaptive coping mechanisms, such as avoidance behaviors, which may result in reduced physical activity. Reduced physical activity is a known risk factor for weight gain and obesity.
Step 3: Exploring potential intermediate variables: Depression, anxiety, and stress are common comorbidities with both catastrophizing and obesity. These mental health conditions can lead to changes in eating habits, reduced motivation for physical activity, and increased inflammation, all of which can contribute to weight gain and obesity.
Step 4: Evaluating the biological plausibility: While catastrophizing is a psychological phenomenon, its effects on behavior and physiology can have a biological impact. For example, chronic stress and anxiety can lead to changes in the hypothalamic-pituitary-adrenal axis, which can affect appetite regulation and metabolism.
Step 5: Considering the theoretical and scientific basis: There is a substantial body of research suggesting that psychological factors, including catastrophizing, can influence physical health outcomes, including obesity. This is supported by studies in psychology, medicine, and public health.
Step 6: Conclusion: Based on the definitions, relationships, and scientific evidence, it is plausible that catastrophizing may have a causal relationship with obesity, either directly or through one or more intermediate variables.
Step 7: Conclusion: Therefore, the answer to the question is TRUE.

Conclusion: Yes",True,"Reasoning Process:
Step 1: To determine if there is an association between catastrophizing and obesity, we need to consider the definitions of both variables and their potential relationship.
Step 2: Catastrophizing is a psychological construct that refers to the tendency to magnify the threat value of a pain stimulus and feel helpless in the presence of pain. It is a cognitive process that can be influenced by various factors, including psychological and social variables.
Step 3: Obesity, on the other hand, is a physical condition characterized by an excess amount of body fat. It is typically measured using the body mass index (BMI) and is associated with various health risks, including chronic pain.
Step 4: While catastrophizing is a psychological construct and obesity is a physical condition, research has shown that there is a complex relationship between the two. Studies have found that individuals with chronic pain, including those with obesity, are more likely to exhibit catastrophizing behaviors.
Step 5: Furthermore, research has also shown that catastrophizing can contribute to the development and maintenance of chronic pain, which can, in turn, exacerbate obesity-related health issues.
Step 6: Additionally, there is evidence to suggest that individuals with obesity may be more likely to experience catastrophizing due to the physical and emotional challenges associated with their condition.
Step 7: Considering these findings, it appears that there is a bidirectional relationship between catastrophizing and obesity, with each variable influencing the other.
Step 8: Therefore, based on the existing research, it can be concluded that there is an association between catastrophizing and obesity.

Conclusion: Yes",False,"Reasoning Process:
Step 1: To determine if there is a causal relationship between Catastrophizing and Obesity, we need to consider the definitions of both variables and their potential interactions.
Step 2: Catastrophizing is a psychological construct that involves the tendency to magnify the threat value of a pain stimulus and feel helpless in the presence of pain. This suggests that catastrophizing is related to pain perception and emotional response, rather than directly influencing physical characteristics like weight or BMI.
Step 3: Obesity, on the other hand, is a physical characteristic that can be influenced by various factors, including diet, exercise, and genetics. While catastrophizing may be related to certain behaviors or coping mechanisms that could potentially impact weight, it is not a direct cause of obesity.
Step 4: There is some evidence to suggest that chronic pain and catastrophizing can lead to decreased physical activity and changes in eating habits, which may contribute to weight gain or obesity. However, this relationship is indirect and complex, involving multiple intermediate variables.
Step 5: Given the indirect and complex nature of the relationship between catastrophizing and obesity, it is difficult to establish a clear causal link between the two variables. While catastrophizing may contribute to behaviors that can lead to weight gain, it is not a direct cause of obesity.
Step 6: Therefore, based on the definitions and potential interactions between catastrophizing and obesity, it is reasonable to conclude that there is no direct causal relationship between the two variables.
Step 7: However, it is possible that catastrophizing may influence obesity indirectly through intermediate variables, such as decreased physical activity or changes in eating habits.
Step 8: In conclusion, while there may be an indirect relationship between catastrophizing and obesity, it is not a direct causal relationship.
Step 9: Therefore, the answer to the question is: FALSE

Conclusion: No",False
53,Catastrophizing,PEG,True,"Reasoning Process:
Step 1: Understanding the definitions of Catastrophizing and PEG: Catastrophizing is a psychological construct that involves the tendency to magnify the threat value of a pain stimulus and feel helpless in the presence of pain. PEG is an index measuring pain interference and pain intensity due to chronic low back pain.
Step 2: Considering the relationship between Catastrophizing and pain perception: Catastrophizing is known to be associated with increased pain perception and decreased pain tolerance. This suggests that individuals who catastrophize may experience higher levels of pain intensity, which could potentially contribute to higher PEG scores.
Step 3: Exploring potential intermediate variables: Catastrophizing may influence PEG scores through various intermediate variables, such as increased anxiety, depression, or avoidance behaviors, which can exacerbate pain and reduce functioning.
Step 4: Considering the biopsychosocial model of pain: This model suggests that pain is a complex experience influenced by biological, psychological, and social factors. Catastrophizing can be seen as a psychological factor that contributes to the experience of pain, which in turn can affect PEG scores.
Step 5: Reviewing existing research: Studies have shown that catastrophizing is a significant predictor of pain outcomes, including pain intensity and interference, which are measured by indices like PEG.
Step 6: Synthesizing the information: Based on the definitions, relationships, and existing research, it is plausible that catastrophizing may have a causal relationship with PEG scores, either directly or through intermediate variables.
Step 7: Conclusion: Given the associations between catastrophizing and pain perception, the potential for intermediate variables, and the biopsychosocial model of pain, it is reasonable to suggest that catastrophizing may have a causal relationship with PEG scores.
Step 8: Final Answer: TRUE

Conclusion: Yes",True,"Reasoning Process:
Step 1: Understanding the definitions of Catastrophizing and PEG: Catastrophizing is a psychological construct that involves the tendency to magnify the threat value of a pain stimulus and feel helpless in the presence of pain. PEG score is an index measuring pain interference and pain intensity due to chronic low back pain.
Step 2: Considering the relationship between Catastrophizing and PEG: Catastrophizing is a psychological factor that can influence an individual's perception of pain, which in turn can affect their PEG score. If an individual catastrophizes about their pain, they are likely to experience increased pain interference and intensity, leading to a higher PEG score.
Step 3: Analyzing the potential statistical association: Given the relationship between Catastrophizing and PEG, it is plausible that there is a statistical association between the two variables. Research has shown that psychological factors, such as catastrophizing, can significantly impact pain outcomes, including pain intensity and interference.
Step 4: Considering the directionality of the association: The association between Catastrophizing and PEG is likely to be positive, meaning that higher levels of catastrophizing are associated with higher PEG scores.
Step 5: Conclusion: Based on the relationship between Catastrophizing and PEG, and the potential impact of psychological factors on pain outcomes, it is reasonable to conclude that there is an association between Catastrophizing and PEG.

Conclusion: Yes",True,"Reasoning Process:
Step 1: Understanding the definitions of Catastrophizing and PEG: Catastrophizing is a psychological construct that involves the tendency to magnify the threat value of a pain stimulus and feel helpless in the presence of pain. PEG is an index measuring pain interference and pain intensity due to chronic low back pain.
Step 2: Considering the relationship between Catastrophizing and PEG: Catastrophizing can lead to increased pain perception, anxiety, and fear, which in turn can increase pain interference and intensity. This suggests a potential causal link between Catastrophizing and PEG.
Step 3: Evaluating the direction of the causal relationship: The definition of Catastrophizing implies that it is a precursor to the experience of pain and its consequences, including increased pain interference and intensity. This suggests that Catastrophizing temporally precedes and influences PEG.
Step 4: Considering potential intermediate variables: While there may be other factors that influence the relationship between Catastrophizing and PEG, such as coping strategies or social support, the definition of Catastrophizing implies a direct influence on pain perception and experience.
Step 5: Conclusion: Based on the definitions and the logical relationship between Catastrophizing and PEG, it is reasonable to conclude that there is a causal relationship where a change in Catastrophizing precedes and leads to a change in PEG.
Step 6: Final Answer: TRUE
Step 7: Conclusion: The causal relationship between Catastrophizing and PEG is supported by the definitions and the logical relationship between the two constructs.

Conclusion: Yes",True
54,Catastrophizing,Sleep disturbance,True,"Reasoning Process:
Step 1: Understanding the definitions of Catastrophizing and Sleep disturbance: Catastrophizing is a cognitive process characterized by the tendency to magnify the threat value of a pain stimulus and feel helpless in the presence of pain, while Sleep disturbance is a self-reported measure of sleep quality, depth, and restoration. Both variables are related to pain and its impact on an individual's well-being.
Step 2: Considering the relationship between Catastrophizing and Sleep disturbance: Catastrophizing can lead to increased anxiety and stress, which are known to disrupt sleep patterns and quality. Additionally, individuals who catastrophize may experience increased pain intensity and duration, which can further exacerbate sleep disturbances.
Step 3: Exploring potential intermediate variables: Anxiety, stress, and pain intensity are plausible intermediate variables that could link Catastrophizing to Sleep disturbance. These variables are biologically and theoretically reasonable, as they are well-established factors that influence both pain perception and sleep quality.
Step 4: Assessing the plausibility of a causal relationship: Based on the existing knowledge and relationships between Catastrophizing, anxiety, stress, pain intensity, and Sleep disturbance, it is plausible that Catastrophizing may have a causal relationship with Sleep disturbance, either directly or through one or more intermediate variables.
Step 5: Conclusion: Given the established relationships between Catastrophizing, anxiety, stress, pain intensity, and Sleep disturbance, it is reasonable to conclude that Catastrophizing may have a causal relationship with Sleep disturbance.
Step 6: Final Answer: TRUE

Conclusion: Yes",True,"Reasoning Process:
Step 1: Understanding the definitions of Catastrophizing and Sleep disturbance: Catastrophizing is a psychological construct characterized by negative thoughts and feelings in response to pain, while Sleep disturbance is a self-reported measure of sleep quality. Both variables are related to pain, but in different ways.
Step 2: Considering the relationship between Catastrophizing and Sleep disturbance: Catastrophizing can lead to increased anxiety and stress, which can disrupt sleep patterns and quality. Additionally, chronic pain, which is often associated with catastrophizing, can also lead to sleep disturbances. Therefore, it is plausible that there is a statistical association between the two variables.
Step 3: Evaluating the directionality of the association: The association between Catastrophizing and Sleep disturbance is likely bidirectional. Catastrophizing can lead to sleep disturbances, and sleep disturbances can also exacerbate catastrophizing thoughts and feelings. This bidirectional relationship suggests a statistical association between the two variables.
Step 4: Considering the presence of a statistical association: Given the plausible bidirectional relationship between Catastrophizing and Sleep disturbance, it is reasonable to conclude that there is a statistical association between the two variables.

Conclusion: Yes",True,"Reasoning Process:
Step 1: Understanding the definitions of Catastrophizing and Sleep disturbance: Catastrophizing is a cognitive process characterized by the tendency to magnify the threat value of a pain stimulus and feel helpless in the presence of pain, while Sleep disturbance is a self-reported measure of sleep quality, depth, and restoration. Both variables are related to pain, but they operate at different levels: Catastrophizing is a cognitive process, and Sleep disturbance is a behavioral outcome.
Step 2: Considering the relationship between Catastrophizing and Sleep disturbance: Research has shown that Catastrophizing can lead to increased anxiety and stress, which can disrupt sleep patterns and quality. This suggests a potential causal link between Catastrophizing and Sleep disturbance, where Catastrophizing can precede and influence Sleep disturbance.
Step 3: Evaluating the direction of the causal relationship: The definition of Catastrophizing implies that it is a cognitive process that occurs before the experience of pain, which can then lead to Sleep disturbance. This suggests that Catastrophizing temporally precedes and influences Sleep disturbance, consistent with a directional causal link.
Step 4: Considering potential intermediate variables: While there may be other factors that mediate the relationship between Catastrophizing and Sleep disturbance, such as anxiety or depression, the primary causal link is between Catastrophizing and Sleep disturbance. Therefore, even if there are intermediate variables, the causal relationship between Catastrophizing and Sleep disturbance remains.
Step 5: Conclusion: Based on the definitions of Catastrophizing and Sleep disturbance, the relationship between the two variables, and the direction of the causal link, it is reasonable to conclude that there is a causal relationship where a change in Catastrophizing precedes and leads to a change in Sleep disturbance.
Step 6: Conclusion: Therefore, the answer to the question is TRUE.

Conclusion: Yes",False
55,Catastrophizing,Smoking,True,"Reasoning Process:
Step 1: Understanding the definitions of Catastrophizing and Smoking: Catastrophizing is a psychological phenomenon characterized by an exaggerated negative response to pain, while Smoking is a behavioral habit involving the inhalation of tobacco smoke. To establish a causal relationship between the two, we need to explore potential pathways through which catastrophizing might influence smoking or vice versa.
Step 2: Exploring potential pathways: One possible pathway is that individuals who catastrophize may experience increased stress and anxiety, which can lead to smoking as a coping mechanism. This is because smoking can provide temporary relief from stress and anxiety. Another pathway is that smoking can lead to chronic pain and discomfort, which may trigger catastrophizing in some individuals.
Step 3: Considering the biopsychosocial model: The biopsychosocial model suggests that health outcomes are influenced by a combination of biological, psychological, and social factors. Catastrophizing is a psychological factor that can affect an individual's perception of pain, while smoking is a behavioral factor that can have biological consequences. It is plausible that catastrophizing could influence smoking through its impact on psychological factors such as stress and anxiety, which can then lead to smoking as a coping mechanism.
Step 4: Examining existing research: There is evidence to suggest that individuals who experience chronic pain and catastrophize are more likely to engage in maladaptive coping behaviors, including smoking. Additionally, research has shown that smoking can exacerbate chronic pain and discomfort, creating a vicious cycle.
Step 5: Considering the complexity of the relationship: The relationship between catastrophizing and smoking is likely bidirectional and influenced by multiple factors. While catastrophizing may contribute to smoking, smoking can also contribute to catastrophizing through its negative health consequences. This complexity highlights the need for a nuanced understanding of the relationship between these two variables.
Step 6: Conclusion: Based on the definitions, potential pathways, biopsychosocial model, existing research, and complexity of the relationship, it is plausible that catastrophizing may have a causal relationship with smoking, either directly or through one or more intermediate variables.

Conclusion: Yes",True,"Reasoning Process:
Step 1: To determine if there is an association between Catastrophizing and Smoking, we need to consider the definitions of both variables and their potential relationship.
Step 2: Catastrophizing is a psychological phenomenon characterized by a negative thought pattern in response to pain, which can lead to increased anxiety, fear, and avoidance behaviors. It is a cognitive process that affects an individual's perception and experience of pain.
Step 3: Smoking, on the other hand, is a behavioral habit that involves the inhalation of tobacco smoke, which is a known risk factor for various health problems, including chronic pain and other chronic conditions.
Step 4: While catastrophizing is a psychological process and smoking is a behavioral habit, research has shown that individuals who experience chronic pain are more likely to engage in maladaptive coping behaviors, such as smoking, as a way to cope with their pain.
Step 5: Furthermore, smoking has been linked to an increased risk of developing chronic pain conditions, such as chronic obstructive pulmonary disease (COPD) and other respiratory problems, which can exacerbate pain perception.
Step 6: Additionally, studies have found that individuals with higher levels of catastrophizing tend to engage in more maladaptive coping behaviors, including smoking, as a way to cope with their pain and emotional distress.
Step 7: Therefore, based on the existing research and the definitions of both variables, there appears to be a potential association between catastrophizing and smoking, as individuals who experience higher levels of catastrophizing may be more likely to engage in smoking as a maladaptive coping behavior.

Conclusion: Yes",True,"Reasoning Process:
Step 1: To determine if there is a causal relationship between Catastrophizing and Smoking, we need to consider the definitions of both variables and their potential interactions.
Step 2: Catastrophizing is a cognitive process characterized by the tendency to magnify the threat value of a pain stimulus and feel helpless in the presence of pain. This suggests that individuals with high levels of catastrophizing may be more likely to experience anxiety, stress, and other negative emotions in response to pain.
Step 3: Smoking is a behavior that can be used as a coping mechanism for stress, anxiety, and other negative emotions. Individuals who experience high levels of catastrophizing may be more likely to turn to smoking as a way to manage their emotions and alleviate their pain.
Step 4: However, it's essential to note that catastrophizing is a cognitive process, while smoking is a behavior. This suggests that the relationship between the two may be indirect, with catastrophizing influencing smoking through intermediate variables such as stress, anxiety, or emotional regulation.
Step 5: Research has shown that individuals with chronic pain and high levels of catastrophizing are more likely to engage in maladaptive coping behaviors, including smoking. This suggests that catastrophizing may indeed precede and influence smoking in a way consistent with a directional causal link.
Step 6: Therefore, based on the definitions of catastrophizing and smoking, and the potential interactions between the two, it appears that there is a causal relationship where a change in catastrophizing precedes and leads to a change in smoking, either directly or through one or more intermediate variables.
Step 7: This causal relationship is supported by research on the relationship between chronic pain, catastrophizing, and maladaptive coping behaviors such as smoking.
Step 8: In conclusion, the available evidence suggests that catastrophizing can indeed lead to an increase in smoking behavior, either directly or indirectly through intermediate variables.
Step 9: Therefore, the answer to the question is: TRUE.

Conclusion: Yes",False
56,Depression,Alcohol,True,"Reasoning Process:
Step 1: Understanding the definitions of the variables involved: Depression (PROMIS depression) and Alcohol (alcohol consumption).
Step 2: Considering the relationship between Depression and Alcohol, it is known that individuals with depression may use alcohol as a coping mechanism to alleviate symptoms, potentially leading to increased alcohol consumption.
Step 3: Additionally, chronic alcohol consumption has been linked to the development of depression, as it can affect neurotransmitter levels, particularly serotonin and dopamine, which are involved in mood regulation.
Step 4: Furthermore, there is evidence suggesting that depression can lead to changes in brain regions involved in reward processing, such as the prefrontal cortex and amygdala, which can increase the likelihood of substance use, including alcohol.
Step 5: Moreover, genetic factors, such as genetic predisposition to both depression and alcohol use disorder, may also contribute to the relationship between the two variables.
Step 6: Considering these factors, it is plausible that Depression may have a causal relationship with Alcohol, either directly or through one or more intermediate variables.

Conclusion: Yes",True,"Reasoning Process:
Step 1: Understanding the definitions of the variables: Depression is defined as the affective and cognitive manifestations of depression, as measured by the PROMIS depression scale, and Alcohol is defined as the number of drinks consumed per week.
Step 2: Considering the relationship between Depression and Alcohol, it is known that individuals with depression may be more likely to engage in substance use, including alcohol, as a coping mechanism or to self-medicate.
Step 3: Research has shown that there is a bidirectional relationship between depression and alcohol use, with depression increasing the risk of alcohol use and alcohol use increasing the risk of depression.
Step 4: This bidirectional relationship suggests that there is a statistical association between Depression and Alcohol, as knowledge of the value of one variable (e.g., depression symptoms) can provide information about the other variable (e.g., alcohol consumption).
Step 5: Therefore, based on the definitions of the variables and the known relationships between them, it can be concluded that there is an association between Depression and Alcohol.

Conclusion: Yes",True,"Reasoning Process:
Step 1: To determine if there is a causal relationship between Depression and Alcohol, we need to consider the direction of the relationship and whether Depression can influence Alcohol consumption.
Step 2: Depression is a mental health condition characterized by affective and cognitive manifestations, as defined by the PROMIS depression scale. This suggests that Depression is a psychological state that can have various effects on an individual's behavior and well-being.
Step 3: Alcohol consumption, on the other hand, is a behavioral variable measured by the number of drinks per week. This indicates that Alcohol is an action or behavior that can be influenced by various factors, including psychological states like Depression.
Step 4: Research has shown that individuals with Depression are more likely to engage in substance use, including alcohol consumption, as a coping mechanism or to self-medicate. This suggests that Depression can influence Alcohol consumption.
Step 5: Furthermore, studies have also found that chronic pain, which is often comorbid with Depression, can lead to increased Alcohol consumption as a way to manage pain. This provides an intermediate variable, chronic pain, that can link Depression to Alcohol consumption.
Step 6: Additionally, social and environmental factors, such as social support and access to healthcare, can also influence the relationship between Depression and Alcohol consumption. These factors can serve as intermediate variables that mediate the relationship between Depression and Alcohol.
Step 7: Considering these points, it is reasonable to conclude that there is a causal relationship between Depression and Alcohol, where Depression can influence Alcohol consumption directly or through one or more intermediate variables.

Conclusion: Yes",True
57,Depression,Anxiety,True,"Reasoning Process:
Step 1: Understanding the definitions of Depression and Anxiety: The first step is to understand the definitions of both Depression and Anxiety. According to the provided definitions, PROMIS depression focuses on the affective and cognitive manifestations of depression, while PROMIS anxiety focuses on fear, anxious misery, hyperarousal, and somatic symptoms related to arousal.
Step 2: Exploring the relationship between Depression and Anxiety: Research has shown that there is a significant comorbidity between depression and anxiety disorders. Studies have consistently demonstrated that individuals with depression are at a higher risk of developing anxiety disorders, and vice versa.
Step 3: Considering potential intermediate variables: There are several potential intermediate variables that could explain the relationship between depression and anxiety, such as stress, trauma, and sleep disturbances. These variables can contribute to the development and maintenance of both depression and anxiety.
Step 4: Biological and theoretical plausibility: From a biological perspective, the relationship between depression and anxiety can be explained by the shared underlying neurobiological mechanisms, such as altered neurotransmitter levels and brain structure abnormalities. Theoretically, the relationship can be explained by the cognitive-behavioral model, which suggests that negative thought patterns and behaviors contribute to the development and maintenance of both depression and anxiety.
Step 5: Scientific evidence: There is a substantial body of scientific evidence supporting the relationship between depression and anxiety. Studies have consistently shown that individuals with depression are at a higher risk of developing anxiety disorders, and that treating depression can also reduce symptoms of anxiety.
Step 6: Conclusion: Based on the definitions, research, and scientific evidence, it is plausible that depression may have a causal relationship with anxiety, either directly or through one or more intermediate variables.
Step 7: Conclusion: Therefore, the final answer is TRUE.

Conclusion: Yes",True,"Reasoning Process:
Step 1: Understanding the definitions of Depression and Anxiety: Depression is defined as the affective and cognitive manifestations of depression, while Anxiety is defined as fear, anxious misery, hyperarousal, and somatic symptoms related to arousal.
Step 2: Recognizing that both Depression and Anxiety are complex mental health conditions that often co-occur and share common underlying factors, such as genetic predisposition, life experiences, and brain chemistry.
Step 3: Understanding that the PROMIS depression and anxiety measures are used to assess the affective and cognitive manifestations of depression and the fear, anxious misery, hyperarousal, and somatic symptoms related to arousal, respectively.
Step 4: Knowing that research has consistently shown that individuals with depression are at a higher risk of developing anxiety, and vice versa, suggesting a bidirectional relationship between the two conditions.
Step 5: Understanding that statistical association refers to any dependency between two variables, regardless of strength or directionality, and that the presence of a bidirectional relationship between Depression and Anxiety suggests a statistical association.
Step 6: Considering the high comorbidity rates between depression and anxiety, with studies suggesting that up to 60% of individuals with depression also experience anxiety, and vice versa.
Step 7: Recognizing that the shared underlying factors, such as genetic predisposition, life experiences, and brain chemistry, contribute to the statistical association between Depression and Anxiety.

Conclusion: Yes",True,"Reasoning Process:
Step 1: Understanding the definitions of Depression and Anxiety: The first step is to understand the definitions of both variables. According to the definitions, PROMIS depression focuses on the affective and cognitive manifestations of depression, while PROMIS anxiety focuses on fear, anxious misery, hyperarousal, and somatic symptoms related to arousal.
Step 2: Considering the relationship between Depression and Anxiety: Research has shown that depression and anxiety often co-occur and share common underlying factors, such as genetic predisposition, life events, and brain chemistry. This suggests a complex relationship between the two variables.
Step 3: Examining the temporal relationship: Studies have consistently shown that depression often precedes anxiety in many individuals. For example, people with depression are more likely to develop anxiety disorders, and anxiety symptoms often emerge during the course of a depressive episode.
Step 4: Considering the direction of causality: While the relationship between depression and anxiety is complex, research suggests that depression can contribute to the development of anxiety. For instance, depression can lead to increased rumination, worry, and fear, which can contribute to the development of anxiety symptoms.
Step 5: Evaluating the presence of intermediate variables: There are several intermediate variables that can mediate the relationship between depression and anxiety, such as sleep disturbances, social withdrawal, and cognitive impairment. These variables can contribute to the development of anxiety symptoms in individuals with depression.
Step 6: Conclusion: Based on the evidence, it appears that there is a causal relationship where a change in Depression precedes and leads to a change in Anxiety, either directly or through one or more intermediate variables.
Step 7: Therefore, the final conclusion is: True

Conclusion: Yes",False
58,Depression,CCI,True,"Reasoning Process:
Step 1: Understanding the definitions of the variables involved: Depression (PROMIS) and CCI (Comorbidity Index).
Step 2: Considering the definition of Depression (PROMIS), it encompasses both affective and cognitive manifestations, indicating a complex psychological condition.
Step 3: Considering the definition of CCI, it measures the number of comorbidities, suggesting a quantitative assessment of multiple health conditions.
Step 4: Reflecting on the relationship between Depression and comorbidities, it is well-established in medical literature that individuals with depression often have higher rates of comorbidities, including physical health conditions.
Step 5: Considering the bi-directional relationship between Depression and comorbidities, it is plausible that Depression may contribute to the development or exacerbation of comorbidities, thereby increasing the CCI score.
Step 6: Additionally, the presence of comorbidities can also contribute to the development or worsening of Depression, creating a potential feedback loop.
Step 7: Given the complex interplay between Depression and comorbidities, it is plausible that Depression may have a causal relationship with CCI, either directly or through one or more intermediate variables.

Conclusion: Yes",True,"Reasoning Process:
Step 1: Understanding the definitions of the variables: Depression (PROMIS depression) and CCI (Comorbidity index).
Step 2: Recognizing that an association between two variables means that there is a statistical dependency between them, regardless of the strength or directionality of the relationship.
Step 3: Considering the nature of CCI, which measures the number of comorbidities, and its potential impact on an individual's overall health and well-being.
Step 4: Reflecting on the relationship between comorbidities and depression, as individuals with multiple comorbidities may experience increased stress, anxiety, and emotional distress, which can contribute to the development or exacerbation of depression.
Step 5: Considering the potential for a bidirectional relationship between CCI and depression, where higher CCI scores may be associated with increased risk of depression, and conversely, depression may also contribute to the development of additional comorbidities.
Step 6: Understanding that the presence of comorbidities can also impact treatment outcomes and quality of life, further supporting the potential association between CCI and depression.
Step 7: Considering the complexity of the relationship between CCI and depression, and the potential for confounding variables to influence the association.
Step 8: Recognizing that while the strength and directionality of the association may vary, the presence of an association between CCI and depression is supported by the underlying mechanisms and relationships between comorbidities and mental health outcomes.
Step 9: Based on the above reasoning, it is reasonable to conclude that there is an association between Depression and CCI.
Step 10: Therefore, the final answer is: True

Conclusion: Yes",True,"Reasoning Process:
Step 1: To determine if there is a causal relationship between Depression and CCI, we need to consider the definitions of both variables. Depression is defined as the affective and cognitive manifestations of depression, as measured by the PROMIS depression scale. CCI, on the other hand, is a comorbidity index that measures the number of comorbidities.
Step 2: A causal relationship implies that a change in one variable (Depression) precedes and leads to a change in another variable (CCI). This means we need to consider if there is a temporal relationship between the two variables.
Step 3: Depression can lead to various physical and behavioral changes that may increase the likelihood of developing comorbidities. For example, individuals with depression may be less likely to engage in healthy behaviors, such as regular exercise or a balanced diet, which can increase their risk of developing comorbidities.
Step 4: Additionally, depression can also lead to increased inflammation, oxidative stress, and changes in the hypothalamic-pituitary-adrenal axis, which can contribute to the development of comorbidities.
Step 5: Furthermore, individuals with depression may be more likely to experience chronic pain, which can also contribute to the development of comorbidities.
Step 6: Considering these potential pathways, it is reasonable to conclude that a change in Depression can precede and lead to a change in CCI, either directly or through one or more intermediate variables.

Conclusion: Yes",True
59,Depression,Catastrophizing,True,"Reasoning Process:
Step 1: Understanding the definitions of Depression and Catastrophizing: Depression is characterized by affective and cognitive manifestations, while Catastrophizing is a cognitive process that involves magnifying the threat value of a pain stimulus and feeling helpless in the presence of pain.
Step 2: Considering the relationship between Depression and Catastrophizing: Research has shown that individuals with depression often exhibit negative thought patterns, including rumination and hopelessness, which can contribute to catastrophizing.
Step 3: Exploring potential intermediate variables: It is plausible that Depression may influence Catastrophizing through intermediate variables such as rumination, hopelessness, and negative thought patterns.
Step 4: Considering the biological and theoretical underpinnings: The relationship between Depression and Catastrophizing is supported by theories of cognitive-behavioral therapy, which suggest that negative thought patterns and cognitive distortions can contribute to the development and maintenance of depression and catastrophizing.
Step 5: Evaluating the scientific evidence: Studies have consistently shown a positive correlation between depression and catastrophizing, suggesting a plausible causal relationship between the two.
Step 6: Conclusion: Based on the definitions, research, and theoretical underpinnings, it is plausible that Depression may have a causal relationship with Catastrophizing, either directly or through one or more intermediate variables.
Step 7: Conclusion: Therefore, the answer to the question is TRUE.

Conclusion: Yes",True,"Reasoning Process:
Step 1: Understanding the definitions of Depression and Catastrophizing: Depression is characterized by affective and cognitive manifestations, while Catastrophizing is a cognitive process that involves magnifying the threat value of a pain stimulus and feeling helpless in the presence of pain.
Step 2: Considering the relationship between Depression and Catastrophizing: Research has shown that individuals with depression often exhibit catastrophizing thoughts and behaviors, which can exacerbate their depressive symptoms.
Step 3: Analyzing the cognitive component of Depression: Depression involves negative thought patterns, including rumination and hopelessness, which are similar to the cognitive processes involved in Catastrophizing.
Step 4: Evaluating the potential for statistical association: Given the overlap in cognitive processes between Depression and Catastrophizing, it is plausible that there is a statistical association between the two variables.
Step 5: Considering the directionality of the association: The association between Depression and Catastrophizing may be bidirectional, meaning that individuals with depression may be more likely to engage in catastrophizing, and conversely, catastrophizing may contribute to the development or exacerbation of depressive symptoms.

Conclusion: Yes",True,"Reasoning Process:
Step 1: Understanding the definitions of Depression and Catastrophizing: Depression is characterized by affective and cognitive manifestations, while Catastrophizing is a tendency to magnify the threat value of a pain stimulus and feel helpless in the presence of pain.
Step 2: Considering the relationship between Depression and Catastrophizing: Research suggests that individuals with depression are more likely to engage in catastrophizing behaviors, as depression can exacerbate negative thought patterns and increase the perception of pain.
Step 3: Evaluating the temporal relationship: Depression often precedes and can lead to the development of catastrophizing thoughts and behaviors, as individuals with depression may be more prone to ruminate on their pain and feel overwhelmed by it.
Step 4: Considering potential intermediate variables: While there may be other factors that contribute to the development of catastrophizing, such as past experiences or coping mechanisms, depression can still be a significant precursor to catastrophizing.
Step 5: Assessing the directional causal link: The relationship between depression and catastrophizing is consistent with a directional causal link, where depression can lead to an increase in catastrophizing thoughts and behaviors.
Step 6: Conclusion: Based on the definitions, research, and temporal relationship, there is a causal relationship where a change in Depression precedes and leads to a change in Catastrophizing, either directly or through one or more intermediate variables.
Step 7: Conclusion: Therefore, the answer to the question is TRUE.

Conclusion: Yes",False
60,Depression,Education,True,"Reasoning Process:
Step 1: Understanding the definitions of the variables involved: Depression (PROMIS depression) refers to the affective and cognitive manifestations of depression, while Education refers to the level of education of the participant.
Step 2: Considering the potential relationship between Depression and Education, it is essential to examine the existing body of knowledge and research in the field of psychology and medicine.
Step 3: Research has shown that there is a complex interplay between socioeconomic factors, including education, and mental health outcomes, such as depression. For instance, lower levels of education have been linked to increased stress, decreased access to resources, and limited social support, all of which can contribute to the development and maintenance of depression.
Step 4: Additionally, education can influence an individual's ability to cope with stress, access healthcare services, and engage in healthy behaviors, which can further impact their mental health.
Step 5: Furthermore, education can also affect an individual's socioeconomic status, which is a known risk factor for depression. Therefore, it is plausible that education may have a causal relationship with depression, either directly or through one or more intermediate variables.
Step 6: Considering the biologically, theoretically, and scientifically reasonable pathways through which education can influence depression, it is plausible to suggest a causal relationship between the two variables.
Step 7: Based on the existing knowledge and research in the field, it is plausible that Depression may have a causal relationship with Education, either directly or through one or more intermediate variables.
Step 8: Therefore, the answer to the question is TRUE.

Conclusion: Yes",True,"Reasoning Process:
Step 1: To determine if there is an association between Depression and Education, we need to consider the nature of the relationship between the two variables. Association refers to any statistical dependency between two variables, regardless of strength or directionality.
Step 2: Depression, as defined by PROMIS, encompasses the affective and cognitive manifestations of depression. This suggests that depression is a complex psychological state that can be influenced by various factors, including but not limited to, education level.
Step 3: Education, on the other hand, is a variable that can potentially influence an individual's socioeconomic status, access to resources, and overall well-being, which in turn can impact their mental health, including depression.
Step 4: Given the potential bidirectional relationship between education and depression, it is plausible that there is an association between the two variables. For instance, individuals with higher education levels may have better access to resources and support, potentially reducing their risk of depression. Conversely, individuals with depression may experience decreased motivation and cognitive impairment, affecting their ability to pursue higher education.
Step 5: Furthermore, research has shown that there is a significant body of evidence suggesting a link between education and mental health outcomes, including depression. Studies have found that higher levels of education are often associated with lower rates of depression, and that education can serve as a protective factor against the development of depression.
Step 6: Therefore, based on the potential bidirectional relationship and the existing research evidence, it is reasonable to conclude that there is an association between Depression and Education.
Step 7: This association can be observed in various studies that have investigated the relationship between education and mental health outcomes, including depression.
Step 8: In conclusion, the relationship between education and depression is complex and multifaceted, and there is evidence to suggest that there is an association between the two variables.
Step 9: This association can be observed in various studies that have investigated the relationship between education and mental health outcomes, including depression.
Step 10: Therefore, the answer to the question is: True.

Conclusion: Yes",True,"Reasoning Process:
Step 1: To determine if there is a causal relationship between Depression and Education, we need to consider the direction of the relationship and whether Depression can influence Education directly or indirectly through one or more intermediate variables.
Step 2: Depression is a mental health condition that can affect an individual's motivation, interest, and ability to learn, which are essential factors in the educational process.
Step 3: Therefore, it is plausible that Depression can influence Education by affecting an individual's academic performance, attendance, and overall engagement in educational activities.
Step 4: However, the question asks if Depression precedes and leads to a change in Education, which implies a temporal relationship where Depression occurs before Education.
Step 5: Considering the nature of Depression, it is unlikely that Education would precede and lead to Depression, as Education is typically a precursor to the development of Depression in individuals.
Step 6: Therefore, the relationship between Depression and Education is more likely to be a causal relationship where Depression precedes and influences Education, either directly or indirectly.

Conclusion: Yes",False
61,Depression,Fear_avoidance,True,"Reasoning Process:
Step 1: Understanding the definitions of Depression and Fear_avoidance: Depression is defined as the affective and cognitive manifestations of depression, as measured by the PROMIS depression questionnaire. Fear_avoidance is a patient-reported questionnaire that focuses on how a patient's fear avoidance beliefs about physical activity and work may affect and contribute to their low back pain and resulting disability.
Step 2: Considering the relationship between Depression and Fear_avoidance: Research has shown that individuals with depression often experience increased levels of fear and anxiety, which can lead to avoidance behaviors. In the context of low back pain, fear avoidance behaviors can exacerbate pain and disability.
Step 3: Exploring potential intermediate variables: It is plausible that Depression may contribute to Fear_avoidance through intermediate variables such as increased anxiety, decreased motivation, or reduced self-efficacy. These variables can lead to a vicious cycle of fear avoidance, perpetuating the cycle of pain and disability.
Step 4: Considering the biopsychosocial model of pain: The biopsychosocial model of pain suggests that pain is influenced by biological, psychological, and social factors. Depression can affect all three of these domains, potentially leading to increased fear avoidance behaviors.
Step 5: Evaluating the plausibility of a causal relationship: Based on the existing knowledge and research, it is plausible that Depression may have a causal relationship with Fear_avoidance, either directly or through one or more intermediate variables.
Step 6: Conclusion: Given the relationships between Depression, fear avoidance behaviors, and the biopsychosocial model of pain, it is plausible that Depression may have a causal relationship with Fear_avoidance.
Step 7: Conclusion: Therefore, the answer to the question is TRUE.

Conclusion: Yes",True,"Reasoning Process:
Step 1: To determine if there is an association between Depression and Fear_avoidance, we need to consider the definitions of both variables. Depression is defined as the affective and cognitive manifestations of depression, as measured by the PROMIS depression questionnaire. Fear_avoidance, on the other hand, is a patient-reported questionnaire that focuses on how a patient's fear avoidance beliefs about physical activity and work may affect and contribute to their low back pain and resulting disability.
Step 2: Given the definitions, we can see that both variables are related to the patient's mental state and its impact on their physical well-being. Depression is a mental health condition that can affect a person's mood and cognitive function, while Fear_avoidance is a belief system that can contribute to a patient's disability and low back pain.
Step 3: Research has shown that individuals with depression are more likely to experience fear avoidance behaviors, which can exacerbate their low back pain and disability. This suggests a potential association between the two variables.
Step 4: Furthermore, studies have also found that addressing fear avoidance behaviors in patients with low back pain can lead to improved mental health outcomes, including reduced symptoms of depression. This further supports the idea of an association between the two variables.
Step 5: Additionally, both variables are often assessed and treated together in clinical settings, as they are interconnected and can impact each other's outcomes. This integrated approach to treatment also suggests a statistical association between the two variables.
Step 6: Considering the definitions, research findings, and clinical practices, it is reasonable to conclude that there is an association between Depression and Fear_avoidance.

Conclusion: Yes",True,"Reasoning Process:
Step 1: To determine if there is a causal relationship between Depression and Fear_avoidance, we need to consider the definitions of both variables. Depression is defined as the affective and cognitive manifestations of depression, as measured by the PROMIS depression questionnaire. Fear_avoidance, on the other hand, is a patient-reported questionnaire that focuses on how a patient's fear avoidance beliefs about physical activity and work may affect and contribute to their low back pain and resulting disability.
Step 2: Given the definitions, we can infer that Depression can potentially influence Fear_avoidance. For instance, individuals experiencing depression may develop negative thoughts and feelings that can lead to fear avoidance behaviors, such as avoiding physical activity or work due to perceived pain or disability.
Step 3: However, we need to consider the direction of the relationship. The question asks if a change in Depression precedes and leads to a change in Fear_avoidance. This implies a temporal relationship where Depression occurs before Fear_avoidance.
Step 4: Considering the nature of depression and fear avoidance, it is plausible that a change in Depression could lead to a change in Fear_avoidance. For example, if an individual experiences a worsening of depression, they may become more likely to avoid physical activity or work due to increased fear of pain or disability.
Step 5: Furthermore, research has shown that depression is a common comorbidity with chronic pain, including low back pain, and that depression can exacerbate fear avoidance behaviors. This suggests a potential causal link between Depression and Fear_avoidance.
Step 6: In conclusion, based on the definitions of Depression and Fear_avoidance, and considering the potential temporal relationship and the existing research, it is reasonable to conclude that there is a causal relationship where a change in Depression precedes and leads to a change in Fear_avoidance.

Conclusion: Yes",False
62,Depression,Financial_level,True,"Reasoning Process:
Step 1: Understanding the definitions of the variables involved: Depression (PROMIS depression) refers to the affective and cognitive manifestations of depression, while Financial_level is a proxy for socioeconomic status.
Step 2: Considering the relationship between socioeconomic status and mental health, research has consistently shown that individuals with lower socioeconomic status are at a higher risk of developing mental health issues, including depression.
Step 3: The relationship between socioeconomic status and mental health is thought to be bidirectional, with lower socioeconomic status potentially exacerbating symptoms of depression and depression also potentially affecting an individual's ability to maintain or improve their socioeconomic status.
Step 4: Additionally, there are several potential intermediate variables that could mediate the relationship between Financial_level and Depression, such as stress, access to healthcare, and social support networks.
Step 5: Given the existing knowledge and research on the topic, it is plausible that Depression may have a causal relationship with Financial_level, either directly or through one or more intermediate variables.

Conclusion: Yes",True,"Reasoning Process:
Step 1: Understanding the concept of association: Association refers to any statistical dependency between two variables, regardless of strength or directionality. This means that if knowing the value of one variable provides information about the other, they are considered associated.
Step 2: Considering the definitions of the variables: Depression is defined as the affective and cognitive manifestations of depression, as measured by PROMIS, and Financial_level is defined as the level of financial situation of the participant, often used as a proxy for socioeconomic status.
Step 3: Evaluating the potential relationship between the variables: Research has shown that there is a well-established link between socioeconomic status and mental health outcomes, including depression. Individuals with lower socioeconomic status often experience higher levels of stress, limited access to healthcare, and reduced opportunities for social support, all of which can contribute to the development and maintenance of depression.
Step 4: Considering the directionality of the association: The association between Depression and Financial_level is likely to be bidirectional, meaning that lower financial levels may contribute to higher levels of depression, and conversely, higher levels of depression may also contribute to reduced financial levels.
Step 5: Conclusion: Based on the understanding of the concept of association and the definitions of the variables, as well as the established research on the relationship between socioeconomic status and mental health outcomes, it is reasonable to conclude that there is an association between Depression and Financial_level.
Step 6: Final Conclusion: True

Conclusion: Yes",False,"Reasoning Process:
Step 1: To determine if there is a causal relationship between Depression and Financial_level, we need to consider the definition of causality. A causal relationship requires a temporal relationship where the cause (Depression) precedes the effect (Financial_level) and there is a mechanism by which the cause can influence the effect.
Step 2: We are given the definitions of Depression (PROMIS depression: affective and cognitive manifestations of depression) and Financial_level (level of financial situation of the participant, often a proxy for socioeconomic status).
Step 3: However, the definitions do not provide direct evidence of a causal relationship between Depression and Financial_level. We need to consider other factors that could influence this relationship.
Step 4: One possible mechanism by which Depression could influence Financial_level is through reduced productivity and work performance. Depression can lead to decreased motivation, energy, and concentration, making it difficult for individuals to maintain employment or advance in their careers.
Step 5: Additionally, Depression can lead to increased healthcare costs, which can further exacerbate financial difficulties. This could be an intermediate variable that links Depression to Financial_level.
Step 6: However, it's also possible that Financial_level could influence Depression. For example, individuals with lower socioeconomic status may experience more stress and anxiety, which can contribute to the development of Depression.
Step 7: Given the bidirectional relationship between Depression and Financial_level, it's challenging to establish a clear causal link. However, we can consider the directionality of the relationship based on the definitions and potential mechanisms.
Step 8: While Depression can potentially influence Financial_level through reduced productivity and increased healthcare costs, the relationship is not strictly causal. Financial_level can also influence Depression, making it a bidirectional relationship.
Step 9: Therefore, based on the definitions and potential mechanisms, we cannot conclude that Depression strictly precedes and leads to a change in Financial_level in a way consistent with a directional causal link.

Conclusion: No",False
63,Depression,Obesity,True,"Reasoning Process:
Step 1: Understanding the definitions of Depression and Obesity: Depression is defined as the affective and cognitive manifestations of depression, as measured by PROMIS, while Obesity is defined as being overweight or having a high BMI.
Step 2: Considering the potential relationship between Depression and Obesity: Research has shown that individuals with depression are more likely to experience weight gain and obesity, and that obesity is a risk factor for developing depression.
Step 3: Exploring potential intermediate variables: There are several potential intermediate variables that could explain the relationship between Depression and Obesity, such as lifestyle factors (e.g., physical inactivity, poor diet), hormonal changes, and genetic predisposition.
Step 4: Evaluating the biological and theoretical plausibility: The relationship between Depression and Obesity is biologically plausible, as depression can lead to changes in appetite, sleep patterns, and motivation, which can contribute to weight gain and obesity.
Step 5: Considering the scientific evidence: There is a significant body of research supporting the association between Depression and Obesity, including longitudinal studies and meta-analyses that have found a positive correlation between the two conditions.
Step 6: Assessing the direction of the relationship: While the exact direction of the relationship between Depression and Obesity is still unclear, it is plausible that Depression can contribute to the development of Obesity, and that Obesity can also exacerbate symptoms of Depression.
Step 7: Conclusion: Based on the existing knowledge and research, it is plausible that Depression may have a causal relationship with Obesity, either directly or through one or more intermediate variables.
Step 8: Conclusion: Therefore, the final answer to the question is: TRUE

Conclusion: Yes",True,"Reasoning Process:
Step 1: Understanding the definitions of the variables: Depression is defined as the affective and cognitive manifestations of depression as measured by PROMIS, and Obesity is defined as BMI or being overweight, which can be described as weight or BMI associations.
Step 2: Considering the relationship between Depression and Obesity, it is essential to note that research has shown a complex interplay between the two conditions. Studies have found that individuals with depression are more likely to experience weight gain or obesity, and conversely, obesity has been linked to an increased risk of developing depression.
Step 3: The association between Depression and Obesity can be attributed to various factors, including shared underlying biological mechanisms, such as inflammation and hormonal imbalances, as well as behavioral factors, such as changes in appetite and physical activity levels.
Step 4: Furthermore, research has also suggested that the association between Depression and Obesity may be bidirectional, meaning that depression can contribute to the development of obesity, and obesity can also contribute to the development of depression.
Step 5: Given the evidence from various studies and the complex interplay between the two conditions, it is reasonable to conclude that there is an association between Depression and Obesity.

Conclusion: Yes",True,"Reasoning Process:
Step 1: To determine if there is a causal relationship between Depression and Obesity, we need to consider the definitions of both variables. Depression is defined as the affective and cognitive manifestations of depression, as measured by the PROMIS depression scale. Obesity, on the other hand, is defined as being overweight or having a high BMI.
Step 2: A causal relationship between two variables implies that a change in one variable (in this case, Depression) precedes and leads to a change in the other variable (Obesity). This means we need to examine if there is evidence that Depression temporally precedes and influences Obesity in a way consistent with a directional causal link.
Step 3: Research has shown that individuals with depression are more likely to experience weight gain and obesity. This is often due to changes in appetite, metabolism, and physical activity levels associated with depression. Additionally, depression can lead to poor eating habits and a sedentary lifestyle, further contributing to weight gain.
Step 4: Furthermore, studies have also found that obesity can be a risk factor for developing depression, creating a potential bidirectional relationship between the two conditions. However, the question asks for a causal relationship where Depression precedes and leads to a change in Obesity.
Step 5: Considering the evidence, it appears that there is a temporal relationship where Depression can precede and influence Obesity, either directly or through intermediate variables such as changes in appetite, metabolism, and physical activity levels.

Conclusion: Yes",False
64,Depression,PEG,True,"Reasoning Process:
Step 1: Understanding the definitions of the variables involved: Depression (PROMIS depression) and PEG (Pain Enablement and Genuineness score) are defined. PROMIS depression refers to the affective and cognitive manifestations of depression, while PEG score measures pain interference and pain intensity due to chronic low back pain.
Step 2: Considering the relationship between depression and chronic pain: There is a well-established body of research indicating a bidirectional relationship between depression and chronic pain. Depression can exacerbate chronic pain, and chronic pain can contribute to the development and maintenance of depression.
Step 3: Exploring potential intermediate variables: The relationship between depression and PEG score may be influenced by various intermediate variables, such as pain coping mechanisms, sleep disturbances, and social support. These variables can mediate or moderate the relationship between depression and PEG score.
Step 4: Assessing the biological and theoretical plausibility: The relationship between depression and PEG score is biologically plausible, as depression can affect pain processing and perception, and chronic pain can contribute to the development of depression. Theoretically, this relationship is also reasonable, as it aligns with the biopsychosocial model of pain, which emphasizes the interplay between biological, psychological, and social factors in the experience of pain.
Step 5: Considering the scientific evidence: There is a substantial body of research supporting the relationship between depression and chronic pain, including studies that have investigated the PEG score as an outcome measure. While the specific relationship between PROMIS depression and PEG score may not be extensively studied, the underlying mechanisms and associations are well-established, making it plausible to hypothesize a causal relationship.
Step 6: Conclusion: Based on the definitions of the variables, the established relationship between depression and chronic pain, potential intermediate variables, biological and theoretical plausibility, and scientific evidence, it is plausible that depression may have a causal relationship with PEG, either directly or through one or more intermediate variables.
Step 7: Conclusion: TRUE

Conclusion: Yes",True,"Reasoning Process:
Step 1: To determine if there is an association between Depression and PEG, we need to consider the definitions of both variables. Depression is defined as the affective and cognitive manifestations of depression, as measured by the PROMIS depression scale. PEG score, on the other hand, is an index measuring pain interference and pain intensity due to chronic low back pain.
Step 2: Given the definitions, we can infer that Depression and PEG are related to different aspects of a patient's health. Depression is a mental health condition, while PEG is a measure of pain intensity and interference. However, it is well-established in the medical literature that chronic pain, such as low back pain, can have a significant impact on a patient's mental health, including their risk of developing depression.
Step 3: Furthermore, research has shown that individuals with chronic pain, including those with low back pain, often experience higher levels of depression. This suggests that there may be a bidirectional relationship between chronic pain and depression, where chronic pain can contribute to the development of depression, and depression can exacerbate the experience of chronic pain.
Step 4: Given this context, it is reasonable to conclude that there is an association between Depression and PEG. Knowledge of a patient's PEG score can provide information about their risk of depression, and conversely, knowledge of a patient's depression status can provide information about their pain intensity and interference.
Step 5: Therefore, based on the definitions of the variables and the established relationships between chronic pain and depression, we can conclude that there is an association between Depression and PEG.
Step 6: This association can be either direct or indirect, but it is clear that there is a statistical dependency between the two variables.

Conclusion: Yes",True,"Reasoning Process:
Step 1: To determine if there is a causal relationship between Depression and PEG, we need to consider the definitions of both variables. Depression is defined as the affective and cognitive manifestations of depression, as measured by the PROMIS depression scale. PEG score, on the other hand, is an index measuring pain interference and pain intensity due to chronic low back pain.
Step 2: Given the definitions, we can infer that Depression and PEG are related but distinct constructs. Depression is a mental health condition, while PEG is a measure of pain intensity and interference. This suggests that there may be a potential causal relationship between the two variables, but it is not immediately clear in which direction the relationship flows.
Step 3: To establish a causal relationship, we need to consider the direction of the relationship. A causal relationship requires that the change in one variable precedes and leads to a change in the other variable. In this case, we are looking for evidence that a change in Depression precedes and leads to a change in PEG.
Step 4: Research has shown that individuals with chronic pain, such as those with chronic low back pain, are at a higher risk of developing depression. This suggests that the presence of chronic pain, as measured by PEG, may contribute to the development of depression. However, this does not necessarily establish a causal relationship in the opposite direction.
Step 5: To determine if Depression can cause a change in PEG, we need to consider the potential mechanisms by which depression could influence pain intensity and interference. For example, depression can lead to decreased motivation, reduced activity levels, and altered pain perception, all of which could contribute to increased pain intensity and interference.
Step 6: Based on this analysis, it appears that there is a potential causal relationship between Depression and PEG, with Depression potentially leading to a change in PEG. This is supported by the fact that depression can influence pain perception and behavior, which in turn can affect pain intensity and interference.

Conclusion: Yes",True
65,Depression,Sleep disturbance,True,"Reasoning Process:
Step 1: Understanding the definitions of Depression and Sleep disturbance: Depression is defined as the affective and cognitive manifestations of depression, as measured by PROMIS depression. Sleep disturbance is defined as self-reported perceptions of sleep quality, sleep depth, and restoration associated with sleep.
Step 2: Considering the relationship between Depression and Sleep disturbance: Research has shown that individuals with depression often experience sleep disturbances, such as insomnia, daytime fatigue, and decreased sleep quality. This suggests a potential link between the two variables.
Step 3: Exploring potential mechanisms: There are several potential mechanisms by which Depression may influence Sleep disturbance, including: (1) the release of stress hormones like cortisol, which can disrupt sleep patterns, (2) changes in sleep-wake cycles due to decreased motivation and energy, and (3) the development of sleep disorders such as insomnia as a comorbidity of depression.
Step 4: Considering the bi-directional relationship: It is also plausible that Sleep disturbance may contribute to the development or exacerbation of Depression, as poor sleep quality and duration can worsen symptoms of depression and reduce treatment efficacy.
Step 5: Evaluating the plausibility: Based on the existing knowledge and research, it is plausible that Depression may have a causal relationship with Sleep disturbance, either directly or through one or more intermediate variables.
Step 6: Conclusion: Given the established link between Depression and Sleep disturbance, and the potential mechanisms by which they may influence each other, it is reasonable to conclude that a causal relationship between the two variables is plausible.
Step 7: Conclusion: Therefore, the answer to the question is TRUE.

Conclusion: Yes",True,"Reasoning Process:
Step 1: Understanding the definitions of the variables: Depression and Sleep disturbance. Depression is defined as the affective and cognitive manifestations of depression, while Sleep disturbance is defined as self-reported perceptions of sleep quality, sleep depth, and restoration associated with sleep.
Step 2: Considering the relationship between Depression and Sleep disturbance. It is well-established in medical literature that depression can lead to sleep disturbances, such as insomnia or hypersomnia, and that sleep disturbances can exacerbate depressive symptoms.
Step 3: Recognizing that the presence of one variable (Depression) can provide information about the other variable (Sleep disturbance), and vice versa. This is a key characteristic of an association between two variables.
Step 4: Considering the statistical dependency between the two variables. An association between Depression and Sleep disturbance can be observed through various statistical methods, such as correlation analysis or regression analysis.
Step 5: Recalling that the question asks for the existence of any statistical association between the two variables, regardless of strength or directionality. Therefore, the presence of a correlation or any statistical relationship between Depression and Sleep disturbance is sufficient to answer the question in the affirmative.
Step 6: Based on the understanding of the variables, their relationship, and the statistical dependency between them, it can be concluded that there is an association between Depression and Sleep disturbance.
Step 7: Therefore, the answer to the question is True, indicating that there exists a statistical association between Depression and Sleep disturbance.

Conclusion: Yes",True,"Reasoning Process:
Step 1: Understanding the definitions of the variables: Depression and Sleep disturbance. Depression is defined as the affective and cognitive manifestations of depression, while Sleep disturbance is defined as self-reported perceptions of sleep quality, sleep depth, and restoration associated with sleep.
Step 2: Considering the relationship between Depression and Sleep disturbance. It is well-established in medical literature that depression can lead to sleep disturbances, including insomnia and daytime fatigue. This is because depression can affect the body's circadian rhythms and make it difficult to fall asleep or stay asleep.
Step 3: Evaluating the temporal relationship between the two variables. Depression typically precedes sleep disturbances in individuals with depression. This is because the symptoms of depression, such as sadness, loss of interest in activities, and changes in appetite, can occur before sleep disturbances become apparent.
Step 4: Considering the possibility of intermediate variables. While there may be other factors that contribute to sleep disturbances in individuals with depression, such as anxiety or stress, the relationship between depression and sleep disturbance is well-established and supported by empirical evidence.
Step 5: Conclusion: Based on the definitions of the variables, the established relationship between depression and sleep disturbance, the temporal relationship between the two variables, and the consideration of intermediate variables, it is reasonable to conclude that there is a causal relationship where a change in Depression precedes and leads to a change in Sleep disturbance.
Step 6: Therefore, the answer to the question is: TRUE.
Step 7: The causal relationship between Depression and Sleep disturbance is supported by empirical evidence and is consistent with the definitions of the variables.

Conclusion: Yes",False
66,Depression,Smoking,True,"Reasoning Process:
Step 1: Understanding the definitions of Depression and Smoking: Depression is defined as the affective and cognitive manifestations of depression as measured by PROMIS, while Smoking is defined as the action or habit of inhaling and exhaling the smoke of tobacco by sucking on the end of a lit cigarette, cigar, pipe, etc.
Step 2: Considering the potential biological mechanisms: Smoking is known to affect various physiological systems in the body, including the central nervous system, cardiovascular system, and respiratory system. It can lead to the release of various chemicals, such as nicotine, which can alter mood and cognitive function.
Step 3: Exploring the relationship between Smoking and Depression: Research has shown that Smoking is a significant risk factor for developing Depression, and that individuals with Depression are more likely to smoke. This bidirectional relationship suggests a potential causal link between the two variables.
Step 4: Considering potential intermediate variables: Smoking can lead to chronic stress, anxiety, and sleep disturbances, which are all known risk factors for Depression. Additionally, Smoking can also lead to nicotine withdrawal, which can exacerbate symptoms of Depression.
Step 5: Evaluating the plausibility of a causal relationship: Based on the existing knowledge of the biological mechanisms, the bidirectional relationship between Smoking and Depression, and the potential intermediate variables, it is plausible that Depression may have a causal relationship with Smoking, either directly or through one or more intermediate variables.
Step 6: Conclusion: Based on the reasoning above, it is plausible that Depression may have a causal relationship with Smoking, either directly or through one or more intermediate variables.
Step 7: Final Answer: TRUE

Conclusion: Yes",True,"Reasoning Process:
Step 1: To determine if there is an association between Depression and Smoking, we need to consider the potential relationship between the two variables. An association refers to any statistical dependency between two variables, regardless of strength or directionality.
Step 2: Depression is defined as the affective and cognitive manifestations of depression, as measured by the PROMIS depression scale. This indicates that depression is a psychological condition characterized by feelings of sadness, hopelessness, and loss of interest in activities.
Step 3: Smoking, on the other hand, is defined as the action or habit of inhaling and exhaling the smoke of tobacco by sucking on the end of a lit cigarette, cigar, pipe, etc. This indicates that smoking is a behavioral habit that involves the consumption of tobacco products.
Step 4: Research has shown that there is a well-established link between smoking and depression. Studies have consistently found that smokers are more likely to experience depression than non-smokers, and that smoking can exacerbate symptoms of depression.
Step 5: Additionally, nicotine, the primary psychoactive substance in tobacco, can have a negative impact on mental health, including increasing symptoms of anxiety and depression. This suggests that there is a potential biological mechanism underlying the association between smoking and depression.
Step 6: Furthermore, smoking cessation has been shown to improve symptoms of depression in some individuals, suggesting that the relationship between smoking and depression is not simply a matter of correlation, but also causation.
Step 7: Considering the evidence from research and the potential biological mechanisms underlying the relationship between smoking and depression, it is reasonable to conclude that there is an association between the two variables.

Conclusion: Yes",True,"Reasoning Process:
Step 1: To determine if there is a causal relationship between Depression and Smoking, we need to consider the definitions of both variables and their potential interactions.
Step 2: Depression is defined as the affective and cognitive manifestations of depression, which can include symptoms such as low mood, loss of interest in activities, and changes in appetite or sleep patterns.
Step 3: Smoking is defined as the action or habit of inhaling and exhaling the smoke of tobacco by sucking on the end of a lit cigarette, cigar, pipe, etc.
Step 4: Research has shown that individuals with depression are more likely to engage in unhealthy behaviors, including smoking, as a coping mechanism to deal with their symptoms.
Step 5: Additionally, smoking has been linked to an increased risk of developing depression, as it can lead to nicotine addiction, which can worsen depressive symptoms.
Step 6: Therefore, there is a bidirectional relationship between Depression and Smoking, where changes in one variable can influence the other.
Step 7: However, the question asks if Depression precedes and leads to a change in Smoking, which suggests a directional causal link from Depression to Smoking.
Step 8: Considering the research and the definitions of the variables, it is reasonable to conclude that Depression can precede and influence Smoking, either directly or through intermediate variables.

Conclusion: Yes",True
67,Education,Alcohol,True,"Reasoning Process:
Step 1: To determine if there is a plausible causal relationship between Education and Alcohol, we need to consider the potential pathways through which education may influence alcohol consumption.
Step 2: One possible pathway is that higher education may lead to increased knowledge about the risks associated with excessive alcohol consumption, potentially reducing the likelihood of heavy drinking.
Step 3: Another possible pathway is that higher education may lead to increased income and social status, which can provide greater access to resources and opportunities that may reduce the need to engage in heavy drinking as a coping mechanism.
Step 4: Additionally, education may influence social norms and attitudes towards alcohol consumption, with more educated individuals potentially being more likely to adopt healthier attitudes and behaviors.
Step 5: Furthermore, education may also influence cognitive and emotional factors, such as stress management and coping skills, which can impact an individual's likelihood of engaging in heavy drinking.
Step 6: Considering these potential pathways, it is plausible that education may have a causal relationship with alcohol consumption, either directly or through one or more intermediate variables.
Step 7: This relationship may be influenced by various factors, including cultural and socioeconomic contexts, as well as individual-level characteristics.

Conclusion: Yes",True,"Reasoning Process:
Step 1: To determine if there is an association between Education and Alcohol, we need to consider if there is a statistical dependency between the two variables. This means we are looking for a relationship where knowledge of one variable provides information about the other.
Step 2: Given the definitions of Education and Alcohol, we can see that Education is a categorical variable (e.g., high school, college, university) and Alcohol is a continuous variable (number of drinks per week).
Step 3: In general, categorical and continuous variables can be associated in various ways, such as through regression analysis or correlation analysis. However, the type of association depends on the specific research question and the nature of the variables.
Step 4: Considering the variables Education and Alcohol, we can hypothesize that there might be an association between the two. For instance, individuals with higher education levels might have different drinking habits compared to those with lower education levels.
Step 5: However, the direction and strength of the association are not specified, and it is not guaranteed that an association exists. Therefore, we need to consider the possibility of no association between the two variables.
Step 6: In the absence of specific data or research findings, it is difficult to definitively conclude the existence of an association between Education and Alcohol. However, based on general knowledge, it is plausible that there could be an association.
Step 7: Given the possibility of an association, we should consider the types of associations that could exist between Education and Alcohol, such as a positive association (e.g., higher education is associated with more alcohol consumption), a negative association (e.g., higher education is associated with less alcohol consumption), or no association at all.
Step 8: Since the question only asks for the existence of an association, we do not need to determine the direction or strength of the association. Therefore, we can conclude that there is a possibility of an association between Education and Alcohol.

Conclusion: Yes",True,"Reasoning Process:
Step 1: To determine if there is a causal relationship between Education and Alcohol, we need to consider the direction of causality. A causal relationship implies that a change in one variable (Education) precedes and leads to a change in another variable (Alcohol).
Step 2: We need to examine if Education can influence Alcohol directly or through one or more intermediate variables. This means we are looking for a temporal relationship where Education comes before Alcohol in the causal chain.
Step 3: In the context of health and medicine, education can influence various factors that may, in turn, affect alcohol consumption. For instance, education can impact knowledge about the risks associated with alcohol, social norms, and access to resources that promote healthy behaviors.
Step 4: However, the relationship between Education and Alcohol is complex and bidirectional. While education can influence alcohol consumption, higher education may also be a result of reduced alcohol consumption, as individuals who drink less may be more likely to pursue higher education.
Step 5: Considering the bidirectional relationship and the complexity of the factors involved, it is challenging to establish a clear causal link between Education and Alcohol. However, research suggests that education can have a positive impact on health behaviors, including reduced alcohol consumption.
Step 6: Therefore, while the relationship is not entirely straightforward, there is evidence to suggest that education can influence alcohol consumption, either directly or through intermediate variables.
Step 7: Based on the reasoning above, we can conclude that there is a causal relationship between Education and Alcohol, where Education can precede and influence Alcohol in a way consistent with a directional causal link.
Step 8: However, it is essential to note that the relationship is not absolute and can be influenced by various factors, including individual circumstances and the presence of intermediate variables.

Conclusion: Yes",True
68,Education,Anxiety,True,"Reasoning Process:
Step 1: To determine if there is a plausible causal relationship between Education and Anxiety, we need to consider the potential pathways through which education may influence anxiety levels.
Step 2: One possible pathway is through the acquisition of knowledge and skills that can mitigate anxiety, such as stress management techniques, problem-solving skills, and emotional regulation strategies. Higher education may provide individuals with access to these resources, potentially reducing anxiety levels.
Step 3: Another pathway is through the social and economic benefits of education, such as increased income, social status, and access to better healthcare. These factors can contribute to a reduced sense of financial stress and improved overall well-being, which may in turn reduce anxiety levels.
Step 4: Additionally, education can influence anxiety through its impact on cognitive development and brain function. Higher education has been linked to improved cognitive flexibility, better emotional regulation, and a more optimistic outlook, all of which can contribute to reduced anxiety.
Step 5: Furthermore, education can also affect anxiety through its impact on social relationships and social support. Higher education can provide individuals with a network of peers and mentors who can offer emotional support, reduce feelings of loneliness, and provide a sense of belonging, all of which can help mitigate anxiety.
Step 6: Considering these potential pathways, it is plausible that education may have a causal relationship with anxiety, either directly or through one or more intermediate variables.
Step 7: Therefore, based on the existing knowledge and understanding of the potential mechanisms through which education can influence anxiety, the answer to the question is: TRUE.

Conclusion: Yes",True,"Reasoning Process:
Step 1: To determine if there is an association between Education and Anxiety, we need to consider the nature of the variables and their potential relationship.
Step 2: Education is a categorical variable that represents the level of education of the participant, which can be considered as a proxy for socioeconomic status, cognitive ability, and access to resources.
Step 3: Anxiety, as measured by PROMIS anxiety, is a psychological construct that encompasses various aspects of anxiety, including fear, anxious misery, hyperarousal, and somatic symptoms.
Step 4: Given the nature of these variables, it is plausible that education level could influence anxiety levels, as individuals with higher education may have better coping mechanisms, access to resources, and a lower socioeconomic status, which can contribute to lower anxiety levels.
Step 5: However, the relationship between education and anxiety is complex and can be bidirectional. For instance, individuals with anxiety may be less likely to pursue higher education due to their mental health status.
Step 6: Therefore, it is reasonable to assume that there is a statistical association between Education and Anxiety, as knowledge of one variable can provide information about the other.

Conclusion: Yes",False,"Reasoning Process:
Step 1: To determine if there is a causal relationship between Education and Anxiety, we need to consider the direction of causality. A causal relationship implies that a change in one variable (Education) precedes and leads to a change in another variable (Anxiety).
Step 2: We need to examine if there is a plausible mechanism by which Education could influence Anxiety. In other words, we need to consider if there is a theoretical or empirical basis for Education to affect Anxiety.
Step 3: One possible mechanism could be that higher levels of Education lead to increased stress and pressure to perform, which in turn can contribute to increased anxiety levels. However, this is a speculative mechanism and may not be universally applicable.
Step 4: Another possible mechanism could be that Education provides individuals with the knowledge and skills to manage stress and anxiety more effectively, potentially reducing anxiety levels. However, this is also a speculative mechanism and may not be universally applicable.
Step 5: Given the complexity of the relationship between Education and Anxiety, it is unlikely that there is a direct causal link between the two variables. However, it is possible that Education may influence Anxiety indirectly through other variables, such as stress, coping mechanisms, or socioeconomic status.
Step 6: To establish a causal relationship, we would need to identify a consistent pattern of association between Education and Anxiety across different populations and contexts, as well as a plausible mechanism by which Education influences Anxiety.
Step 7: However, without further evidence or research, it is difficult to conclusively establish a causal relationship between Education and Anxiety. Therefore, based on the available information, we cannot definitively say that Education precedes and leads to a change in Anxiety.

Conclusion: No",True
69,Education,CCI,True,"Reasoning Process:
Step 1: To determine if there is a plausible causal relationship between Education and CCI, we need to consider the potential pathways through which education could influence comorbidities.
Step 2: Education is often associated with socioeconomic status, which can impact access to healthcare, health behaviors, and health outcomes. Therefore, it is plausible that education could influence CCI indirectly through socioeconomic factors.
Step 3: Additionally, education can influence health literacy, which is the ability to obtain, process, and understand basic health information and services needed to make appropriate health decisions. Higher education levels are often associated with better health literacy, which can lead to better health outcomes and potentially lower CCI.
Step 4: Furthermore, education can also influence health behaviors, such as diet, exercise, and smoking habits, which are all risk factors for various comorbidities. Therefore, it is plausible that education could influence CCI directly through these health behaviors.
Step 5: Finally, education can also influence access to healthcare, including preventive care and early disease detection, which can impact the development and management of comorbidities. Therefore, it is plausible that education could influence CCI indirectly through access to healthcare.
Step 6: Considering these potential pathways, it is plausible that education may have a causal relationship with CCI, either directly or through one or more intermediate variables.
Step 7: Therefore, the answer to the question is TRUE.

Conclusion: Yes",True,"Reasoning Process:
Step 1: To determine if there is an association between Education and CCI, we need to consider the nature of the variables. Education is a categorical variable representing the level of education of the participant, while CCI is a numerical variable measuring the number of comorbidities.
Step 2: Given that Education is a categorical variable and CCI is a numerical variable, we can infer that there is a potential for an association between the two variables. This is because a categorical variable can be associated with a numerical variable if the categories of the categorical variable are related to the values of the numerical variable.
Step 3: For example, in a study, participants with higher levels of education may have fewer comorbidities, resulting in a lower CCI score. This would indicate a negative association between Education and CCI. Conversely, participants with lower levels of education may have more comorbidities, resulting in a higher CCI score, indicating a positive association.
Step 4: However, the direction and strength of the association would depend on the specific data and the population being studied. Nevertheless, the fact that Education and CCI are related through the underlying mechanisms of health and disease suggests that there is a potential association between the two variables.
Step 5: Therefore, based on the nature of the variables and the potential relationships between them, we can conclude that there is an association between Education and CCI.
Step 6: This association can be explored further through statistical analysis, such as correlation analysis or regression analysis, to determine the strength and direction of the relationship.
Step 7: However, for the purpose of this question, we are only concerned with determining if an association exists, not the strength or direction of the association.
Step 8: Based on the reasoning above, we can conclude that there is an association between Education and CCI.
Step 9: Therefore, the answer to the question is True.

Conclusion: Yes",False,"Reasoning Process:
Step 1: To determine if there is a causal relationship between Education and CCI, we need to consider the direction of causality. A causal relationship implies that a change in one variable (Education) precedes and leads to a change in another variable (CCI).
Step 2: We need to examine if Education can influence CCI directly or through one or more intermediate variables. This means we are looking for a temporal relationship where Education comes before CCI in the causal chain.
Step 3: However, Education and CCI are not directly related in a way that would suggest a straightforward causal link. Education is a factor that can influence various health-related outcomes, but it does not directly cause comorbidities.
Step 4: CCI is a measure of the number of comorbidities, which are pre-existing medical conditions that a person has in addition to their primary condition. Education may influence health behaviors, access to healthcare, and socioeconomic status, all of which can indirectly affect the development of comorbidities.
Step 5: However, the relationship between Education and CCI is likely to be bidirectional. Higher education may lead to better health outcomes and lower CCI, but lower CCI may also be associated with better education due to the fact that people with fewer comorbidities may be more likely to pursue higher education.
Step 6: Given the bidirectional relationship and the lack of a clear temporal precedence, it is unlikely that Education directly causes CCI or that there is a clear causal link between the two variables.
Step 7: Therefore, based on the analysis, the answer to the question is that there is no clear causal relationship between Education and CCI, where Education temporally precedes and influences CCI in a way consistent with a directional causal link.
Step 8: The relationship between Education and CCI is more likely to be bidirectional and influenced by various factors, making it difficult to establish a clear causal link.

Conclusion: No",True
70,Education,Catastrophizing,True,"Reasoning Process:
Step 1: Understanding the definitions of Education and Catastrophizing: Education refers to the level of education of the participant, while Catastrophizing is a cognitive process characterized by the tendency to magnify the threat value of a pain stimulus and feel helpless in the presence of pain.
Step 2: Considering the potential relationship between Education and Catastrophizing: Education can influence an individual's cognitive abilities, such as critical thinking, problem-solving, and emotional regulation, which may in turn affect their catastrophizing tendencies.
Step 3: Exploring potential intermediate variables: Education may impact catastrophizing through various intermediate variables, such as stress management skills, emotional intelligence, or coping mechanisms, which can be influenced by educational level.
Step 4: Considering the biopsychosocial model of pain: Education can influence an individual's understanding of pain, their ability to access healthcare resources, and their overall health literacy, all of which can impact catastrophizing.
Step 5: Evaluating the plausibility of a causal relationship: Based on the existing knowledge, it is plausible that Education may have a causal relationship with Catastrophizing, either directly or through one or more intermediate variables.
Step 6: Conclusion: Given the potential mechanisms by which Education can influence Catastrophizing, it is reasonable to suggest that a causal relationship exists between the two variables.
Step 7: Final Answer: TRUE

Conclusion: Yes",False,"Reasoning Process:
Step 1: To determine if there is an association between Education and Catastrophizing, we need to consider the nature of the variables and their potential relationship.
Step 2: Education is a variable that can be measured on a continuous or categorical scale, depending on the level of education (e.g., high school, college, university).
Step 3: Catastrophizing, on the other hand, is a psychological construct that can be measured using standardized questionnaires, such as the Pain Catastrophizing Scale (PCS).
Step 4: While education level may influence an individual's cognitive abilities, such as problem-solving and critical thinking, it does not directly impact an individual's tendency to catastrophize about pain.
Step 5: However, education level may be related to socioeconomic status, which can, in turn, affect access to healthcare, pain management, and overall health outcomes. This could potentially influence an individual's catastrophizing behavior.
Step 6: Despite these potential indirect relationships, there is no direct causal link between education level and catastrophizing. Catastrophizing is a complex psychological construct that is influenced by a multitude of factors, including past experiences, personality traits, and coping mechanisms.
Step 7: Therefore, while there may be an indirect association between education and catastrophizing through socioeconomic factors, the relationship is not direct or causal.
Step 8: In the absence of a direct causal link, we cannot conclude that there is a statistical association between education and catastrophizing.
Step 9: However, it is essential to note that the relationship between education and catastrophizing may be influenced by various confounding variables, such as socioeconomic status, access to healthcare, and cultural background.

Conclusion: No",False,"Reasoning Process:
Step 1: To determine if there is a causal relationship between Education and Catastrophizing, we need to consider the direction of causality. A causal relationship implies that a change in one variable (Education) precedes and leads to a change in another variable (Catastrophizing).
Step 2: We need to examine the potential mechanisms by which Education could influence Catastrophizing. One possible mechanism is that higher levels of education may provide individuals with better coping skills and knowledge about pain management, which in turn could reduce catastrophizing.
Step 3: However, it's also possible that catastrophizing could influence Education, for example, if individuals with higher catastrophizing tendencies are less likely to pursue higher education due to their anxiety and fear of pain.
Step 4: Another possibility is that there are intermediate variables that could mediate the relationship between Education and Catastrophizing, such as income, occupation, or social support.
Step 5: Considering these potential bidirectional relationships and the presence of intermediate variables, it's challenging to establish a clear causal relationship between Education and Catastrophizing.
Step 6: However, in the absence of strong evidence to the contrary, and considering the potential for Education to influence Catastrophizing through various mechanisms, we can tentatively conclude that there may be a causal relationship between Education and Catastrophizing.

Conclusion: No",False
71,Education,Depression,True,"Reasoning Process:
Step 1: Understanding the definitions of Education and Depression: Education refers to the level of education of the participant, while Depression is defined as the affective and cognitive manifestations of depression, measured by PROMIS.
Step 2: Considering the potential pathways through which Education could influence Depression: Education can impact various aspects of life, such as socioeconomic status, employment, social connections, and access to healthcare, which in turn may affect an individual's mental health and risk of depression.
Step 3: Evaluating the biologic and theoretical plausibility of a causal relationship between Education and Depression: There is a plausible biological and theoretical basis for a causal relationship between Education and Depression, as education can influence stress levels, cognitive function, and access to resources that support mental health.
Step 4: Considering the scientific evidence supporting a causal relationship between Education and Depression: Research has shown that lower levels of education are associated with higher rates of depression, and that education can have a protective effect on mental health.
Step 5: Assessing the potential intermediate variables: Intermediate variables, such as socioeconomic status, employment, social connections, and access to healthcare, can mediate the relationship between Education and Depression, making the relationship more plausible.

Conclusion: Yes",True,"Reasoning Process:
Step 1: To determine if there is an association between Education and Depression, we need to consider the relationship between the two variables. Association refers to any statistical dependency between two variables, regardless of strength or directionality.
Step 2: Given the definitions of Education and Depression, we can infer that Education is a socio-demographic variable, while Depression is a psychological variable. These two variables are from different domains, which may or may not be related.
Step 3: Research has shown that there is a complex relationship between Education and Depression. Studies have found that higher levels of education are often associated with lower levels of Depression, as education can provide individuals with better coping mechanisms, social support, and economic stability.
Step 4: However, the relationship between Education and Depression can also be influenced by various factors, such as socioeconomic status, access to healthcare, and cultural background. Therefore, the association between the two variables may not be straightforward.
Step 5: Considering the available evidence, it is reasonable to conclude that there is an association between Education and Depression, as higher levels of education are often linked to lower levels of Depression.

Conclusion: Yes",True,"Reasoning Process:
Step 1: To determine if there is a causal relationship between Education and Depression, we need to consider the direction of causality. A causal relationship implies that a change in one variable (Education) precedes and leads to a change in another variable (Depression).
Step 2: We need to examine if there is a temporal relationship between Education and Depression, where Education occurs before Depression. This is a necessary condition for a causal relationship.
Step 3: Research has shown that higher levels of education are associated with better mental health outcomes, including lower rates of depression. This suggests that education may have a positive impact on mental health, potentially reducing the risk of depression.
Step 4: However, the relationship between education and depression is complex and bidirectional. While education may influence depression, depression can also impact educational attainment. This bidirectionality complicates the determination of a causal relationship.
Step 5: Despite the bidirectionality, some studies have found that education can have a causal effect on depression, particularly in the long term. For example, education can provide individuals with better coping mechanisms, social support, and economic stability, all of which can reduce the risk of depression.
Step 6: However, other factors, such as socioeconomic status, access to healthcare, and social determinants of health, can also influence both education and depression. These confounding variables can make it challenging to establish a clear causal relationship between education and depression.
Step 7: In conclusion, while the relationship between education and depression is complex and bidirectional, there is evidence to suggest that education can have a causal effect on depression, particularly in the long term. Therefore, it is reasonable to conclude that there is a causal relationship between Education and Depression.

Conclusion: Yes",True
72,Education,Fear_avoidance,True,"Reasoning Process:
Step 1: To determine if there is a plausible causal relationship between Education and Fear_avoidance, we need to consider the potential mechanisms by which education could influence fear avoidance beliefs in patients with low back pain.
Step 2: One possible mechanism is that higher education levels may be associated with better health literacy, which in turn could lead to a better understanding of pain management and the consequences of fear avoidance behaviors.
Step 3: Another possible mechanism is that education may influence an individual's socioeconomic status, which can impact access to healthcare resources and support, potentially affecting fear avoidance behaviors.
Step 4: Additionally, education may also influence an individual's cognitive abilities, such as problem-solving and decision-making, which could impact their ability to manage pain and avoid fear-based behaviors.
Step 5: Furthermore, education may also have an indirect effect on fear avoidance through its impact on employment and work-related factors, such as job satisfaction and work-related stress, which can contribute to fear avoidance behaviors.
Step 6: Considering these potential mechanisms, it is plausible that education may have a causal relationship with fear avoidance, either directly or through one or more intermediate variables.

Conclusion: Yes",True,"Reasoning Process:
Step 1: To determine if there is an association between Education and Fear_avoidance, we need to consider the nature of the variables and their potential relationship.
Step 2: Education is a variable that represents the level of education of the participant, which is a demographic characteristic.
Step 3: Fear_avoidance, on the other hand, is a patient-reported questionnaire that focuses on how a patient's fear avoidance beliefs about physical activity and work may affect and contribute to their low back pain and resulting disability.
Step 4: Given the definitions of the variables, we can see that Education is a more objective, demographic variable, while Fear_avoidance is a subjective, self-reported measure of a patient's beliefs and behaviors.
Step 5: While there may be some indirect relationship between Education and Fear_avoidance, such as educated individuals potentially having better access to healthcare or more knowledge about pain management, there is no direct causal link between the two variables.
Step 6: Moreover, the relationship between Education and Fear_avoidance is likely to be complex and influenced by multiple factors, including socioeconomic status, cultural background, and individual experiences.
Step 7: Given the complexity of the relationship and the lack of a direct causal link, it is unlikely that there is a strong, statistically significant association between Education and Fear_avoidance.
Step 8: However, it is possible that there may be some statistical association between the two variables, especially if we consider the indirect relationships and correlations that may exist.
Step 9: To determine the strength and significance of any potential association, further analysis and statistical modeling would be required, including the use of correlation coefficients, regression analysis, or other statistical methods.
Step 10: However, based on the definitions and characteristics of the variables, it is not possible to conclude a definitive association between Education and Fear_avoidance without further analysis.
Step 11: Therefore, while there may be some potential for an association, the answer to the question is not a definitive yes or no, but rather a nuanced consideration of the complex relationship between the two variables.
Step 12: However, for the purpose of this question, we will assume that the question is asking for a general association, and not a strong or significant one.
Step 13: In that case, based on the general understanding of the variables, we can conclude that there is a potential association between Education and Fear_avoidance.

Conclusion: Yes",False,"Reasoning Process:
Step 1: To determine if there is a causal relationship between Education and Fear_avoidance, we need to consider the potential pathways through which Education could influence Fear_avoidance. One possible pathway is that higher levels of education may lead to greater awareness and understanding of pain management strategies, which in turn could reduce fear avoidance behaviors.
Step 2: Another possible pathway is that education may provide individuals with the skills and knowledge necessary to manage their pain more effectively, which could also reduce fear avoidance behaviors.
Step 3: However, it's also possible that fear avoidance behaviors may be influenced by other factors, such as past experiences, social support, or psychological factors, which are not directly related to education level.
Step 4: To establish a causal relationship, we would need to demonstrate that changes in Education precede changes in Fear_avoidance, and that the direction of the relationship is consistent with a directional causal link.
Step 5: Given the complexity of the relationship between Education and Fear_avoidance, it's likely that the relationship is bidirectional, with both Education and Fear_avoidance influencing each other in a reciprocal manner.
Step 6: However, based on the question's phrasing, we are looking for a directional causal link, where Education precedes and leads to a change in Fear_avoidance.
Step 7: Considering the potential pathways and the complexity of the relationship, it's difficult to establish a clear directional causal link between Education and Fear_avoidance.
Step 8: However, one possible scenario where a directional causal link could be established is if there is a longitudinal study that shows a significant increase in education level is followed by a significant decrease in fear avoidance behaviors over time.
Step 9: In the absence of such a study, it's difficult to conclusively establish a directional causal link between Education and Fear_avoidance.

Conclusion: No",False
73,Education,Financial_level,True,"Reasoning Process:
Step 1: Understanding the definitions of Education and Financial_level: Education refers to the level of education of the participant, while Financial_level is a proxy for socioeconomic status.
Step 2: Considering the potential relationship between Education and Financial_level: A higher level of education is often associated with better job prospects, higher earning potential, and improved financial stability.
Step 3: Exploring potential intermediate variables: Education can influence Financial_level through various mechanisms, such as increased earning potential, access to better job opportunities, and improved financial literacy.
Step 4: Considering the bi-directional relationship: While education can impact financial situation, a better financial situation can also enable individuals to pursue higher education, creating a potential feedback loop.
Step 5: Evaluating the plausibility of a causal relationship: Given the existing knowledge and research on the topic, it is reasonable to suggest that Education may have a causal relationship with Financial_level, either directly or through one or more intermediate variables.
Step 6: Conclusion: Based on the analysis, it is plausible that Education may have a causal relationship with Financial_level.
Step 7: Conclusion: Therefore, the answer to the question is: TRUE

Conclusion: Yes",True,"Reasoning Process:
Step 1: To determine if there is an association between Education and Financial_level, we need to consider the definition of association in statistics. Association refers to any statistical dependency between two variables, regardless of strength or directionality.
Step 2: Given the definitions of Education and Financial_level, we can infer that Education is a potential predictor or determinant of Financial_level. This is because Education is often a key factor in determining one's socioeconomic status, which is what Financial_level is a proxy for.
Step 3: Since Education can influence Financial_level, and Financial_level is a reflection of Education, there is a statistical dependency between the two variables. This means that knowledge of the value of one variable (Education) gives information about the other (Financial_level).
Step 4: Therefore, based on the definitions and the relationship between the variables, we can conclude that there is an association between Education and Financial_level.

Conclusion: Yes",True,"Reasoning Process:
Step 1: To determine if there is a causal relationship between Education and Financial_level, we need to consider the direction of causality. A causal relationship implies that a change in one variable (Education) precedes and leads to a change in another variable (Financial_level).
Step 2: We will use the concept of temporal precedence to assess if Education temporally precedes Financial_level. Temporal precedence is a necessary condition for causality, but it is not sufficient on its own to establish causality.
Step 3: Considering the definitions of Education and Financial_level, it is reasonable to assume that Education typically precedes Financial_level in time. Education is often acquired before one enters the workforce or starts earning a steady income, which in turn affects their financial situation.
Step 4: However, to establish a causal relationship, we need to consider if there are any intermediate variables that could mediate the relationship between Education and Financial_level. For example, education can lead to better job prospects, higher earning potential, and improved financial stability.
Step 5: Given the potential for intermediate variables to mediate the relationship, we need to consider if there is evidence to support a directional causal link between Education and Financial_level. This could involve examining longitudinal data or studies that investigate the impact of education on financial outcomes.
Step 6: While there may be some exceptions, the general consensus in the literature is that education is a strong predictor of financial outcomes. Studies have shown that individuals with higher levels of education tend to have better financial stability, higher earning potential, and improved economic mobility.
Step 7: Based on the temporal precedence of Education and Financial_level, the potential for intermediate variables to mediate the relationship, and the evidence from the literature, it is reasonable to conclude that there is a causal relationship between Education and Financial_level.

Conclusion: Yes",True
74,Education,Obesity,True,"Reasoning Process:
Step 1: To determine if there is a plausible causal relationship between Education and Obesity, we need to consider the potential pathways through which education may influence obesity.
Step 2: One possible pathway is through socioeconomic status (SES). Individuals with higher education levels may have higher incomes, which can lead to better access to healthy food options, gyms, and other resources that promote a healthy lifestyle, potentially reducing the likelihood of obesity.
Step 3: Another possible pathway is through knowledge and awareness. Higher education may provide individuals with a better understanding of healthy eating habits, exercise, and other lifestyle choices that can help prevent obesity.
Step 4: Additionally, education may influence occupation and work environment, which can also impact physical activity levels and access to healthy food options.
Step 5: Furthermore, education may also influence stress levels and coping mechanisms, which can impact eating habits and weight management.
Step 6: Considering these potential pathways, it is plausible that education may have a causal relationship with obesity, either directly or through one or more intermediate variables.

Conclusion: Yes",True,"Reasoning Process:
Step 1: To determine if there is an association between Education and Obesity, we need to consider the relationship between the two variables. Association refers to any statistical dependency between two variables, regardless of strength or directionality.
Step 2: We will examine existing research and studies to see if there is a correlation between Education and Obesity. Studies have shown that individuals with higher levels of education tend to have lower rates of obesity.
Step 3: This suggests that there is a negative association between Education and Obesity, meaning that as education level increases, the likelihood of obesity decreases.
Step 4: However, it's essential to note that correlation does not necessarily imply causation. Other factors, such as socioeconomic status, lifestyle, and access to healthcare, may also influence the relationship between Education and Obesity.
Step 5: Despite this, the existing evidence suggests that there is a statistical association between Education and Obesity, with higher education levels being associated with lower rates of obesity.
Step 6: Therefore, based on the available research and studies, we can conclude that there is an association between Education and Obesity.
Step 7: This association is supported by the fact that individuals with higher levels of education tend to have better health outcomes, including lower rates of obesity.
Step 8: In conclusion, the relationship between Education and Obesity is statistically significant, and there is a negative association between the two variables.

Conclusion: Yes",True,"Reasoning Process:
Step 1: To determine if there is a causal relationship between Education and Obesity, we need to consider the direction of causality. A causal relationship implies that a change in one variable (Education) precedes and leads to a change in another variable (Obesity).
Step 2: We need to examine if Education can influence Obesity directly or through one or more intermediate variables. This means we should look for evidence of a temporal relationship where Education comes before Obesity.
Step 3: Research has shown that higher levels of education are often associated with better health outcomes, including lower rates of obesity. However, this does not necessarily imply a causal relationship, as there may be other factors at play.
Step 4: One possible intermediate variable is socioeconomic status. Individuals with higher education levels may have better access to resources, such as healthier food options and exercise facilities, which can contribute to lower obesity rates.
Step 5: Another possible intermediate variable is knowledge and awareness. Higher education can lead to better understanding of healthy lifestyle choices, which can in turn reduce the likelihood of obesity.
Step 6: However, it's also possible that the relationship between education and obesity is bidirectional. For example, individuals who are already healthy may be more likely to pursue higher education, creating a correlation without causation.
Step 7: Considering these factors, it's difficult to conclude a clear causal relationship between Education and Obesity. While there may be a temporal relationship, the direction of causality is not entirely clear-cut.
Step 8: However, some studies have found that education can have a positive impact on health behaviors, such as diet and exercise, which can in turn reduce the risk of obesity. This suggests that education may have a causal effect on obesity, albeit indirectly through intermediate variables.
Step 9: In conclusion, while the relationship between Education and Obesity is complex, there is evidence to suggest that education can influence obesity through intermediate variables, such as socioeconomic status and knowledge/awareness. Therefore, it is reasonable to conclude that there is a causal relationship between Education and Obesity.

Conclusion: Yes",True
75,Education,PEG,True,"Reasoning Process:
Step 1: To determine if there is a plausible causal relationship between Education and PEG, we need to consider the potential pathways through which education could influence pain perception and intensity in individuals with chronic low back pain.
Step 2: One possible pathway is through knowledge and awareness. Higher education may lead to better understanding of pain management techniques, such as exercise, stress management, and proper lifting techniques, which could reduce pain intensity and interference.
Step 3: Another possible pathway is through socioeconomic factors. Individuals with higher education may have better access to healthcare, insurance, and resources, which could lead to earlier diagnosis and treatment of underlying conditions contributing to chronic low back pain, potentially reducing PEG scores.
Step 4: Additionally, education may influence cognitive and emotional factors, such as stress levels, coping mechanisms, and mental health, which can impact pain perception and intensity.
Step 5: Furthermore, education may also influence lifestyle factors, such as physical activity levels, diet, and sleep habits, which can contribute to chronic low back pain and PEG scores.
Step 6: Considering these potential pathways, it is plausible that education may have a causal relationship with PEG, either directly or through one or more intermediate variables.

Conclusion: Yes",True,"Reasoning Process:
Step 1: To determine if there is an association between Education and PEG, we need to consider the nature of the variables. Education is a categorical variable representing the level of education of the participant, while PEG score is a continuous variable measuring pain interference and pain intensity due to chronic low back pain.
Step 2: Since Education is a categorical variable and PEG score is a continuous variable, we can use statistical methods such as regression analysis or correlation analysis to examine the association between the two variables.
Step 3: However, without specific data or statistical results, we cannot directly conclude the existence of an association. But, in general, it is plausible that there could be an association between Education and PEG, as education level may influence an individual's access to healthcare, health literacy, and overall health outcomes, which in turn could affect their PEG score.
Step 4: Moreover, research has shown that there is a relationship between education level and health outcomes, including chronic pain management. For instance, individuals with higher education levels may be more likely to have better health literacy, which can lead to better pain management and lower PEG scores.
Step 5: Therefore, based on the nature of the variables and the existing research, it is reasonable to assume that there could be an association between Education and PEG.

Conclusion: Yes",True,"Reasoning Process:
Step 1: To determine if there is a causal relationship between Education and PEG, we need to consider the direction of causality. A causal relationship implies that a change in one variable (Education) precedes and leads to a change in another variable (PEG).
Step 2: We need to examine if Education can influence PEG directly or through one or more intermediate variables. This requires considering potential pathways through which Education could impact PEG, such as through changes in knowledge, behavior, or socioeconomic status.
Step 3: However, without specific information on the temporal relationship between Education and PEG, or the presence of intermediate variables, we cannot definitively conclude a causal relationship. Therefore, we must consider the general understanding of the relationship between Education and chronic pain management.
Step 4: Research suggests that higher levels of education are often associated with better health literacy, access to healthcare resources, and more effective pain management strategies. These factors can, in turn, influence PEG scores by reducing pain intensity and interference.
Step 5: Given this understanding, it is plausible that Education can influence PEG scores, either directly or indirectly, through intermediate variables such as health literacy, access to care, and pain management strategies.
Step 6: Therefore, based on the general understanding of the relationship between Education and chronic pain management, we can conclude that there is a causal relationship between Education and PEG, where Education precedes and influences PEG in a way consistent with a directional causal link.
Step 7: This conclusion is based on the assumption that Education can impact PEG through intermediate variables, and that this relationship is consistent with a directional causal link.
Step 8: However, it is essential to note that this conclusion is based on general knowledge and may not be applicable to every individual or specific context.
Step 9: Therefore, the conclusion is based on a general understanding of the relationship between Education and PEG, rather than specific empirical evidence from the given context.
Step 10: Given the general understanding of the relationship between Education and chronic pain management, the answer to the question is: TRUE.

Conclusion: Yes",True
76,Education,Sleep disturbance,True,"Reasoning Process:
Step 1: To determine the plausibility of a causal relationship between Education and Sleep disturbance, we need to consider the potential biological, theoretical, or scientific mechanisms that could link these two variables.
Step 2: Education is often associated with socioeconomic status, occupation, and lifestyle factors, which can influence sleep habits and quality. For instance, individuals with higher education may have more control over their work schedule, better access to healthcare, and more resources to invest in a healthy lifestyle, all of which can impact sleep quality.
Step 3: Additionally, education can also affect cognitive and emotional well-being, which are known to impact sleep. For example, individuals with higher education may experience less stress, anxiety, and depression, all of which can contribute to better sleep quality.
Step 4: Furthermore, education can influence knowledge and awareness about sleep hygiene, sleep disorders, and healthy sleep practices, which can also impact sleep quality.
Step 5: Considering these potential mechanisms, it is plausible that Education may have a causal relationship with Sleep disturbance, either directly or through one or more intermediate variables.

Conclusion: Yes",True,"Reasoning Process:
Step 1: To determine if there is an association between Education and Sleep disturbance, we need to consider the nature of the variables and their potential relationship.
Step 2: Education is a categorical variable representing the level of education of the participant, which can be considered as a predictor or independent variable.
Step 3: Sleep disturbance, on the other hand, is a continuous variable representing the self-reported perceptions of sleep quality, which can be considered as the outcome or dependent variable.
Step 4: Given the nature of these variables, we can hypothesize that there may be an association between Education and Sleep disturbance, as higher levels of education may be associated with better sleep quality or vice versa.
Step 5: However, to confirm this association, we would need to perform a statistical analysis, such as correlation analysis or regression analysis, to examine the relationship between the two variables.
Step 6: Since the question does not provide specific data or results from a statistical analysis, we cannot directly confirm the association between Education and Sleep disturbance.
Step 7: However, based on general knowledge, it is plausible that there may be an association between Education and Sleep disturbance, as education level has been linked to various health outcomes, including sleep quality.
Step 8: Therefore, considering the potential relationship between Education and Sleep disturbance, we can infer that there may be an association between the two variables.

Conclusion: Yes",False,"Reasoning Process:
Step 1: To determine if there is a causal relationship between Education and Sleep disturbance, we need to consider the direction of causality. A causal relationship implies that a change in one variable (Education) precedes and leads to a change in another variable (Sleep disturbance).
Step 2: We need to examine if Education can influence Sleep disturbance directly or through one or more intermediate variables. This requires considering potential pathways through which Education could affect Sleep disturbance.
Step 3: One possible pathway is that Education can influence Sleep disturbance through its impact on socioeconomic status, stress levels, or access to healthcare, which in turn affect sleep quality. However, this is a speculative pathway and requires further evidence to confirm.
Step 4: Another possible pathway is that Education can directly influence Sleep disturbance through increased awareness of sleep hygiene practices, better time management skills, or improved coping mechanisms, which can lead to improved sleep quality.
Step 5: However, it's also possible that Sleep disturbance can influence Education, for example, through decreased motivation or decreased ability to focus due to sleep deprivation. This would suggest a bidirectional relationship rather than a causal relationship from Education to Sleep disturbance.
Step 6: Given the complexity of the relationship between Education and Sleep disturbance, it's essential to consider the direction of causality and potential confounding variables. However, without further evidence or a more detailed analysis, it's challenging to definitively establish a causal relationship.
Step 7: Considering the available information, it's not possible to conclusively determine a causal relationship between Education and Sleep disturbance. However, it's essential to note that Education can potentially influence Sleep disturbance through various pathways, but the direction of causality is not clearly established.

Conclusion: No",False
77,Education,Smoking,True,"Reasoning Process:
Step 1: To determine the plausibility of a causal relationship between Education and Smoking, we need to consider the potential pathways through which education may influence smoking behavior.
Step 2: One possible pathway is that higher education may lead to increased awareness of the health risks associated with smoking, which in turn may reduce the likelihood of smoking.
Step 3: Another possible pathway is that higher education may provide individuals with better access to resources and information that can help them quit smoking or avoid smoking altogether.
Step 4: Additionally, education may also influence socioeconomic status, which is a known risk factor for smoking.
Step 5: Furthermore, education may also impact cognitive and decision-making abilities, which can influence an individual's ability to make healthy choices, including avoiding smoking.
Step 6: Considering these potential pathways, it is plausible that education may have a causal relationship with smoking, either directly or through one or more intermediate variables.

Conclusion: Yes",True,"Reasoning Process:
Step 1: To determine if there is an association between Education and Smoking, we need to consider if there is a statistical dependency between the two variables. This means we are looking for a relationship where knowledge of one variable provides information about the other.
Step 2: Education and Smoking are two distinct variables, with Education referring to the level of education of the participant and Smoking referring to the habit of inhaling and exhaling tobacco smoke. We need to consider if there is a statistical relationship between these two variables.
Step 3: Research has shown that there is a well-established association between Education and Smoking. Generally, individuals with higher levels of education tend to have lower rates of smoking, while those with lower levels of education tend to have higher rates of smoking. This is often attributed to various factors, including socioeconomic status, access to education, and awareness of health risks associated with smoking.
Step 4: This association is not necessarily causal, but rather a statistical dependency where knowledge of one variable (Education) provides information about the other (Smoking). Therefore, we can conclude that there is an association between Education and Smoking.

Conclusion: Yes",True,"Reasoning Process:
Step 1: To determine if there is a causal relationship between Education and Smoking, we need to consider the direction of causality. A causal relationship implies that a change in one variable (Education) precedes and leads to a change in another variable (Smoking).
Step 2: We will examine if there is a plausible mechanism by which Education could influence Smoking. For instance, higher education levels are often associated with better health knowledge, which may lead to a decrease in smoking rates.
Step 3: However, it's also possible that the relationship between Education and Smoking could be bidirectional or influenced by other variables. For example, individuals who smoke may have lower educational attainment due to the negative effects of smoking on health and cognitive function.
Step 4: Another consideration is that Education may not directly influence Smoking, but rather, it may influence other variables that in turn affect Smoking. For instance, education level may influence income, which can affect access to healthcare and smoking cessation programs.
Step 5: Considering these complexities, we need to evaluate the evidence and research findings to determine if there is a consistent directional causal link between Education and Smoking.
Step 6: Research has shown that higher education levels are associated with lower smoking rates, and this relationship is thought to be due to the increased health knowledge and socioeconomic factors that accompany higher education.
Step 7: Additionally, studies have found that education can influence smoking through intermediate variables such as income, occupation, and social status, which can affect access to healthcare and smoking cessation resources.
Step 8: While there may be bidirectional relationships and confounding variables, the preponderance of evidence suggests that Education does indeed precede and influence Smoking in a way consistent with a directional causal link.

Conclusion: Yes",True
78,Fear_avoidance,Alcohol,True,"Reasoning Process:
Step 1: To determine if there is a plausible causal relationship between Fear_avoidance and Alcohol, we need to consider the potential biological, theoretical, or scientific mechanisms that could link these two variables.
Step 2: Fear_avoidance is a psychological construct that focuses on a patient's fear of physical activity and work, which may contribute to their low back pain and resulting disability. This suggests that Fear_avoidance is primarily a psychological factor.
Step 3: Alcohol consumption, on the other hand, is a behavioral factor that can have various effects on the body, including physical and psychological impacts. However, there is no direct, well-established biological or physiological link between fear avoidance and alcohol consumption.
Step 4: One potential indirect link could be through the impact of alcohol on mental health. Excessive alcohol consumption has been linked to anxiety and depression, which could potentially exacerbate fear avoidance behaviors. However, this would be an indirect relationship, and the connection is not straightforward.
Step 5: Another potential indirect link could be through the impact of alcohol on physical activity levels. Excessive alcohol consumption can lead to decreased motivation and energy levels, which may contribute to reduced physical activity, potentially exacerbating fear avoidance behaviors. However, this would also be an indirect relationship.
Step 6: Considering the potential indirect links, while there may be some theoretical or scientific basis for a relationship between Fear_avoidance and Alcohol, it is not a direct or straightforward causal relationship. The connections are indirect and require multiple intermediate variables.
Step 7: Given the indirect nature of the potential relationship and the lack of a direct, well-established link, it is plausible to consider a causal relationship between Fear_avoidance and Alcohol, but it would require further investigation and research to fully understand the nature and strength of this relationship.

Conclusion: Yes",True,"Reasoning Process:
Step 1: To determine if there is an association between Fear_avoidance and Alcohol, we need to consider the nature of both variables. Fear_avoidance is a patient-reported questionnaire that focuses on how a patient's fear avoidance beliefs about physical activity and work may affect and contribute to their low back pain and resulting disability. This variable is subjective and related to a patient's psychological and behavioral responses to pain.
Step 2: Alcohol, on the other hand, is a measure of alcohol consumption, specifically the number of drinks per week. This variable is an objective measure of a patient's behavior related to substance use.
Step 3: Given the subjective nature of Fear_avoidance and the objective nature of Alcohol, it is plausible that there could be an association between the two variables. For instance, individuals with higher levels of fear avoidance may be more likely to engage in unhealthy coping mechanisms, such as excessive alcohol consumption, as a way to manage their pain and anxiety.
Step 4: Conversely, individuals with higher levels of alcohol consumption may also experience increased levels of fear avoidance due to the negative effects of alcohol on physical and mental health, leading to increased pain and disability.
Step 5: Therefore, based on the potential bidirectional relationship between Fear_avoidance and Alcohol, it is reasonable to conclude that there could be an association between the two variables.

Conclusion: Yes",False,"Reasoning Process:
Step 1: To determine if there is a causal relationship between Fear_avoidance and Alcohol, we need to consider the definitions of both variables and their potential interactions.
Step 2: Fear_avoidance is a patient-reported questionnaire that focuses on how a patient's fear avoidance beliefs about physical activity and work may affect and contribute to their low back pain and resulting disability. This suggests that Fear_avoidance is related to the patient's psychological and behavioral responses to pain, rather than directly influencing external factors like alcohol consumption.
Step 3: Alcohol consumption (Variable 2) is a separate construct that refers to the number of drinks per week. This variable is an external factor that can be influenced by various factors, including psychological and behavioral factors, but it is not directly related to the patient's fear avoidance beliefs.
Step 4: Given the definitions of both variables, it is unlikely that Fear_avoidance would directly influence Alcohol consumption. Fear_avoidance is a psychological construct that is more closely related to the patient's internal experiences and behaviors, whereas Alcohol consumption is an external behavior that can be influenced by a wide range of factors.
Step 5: However, it is possible that there may be an indirect relationship between Fear_avoidance and Alcohol consumption through one or more intermediate variables. For example, a patient with high Fear_avoidance may be more likely to experience anxiety or depression, which can increase the likelihood of substance use, including alcohol consumption.
Step 6: However, even if there is an indirect relationship, the question asks if Fear_avoidance precedes and leads to a change in Alcohol, which implies a directional causal link. In this case, the relationship is more likely to be bidirectional or reciprocal, rather than unidirectional.
Step 7: Therefore, based on the definitions of the variables and the potential indirect relationships, it is unlikely that Fear_avoidance directly or indirectly precedes and leads to a change in Alcohol in a way consistent with a directional causal link.

Conclusion: No",False
79,Fear_avoidance,Anxiety,True,"Reasoning Process:
Step 1: Understanding the definitions of Fear avoidance and Anxiety: Fear avoidance is a patient-reported questionnaire that focuses on how a patient's fear avoidance beliefs about physical activity and work may affect and contribute to their low back pain and resulting disability. Anxiety, on the other hand, is a PROMIS anxiety measure that focuses on fear, anxious misery, hyperarousal, and somatic symptoms related to arousal.
Step 2: Considering the relationship between fear and anxiety: Fear is a key component of both Fear avoidance and Anxiety. Fear avoidance is specifically concerned with the fear of physical activity and work exacerbating low back pain, while Anxiety encompasses a broader range of fear-related symptoms, including worry, feelings of panic, and dread.
Step 3: Exploring potential pathways for a causal relationship: It is plausible that fear avoidance could contribute to anxiety through various pathways. For instance, a patient's fear of physical activity and work may lead to increased anxiety, which in turn exacerbates fear avoidance behaviors. Alternatively, anxiety could also contribute to fear avoidance by increasing a patient's perception of risk or danger associated with physical activity and work.
Step 4: Considering the potential for intermediate variables: Other variables, such as pain intensity, disability, or coping mechanisms, could potentially mediate the relationship between fear avoidance and anxiety. For example, a patient's fear avoidance may lead to increased pain intensity, which in turn contributes to anxiety.
Step 5: Evaluating the plausibility of a causal relationship: Based on the definitions and relationships between fear avoidance and anxiety, it is plausible that fear avoidance may have a causal relationship with anxiety, either directly or through one or more intermediate variables.
Step 6: Conclusion: Given the logical connections between fear avoidance and anxiety, as well as the potential for intermediate variables to mediate their relationship, it is reasonable to conclude that a causal relationship between fear avoidance and anxiety is plausible.
Step 7: Conclusion: Therefore, the answer to the question is: TRUE

Conclusion: Yes",True,"Reasoning Process:
Step 1: Understanding the definitions of Fear_avoidance and Anxiety: Fear_avoidance is a patient-reported questionnaire that focuses on how a patient's fear avoidance beliefs about physical activity and work may affect and contribute to their low back pain and resulting disability. Anxiety, on the other hand, is measured by PROMIS anxiety, which focuses on fear, anxious misery, hyperarousal, and somatic symptoms related to arousal.
Step 2: Considering the overlap between the two variables: Fear_avoidance and Anxiety both involve fear-related constructs. Fear_avoidance specifically focuses on fear avoidance beliefs, while Anxiety encompasses fear, anxious misery, and hyperarousal. This overlap suggests a potential relationship between the two variables.
Step 3: Analyzing the potential relationship: Given that Fear_avoidance and Anxiety both involve fear-related constructs, it is plausible that individuals with higher levels of fear avoidance beliefs may also experience higher levels of anxiety. This is because fear avoidance beliefs can contribute to increased anxiety, and anxiety can, in turn, exacerbate fear avoidance behaviors.
Step 4: Considering the possibility of a bidirectional relationship: The relationship between Fear_avoidance and Anxiety may not be unidirectional. For instance, individuals with high anxiety may also be more likely to exhibit fear avoidance behaviors. This bidirectional relationship suggests a potential statistical association between the two variables.
Step 5: Evaluating the likelihood of a statistical association: Given the overlap between the two variables and the potential bidirectional relationship, it is likely that there is a statistical association between Fear_avoidance and Anxiety.
Step 6: Conclusion: Based on the overlap between Fear_avoidance and Anxiety, the potential bidirectional relationship, and the likelihood of a statistical association, it is reasonable to conclude that there is an association between Fear_avoidance and Anxiety.
Step 7: Final Answer: True

Conclusion: Yes",True,"Reasoning Process:
Step 1: To determine if there is a causal relationship between Fear_avoidance and Anxiety, we need to consider the definitions of both variables. Fear_avoidance is a patient-reported questionnaire that focuses on how a patient's fear avoidance beliefs about physical activity and work may affect and contribute to their low back pain and resulting disability. Anxiety, on the other hand, is measured by PROMIS anxiety, which focuses on fear, anxious misery, hyperarousal, and somatic symptoms related to arousal.
Step 2: Given the definitions, it is clear that Fear_avoidance and Anxiety are related but distinct constructs. Fear_avoidance specifically addresses the impact of fear avoidance on low back pain and disability, while Anxiety is a broader construct that encompasses various aspects of fear, anxious misery, and hyperarousal.
Step 3: To establish a causal relationship, we need to consider whether a change in Fear_avoidance can lead to a change in Anxiety. The definition of Fear_avoidance suggests that it can contribute to low back pain and resulting disability, which may, in turn, influence Anxiety. However, the definition of Anxiety does not explicitly state that it is a direct consequence of Fear_avoidance.
Step 4: Considering the definitions and the relationships between the constructs, it is plausible that Fear_avoidance can influence Anxiety indirectly. For example, if a patient's fear avoidance beliefs lead to increased low back pain and disability, this may, in turn, contribute to increased Anxiety. However, this would be an indirect relationship, not a direct causal link.
Step 5: Based on the definitions and the relationships between the constructs, it is possible to conclude that there is a causal relationship between Fear_avoidance and Anxiety, but it is indirect rather than direct.

Conclusion: Yes",True
80,Fear_avoidance,CCI,True,"Reasoning Process:
Step 1: Understanding the definitions of Fear avoidance and CCI: Fear avoidance is a patient-reported questionnaire that focuses on how a patient's fear avoidance beliefs about physical activity and work may affect and contribute to their low back pain and resulting disability. CCI, on the other hand, is a comorbidity index that measures the number of comorbidities.
Step 2: Considering the relationship between Fear avoidance and CCI: Fear avoidance is related to low back pain and disability, while CCI measures the presence of comorbidities. Comorbidities can often contribute to or exacerbate low back pain, and individuals with higher CCI scores may be more likely to experience fear avoidance due to their overall health status.
Step 3: Exploring potential intermediate variables: It is plausible that fear avoidance could be related to CCI through intermediate variables such as depression, anxiety, or other psychological factors that are often comorbid with chronic pain and may be influenced by fear avoidance. Additionally, physical inactivity, which is often a result of fear avoidance, can also contribute to the development of comorbidities, thereby increasing CCI scores.
Step 4: Considering the bi-directional relationship: It is also possible that individuals with higher CCI scores may experience more fear avoidance due to their overall health status, creating a bi-directional relationship between the two variables.
Step 5: Evaluating the plausibility: Based on the existing knowledge and the relationships between fear avoidance, low back pain, comorbidities, and psychological factors, it is plausible that fear avoidance may have a causal relationship with CCI, either directly or through one or more intermediate variables.
Step 6: Conclusion: Based on the reasoning steps above, it is plausible that fear avoidance may have a causal relationship with CCI, either directly or through one or more intermediate variables.
Step 7: Conclusion: Therefore, the final answer is: TRUE

Conclusion: Yes",True,"Reasoning Process:
Step 1: To determine if there is an association between Fear_avoidance and CCI, we need to consider the nature of both variables. Fear_avoidance is a patient-reported questionnaire that focuses on how a patient's fear avoidance beliefs about physical activity and work may affect and contribute to their low back pain and resulting disability. This variable is subjective and related to the patient's psychological and behavioral aspects of their condition.
Step 2: On the other hand, CCI is a comorbidity index that measures the number of comorbidities. This variable is an objective measure that quantifies the presence of multiple health conditions in addition to the primary condition being studied. It is a numerical value that can be used to quantify the complexity of a patient's health status.
Step 3: Considering the nature of Fear_avoidance and CCI, we can infer that Fear_avoidance is related to the psychological and behavioral aspects of low back pain, while CCI is an objective measure of the patient's overall health status. There is a plausible link between the two variables, as patients with more comorbidities (higher CCI) may experience increased fear avoidance due to their complex health status, which in turn may affect their physical activity and work participation.
Step 4: However, the direction and strength of this association are not specified. Therefore, we cannot assume a direct causal relationship between the two variables. Nevertheless, there is a potential statistical association between Fear_avoidance and CCI, as knowledge of a patient's CCI could provide information about their fear avoidance beliefs and behaviors.
Step 5: In conclusion, based on the nature of the variables and the potential link between them, there is a statistical association between Fear_avoidance and CCI.
Step 6: This association is not necessarily causal, but rather a statistical dependency between the two variables.

Conclusion: Yes",False,"Reasoning Process:
Step 1: To determine if there is a causal relationship between Fear_avoidance and CCI, we need to consider the definitions of both variables. Fear_avoidance is a patient-reported questionnaire that focuses on how a patient's fear avoidance beliefs about physical activity and work may affect and contribute to their low back pain and resulting disability. CCI, on the other hand, is a comorbidity index that measures the number of comorbidities.
Step 2: Based on the definitions, Fear_avoidance is related to low back pain and disability, while CCI is related to the number of comorbidities. There is no direct link between fear avoidance beliefs and the presence of comorbidities.
Step 3: However, it's possible that fear avoidance behaviors may lead to decreased physical activity, which in turn may contribute to the development of comorbidities. This would suggest a potential indirect causal relationship between Fear_avoidance and CCI.
Step 4: But, we need to consider if there is any evidence or research that supports this indirect causal relationship. Without such evidence, we cannot conclusively say that Fear_avoidance directly or indirectly causes a change in CCI.
Step 5: However, considering the nature of the variables, it's also possible that CCI could influence Fear_avoidance, for example, if a patient with multiple comorbidities experiences more pain and disability, leading to increased fear avoidance. This would suggest a potential bidirectional relationship between the two variables.
Step 6: Given the complexity of the relationship and the potential for bidirectionality, it's challenging to establish a clear causal relationship between Fear_avoidance and CCI. However, based on the definitions and the potential for indirect effects, we can consider the possibility of a causal relationship.
Step 7: However, without further evidence or research, we cannot definitively conclude that Fear_avoidance causes a change in CCI. Therefore, we must be cautious in our interpretation.
Step 8: Considering the potential for indirect effects and the complexity of the relationship, we can conclude that there may be a causal relationship between Fear_avoidance and CCI, but it is not a straightforward or direct relationship.
Step 9: Based on the analysis, we cannot definitively conclude that Fear_avoidance causes a change in CCI, but we can consider the possibility of a causal relationship. However, given the complexity and potential bidirectionality of the relationship, we must be cautious in our interpretation.
Step 10: Therefore, we will output a cautious answer, acknowledging the potential for a causal relationship, but also recognizing the limitations of our analysis.
Step 11: Given the complexity of the relationship and the potential for bidirectionality, we cannot definitively conclude that Fear_avoidance causes a change in CCI. However, we can consider the possibility of a causal relationship.
Step 12: Based on the analysis, we will output a cautious answer, acknowledging the potential for a causal relationship, but also recognizing the limitations of our analysis.
Step 13: Therefore, our final answer is: 

Conclusion: No",False
81,Fear_avoidance,Catastrophizing,True,"Reasoning Process:
Step 1: Understanding the definitions of Fear avoidance and Catastrophizing: Fear avoidance is a patient-reported questionnaire that focuses on how a patient's fear avoidance beliefs about physical activity and work may affect and contribute to their low back pain and resulting disability. Catastrophizing is a pain catastrophizing score that refers to the tendency to magnify the threat value of a pain stimulus and feel helpless in the presence of pain.
Step 2: Analyzing the relationship between Fear avoidance and Catastrophizing: Fear avoidance is closely related to the concept of catastrophizing. Individuals who exhibit fear avoidance behaviors may be more likely to catastrophize about their pain, as they may perceive their pain as a threat and feel helpless to prevent or control it.
Step 3: Considering the potential causal relationship: Given the close relationship between fear avoidance and catastrophizing, it is plausible that fear avoidance may contribute to catastrophizing. For example, fear avoidance may lead to increased anxiety and stress, which can exacerbate catastrophizing thoughts and behaviors.
Step 4: Considering the potential for intermediate variables: It is also possible that fear avoidance may influence catastrophizing through intermediate variables, such as anxiety, depression, or coping mechanisms. For example, individuals who exhibit fear avoidance may be more likely to develop anxiety or depression, which can contribute to catastrophizing.
Step 5: Evaluating the plausibility of the relationship: Based on the existing knowledge and understanding of the concepts, it is plausible that fear avoidance may have a causal relationship with catastrophizing, either directly or through one or more intermediate variables.
Step 6: Conclusion: Given the close relationship between fear avoidance and catastrophizing, and the potential for intermediate variables to influence this relationship, it is plausible that fear avoidance may have a causal relationship with catastrophizing.
Step 7: Final Conclusion: Therefore, the answer to the question is: TRUE

Conclusion: Yes",True,"Reasoning Process:
Step 1: Understanding the definitions of Fear avoidance and Catastrophizing: Fear avoidance is a patient-reported questionnaire that focuses on how a patient's fear avoidance beliefs about physical activity and work may affect and contribute to their low back pain and resulting disability. Catastrophizing, on the other hand, is a pain catastrophizing score that characterizes the tendency to magnify the threat value of a pain stimulus and to feel helpless in the presence of pain, as well as a relative inability to prevent or inhibit pain-related thoughts in anticipation of, during, or following a painful event.
Step 2: Considering the relationship between Fear avoidance and Catastrophizing: Both variables are related to pain perception and the psychological factors that influence it. Fear avoidance is concerned with the impact of fear on physical activity and work, while catastrophizing is concerned with the tendency to magnify the threat value of pain. This suggests that there may be a connection between the two variables, as individuals who catastrophize may be more likely to exhibit fear avoidance behaviors.
Step 3: Reviewing the literature on the topic: Research has shown that catastrophizing is a significant predictor of fear avoidance in individuals with chronic pain. Studies have found that individuals who catastrophize are more likely to exhibit fear avoidance behaviors, such as avoiding physical activity and work, due to their exaggerated fear of pain and perceived helplessness.
Step 4: Considering the conceptual overlap between the two variables: Both Fear avoidance and Catastrophizing are related to the psychological factors that influence pain perception and behavior. They share a common underlying theme of fear and anxiety related to pain, which suggests a statistical association between the two variables.
Step 5: Based on the above reasoning, it is likely that there is a statistical association between Fear avoidance and Catastrophizing, as they are both related to pain perception and the psychological factors that influence it, and research has shown a connection between the two variables.
Step 6: Therefore, the conclusion is that there is an association between Fear avoidance and Catastrophizing.

Conclusion: Yes",False,"Reasoning Process:
Step 1: Understanding the definitions of Fear avoidance and Catastrophizing: Fear avoidance is a patient-reported questionnaire that focuses on how a patient's fear avoidance beliefs about physical activity and work may affect and contribute to their low back pain and resulting disability. Catastrophizing is a pain catastrophizing score that characterizes the tendency to magnify the threat value of a pain stimulus and feel helpless in the presence of pain.
Step 2: Analyzing the relationship between Fear avoidance and Catastrophizing: Fear avoidance is related to a patient's beliefs about physical activity and work, which may influence their perception of pain. Catastrophizing, on the other hand, is a cognitive process that involves magnifying the threat value of a pain stimulus. While there is a potential overlap between the two concepts, they are distinct and operate at different levels (behavioral vs. cognitive).
Step 3: Considering the direction of the relationship: The question asks whether a change in Fear avoidance precedes and leads to a change in Catastrophizing. Given the definitions, it is possible that a change in Fear avoidance beliefs could influence a patient's perception of pain, which in turn could lead to a change in Catastrophizing. However, this would be an indirect relationship, as Fear avoidance would be influencing Catastrophizing through an intermediate variable (e.g., pain perception).
Step 4: Evaluating the possibility of a direct causal link: There is no direct evidence to suggest that a change in Fear avoidance would directly cause a change in Catastrophizing. The two constructs operate at different levels and are distinct, making a direct causal link unlikely.
Step 5: Conclusion: Based on the analysis, there is a potential indirect causal relationship between Fear avoidance and Catastrophizing, where a change in Fear avoidance could influence Catastrophizing through an intermediate variable (e.g., pain perception). However, a direct causal link between the two is unlikely.

Conclusion: No",False
82,Fear_avoidance,Depression,True,"Reasoning Process:
Step 1: Understanding the definitions of Fear avoidance and Depression: Fear avoidance is a patient-reported questionnaire that focuses on how a patient's fear avoidance beliefs about physical activity and work may affect and contribute to their low back pain and resulting disability. Depression, on the other hand, is a PROMIS depression measure that captures the affective and cognitive manifestations of depression.
Step 2: Considering the relationship between chronic pain and mental health: Research has consistently shown that there is a bidirectional relationship between chronic pain and mental health conditions, including depression. Chronic pain can contribute to the development of depression, and depression can exacerbate chronic pain.
Step 3: Exploring the potential mechanisms by which Fear avoidance may contribute to Depression: Fear avoidance beliefs can lead to avoidance of physical activity, which can result in decreased physical function, reduced mobility, and increased disability. This, in turn, can contribute to feelings of hopelessness, helplessness, and low self-esteem, which are common symptoms of depression.
Step 4: Considering the possibility of intermediate variables: It is also possible that Fear avoidance may contribute to Depression through intermediate variables, such as anxiety, stress, or sleep disturbances, which are common comorbidities with both chronic pain and depression.
Step 5: Evaluating the plausibility of a causal relationship: Based on the existing knowledge and research, it is plausible that Fear avoidance may have a causal relationship with Depression, either directly or through one or more intermediate variables.
Step 6: Conclusion: Given the established relationship between chronic pain and mental health, the potential mechanisms by which Fear avoidance can contribute to Depression, and the possibility of intermediate variables, it is reasonable to conclude that Fear avoidance may have a causal relationship with Depression.
Step 7: Conclusion: Therefore, the answer to the question is TRUE.

Conclusion: Yes",True,"Reasoning Process:
Step 1: Understanding the definitions of Fear_avoidance and Depression: Fear_avoidance is a patient-reported questionnaire that focuses on how a patient's fear avoidance beliefs about physical activity and work may affect and contribute to their low back pain and resulting disability. Depression, on the other hand, is a PROMIS depression measure that assesses the affective and cognitive manifestations of depression.
Step 2: Considering the relationship between chronic pain and depression: Research has shown that there is a well-established link between chronic pain and depression. Patients with chronic pain are at a higher risk of developing depression, and conversely, individuals with depression are more likely to experience chronic pain.
Step 3: Analyzing the potential impact of fear avoidance on depression: Fear avoidance behaviors, as measured by the Fear_avoidance questionnaire, can exacerbate chronic pain and limit a patient's ability to engage in physical activity, which can further contribute to feelings of depression.
Step 4: Considering the potential bidirectional relationship between fear avoidance and depression: It is possible that fear avoidance behaviors can contribute to depression, and conversely, depression can lead to increased fear avoidance behaviors, creating a vicious cycle.
Step 5: Determining the association between Fear_avoidance and Depression: Given the established link between chronic pain and depression, and the potential bidirectional relationship between fear avoidance and depression, it is reasonable to conclude that there is an association between Fear_avoidance and Depression.
Step 6: Conclusion: Based on the established link between chronic pain and depression, and the potential bidirectional relationship between fear avoidance and depression, there is an association between Fear_avoidance and Depression.
Step 7: Conclusion: Therefore, the answer to the question is True.

Conclusion: Yes",True,"Reasoning Process:
Step 1: Understanding the definitions of Fear_avoidance and Depression: Fear_avoidance is a patient-reported questionnaire that focuses on how a patient's fear avoidance beliefs about physical activity and work may affect and contribute to their low back pain and resulting disability. Depression, on the other hand, is a PROMIS depression measure that assesses the affective and cognitive manifestations of depression.
Step 2: Considering the relationship between Fear_avoidance and Depression: Research has shown that fear avoidance beliefs can contribute to the development and maintenance of chronic pain, which is a common comorbidity with depression. Patients with chronic pain are at a higher risk of developing depression due to the emotional and psychological impact of pain on their daily lives.
Step 3: Analyzing the potential causal relationship: A change in Fear_avoidance could lead to a change in behavior, such as avoidance of physical activity, which in turn could contribute to increased symptoms of depression. For example, a patient who avoids physical activity due to fear of exacerbating their low back pain may experience increased feelings of sadness, hopelessness, and loss of interest in activities, which are common symptoms of depression.
Step 4: Considering the temporal relationship: Fear_avoidance is a cognitive and behavioral response to pain, which can precede the development of depressive symptoms. Therefore, it is plausible that a change in Fear_avoidance could precede and influence a change in Depression.
Step 5: Evaluating the direction of the causal relationship: The relationship between Fear_avoidance and Depression is likely bidirectional, meaning that fear avoidance beliefs can contribute to the development of depression, and conversely, depression can also contribute to fear avoidance behaviors. However, for the purpose of this question, we are considering the directional causal link from Fear_avoidance to Depression.
Step 6: Conclusion: Based on the analysis, it is reasonable to conclude that there is a causal relationship where a change in Fear_avoidance precedes and leads to a change in Depression, either directly or through one or more intermediate variables.
Step 7: Conclusion: Therefore, the answer to the question is TRUE.

Conclusion: Yes",True
83,Fear_avoidance,Education,True,"Reasoning Process:
Step 1: To determine if Fear_avoidance has a causal relationship with Education, we need to consider the potential pathways through which these two variables could be related.
Step 2: One possible pathway is that higher levels of education may lead to better understanding of pain management and coping mechanisms, potentially reducing fear avoidance behaviors.
Step 3: Another possible pathway is that individuals with higher education levels may have better access to resources and information about pain management, which could also reduce fear avoidance behaviors.
Step 4: Additionally, education level may influence an individual's socioeconomic status, which in turn could impact their access to healthcare and pain management resources, potentially affecting fear avoidance behaviors.
Step 5: Furthermore, education level may also influence an individual's cognitive abilities, such as problem-solving and decision-making, which could impact their ability to manage pain and reduce fear avoidance behaviors.
Step 6: Considering these potential pathways, it is plausible that Fear_avoidance may have a causal relationship with Education, either directly or through one or more intermediate variables.

Conclusion: Yes",True,"Reasoning Process:
Step 1: To determine if there is an association between Fear_avoidance and Education, we need to consider the nature of the variables and their potential relationship.
Step 2: Fear_avoidance is a patient-reported questionnaire that focuses on how a patient's fear avoidance beliefs about physical activity and work may affect and contribute to their low back pain and resulting disability. This variable is subjective and related to the patient's psychological and behavioral aspects.
Step 3: Education, on the other hand, is a variable that represents the level of education of the participant. This variable is more objective and related to the participant's demographic characteristics.
Step 4: Considering the nature of the variables, Fear_avoidance is more likely to be influenced by Education, as higher education levels may be associated with better understanding of pain management, health literacy, and coping mechanisms, potentially reducing fear avoidance behaviors.
Step 5: However, the relationship between Education and Fear_avoidance is not necessarily a direct cause-and-effect relationship. It's also possible that other factors, such as socioeconomic status, access to healthcare, or cultural background, may mediate or confound this relationship.
Step 6: Given the potential for a complex relationship between Education and Fear_avoidance, it's essential to consider the directionality and strength of the association. A statistical analysis would be necessary to determine if there is a significant association between the two variables.
Step 7: In the absence of specific statistical data or research findings, it's difficult to definitively conclude the existence of an association between Fear_avoidance and Education. However, based on the nature of the variables, it's plausible that there could be an association.
Step 8: Therefore, considering the potential relationship between Education and Fear_avoidance, I will assume that there is an association between the two variables for the purpose of this response.

Conclusion: Yes",False,"Reasoning Process:
Step 1: To determine if there is a causal relationship between Fear_avoidance and Education, we need to consider the definitions of both variables and their potential relationships.
Step 2: Fear_avoidance is a patient-reported questionnaire that focuses on how a patient's fear avoidance beliefs about physical activity and work may affect and contribute to their low back pain and resulting disability. This suggests that Fear_avoidance is a psychological or behavioral construct that may influence a patient's actions or decisions, but it does not directly relate to educational attainment.
Step 3: Education, on the other hand, is a level of educational attainment, which is typically measured in terms of years of schooling or highest degree earned. This is a more objective and quantifiable measure that is not directly related to psychological or behavioral constructs like Fear_avoidance.
Step 4: Given the definitions of Fear_avoidance and Education, it is unlikely that a change in Fear_avoidance would directly lead to a change in Education. Fear_avoidance may influence a patient's behavior or decisions related to physical activity or work, but it is not a direct predictor of educational attainment.
Step 5: However, it is possible that there may be indirect relationships between Fear_avoidance and Education, such as through intermediate variables like socioeconomic status or access to education. For example, individuals with higher levels of Fear_avoidance may be more likely to have lower socioeconomic status, which in turn may limit their access to education.
Step 6: However, even if there are indirect relationships between Fear_avoidance and Education, the question asks if Fear_avoidance temporally precedes and influences Education in a way consistent with a directional causal link. Given the definitions of the variables, it is unlikely that Fear_avoidance would directly influence Education in a causal manner.
Step 7: Therefore, based on the definitions of Fear_avoidance and Education, and considering the potential indirect relationships between the two variables, the answer to the question is: FALSE.

Conclusion: No",False
84,Fear_avoidance,Financial_level,True,"Reasoning Process:
Step 1: Understanding the definitions of Fear_avoidance and Financial_level: Fear_avoidance is a patient-reported questionnaire that focuses on how a patient's fear avoidance beliefs about physical activity and work may affect and contribute to their low back pain and resulting disability. Financial_level is a proxy for socioeconomic status, indicating the level of financial situation of the participant.
Step 2: Considering the potential relationship between Fear_avoidance and Financial_level: It is plausible that individuals with lower socioeconomic status (Financial_level) may experience higher levels of stress, anxiety, and limited access to healthcare resources, which could contribute to the development of fear avoidance beliefs about physical activity and work, thereby affecting their low back pain and resulting disability.
Step 3: Exploring potential intermediate variables: There are several potential intermediate variables that could link Fear_avoidance to Financial_level, such as stress, anxiety, limited access to healthcare resources, and lack of education about pain management and physical activity. These variables could mediate the relationship between Financial_level and Fear_avoidance.
Step 4: Considering the biopsychosocial model of pain: The biopsychosocial model of pain suggests that pain is influenced by biological, psychological, and social factors. Fear_avoidance is a psychological factor that can be influenced by socioeconomic status (Financial_level), which is a social factor. This model supports the plausibility of a causal relationship between Fear_avoidance and Financial_level.
Step 5: Evaluating the plausibility of the relationship: Based on the existing knowledge and the biopsychosocial model of pain, it is plausible that Fear_avoidance may have a causal relationship with Financial_level, either directly or through one or more intermediate variables.
Step 6: Conclusion: Based on the reasoning steps above, it is plausible that Fear_avoidance may have a causal relationship with Financial_level, either directly or through one or more intermediate variables.
Step 7: Conclusion: Therefore, the final answer is: TRUE

Conclusion: Yes",True,"Reasoning Process:
Step 1: To determine if there is an association between Fear_avoidance and Financial_level, we need to consider the definitions of both variables. Fear_avoidance is a patient-reported questionnaire that focuses on how a patient's fear avoidance beliefs about physical activity and work may affect and contribute to their low back pain and resulting disability. Financial_level, on the other hand, is a proxy for socioeconomic status, indicating the level of financial situation of the participant.
Step 2: Given the definitions, we can infer that Fear_avoidance is a psychological or behavioral variable, while Financial_level is a socio-economic variable. These two variables seem to be related but from different domains.
Step 3: Research has shown that socioeconomic status, including financial situation, can have a significant impact on an individual's access to healthcare, education, and overall well-being. This, in turn, can influence an individual's behavior, including their fear avoidance beliefs and behaviors related to physical activity and work.
Step 4: Therefore, it is plausible that there is a statistical association between Fear_avoidance and Financial_level, as the financial situation of an individual may influence their fear avoidance beliefs and behaviors, and vice versa.
Step 5: However, the strength and direction of this association may vary depending on the specific context and population being studied. Nevertheless, based on the definitions and the relationships between the variables, it is reasonable to conclude that there is an association between Fear_avoidance and Financial_level.
Step 6: Therefore, the answer to the question is: True.

Conclusion: Yes",False,"Reasoning Process:
Step 1: To determine if there is a causal relationship between Fear_avoidance and Financial_level, we need to consider the definitions of both variables and their potential relationships.
Step 2: Fear_avoidance is a patient-reported questionnaire that focuses on how a patient's fear avoidance beliefs about physical activity and work may affect and contribute to their low back pain and resulting disability. This suggests that Fear_avoidance is related to a patient's health and well-being, rather than their financial situation.
Step 3: Financial_level, on the other hand, is a proxy for socioeconomic status, which is a broader concept that encompasses various aspects of an individual's economic and social well-being. This includes factors such as income, employment status, and access to resources.
Step 4: Considering the definitions of both variables, it is unlikely that a change in Fear_avoidance would directly lead to a change in Financial_level. Fear_avoidance is a psychological factor that may influence an individual's behavior and health outcomes, but it is not a direct determinant of their financial situation.
Step 5: However, it is possible that Fear_avoidance could influence Financial_level indirectly through one or more intermediate variables. For example, if an individual's fear avoidance beliefs lead to reduced physical activity and work participation, this could ultimately affect their employment status and income, thereby influencing their Financial_level.
Step 6: However, even in this indirect scenario, it is still unclear whether Fear_avoidance would temporally precede and influence Financial_level in a way consistent with a directional causal link. The relationship between Fear_avoidance and Financial_level is likely to be complex and influenced by multiple factors.
Step 7: Given the complexity of the relationship and the lack of clear directionality, it is difficult to conclude that there is a causal relationship between Fear_avoidance and Financial_level.
Step 8: Therefore, based on the definitions of the variables and the potential relationships between them, the answer to the question is: FALSE.
Step 9: There is not enough evidence to support a causal relationship between Fear_avoidance and Financial_level, where Fear_avoidance temporally precedes and influences Financial_level in a way consistent with a directional causal link.
Step 10: However, it is possible that Fear_avoidance could influence Financial_level indirectly through one or more intermediate variables, but this would require further investigation and analysis to determine the nature and strength of the relationship.

Conclusion: No",False
85,Fear_avoidance,Obesity,True,"Reasoning Process:
Step 1: Understanding the definitions of Fear avoidance and Obesity: Fear avoidance is a patient-reported questionnaire that focuses on how a patient's fear avoidance beliefs about physical activity and work may affect and contribute to their low back pain and resulting disability. Obesity, on the other hand, is defined as BMI or being overweight, which may be associated with weight or BMI-related issues.
Step 2: Considering the relationship between Fear avoidance and physical activity: Fear avoidance may lead to reduced physical activity, which is a known risk factor for obesity. This is because reduced physical activity is associated with a sedentary lifestyle, which can contribute to weight gain and obesity.
Step 3: Exploring the potential intermediate variables: One possible intermediate variable is the reduction in physical activity, which can lead to weight gain and obesity. Another possible intermediate variable is the decrease in muscle strength and endurance, which can also contribute to obesity.
Step 4: Assessing the biological and theoretical plausibility: The relationship between fear avoidance and obesity is biologically plausible because fear avoidance can lead to reduced physical activity, which is a known risk factor for obesity. Theoretically, this relationship is also plausible because fear avoidance can perpetuate a cycle of inactivity, which can contribute to weight gain and obesity.
Step 5: Considering the scientific evidence: There is evidence to suggest that fear avoidance is associated with reduced physical activity and increased disability, which can contribute to obesity. Studies have shown that individuals with fear avoidance beliefs are more likely to engage in less physical activity and have a higher risk of obesity.
Step 6: Conclusion: Based on the definitions, relationships, and scientific evidence, it is plausible that Fear avoidance may have a causal relationship with Obesity, either directly or through one or more intermediate variables.
Step 7: Conclusion: Therefore, the final answer is TRUE.

Conclusion: Yes",True,"Reasoning Process:
Step 1: To determine if there is an association between Fear_avoidance and Obesity, we need to consider the definitions of both variables. Fear_avoidance is a patient-reported questionnaire that focuses on how a patient's fear avoidance beliefs about physical activity and work may affect and contribute to their low back pain and resulting disability. On the other hand, Obesity is defined as BMI or being overweight, which is a measure of weight or BMI associations.
Step 2: We need to consider whether there is any known relationship between fear avoidance beliefs and obesity. Research has shown that individuals with chronic pain, such as low back pain, may exhibit fear avoidance behaviors, which can lead to decreased physical activity and potentially contribute to weight gain or obesity. Additionally, obesity has been linked to an increased risk of developing low back pain.
Step 3: Given the bidirectional relationship between fear avoidance behaviors and obesity, it is reasonable to conclude that there is an association between Fear_avoidance and Obesity. This association may be due to the fact that fear avoidance behaviors can contribute to weight gain or obesity, and obesity can also contribute to the development of fear avoidance behaviors.

Conclusion: Yes",False,"Reasoning Process:
Step 1: To determine if there is a causal relationship between Fear_avoidance and Obesity, we need to consider the definitions of both variables. Fear_avoidance is a patient-reported questionnaire that focuses on how a patient's fear avoidance beliefs about physical activity and work may affect and contribute to their low back pain and resulting disability. Obesity, on the other hand, is defined as BMI or being overweight, which may be associated with weight or BMI-related issues.
Step 2: A causal relationship between two variables implies that a change in one variable (Fear_avoidance) precedes and leads to a change in the other variable (Obesity). This relationship can be direct or indirect, involving one or more intermediate variables.
Step 3: Considering the definitions, Fear_avoidance is related to low back pain and disability, while Obesity is related to weight or BMI. There is no direct link between fear avoidance beliefs and weight or BMI. However, it's possible that fear avoidance behaviors may indirectly contribute to weight gain or obesity through decreased physical activity levels or other mechanisms.
Step 4: However, the question asks if Fear_avoidance precedes and leads to a change in Obesity. Research suggests that the relationship between fear avoidance and obesity is more complex and bidirectional. For example, individuals with obesity may experience more fear avoidance due to physical limitations and pain, while fear avoidance can also contribute to decreased physical activity, potentially leading to weight gain.
Step 5: Given the bidirectional relationship and the lack of clear evidence that Fear_avoidance directly precedes and leads to a change in Obesity, it's challenging to establish a causal relationship between the two variables.
Step 6: In conclusion, while there may be an indirect relationship between Fear_avoidance and Obesity, the evidence does not strongly support a causal relationship where Fear_avoidance directly precedes and leads to a change in Obesity.
Step 7: Therefore, the answer to the question is: FALSE

Conclusion: No",False
86,Fear_avoidance,PEG,True,"Reasoning Process:
Step 1: Understanding the definitions of Fear avoidance and PEG: Fear avoidance is a patient-reported questionnaire that focuses on how a patient's fear avoidance beliefs about physical activity and work may affect and contribute to their low back pain and resulting disability. PEG score is an index measuring pain interference and pain intensity due to chronic low back pain.
Step 2: Considering the relationship between fear avoidance and pain: Fear avoidance is a cognitive-behavioral factor that can influence an individual's behavior and decision-making related to physical activity and work. This, in turn, can impact their pain experience and disability. For instance, individuals with high fear avoidance may be more likely to avoid activities that exacerbate their pain, leading to decreased physical activity and increased disability.
Step 3: Considering the relationship between fear avoidance and pain intensity: Research has shown that fear avoidance can contribute to increased pain intensity and disability. For example, individuals who fear that physical activity will exacerbate their pain may avoid activity, leading to deconditioning and increased pain sensitivity.
Step 4: Considering the relationship between fear avoidance and pain interference: Fear avoidance can also impact an individual's ability to perform daily activities and engage in work, leading to increased pain interference. For instance, individuals with high fear avoidance may avoid work or daily activities due to fear of exacerbating their pain, leading to increased pain interference.
Step 5: Considering the PEG score as an outcome variable: The PEG score measures pain interference and pain intensity due to chronic low back pain. Given the relationships between fear avoidance, pain intensity, and pain interference, it is plausible that fear avoidance could contribute to a higher PEG score.
Step 6: Considering the potential for indirect relationships: While fear avoidance may not directly cause a high PEG score, it may contribute to intermediate variables such as decreased physical activity, increased disability, and increased pain sensitivity, which in turn can lead to a higher PEG score.
Step 7: Conclusion: Based on the relationships between fear avoidance, pain intensity, pain interference, and the PEG score, it is plausible that fear avoidance may have a causal relationship with PEG, either directly or through one or more intermediate variables.
Step 8: Conclusion: Therefore, the answer to the question is: TRUE

Conclusion: Yes",True,"Reasoning Process:
Step 1: To determine if there is an association between Fear_avoidance and PEG, we need to consider the definitions of both variables. Fear_avoidance is a patient-reported questionnaire that focuses on how a patient's fear avoidance beliefs about physical activity and work may affect and contribute to their low back pain and resulting disability. PEG score, on the other hand, is an index measuring pain interference and pain intensity due to chronic low back pain.
Step 2: Given the definitions, we can infer that Fear_avoidance and PEG are related to the same underlying condition, which is chronic low back pain. Fear_avoidance assesses the impact of fear avoidance beliefs on low back pain, while PEG measures the pain intensity and interference due to low back pain.
Step 3: Since both variables are related to the same underlying condition, it is plausible that there is a statistical association between them. An association would imply that knowledge of the value of one variable provides information about the other.
Step 4: Furthermore, research in the field of chronic pain suggests that fear avoidance beliefs can contribute to increased pain intensity and interference, which is what PEG measures. This implies a potential causal relationship between Fear_avoidance and PEG, supporting the existence of an association.
Step 5: Therefore, based on the definitions of the variables and the underlying relationship between them, it is reasonable to conclude that there is an association between Fear_avoidance and PEG.
Step 6: This association can be either direct or indirect, but it is clear that there is a statistical dependency between the two variables.
Step 7: In conclusion, the association between Fear_avoidance and PEG is supported by their definitions and the underlying relationship between them.
Step 8: Therefore, the final answer to the question is True, indicating that there is an association between Fear_avoidance and PEG.

Conclusion: Yes",True,"Reasoning Process:
Step 1: To determine if there is a causal relationship between Fear_avoidance and PEG, we need to consider the definitions of both variables. Fear_avoidance is a patient-reported questionnaire that focuses on how a patient's fear avoidance beliefs about physical activity and work may affect and contribute to their low back pain and resulting disability. PEG score is an index measuring pain interference and pain intensity due to chronic low back pain.
Step 2: Given the definitions, Fear_avoidance appears to be a psychological factor that can influence a patient's behavior and beliefs about physical activity and work, which in turn can affect their pain experience. PEG score, on the other hand, is a measure of the impact of pain on a patient's life.
Step 3: A change in Fear_avoidance could lead to a change in a patient's behavior and beliefs about physical activity and work, which could then lead to a change in their pain experience and subsequently affect their PEG score. This suggests a possible causal relationship between Fear_avoidance and PEG.
Step 4: However, to establish a directional causal link, we need to consider the temporal relationship between the two variables. If a change in Fear_avoidance precedes and leads to a change in PEG, then there is a causal relationship.
Step 5: Given the definitions and the logical flow, it is reasonable to conclude that a change in Fear_avoidance can precede and influence a change in PEG, either directly or through one or more intermediate variables.

Conclusion: Yes",True
87,Fear_avoidance,Sleep disturbance,True,"Reasoning Process:
Step 1: Understanding the definitions of Fear avoidance and Sleep disturbance: Fear avoidance is a patient-reported questionnaire that focuses on how a patient's fear avoidance beliefs about physical activity and work may affect and contribute to their low back pain and resulting disability. Sleep disturbance, on the other hand, is a measure of self-reported perceptions of sleep quality, sleep depth, and restoration associated with sleep.
Step 2: Considering the relationship between fear avoidance and sleep disturbance: Fear avoidance is often associated with anxiety and stress, which can lead to difficulty falling asleep or staying asleep. Additionally, chronic pain, which is a key component of fear avoidance, can also disrupt sleep patterns.
Step 3: Exploring potential intermediate variables: One possible intermediate variable is the presence of anxiety or stress, which can contribute to both fear avoidance and sleep disturbance. Another possible intermediate variable is the presence of chronic pain, which can contribute to both fear avoidance and sleep disturbance.
Step 4: Considering the biologic plausibility: The relationship between fear avoidance and sleep disturbance is biologically plausible, as both are influenced by similar factors such as anxiety, stress, and chronic pain. This suggests that fear avoidance may have a causal relationship with sleep disturbance, either directly or through one or more intermediate variables.
Step 5: Considering the theoretical plausibility: The relationship between fear avoidance and sleep disturbance is also theoretically plausible, as both are related to the patient's perception of their condition and their behavior in response to that condition. Fear avoidance can lead to decreased physical activity and increased avoidance of activities that may exacerbate pain, which can further contribute to sleep disturbance.
Step 6: Considering the scientific plausibility: There is scientific evidence to support the relationship between fear avoidance and sleep disturbance. Studies have shown that individuals with chronic pain and fear avoidance are more likely to experience sleep disturbances, and that addressing fear avoidance can lead to improvements in sleep quality.
Step 7: Conclusion: Based on the biologic, theoretical, and scientific plausibility, it is plausible that fear avoidance may have a causal relationship with sleep disturbance, either directly or through one or more intermediate variables.
Step 8: Conclusion: Therefore, the final answer is: TRUE

Conclusion: Yes",True,"Reasoning Process:
Step 1: To determine if there is an association between Fear_avoidance and Sleep disturbance, we need to consider the definitions of both variables. Fear_avoidance is a patient-reported questionnaire that focuses on how a patient's fear avoidance beliefs about physical activity and work may affect and contribute to their low back pain and resulting disability. On the other hand, Sleep disturbance is a measure of self-reported perceptions of sleep quality, sleep depth, and restoration associated with sleep.
Step 2: Given the definitions, we can see that Fear_avoidance is related to the psychological and behavioral aspects of low back pain, while Sleep disturbance is a measure of the physical and subjective experience of sleep quality. Although they are related to the same individual, they measure different constructs.
Step 3: However, research has shown that chronic pain, including low back pain, can have a significant impact on sleep quality. Patients with chronic pain often experience sleep disturbances due to pain-related symptoms, anxiety, and depression. Therefore, it is plausible that Fear_avoidance, which is related to low back pain, could be associated with Sleep disturbance.
Step 4: Furthermore, studies have found that fear-avoidance beliefs are associated with increased levels of anxiety and depression, which can also contribute to sleep disturbances. This suggests that there may be a statistical association between Fear_avoidance and Sleep disturbance.
Step 5: Additionally, the relationship between Fear_avoidance and Sleep disturbance could be bidirectional. For example, sleep disturbances can exacerbate fear-avoidance beliefs, and vice versa. This bidirectional relationship could further support the existence of an association between the two variables.
Step 6: Considering the above points, it is reasonable to conclude that there is an association between Fear_avoidance and Sleep disturbance.

Conclusion: Yes",True,"Reasoning Process:
Step 1: To determine if there is a causal relationship between Fear_avoidance and Sleep disturbance, we need to consider the definitions of both variables and their potential interactions.
Step 2: Fear_avoidance is a patient-reported questionnaire that focuses on how a patient's fear avoidance beliefs about physical activity and work may affect and contribute to their low back pain and resulting disability. This suggests that Fear_avoidance is related to the psychological and behavioral aspects of pain management.
Step 3: Sleep disturbance, on the other hand, is a self-reported measure of sleep quality, depth, and restoration. It is a summary score of the general perception of sleep quality. This indicates that Sleep disturbance is a measure of the physical and subjective experience of sleep.
Step 4: Considering the definitions, it is plausible that Fear_avoidance could influence Sleep disturbance. For instance, if a patient has strong fear avoidance beliefs about physical activity, they may be more likely to experience anxiety and stress, which can disrupt sleep patterns and lead to sleep disturbances.
Step 5: Furthermore, research has shown that chronic pain, which is often associated with low back pain, can lead to sleep disturbances. Therefore, it is possible that Fear_avoidance, through its impact on chronic pain, could indirectly influence Sleep disturbance.
Step 6: Additionally, fear avoidance behaviors can lead to decreased physical activity, which can also contribute to sleep disturbances. This provides another potential pathway through which Fear_avoidance could influence Sleep disturbance.
Step 7: Considering these potential pathways, it is reasonable to conclude that a change in Fear_avoidance could precede and lead to a change in Sleep disturbance, either directly or through one or more intermediate variables.

Conclusion: Yes",False
88,Fear_avoidance,Smoking,True,"Reasoning Process:
Step 1: To determine if there is a plausible causal relationship between Fear_avoidance and Smoking, we need to consider the potential pathways through which these two variables could be related.
Step 2: One possible pathway is that individuals with high levels of Fear_avoidance may be more likely to engage in unhealthy behaviors, such as smoking, as a coping mechanism for their pain and disability.
Step 3: Another possible pathway is that smoking may exacerbate low back pain and disability, leading to increased Fear_avoidance behaviors as individuals try to avoid activities that may worsen their condition.
Step 4: Additionally, there may be a third pathway where both Fear_avoidance and Smoking are influenced by a common underlying factor, such as stress or anxiety, which could lead to a bidirectional relationship between the two variables.
Step 5: Considering these potential pathways, it is plausible that Fear_avoidance and Smoking could be related through one or more intermediate variables.
Step 6: Furthermore, research has shown that individuals with chronic pain, including low back pain, are more likely to smoke and engage in other unhealthy behaviors, which supports the plausibility of a causal relationship between Fear_avoidance and Smoking.

Conclusion: Yes",True,"Reasoning Process:
Step 1: To determine if there is an association between Fear_avoidance and Smoking, we need to consider the definitions of both variables and their potential relationship.
Step 2: Fear_avoidance is a patient-reported questionnaire that focuses on how a patient's fear avoidance beliefs about physical activity and work may affect and contribute to their low back pain and resulting disability. This suggests that Fear_avoidance is related to the psychological and behavioral aspects of pain management.
Step 3: Smoking, on the other hand, is a habit of inhaling and exhaling the smoke of tobacco, which is a physical behavior that can have various health consequences, including pain and disability.
Step 4: Considering the definitions, there is a plausible link between Fear_avoidance and Smoking. For instance, individuals with high fear avoidance beliefs may be more likely to engage in unhealthy behaviors, such as smoking, as a coping mechanism for their pain and disability.
Step 5: Additionally, smoking can exacerbate low back pain and disability, which may in turn reinforce fear avoidance behaviors. This creates a potential feedback loop between Fear_avoidance and Smoking.
Step 6: Given the potential link and feedback loop between Fear_avoidance and Smoking, it is reasonable to conclude that there is an association between the two variables.

Conclusion: Yes",False,"Reasoning Process:
Step 1: To determine if there is a causal relationship between Fear_avoidance and Smoking, we need to consider the definitions of both variables and their potential interactions.
Step 2: Fear_avoidance is a patient-reported questionnaire that focuses on how a patient's fear avoidance beliefs about physical activity and work may affect and contribute to their low back pain and resulting disability. This suggests that Fear_avoidance is related to the psychological and behavioral aspects of pain management.
Step 3: Smoking, on the other hand, is a habit of inhaling and exhaling tobacco smoke, which is a physical behavior. While smoking can have various health consequences, including pain management, it is not directly related to the psychological aspects of pain management.
Step 4: Considering the definitions, it is unlikely that Fear_avoidance directly causes Smoking, as Fear_avoidance is a psychological construct and Smoking is a physical behavior. However, we need to consider the possibility of an indirect relationship.
Step 5: One potential indirect relationship could be that Fear_avoidance leads to increased stress and anxiety, which in turn can lead to increased stress-eating or other coping mechanisms, including smoking. However, this is a speculative and indirect relationship, and there is no clear evidence to support a direct causal link between Fear_avoidance and Smoking.
Step 6: Another potential indirect relationship could be that Fear_avoidance leads to decreased physical activity, which can lead to various health consequences, including increased stress and anxiety, which in turn can lead to smoking. However, this is also a speculative and indirect relationship, and there is no clear evidence to support a direct causal link between Fear_avoidance and Smoking.
Step 7: In conclusion, while there may be indirect and speculative relationships between Fear_avoidance and Smoking, there is no clear evidence to support a direct causal link between the two variables. Therefore, the answer to the question is:

Conclusion: No",False
89,Financial_level,Alcohol,True,"Reasoning Process:
Step 1: Understanding the definitions of Financial_level and Alcohol: Financial_level is a proxy for socioeconomic status, while Alcohol refers to the number of drinks consumed per week.
Step 2: Considering the potential relationship between Financial_level and Alcohol: A person's financial situation can influence their lifestyle choices, including their consumption of alcohol. For instance, individuals with lower socioeconomic status may have limited access to healthier food options, may live in areas with higher crime rates, and may experience stress, all of which can contribute to increased alcohol consumption.
Step 3: Exploring potential intermediate variables: There are several potential intermediate variables that could link Financial_level to Alcohol, such as stress, access to healthcare, education level, and social environment. For example, individuals with lower financial levels may experience more stress, which can lead to increased alcohol consumption.
Step 4: Considering the bi-directional relationship: It's also possible that alcohol consumption could influence financial level, for instance, through decreased productivity, increased healthcare costs, and legal issues related to alcohol use.
Step 5: Evaluating the plausibility of the relationship: Based on existing knowledge, it is plausible that Financial_level may have a causal relationship with Alcohol, either directly or through one or more intermediate variables.
Step 6: Conclusion: The relationship between Financial_level and Alcohol is biologically, theoretically, and scientifically reasonable based on existing knowledge.
Step 7: Conclusion: Therefore, it is plausible that Financial_level may have a causal relationship with Alcohol, either directly or through one or more intermediate variables.
Step 8: Conclusion: The answer to the question is TRUE.

Conclusion: Yes",True,"Reasoning Process:
Step 1: To determine if there is an association between Financial_level and Alcohol, we need to consider if there is a statistical dependency between the two variables. This means we are looking for a relationship where knowledge of one variable provides information about the other.
Step 2: Financial_level is a proxy for socioeconomic status, which can influence various aspects of an individual's life, including their behavior and lifestyle choices. This includes potential effects on alcohol consumption.
Step 3: Alcohol consumption (Variable 2) can be influenced by various factors, including socioeconomic status, which is represented by Financial_level (Variable 1). Studies have shown that individuals with lower socioeconomic status tend to have higher rates of alcohol consumption due to various factors such as stress, limited access to healthcare, and social determinants of health.
Step 4: Given the relationship between socioeconomic status and alcohol consumption, it is reasonable to infer that there is a statistical association between Financial_level and Alcohol. This association can be positive, negative, or even non-linear, but it exists nonetheless.

Conclusion: Yes",False,"Reasoning Process:
Step 1: To determine if there is a causal relationship between Financial_level and Alcohol, we need to consider the definition of a causal relationship. A causal relationship requires that the cause (Financial_level) precedes the effect (Alcohol) in time and that there is a consistent directional link between the two variables.
Step 2: We also need to consider the concept of temporal precedence, which means that the cause must occur before the effect. In this case, Financial_level is a proxy for socioeconomic status, which can influence various aspects of an individual's life, including their behavior and lifestyle choices.
Step 3: However, the relationship between Financial_level and Alcohol is complex and can be influenced by various factors, such as cultural norms, personal preferences, and mental health. Therefore, we need to consider the possibility of confounding variables that may affect the relationship between Financial_level and Alcohol.
Step 4: Another important consideration is the direction of the relationship. While it is possible that Financial_level may influence Alcohol consumption, it is also possible that Alcohol consumption may influence Financial_level, either directly or indirectly. For example, excessive Alcohol consumption can lead to financial problems, such as lost productivity, medical expenses, and legal fees.
Step 5: Given the complexity of the relationship between Financial_level and Alcohol, it is unlikely that there is a direct causal link between the two variables. However, it is possible that Financial_level may influence Alcohol consumption through one or more intermediate variables, such as stress levels, mental health, or social connections.
Step 6: To establish a causal relationship between Financial_level and Alcohol, we would need to identify a consistent directional link between the two variables, controlling for confounding variables and considering the possibility of reverse causality.

Conclusion: No",False
90,Financial_level,Anxiety,True,"Reasoning Process:
Step 1: Understanding the definitions of Financial_level and Anxiety: Financial_level is a proxy for socioeconomic status, while Anxiety (PROMIS) encompasses fear, anxious misery, hyperarousal, and somatic symptoms related to arousal.
Step 2: Considering the relationship between socioeconomic status and mental health: There is a well-established body of research indicating that lower socioeconomic status is associated with higher levels of stress, anxiety, and other mental health issues.
Step 3: Exploring potential pathways: Financial strain, limited access to resources, and decreased social support are potential intermediate variables that could link Financial_level to Anxiety.
Step 4: Assessing the plausibility of a causal relationship: Given the established link between socioeconomic status and mental health, it is plausible that Financial_level may have a causal relationship with Anxiety, either directly or through one or more intermediate variables.

Conclusion: Yes",True,"Reasoning Process:
Step 1: To determine if there is an association between Financial_level and Anxiety, we need to consider the potential relationship between socioeconomic status and mental health outcomes.
Step 2: Research has shown that individuals with lower socioeconomic status often experience higher levels of stress, anxiety, and other mental health issues due to financial strain, limited access to resources, and increased exposure to adverse life events.
Step 3: Given this understanding, it is plausible that there is a statistical association between Financial_level and Anxiety, as individuals with lower financial levels may experience higher levels of anxiety due to the aforementioned factors.
Step 4: Furthermore, studies have consistently demonstrated a positive correlation between lower socioeconomic status and increased anxiety levels, supporting the notion of an association between Financial_level and Anxiety.
Step 5: Additionally, the concept of anxiety, as measured by PROMIS anxiety, encompasses a range of symptoms that can be exacerbated by financial stress and uncertainty, further suggesting a potential association between the two variables.
Step 6: Considering these points, it is reasonable to conclude that there is an association between Financial_level and Anxiety.
Step 7: Therefore, the answer to the question is: True.

Conclusion: Yes",False,"Reasoning Process:
Step 1: To determine if there is a causal relationship between Financial_level and Anxiety, we need to consider the definition of causality. A causal relationship requires a temporal relationship where the cause (Financial_level) precedes the effect (Anxiety).
Step 2: We also need to consider the concept of directionality in causality. A causal relationship implies that a change in the cause (Financial_level) leads to a change in the effect (Anxiety).
Step 3: Given the definitions of Financial_level and Anxiety, we can see that Financial_level is a proxy for socioeconomic status, which can influence various aspects of an individual's life, including their mental health.
Step 4: Anxiety, as defined by PROMIS anxiety, encompasses a range of symptoms related to fear, anxious misery, hyperarousal, and somatic symptoms. These symptoms can be influenced by various factors, including socioeconomic status.
Step 5: Considering the potential pathways through which Financial_level could influence Anxiety, we can identify several possible intermediate variables, such as stress, access to healthcare, and social support, which can mediate the relationship between Financial_level and Anxiety.
Step 6: However, the question asks if Financial_level temporally precedes and influences Anxiety in a way consistent with a directional causal link. While Financial_level can influence Anxiety through various intermediate variables, the relationship is not necessarily direct or instantaneous.
Step 7: Therefore, we can conclude that there is a causal relationship between Financial_level and Anxiety, but it is not a direct causal link. Instead, it is a more complex relationship that involves multiple intermediate variables and temporal relationships.

Conclusion: No",True
91,Financial_level,CCI,True,"Reasoning Process:
Step 1: Understanding the definitions of Financial_level and CCI: Financial_level is a proxy for socioeconomic status, while CCI measures the number of comorbidities. This suggests that Financial_level and CCI are related but distinct concepts.
Step 2: Considering the potential pathways through which Financial_level could influence CCI: Financial_level can impact access to healthcare, healthcare utilization, and health behaviors, all of which can contribute to the development of comorbidities. For example, individuals with lower socioeconomic status may have limited access to preventive care, screenings, and treatments, leading to a higher likelihood of undiagnosed or undertreated conditions.
Step 3: Evaluating the plausibility of a direct causal relationship between Financial_level and CCI: While Financial_level can influence CCI through various pathways, it is unlikely to have a direct causal effect on the number of comorbidities. Comorbidities are typically the result of complex interactions between genetic, environmental, and lifestyle factors, making it unlikely that Financial_level alone would directly cause comorbidities.
Step 4: Considering the possibility of intermediate variables: Financial_level can influence CCI through intermediate variables such as health behaviors, healthcare access, and healthcare utilization. These intermediate variables can, in turn, affect the development of comorbidities, making it plausible that Financial_level has an indirect causal effect on CCI.
Step 5: Assessing the overall plausibility of a causal relationship: Based on the potential pathways and intermediate variables, it is plausible that Financial_level has a causal relationship with CCI, either directly or through one or more intermediate variables.
Step 6: Conclusion: Given the potential pathways and intermediate variables, it is plausible that Financial_level may have a causal relationship with CCI, either directly or through one or more intermediate variables.
Step 7: Conclusion: Therefore, the answer to the question is: TRUE

Conclusion: Yes",True,"Reasoning Process:
Step 1: To determine if there is an association between Financial_level and CCI, we need to consider the nature of the variables. Financial_level is a proxy for socioeconomic status, which can be influenced by various factors such as income, education, and occupation. CCI, on the other hand, measures the number of comorbidities, which is a health-related variable.
Step 2: Given the definitions of Financial_level and CCI, it is plausible that there could be an association between the two variables. For instance, individuals with lower socioeconomic status (Financial_level) may have limited access to healthcare, leading to a higher likelihood of comorbidities (CCI).
Step 3: However, the association between Financial_level and CCI could also be bidirectional. For example, individuals with multiple comorbidities (CCI) may experience reduced productivity and income, leading to a lower socioeconomic status (Financial_level).
Step 4: Furthermore, there may be other factors that influence both Financial_level and CCI, such as age, lifestyle, and access to healthcare, which could also contribute to the association between the two variables.
Step 5: Considering the potential bidirectional relationship and the presence of confounding variables, it is likely that there is an association between Financial_level and CCI.

Conclusion: Yes",True,"Reasoning Process:
Step 1: To determine if there is a causal relationship between Financial_level and CCI, we need to consider the definition of a causal relationship. A causal relationship requires a temporal precedence, where the cause (Financial_level) must occur before the effect (CCI).
Step 2: We also need to consider the concept of a directional causal link, which implies that the cause (Financial_level) influences the effect (CCI) in a way that is consistent with a causal relationship.
Step 3: Financial_level is a proxy for socioeconomic status, which can influence various health outcomes, including the presence of comorbidities. Therefore, it is plausible that Financial_level could influence CCI.
Step 4: However, the relationship between Financial_level and CCI is likely to be complex and influenced by multiple intermediate variables, such as access to healthcare, health behaviors, and healthcare utilization.
Step 5: Given the complexity of the relationship, it is possible that Financial_level could influence CCI through one or more intermediate variables, such as access to healthcare or health behaviors.
Step 6: Therefore, based on the definitions of Financial_level and CCI, and the plausibility of a complex relationship between the two variables, it is reasonable to conclude that there is a causal relationship where a change in Financial_level precedes and leads to a change in CCI, either directly or through one or more intermediate variables.

Conclusion: Yes",False
92,Financial_level,Catastrophizing,True,"Reasoning Process:
Step 1: Understanding the definitions of Financial_level and Catastrophizing: Financial_level is a proxy for socioeconomic status, while Catastrophizing is a psychological response to pain characterized by magnifying the threat value of pain and feeling helpless.
Step 2: Considering the relationship between socioeconomic status and psychological responses: Research has shown that individuals with lower socioeconomic status often experience higher levels of stress, anxiety, and depression, which can contribute to the development of catastrophizing thoughts and behaviors.
Step 3: Exploring potential pathways between Financial_level and Catastrophizing: One possible pathway is that individuals with lower financial levels may experience more stress and anxiety due to financial insecurity, leading to increased catastrophizing about their pain.
Step 4: Considering the role of stress and anxiety in pain perception: Stress and anxiety can exacerbate pain perception and contribute to the development of catastrophizing thoughts and behaviors.
Step 5: Evaluating the plausibility of a causal relationship: Based on the existing knowledge, it is plausible that Financial_level may have a causal relationship with Catastrophizing, either directly or through one or more intermediate variables such as stress and anxiety.
Step 6: Conclusion: Given the established links between socioeconomic status, stress, anxiety, and pain perception, it is plausible that Financial_level may have a causal relationship with Catastrophizing.
Step 7: Final Answer: TRUE

Conclusion: Yes",True,"Reasoning Process:
Step 1: To determine if there is an association between Financial_level and Catastrophizing, we need to consider the definitions of both variables. Financial_level is a proxy for socioeconomic status, which can influence an individual's access to healthcare, education, and other resources that may impact their pain experience. Catastrophizing, on the other hand, is a psychological construct that refers to the tendency to magnify the threat value of a pain stimulus and feel helpless in the presence of pain.
Step 2: Given the definitions, we can infer that Financial_level may have an indirect impact on Catastrophizing. For example, individuals with lower socioeconomic status (i.e., lower Financial_level) may experience more stress, anxiety, and feelings of powerlessness, which can contribute to catastrophizing. Additionally, limited access to healthcare and resources may exacerbate pain experiences, leading to increased catastrophizing.
Step 3: Furthermore, research has shown that socioeconomic status is associated with various psychological and behavioral factors, including stress, anxiety, and coping mechanisms, which can influence pain perception and catastrophizing. Therefore, it is plausible that Financial_level is associated with Catastrophizing.
Step 4: However, it's essential to note that the relationship between Financial_level and Catastrophizing may be complex and bidirectional. For instance, catastrophizing can also impact an individual's ability to manage their financial situation, leading to a vicious cycle. Nevertheless, the association between the two variables is still present.
Step 5: In conclusion, based on the definitions and the existing research, there is a statistical association between Financial_level and Catastrophizing.
Step 6: This association can be explained by the indirect and bidirectional relationships between socioeconomic status, stress, anxiety, coping mechanisms, and pain perception.

Conclusion: Yes",False,"Reasoning Process:
Step 1: Understanding the definitions of Financial_level and Catastrophizing: Financial_level is a proxy for socioeconomic status, while Catastrophizing is a psychological response to pain characterized by magnifying the threat value of pain and feeling helpless in its presence.
Step 2: Considering the relationship between Financial_level and Catastrophizing: Financial_level is an external factor that can influence an individual's life circumstances, including their access to healthcare, education, and social support. Catastrophizing, on the other hand, is a psychological response to pain that can be influenced by various factors, including an individual's socioeconomic status.
Step 3: Evaluating the direction of the potential causal relationship: A change in Financial_level could potentially lead to a change in Catastrophizing through various mechanisms, such as increased stress and anxiety due to financial difficulties, reduced access to healthcare and social support, and decreased ability to cope with pain. However, it is also possible that Catastrophizing could influence Financial_level, for example, by exacerbating pain and reducing an individual's ability to work and earn a living.
Step 4: Considering the complexity of the relationship: The relationship between Financial_level and Catastrophizing is likely to be bidirectional and influenced by multiple factors. However, the question asks for a directional causal link, where Financial_level precedes and leads to a change in Catastrophizing.
Step 5: Conclusion: While there is a plausible mechanism by which Financial_level could influence Catastrophizing, the relationship is likely to be complex and bidirectional. However, based on the question's requirement for a directional causal link, I will assume that Financial_level is the primary factor influencing Catastrophizing.

Conclusion: No",False
93,Financial_level,Depression,True,"Reasoning Process:
Step 1: Understanding the definitions of Financial_level and Depression: Financial_level is a proxy for socioeconomic status, while PROMIS depression measures the affective and cognitive manifestations of depression.
Step 2: Considering the relationship between socioeconomic status and mental health: There is a well-established body of research indicating that individuals with lower socioeconomic status are at a higher risk of developing mental health issues, including depression.
Step 3: Exploring potential mechanisms: Socioeconomic status can influence depression through various pathways, such as limited access to healthcare, increased stress, and decreased social support.
Step 4: Considering the possibility of intermediate variables: Financial_level may affect Depression through intermediate variables like stress, anxiety, or substance abuse, which are known to be associated with both socioeconomic status and depression.
Step 5: Evaluating the plausibility of a causal relationship: Given the established link between socioeconomic status and mental health, as well as the potential for intermediate variables, it is plausible that Financial_level may have a causal relationship with Depression.
Step 6: Conclusion: Based on the existing knowledge and research, it is plausible that Financial_level may have a causal relationship with Depression, either directly or through one or more intermediate variables.
Step 7: Conclusion: Therefore, the answer to the question is TRUE.

Conclusion: Yes",True,"Reasoning Process:
Step 1: To determine if there is an association between Financial_level and Depression, we need to consider the nature of the variables and their potential relationship. Financial_level is a proxy for socioeconomic status, which can impact an individual's access to resources, stress levels, and overall well-being. Depression, on the other hand, is a complex mental health condition that can be influenced by various factors, including socioeconomic status.
Step 2: Research has consistently shown that there is a significant association between socioeconomic status and mental health outcomes, including depression. Individuals with lower socioeconomic status tend to experience higher levels of stress, anxiety, and depression due to financial strain, limited access to healthcare, and other related factors.
Step 3: Given the established link between socioeconomic status and mental health, it is reasonable to infer that there is an association between Financial_level and Depression. This association can be observed in various studies that have investigated the relationship between financial stress, income inequality, and mental health outcomes.
Step 4: Furthermore, the relationship between Financial_level and Depression is likely bidirectional, meaning that financial difficulties can contribute to the development of depression, and conversely, depression can exacerbate financial difficulties. This bidirectional relationship highlights the complexity of the association between the two variables.

Conclusion: Yes",True,"Reasoning Process:
Step 1: To determine if there is a causal relationship between Financial_level and Depression, we need to consider the definition of causality. A causal relationship requires a temporal relationship where the cause (Financial_level) precedes the effect (Depression).
Step 2: We also need to consider the concept of a directional causal link, which implies that the change in Financial_level leads to a change in Depression, either directly or through one or more intermediate variables.
Step 3: Given the definitions of Financial_level and Depression, we can infer that Financial_level is a socioeconomic status proxy, while Depression is a psychological condition. There is a plausible pathway where financial difficulties can lead to increased stress, anxiety, and ultimately, depression.
Step 4: However, it's essential to note that the relationship between Financial_level and Depression is complex and bidirectional. Financial difficulties can contribute to depression, but depression can also affect an individual's ability to manage their finances.
Step 5: Despite the bidirectional relationship, research has shown that financial stress and difficulties can indeed contribute to the development of depression. For example, studies have found that individuals with lower socioeconomic status are at a higher risk of developing depression.
Step 6: Additionally, there are several intermediate variables that can mediate the relationship between Financial_level and Depression, such as stress, anxiety, and social support. These variables can help explain how financial difficulties lead to depression.
Step 7: In conclusion, while the relationship between Financial_level and Depression is complex and bidirectional, there is evidence to suggest that a change in Financial_level can precede and influence a change in Depression, either directly or through one or more intermediate variables.

Conclusion: Yes",True
94,Financial_level,Education,True,"Reasoning Process:
Step 1: Understanding the definitions of Financial_level and Education: Financial_level is a proxy for socioeconomic status, while Education is a level of education of the participant.
Step 2: Considering the relationship between socioeconomic status and education: In many societies, individuals from higher socioeconomic backgrounds often have greater access to quality education, which can lead to better educational outcomes.
Step 3: Exploring potential intermediate variables: Factors such as parental income, family background, and access to resources can mediate the relationship between Financial_level and Education.
Step 4: Assessing the plausibility of a causal relationship: Given the established correlation between socioeconomic status and educational attainment, it is plausible that Financial_level may have a causal relationship with Education, either directly or through one or more intermediate variables.

Conclusion: Yes",True,"Reasoning Process:
Step 1: To determine if there is an association between Financial_level and Education, we need to consider the definition of association in statistics. Association refers to any statistical dependency between two variables, regardless of strength or directionality.
Step 2: Given the definitions of Financial_level and Education, we can infer that Financial_level is a proxy for socioeconomic status, while Education is a measure of the level of education of the participant. These two variables are related, as socioeconomic status can influence access to education and education can impact socioeconomic status.
Step 3: Since there is a relationship between Financial_level and Education, it is reasonable to conclude that there is an association between the two variables. This association can be due to the fact that socioeconomic status can affect access to education, and education can impact socioeconomic status.

Conclusion: Yes",True,"Reasoning Process:
Step 1: To determine if there is a causal relationship between Financial_level and Education, we need to consider the direction of causality. A causal relationship implies that a change in one variable (Financial_level) precedes and leads to a change in another variable (Education).
Step 2: We need to examine if Financial_level can influence Education directly or through one or more intermediate variables. This means we are looking for a temporal relationship where Financial_level comes before Education in a causal chain.
Step 3: In general, education is often considered a long-term investment that can be influenced by financial resources. However, financial situation (Financial_level) can also be influenced by education level (Education). This creates a potential bidirectional relationship between the two variables.
Step 4: However, in the context of a causal relationship, we are looking for a directional link. A change in Financial_level can lead to a change in Education, but a change in Education does not necessarily lead to a change in Financial_level in the same way.
Step 5: Considering the potential bidirectional relationship, we need to determine if there is a clear temporal precedence of Financial_level over Education. In many cases, education is a long-term investment that requires financial resources, but it can also lead to increased financial stability and opportunities in the long run.
Step 6: However, in the context of a causal relationship, we are looking for a directional link. A change in Financial_level can lead to a change in Education, but a change in Education does not necessarily lead to a change in Financial_level in the same way.
Step 7: Given the complexity of the relationship between Financial_level and Education, it is challenging to establish a clear causal link. However, in many cases, it can be argued that Financial_level can influence Education, especially in the short term, as financial resources can impact access to education.
Step 8: However, the relationship is not always straightforward, and there may be cases where Education can also influence Financial_level. For example, higher education can lead to better job opportunities and higher earning potential, which can improve financial situation.
Step 9: Considering the potential bidirectional relationship and the complexity of the relationship, it is challenging to establish a clear causal link between Financial_level and Education. However, in many cases, it can be argued that Financial_level can influence Education, especially in the short term.
Step 10: Therefore, based on the reasoning above, we can conclude that there is a causal relationship where a change in Financial_level can precede and lead to a change in Education, but the relationship is not always straightforward and can be bidirectional.

Conclusion: Yes",False
95,Financial_level,Fear_avoidance,True,"Reasoning Process:
Step 1: Understanding the definitions of Financial_level and Fear_avoidance: Financial_level is a proxy for socioeconomic status, while Fear_avoidance is a patient-reported questionnaire focusing on the impact of fear avoidance beliefs on low back pain and disability.
Step 2: Considering the relationship between socioeconomic status and health outcomes: Research has consistently shown that individuals with lower socioeconomic status tend to have poorer health outcomes, including higher rates of chronic pain and disability.
Step 3: Exploring potential pathways between Financial_level and Fear_avoidance: It is plausible that individuals with lower socioeconomic status may experience increased stress, reduced access to healthcare, and limited opportunities for physical activity, all of which could contribute to fear avoidance behaviors and perpetuate low back pain and disability.
Step 4: Considering the potential for intermediate variables: Factors such as stress, access to healthcare, and opportunities for physical activity could serve as intermediate variables between Financial_level and Fear_avoidance, supporting a plausible causal relationship.
Step 5: Evaluating the plausibility of a direct relationship: While a direct causal relationship between Financial_level and Fear_avoidance is less clear, it is still plausible that financial constraints could directly influence fear avoidance behaviors, particularly in the context of healthcare costs and access to treatment.
Step 6: Conclusion: Based on existing knowledge and research, it is plausible that Financial_level may have a causal relationship with Fear_avoidance, either directly or through one or more intermediate variables.
Step 7: Final conclusion: TRUE

Conclusion: Yes",True,"Reasoning Process:
Step 1: To determine if there is an association between Financial_level and Fear_avoidance, we need to consider the definitions of both variables. Financial_level is a proxy for socioeconomic status, which can influence an individual's access to healthcare, education, and overall well-being. Fear_avoidance, on the other hand, is a patient-reported questionnaire that focuses on how a patient's fear avoidance beliefs about physical activity and work may affect and contribute to their low back pain and resulting disability.
Step 2: Given the definitions, we can infer that Financial_level can indirectly influence Fear_avoidance. For instance, individuals with lower socioeconomic status (lower Financial_level) may have limited access to healthcare, education, and resources, which can exacerbate their fear avoidance beliefs and behaviors. This suggests a potential association between the two variables.
Step 3: However, the association may not be direct. Fear_avoidance is a psychological construct that is influenced by various factors, including cognitive and emotional processes. While Financial_level can contribute to the development of fear avoidance beliefs, it is not the sole determinant. Other factors, such as past experiences, personality traits, and social support, may also play a role.
Step 4: Considering the potential indirect influence of Financial_level on Fear_avoidance, it is reasonable to conclude that there is an association between the two variables.

Conclusion: Yes",True,"Reasoning Process:
Step 1: To determine if there is a causal relationship between Financial_level and Fear_avoidance, we need to consider the definitions of both variables. Financial_level is a proxy for socioeconomic status, which can impact an individual's access to resources, healthcare, and overall well-being. Fear_avoidance, on the other hand, is a patient-reported questionnaire that focuses on how a patient's fear avoidance beliefs about physical activity and work may affect and contribute to their low back pain and resulting disability.
Step 2: Given the definitions, we can infer that Financial_level can indirectly influence Fear_avoidance through various mechanisms. For instance, individuals with lower socioeconomic status (i.e., lower Financial_level) may have limited access to healthcare resources, which can lead to delayed or inadequate treatment of low back pain. This, in turn, can exacerbate fear avoidance behaviors and contribute to disability.
Step 3: Another possible mechanism is that individuals with lower Financial_level may experience increased stress and anxiety due to financial insecurity, which can contribute to the development of fear avoidance behaviors. This is because financial stress can lead to a heightened state of hypervigilance, making individuals more prone to catastrophize about their pain and avoid activities that may exacerbate it.
Step 4: Additionally, Financial_level can also influence Fear_avoidance through its impact on employment and work-related activities. Individuals with lower Financial_level may be more likely to experience job insecurity, which can lead to increased fear avoidance behaviors as they may avoid activities that could potentially jeopardize their employment.
Step 5: Considering these potential mechanisms, it is reasonable to conclude that Financial_level can temporally precede and influence Fear_avoidance, either directly or through one or more intermediate variables.

Conclusion: Yes",False
96,Financial_level,Obesity,True,"Reasoning Process:
Step 1: Understanding the definitions of Financial_level and Obesity: Financial_level is a proxy for socioeconomic status, while Obesity is a condition characterized by being overweight or having a high BMI.
Step 2: Considering the relationship between socioeconomic status and health outcomes: Research has consistently shown that individuals with lower socioeconomic status tend to have poorer health outcomes, including higher rates of obesity, due to factors such as limited access to healthy food options, safe spaces for physical activity, and healthcare services.
Step 3: Exploring potential intermediate variables: Possible intermediate variables that could link Financial_level to Obesity include food insecurity, lack of access to healthcare, and limited opportunities for physical activity, which are all influenced by socioeconomic status.
Step 4: Evaluating the plausibility of a causal relationship: Given the established associations between socioeconomic status and health outcomes, as well as the potential intermediate variables that could link Financial_level to Obesity, it is plausible that Financial_level may have a causal relationship with Obesity, either directly or through one or more intermediate variables.
Step 5: Conclusion: Based on the existing knowledge and research, it is plausible that Financial_level may have a causal relationship with Obesity, either directly or through one or more intermediate variables.
Step 6: Final Answer: TRUE

Conclusion: Yes",True,"Reasoning Process:
Step 1: To determine if there is an association between Financial_level and Obesity, we need to consider the potential relationship between socioeconomic status and weight or BMI.
Step 2: Research has shown that individuals with lower socioeconomic status often have limited access to healthy food options, safe spaces for physical activity, and healthcare services, which can contribute to a higher likelihood of obesity.
Step 3: Additionally, individuals with lower socioeconomic status may have higher levels of stress, which can also contribute to weight gain and obesity.
Step 4: Furthermore, studies have consistently shown that there is a positive correlation between socioeconomic status and health outcomes, including obesity.
Step 5: This suggests that as financial level decreases, the likelihood of obesity increases, indicating a statistical association between the two variables.

Conclusion: Yes",False,"Reasoning Process:
Step 1: To determine if there is a causal relationship between Financial_level and Obesity, we need to consider the direction of the relationship and whether Financial_level can influence Obesity directly or through intermediate variables.
Step 2: Financial_level is a proxy for socioeconomic status, which can impact an individual's access to healthcare, nutrition, and physical activity opportunities. This suggests that Financial_level could potentially influence Obesity through these intermediate variables.
Step 3: However, the relationship between Financial_level and Obesity is complex and bidirectional. For example, individuals with higher Financial_level may have better access to healthy food and exercise options, which can lead to lower Obesity rates. On the other hand, individuals with lower Financial_level may experience stress, which can lead to overeating and weight gain.
Step 4: Additionally, there may be other intermediate variables, such as education level, employment status, and access to healthcare, that can mediate the relationship between Financial_level and Obesity.
Step 5: Given the complexity of the relationship and the potential for bidirectionality, it is challenging to establish a clear causal link between Financial_level and Obesity.
Step 6: However, some studies have suggested that Financial_level can be a predictor of Obesity, particularly in low-income populations where access to healthy food and healthcare is limited.
Step 7: Considering the available evidence, it appears that Financial_level can have a causal relationship with Obesity, particularly in the context of socioeconomic disparities.

Conclusion: No",True
97,Financial_level,PEG,True,"Reasoning Process:
Step 1: Understanding the definitions of Financial_level and PEG: Financial_level is a proxy for socioeconomic status, while PEG score is an index measuring pain interference and pain intensity due to chronic low back pain.
Step 2: Considering the relationship between socioeconomic status and health outcomes: There is a well-established body of evidence suggesting that individuals with lower socioeconomic status tend to have poorer health outcomes, including higher rates of chronic pain and disability.
Step 3: Exploring potential pathways between Financial_level and PEG: Socioeconomic status can influence access to healthcare, healthcare quality, and healthcare utilization, which in turn can affect pain management and treatment outcomes. Additionally, socioeconomic status can impact lifestyle factors such as diet, physical activity, and stress levels, which can also contribute to chronic pain.
Step 4: Considering the possibility of confounding variables: While there may be confounding variables that could influence the relationship between Financial_level and PEG, such as education level, employment status, and access to healthcare, it is still plausible that Financial_level could have a causal relationship with PEG through these variables.
Step 5: Evaluating the plausibility of a direct relationship: While a direct causal relationship between Financial_level and PEG is less clear, it is still plausible that financial stress and anxiety related to socioeconomic status could contribute to increased pain intensity and interference.
Step 6: Conclusion: Based on the existing knowledge and evidence, it is plausible that Financial_level may have a causal relationship with PEG, either directly or through one or more intermediate variables.
Step 7: Conclusion: Therefore, the answer to the question is TRUE.

Conclusion: Yes",True,"Reasoning Process:
Step 1: To determine if there is an association between Financial_level and PEG, we need to consider the nature of the variables and their potential relationship. Financial_level is a proxy for socioeconomic status, which can influence an individual's access to healthcare, treatment options, and overall well-being. PEG score, on the other hand, measures pain interference and intensity due to chronic low back pain.
Step 2: Given the definitions of the variables, it is plausible that Financial_level could impact PEG scores. For instance, individuals with lower socioeconomic status may have limited access to healthcare, leading to delayed or inadequate treatment for chronic low back pain, which in turn could result in higher PEG scores.
Step 3: However, the relationship between Financial_level and PEG could also be bidirectional. For example, individuals with higher PEG scores may experience reduced productivity and work capacity, leading to decreased income and lower Financial_level.
Step 4: Furthermore, there may be other factors, such as education level, occupation, or access to healthcare, that mediate the relationship between Financial_level and PEG. These factors could either strengthen or weaken the association between the two variables.
Step 5: Considering these potential relationships and the complexity of the variables, it is likely that there is an association between Financial_level and PEG, as knowledge of one variable could provide information about the other.

Conclusion: Yes",True,"Reasoning Process:
Step 1: To determine if there is a causal relationship between Financial_level and PEG, we need to consider the definition of both variables. Financial_level is a proxy for socioeconomic status, which can influence various aspects of a person's life, including their health and well-being. PEG score, on the other hand, measures pain interference and pain intensity due to chronic low back pain.
Step 2: A causal relationship typically involves a temporal relationship, where the cause precedes the effect. In this case, we need to consider whether a change in Financial_level can precede and lead to a change in PEG. This could be through direct or indirect mechanisms, such as financial stress leading to increased pain or decreased access to healthcare.
Step 3: Research has shown that socioeconomic status, including financial level, is associated with health outcomes, including chronic pain. For example, individuals with lower socioeconomic status may experience higher levels of stress, have limited access to healthcare, and engage in unhealthy behaviors, all of which can contribute to chronic pain.
Step 4: Additionally, financial constraints can limit access to pain management treatments, such as physical therapy, medication, or surgery, which can exacerbate chronic pain. This suggests that Financial_level can influence PEG through these indirect mechanisms.
Step 5: Furthermore, studies have found that financial stress can directly contribute to increased pain intensity and interference, supporting the idea that Financial_level can have a direct effect on PEG.
Step 6: Considering these points, it is reasonable to conclude that there is a causal relationship between Financial_level and PEG, where a change in Financial_level can precede and lead to a change in PEG, either directly or through one or more intermediate variables.
Step 7: Therefore, the answer to the question is: TRUE.

Conclusion: Yes",True
98,Financial_level,Sleep disturbance,True,"Reasoning Process:
Step 1: Understanding the definitions of Financial_level and Sleep disturbance: Financial_level is a proxy for socioeconomic status, while Sleep disturbance is a self-reported measure of sleep quality, depth, and restoration.
Step 2: Considering the relationship between socioeconomic status and health outcomes: There is a well-established body of evidence suggesting that individuals with lower socioeconomic status tend to experience poorer health outcomes, including mental and physical health issues.
Step 3: Exploring potential pathways between Financial_level and Sleep disturbance: It is plausible that financial stress, which is often associated with lower socioeconomic status, could lead to sleep disturbances due to anxiety, worry, or difficulty relaxing.
Step 4: Considering the potential for intermediate variables: Financial stress could also lead to sleep disturbances through intermediate variables such as poor diet, lack of exercise, or limited access to healthcare, which are all associated with lower socioeconomic status.
Step 5: Evaluating the plausibility of a causal relationship: Given the established link between socioeconomic status and health outcomes, and the potential pathways through which financial stress could influence sleep quality, it is plausible that Financial_level may have a causal relationship with Sleep disturbance.
Step 6: Conclusion: Based on existing knowledge and the potential pathways between Financial_level and Sleep disturbance, it is plausible that Financial_level may have a causal relationship with Sleep disturbance, either directly or through one or more intermediate variables.
Step 7: Conclusion: Therefore, the answer to the question is TRUE.

Conclusion: Yes",True,"Reasoning Process:
Step 1: To determine if there is an association between Financial_level and Sleep disturbance, we need to consider the nature of the variables and their potential relationship. Financial_level is a proxy for socioeconomic status, which can impact various aspects of an individual's life, including their health and well-being. Sleep disturbance, on the other hand, is a self-reported measure of sleep quality, which can be influenced by various factors, including socioeconomic status.
Step 2: Research has shown that individuals with lower socioeconomic status, often indicated by lower financial levels, tend to experience more sleep disturbances. This is due to various factors, such as limited access to healthcare, higher levels of stress, and poorer living conditions. Therefore, it is plausible that there is a statistical association between Financial_level and Sleep disturbance.
Step 3: Furthermore, studies have consistently demonstrated that there is a significant correlation between socioeconomic status and sleep quality. For instance, individuals with lower incomes tend to report poorer sleep quality, while those with higher incomes report better sleep quality. This suggests that there is a statistical association between Financial_level and Sleep disturbance.
Step 4: Additionally, the relationship between Financial_level and Sleep disturbance is likely bidirectional. Not only can lower financial levels contribute to sleep disturbances, but sleep disturbances can also exacerbate financial difficulties, creating a cycle of poverty and poor sleep quality. This bidirectional relationship further supports the existence of a statistical association between the two variables.
Step 5: In conclusion, based on the nature of the variables, research findings, and the bidirectional relationship between them, it is reasonable to conclude that there is a statistical association between Financial_level and Sleep disturbance.
Step 6: Therefore, the answer to the question is: True.

Conclusion: Yes",True,"Reasoning Process:
Step 1: To determine if there is a causal relationship between Financial_level and Sleep disturbance, we need to consider the definition of causality. A causal relationship requires that the cause (Financial_level) precedes the effect (Sleep disturbance) in time and that the cause is associated with the effect in a way that is consistent with a directional link.
Step 2: We also need to consider the concept of temporal precedence, which means that the cause must occur before the effect. In this case, Financial_level is a proxy for socioeconomic status, which can be influenced by various factors such as income, education, and employment status. These factors can also influence sleep quality and duration.
Step 3: Furthermore, research has shown that socioeconomic status is associated with sleep disturbances. For example, individuals with lower socioeconomic status may experience more stress, anxiety, and depression, which can disrupt sleep patterns. Additionally, they may have limited access to healthcare, healthy food, and safe living environments, which can also impact sleep quality.
Step 4: Therefore, it is plausible that a change in Financial_level could lead to a change in Sleep disturbance, either directly or through one or more intermediate variables. This is because Financial_level is a proxy for socioeconomic status, which is associated with various factors that can influence sleep quality and duration.
Step 5: However, it's also possible that the relationship between Financial_level and Sleep disturbance could be bidirectional, meaning that changes in Sleep disturbance could also influence Financial_level. For example, poor sleep quality can lead to decreased productivity, which can negatively impact employment and income.
Step 6: Despite this possibility, the question asks if Financial_level precedes and leads to a change in Sleep disturbance, which suggests a directional causal link. Therefore, we will focus on the possibility of a unidirectional causal relationship from Financial_level to Sleep disturbance.
Step 7: Considering the above points, it is reasonable to conclude that there is a causal relationship where a change in Financial_level precedes and leads to a change in Sleep disturbance, either directly or through one or more intermediate variables.

Conclusion: Yes",True
99,Financial_level,Smoking,True,"Reasoning Process:
Step 1: Understanding the definitions of Financial_level and Smoking: Financial_level is a proxy for socioeconomic status, which encompasses various factors such as income, education, and occupation. Smoking is a behavior that can be influenced by socioeconomic factors, as well as other factors such as knowledge, attitudes, and access to healthcare.
Step 2: Considering the relationship between socioeconomic status and health behaviors: Research has consistently shown that individuals with lower socioeconomic status tend to have poorer health outcomes, including higher rates of smoking. This is due to various factors such as limited access to healthcare, education, and resources that promote healthy behaviors.
Step 3: Exploring potential intermediate variables: There are several potential intermediate variables that could link Financial_level to Smoking, such as education level, employment status, and access to healthcare. For example, individuals with lower socioeconomic status may have limited access to education and job opportunities, leading to lower levels of education and employment, which in turn may increase the likelihood of smoking.
Step 4: Considering the potential for bidirectional relationships: It's also possible that smoking may influence Financial_level, for example, through increased healthcare costs, lost productivity, and decreased earning potential. This bidirectional relationship highlights the complexity of the relationship between Financial_level and Smoking.
Step 5: Evaluating the plausibility of the relationship: Based on existing knowledge, it is plausible that Financial_level may have a causal relationship with Smoking, either directly or through one or more intermediate variables. The relationship is biologically, theoretically, and scientifically reasonable, given the known associations between socioeconomic status and health behaviors.
Step 6: Conclusion: Based on the reasoning above, it is plausible that Financial_level may have a causal relationship with Smoking, either directly or through one or more intermediate variables.
Step 7: Conclusion: Therefore, the final answer is: TRUE

Conclusion: Yes",True,"Reasoning Process:
Step 1: To determine if there is an association between Financial_level and Smoking, we need to consider if there is a statistical dependency between the two variables. This means we are looking for a relationship where knowledge of one variable provides information about the other.
Step 2: Financial_level is a proxy for socioeconomic status, which can influence various aspects of an individual's life, including their health behaviors. Smoking is a health behavior that can be influenced by socioeconomic factors.
Step 3: Research has shown that individuals from lower socioeconomic backgrounds are more likely to smoke due to various factors such as limited access to healthcare, higher stress levels, and exposure to environmental tobacco smoke.
Step 4: Additionally, smoking is a costly habit, and individuals with lower financial levels may be more likely to smoke due to the perceived affordability of cigarettes compared to other forms of entertainment or stress relief.
Step 5: Therefore, there is a plausible biological, psychological, and social mechanism that links Financial_level and Smoking, suggesting a potential association between the two variables.
Step 6: Furthermore, studies have consistently shown that there is a significant association between socioeconomic status and smoking prevalence, with lower socioeconomic groups having higher smoking rates.

Conclusion: Yes",True,"Reasoning Process:
Step 1: To determine if there is a causal relationship between Financial_level and Smoking, we need to consider the potential mechanisms by which financial situation could influence smoking behavior.
Step 2: One possible mechanism is that individuals with lower financial levels may be more likely to smoke due to the perceived affordability of cigarettes, which can be a relatively cheap source of nicotine compared to other vices.
Step 3: Another possible mechanism is that individuals with lower financial levels may experience stress and anxiety related to their financial situation, which can lead to increased smoking as a coping mechanism.
Step 4: Additionally, individuals with lower financial levels may have limited access to healthcare and health education, making it more difficult for them to quit smoking or adopt healthier habits.
Step 5: Considering these potential mechanisms, it is plausible that a change in Financial_level could precede and influence a change in Smoking, either directly or through one or more intermediate variables.
Step 6: However, it's also possible that the relationship between Financial_level and Smoking is bidirectional, meaning that smoking can also affect financial situation (e.g., through increased healthcare costs).
Step 7: To establish a directional causal link, we would need to consider the temporal precedence of Financial_level and Smoking, as well as the presence of a plausible mechanism by which Financial_level influences Smoking.
Step 8: Given the potential mechanisms outlined above, it is reasonable to conclude that there is a causal relationship between Financial_level and Smoking, where a change in Financial_level can precede and influence a change in Smoking.

Conclusion: Yes",False
100,Obesity,Alcohol,True,"Reasoning Process:
Step 1: To determine the plausibility of a causal relationship between Obesity and Alcohol, we need to consider the potential biological, theoretical, and scientific mechanisms that could link these two variables.
Step 2: Obesity is often associated with various health conditions, such as insulin resistance, inflammation, and metabolic syndrome, which can be influenced by lifestyle factors, including diet and physical activity.
Step 3: Alcohol consumption is also linked to several health conditions, such as liver disease, cardiovascular disease, and certain types of cancer, which can be exacerbated by obesity.
Step 4: Furthermore, research has shown that individuals with obesity may be more likely to engage in unhealthy behaviors, such as excessive drinking, which can contribute to a higher risk of developing alcohol-related health problems.
Step 5: Additionally, some studies suggest that certain types of alcohol, such as beer and wine, may be associated with increased calorie intake, which can contribute to weight gain and obesity.
Step 6: However, it's also possible that the relationship between obesity and alcohol consumption may be bidirectional, with obesity potentially influencing drinking behavior and vice versa.
Step 7: Considering these potential mechanisms and relationships, it is plausible that obesity may have a causal relationship with alcohol consumption, either directly or through one or more intermediate variables.

Conclusion: Yes",True,"Reasoning Process:
Step 1: To determine if there is an association between Obesity and Alcohol, we need to consider the definition of association in the context of statistics. Association refers to any statistical dependency between two variables, regardless of strength or directionality.
Step 2: We have two variables: Obesity (BMI or being overweight) and Alcohol (alcohol consumption in terms of number of drinks per week). We need to consider if knowledge of the value of one variable provides information about the other.
Step 3: Research has shown that there is a correlation between obesity and alcohol consumption. Studies have found that individuals who consume more alcohol tend to have a higher BMI or be more likely to be overweight.
Step 4: This correlation is not necessarily causal, but it does indicate a statistical association between the two variables. Therefore, we can conclude that there is an association between Obesity and Alcohol.

Conclusion: Yes",False,"Reasoning Process:
Step 1: To determine if there is a causal relationship between Obesity and Alcohol, we need to consider the direction of the relationship and whether Obesity precedes and influences Alcohol.
Step 2: Obesity is typically defined as a condition where an individual's weight is significantly higher than what is considered healthy for their height, often measured by a Body Mass Index (BMI) of 30 or higher.
Step 3: Alcohol consumption, on the other hand, is typically measured by the number of drinks per week, which can be influenced by various factors including genetics, environment, and lifestyle choices.
Step 4: Research has shown that individuals with obesity are more likely to engage in unhealthy behaviors, such as excessive alcohol consumption, due to various factors including social and psychological factors.
Step 5: However, it's also possible that excessive alcohol consumption can lead to weight gain and obesity over time, as alcohol can contribute to an increase in calorie intake and a decrease in physical activity.
Step 6: Therefore, the relationship between Obesity and Alcohol is bidirectional, and it's challenging to establish a clear causal relationship where Obesity precedes and leads to a change in Alcohol consumption.
Step 7: However, considering the definition of a causal relationship, where a change in Obesity precedes and leads to a change in Alcohol, we can conclude that there is no clear evidence to support a directional causal link from Obesity to Alcohol.

Conclusion: No",False
101,Obesity,Anxiety,True,"Reasoning Process:
Step 1: To determine the plausibility of a causal relationship between Obesity and Anxiety, we need to consider the existing knowledge and research on the topic. We will examine the biological, theoretical, and scientific evidence to assess the reasonableness of such a relationship.
Step 2: Obesity is a complex condition influenced by multiple factors, including genetics, diet, physical activity, and environmental factors. It is characterized by an excess of body fat, which can lead to various health complications, such as insulin resistance, cardiovascular disease, and metabolic syndrome.
Step 3: Anxiety, as defined by PROMIS, encompasses a range of symptoms, including fear, worry, tension, and somatic symptoms. It is a mental health condition that can be triggered by various factors, including stress, trauma, and genetics.
Step 4: Research has shown that there is a significant association between obesity and anxiety. Studies have found that individuals with obesity are more likely to experience anxiety disorders, and that anxiety can also contribute to weight gain and obesity.
Step 5: One possible mechanism by which obesity may contribute to anxiety is through the release of inflammatory cytokines, which can lead to increased stress and anxiety. Additionally, the physical discomfort and social stigma associated with obesity can also contribute to anxiety.
Step 6: Furthermore, there is evidence to suggest that anxiety can also contribute to obesity through a range of mechanisms, including increased stress eating, decreased motivation to engage in physical activity, and poor sleep quality.
Step 7: Considering the complex interplay between obesity and anxiety, it is plausible that there is a causal relationship between the two conditions, either directly or through one or more intermediate variables.

Conclusion: Yes",True,"Reasoning Process:
Step 1: To determine if there is an association between Obesity and Anxiety, we need to consider the relationship between the two variables. Obesity is defined as BMI or being overweight, which is a physical characteristic. Anxiety, on the other hand, is a psychological condition that can be measured using the PROMIS anxiety scale, which focuses on various symptoms such as fear, anxious misery, hyperarousal, and somatic symptoms.
Step 2: Research has shown that there is a complex relationship between obesity and anxiety. Studies have found that individuals with obesity are more likely to experience anxiety, and conversely, individuals with anxiety are more likely to experience weight gain or obesity. This bidirectional relationship suggests that there may be a statistical association between the two variables.
Step 3: Furthermore, various mechanisms have been proposed to explain the association between obesity and anxiety, including the role of inflammation, hormonal imbalances, and lifestyle factors such as diet and physical activity. These factors can contribute to the development of both obesity and anxiety, suggesting a potential statistical association between the two variables.
Step 4: Additionally, observational studies and meta-analyses have consistently shown a positive correlation between obesity and anxiety, indicating a statistical association between the two variables. While the exact mechanisms underlying this association are not fully understood, the evidence suggests that there is a significant relationship between obesity and anxiety.
Step 5: In conclusion, based on the existing research and evidence, it appears that there is a statistical association between obesity and anxiety. The complex interplay of factors, including bidirectional relationships, proposed mechanisms, and observational studies, all suggest a significant relationship between the two variables.

Conclusion: Yes",True,"Reasoning Process:
Step 1: To determine if there is a causal relationship between Obesity and Anxiety, we need to consider the definition of both variables. Obesity is defined as BMI or being overweight, which is a physical characteristic. Anxiety, on the other hand, is defined as PROMIS anxiety, which is a psychological state.
Step 2: A causal relationship typically involves a temporal relationship where the cause precedes the effect. In this case, we need to determine if a change in Obesity can precede and lead to a change in Anxiety.
Step 3: Research has shown that there is a strong correlation between Obesity and Anxiety. Studies have found that individuals with higher BMIs are more likely to experience anxiety symptoms. This suggests a potential causal relationship between the two variables.
Step 4: However, correlation does not necessarily imply causation. To establish a causal relationship, we need to consider potential intermediate variables that could explain the relationship between Obesity and Anxiety.
Step 5: One possible intermediate variable is lifestyle factors, such as diet and exercise habits. Individuals with Obesity may be more likely to engage in unhealthy lifestyle habits, which can contribute to anxiety symptoms.
Step 6: Another possible intermediate variable is physical health comorbidities, such as sleep apnea, diabetes, or cardiovascular disease, which are more common in individuals with Obesity. These comorbidities can contribute to anxiety symptoms.
Step 7: Additionally, social and psychological factors, such as stigma, low self-esteem, and social isolation, may also play a role in the relationship between Obesity and Anxiety.
Step 8: Considering these potential intermediate variables, it is possible that a change in Obesity can lead to a change in Anxiety through one or more of these intermediate variables.
Step 9: Therefore, based on the available evidence and potential intermediate variables, it is reasonable to conclude that there is a causal relationship between Obesity and Anxiety, where a change in Obesity can precede and lead to a change in Anxiety.

Conclusion: Yes",True
102,Obesity,CCI,True,"Reasoning Process:
Step 1: Understanding the definitions of the variables: Obesity (BMI or being overweight) and CCI (Comorbidity Index).
Step 2: Considering the relationship between Obesity and CCI, it is known that individuals with higher BMI or being overweight are more likely to develop various comorbidities such as diabetes, hypertension, cardiovascular disease, and certain types of cancer.
Step 3: These comorbidities are often chronic conditions that require ongoing medical management and can lead to a higher CCI score. Therefore, it is plausible that Obesity may have a causal relationship with CCI, either directly or through one or more intermediate variables such as the development of comorbidities.
Step 4: Additionally, research has shown that weight loss and weight management can lead to improvements in various comorbidities, suggesting a potential causal link between Obesity and CCI.
Step 5: Furthermore, the biological mechanisms underlying Obesity, such as chronic inflammation, insulin resistance, and oxidative stress, can also contribute to the development of comorbidities, supporting the plausibility of a causal relationship between Obesity and CCI.

Conclusion: Yes",True,"Reasoning Process:
Step 1: To determine if there is an association between Obesity and CCI, we need to understand the definitions of both variables. Obesity is defined as BMI or being overweight, which is a measure of weight. CCI, on the other hand, is a comorbidity index that measures the number of comorbidities.
Step 2: Given the definitions, we can infer that obesity is a condition that can lead to various comorbidities. In other words, individuals with obesity are more likely to have multiple health conditions, which would increase their CCI score.
Step 3: This relationship suggests that there is a potential statistical association between obesity and CCI, as knowledge of an individual's obesity status could provide information about their CCI score.
Step 4: Furthermore, research has shown that there is a strong correlation between obesity and various comorbidities, such as diabetes, hypertension, and cardiovascular disease. This correlation supports the idea that there is an association between obesity and CCI.
Step 5: Additionally, studies have also shown that individuals with higher CCI scores are more likely to have a higher BMI, indicating a positive association between the two variables.

Conclusion: Yes",True,"Reasoning Process:
Step 1: To determine if there is a causal relationship between Obesity and CCI, we need to consider the definition of both variables. Obesity is defined as BMI or being overweight, which is a physical characteristic. CCI, on the other hand, is a comorbidity index that measures the number of comorbidities, which are health conditions that occur alongside a primary condition.
Step 2: Given the definitions, we can infer that Obesity can potentially lead to various health conditions, which in turn can contribute to an increase in CCI. For instance, being overweight or obese can increase the risk of developing conditions like diabetes, hypertension, and cardiovascular disease, which are all comorbidities that can be included in the CCI.
Step 3: Furthermore, research has shown that there is a strong association between Obesity and an increased risk of developing various comorbidities. This suggests that Obesity can have a causal effect on the development of comorbidities, which in turn can contribute to an increase in CCI.
Step 4: Additionally, studies have also shown that weight loss and interventions aimed at reducing Obesity can lead to a decrease in the number of comorbidities, which can result in a decrease in CCI. This further supports the idea that Obesity can have a causal effect on CCI.
Step 5: Therefore, based on the definitions of Obesity and CCI, and the existing research on the topic, it can be concluded that there is a causal relationship between Obesity and CCI, where a change in Obesity precedes and leads to a change in CCI.

Conclusion: Yes",True
103,Obesity,Catastrophizing,True,"Reasoning Process:
Step 1: Understanding the definitions of Obesity and Catastrophizing: Obesity is defined as a condition characterized by excess body fat, often measured by BMI, while Catastrophizing refers to a cognitive process where an individual magnifies the threat value of pain and feels helpless in its presence.
Step 2: Considering the potential pathways through which Obesity may influence Catastrophizing: One possible pathway is through the physical and emotional consequences of Obesity, such as decreased mobility, reduced self-esteem, and increased stress, which may contribute to a catastrophizing mindset.
Step 3: Exploring the biological and psychological mechanisms: Research suggests that chronic stress, which can be exacerbated by Obesity, may contribute to the development of catastrophizing thoughts and behaviors. Additionally, the physical discomfort and pain associated with Obesity may also contribute to a catastrophizing mindset.
Step 4: Evaluating the theoretical and scientific plausibility: While the relationship between Obesity and Catastrophizing is complex and bidirectional, it is plausible that Obesity may contribute to Catastrophizing through various intermediate variables, such as stress, self-esteem, and physical discomfort.
Step 5: Considering the existing literature: Studies have shown that individuals with higher BMIs tend to report higher levels of pain catastrophizing, and that weight loss interventions can lead to reductions in catastrophizing thoughts and behaviors.
Step 6: Synthesizing the evidence: Based on the potential pathways, biological and psychological mechanisms, and existing literature, it is plausible that Obesity may have a causal relationship with Catastrophizing, either directly or through one or more intermediate variables.
Step 7: Conclusion: Given the complex interplay between Obesity and Catastrophizing, it is reasonable to suggest that Obesity may contribute to Catastrophizing, either directly or indirectly, through various mechanisms.
Step 8: Final Answer: TRUE

Conclusion: Yes",True,"Reasoning Process:
Step 1: Understanding the definitions of Obesity and Catastrophizing: Obesity is defined as BMI or being overweight, while Catastrophizing is a pain-related cognitive process characterized by magnifying the threat value of pain and feeling helpless in its presence.
Step 2: Considering the relationship between Obesity and Catastrophizing, it is essential to note that Obesity is a physical condition, whereas Catastrophizing is a psychological process. However, research has shown that individuals with higher BMIs tend to experience more chronic pain and may be more prone to catastrophizing due to various factors, such as decreased physical function and increased stress.
Step 3: There is evidence suggesting that individuals with higher BMIs are more likely to experience pain and may be more likely to engage in catastrophizing behaviors as a coping mechanism. This implies a potential association between Obesity and Catastrophizing.
Step 4: Furthermore, studies have found that weight-related stigma and body dissatisfaction can contribute to increased pain sensitivity and catastrophizing in individuals with higher BMIs. This suggests a complex interplay between physical and psychological factors that may underlie the association between Obesity and Catastrophizing.
Step 5: Considering the available evidence, it appears that there is a statistical association between Obesity and Catastrophizing, as individuals with higher BMIs tend to experience more chronic pain and may be more prone to catastrophizing behaviors.
Step 6: Therefore, based on the available research and understanding of the complex relationship between Obesity and Catastrophizing, the conclusion is that there is an association between the two variables.

Conclusion: Yes",True,"Reasoning Process:
Step 1: To determine if there is a causal relationship between Obesity and Catastrophizing, we need to consider the definitions of both variables and their potential interactions.
Step 2: Obesity is defined as a condition characterized by a high BMI or being overweight, which can have various physical and psychological consequences. Catastrophizing, on the other hand, is a psychological phenomenon where individuals tend to magnify the threat value of pain and feel helpless in its presence.
Step 3: Considering the definitions, it's essential to examine the potential pathways through which Obesity could influence Catastrophizing. One possible pathway is through the physical consequences of Obesity, such as chronic pain, which can lead to increased pain sensitivity and catastrophizing.
Step 4: Another potential pathway is through the psychological consequences of Obesity, such as low self-esteem, body image issues, and social stigma, which can contribute to a negative mindset and increased catastrophizing.
Step 5: However, it's also possible that Catastrophizing could influence Obesity through a feedback loop, where individuals with high catastrophizing tendencies may be more likely to engage in unhealthy behaviors, such as overeating or lack of exercise, which can contribute to weight gain and Obesity.
Step 6: Considering these potential pathways, it's clear that the relationship between Obesity and Catastrophizing is bidirectional and complex. However, to answer the question, we need to determine if Obesity temporally precedes and influences Catastrophizing in a way consistent with a directional causal link.
Step 7: Research suggests that Obesity can precede and contribute to the development of chronic pain, which in turn can lead to increased catastrophizing. Additionally, studies have shown that individuals with Obesity are more likely to experience pain and engage in catastrophizing behaviors.
Step 8: While the relationship is bidirectional, the existing evidence suggests that Obesity can contribute to the development of catastrophizing, particularly through the pathway of chronic pain.
Step 9: Therefore, based on the available evidence, it appears that there is a causal relationship where a change in Obesity precedes and leads to a change in Catastrophizing, either directly or through one or more intermediate variables.
Step 10: This conclusion is based on the understanding that Obesity can contribute to the development of chronic pain, which in turn can lead to increased catastrophizing.
Step 11: Therefore, the answer to the question is TRUE.

Conclusion: Yes",False
104,Obesity,Depression,True,"Reasoning Process:
Step 1: Understanding the definitions of Obesity and Depression: Obesity is defined as BMI or being overweight, while Depression is defined as the affective and cognitive manifestations of depression as measured by PROMIS.
Step 2: Considering the established knowledge that Obesity is a risk factor for various health conditions, including cardiovascular disease, diabetes, and certain types of cancer. This suggests a potential link between Obesity and Depression, as individuals with Obesity may experience decreased quality of life, reduced physical functioning, and increased stress, all of which can contribute to the development of Depression.
Step 3: Research has shown that the relationship between Obesity and Depression is bidirectional, meaning that Obesity can contribute to the development of Depression, and conversely, Depression can contribute to the development of Obesity. This bidirectional relationship suggests a complex interplay between the two conditions.
Step 4: There is also evidence that shared underlying factors, such as genetic predisposition, lifestyle factors (e.g., diet, physical activity), and environmental factors (e.g., socioeconomic status), may contribute to both Obesity and Depression. These shared factors can create a pathway for a causal relationship between the two conditions.
Step 5: Furthermore, studies have identified potential intermediate variables, such as inflammation, oxidative stress, and changes in brain structure and function, that may mediate the relationship between Obesity and Depression. These intermediate variables can provide a mechanistic explanation for how Obesity may contribute to the development of Depression.
Step 6: Considering the existing evidence and the potential for shared underlying factors and intermediate variables, it is plausible that Obesity may have a causal relationship with Depression, either directly or through one or more intermediate variables.
Step 7: Based on the reasoning above, the conclusion is that it is plausible that Obesity may have a causal relationship with Depression, either directly or through one or more intermediate variables.
Step 8: Therefore, the final answer is: TRUE

Conclusion: Yes",True,"Reasoning Process:
Step 1: To determine if there is an association between Obesity and Depression, we need to consider the relationship between the two variables. Association refers to any statistical dependency between two variables, regardless of strength or directionality.
Step 2: Obesity is defined as BMI or being overweight, which is a physical health condition. Depression, on the other hand, is defined as the affective and cognitive manifestations of depression, which is a mental health condition.
Step 3: Research has shown that there is a significant correlation between obesity and depression. Studies have found that individuals with obesity are more likely to experience depression, and conversely, individuals with depression are more likely to experience obesity.
Step 4: This relationship is thought to be bidirectional, meaning that obesity can contribute to the development of depression, and depression can contribute to the development of obesity. For example, the physical limitations and social stigma associated with obesity can contribute to feelings of low self-esteem and depression, while the symptoms of depression can lead to changes in appetite and weight gain.
Step 5: Furthermore, there are several potential mechanisms that may underlie the association between obesity and depression, including inflammation, insulin resistance, and changes in brain chemistry.
Step 6: Therefore, based on the existing research and evidence, it is clear that there is a statistical association between obesity and depression.
Step 7: This association is supported by numerous studies and is a well-established finding in the field of mental health and medicine.
Step 8: In conclusion, the relationship between obesity and depression is complex and bidirectional, and there is a significant statistical association between the two variables.
Step 9: Therefore, the answer to the question is: True.

Conclusion: Yes",True,"Reasoning Process:
Step 1: To determine if there is a causal relationship between Obesity and Depression, we need to consider the temporal relationship between the two variables. A causal relationship requires that the cause (Obesity) precedes the effect (Depression) in time.
Step 2: Obesity is a condition characterized by excess body weight or BMI, which can lead to various physical and psychological changes. These changes can potentially contribute to the development of Depression.
Step 3: Research has shown that individuals with Obesity are at a higher risk of developing Depression compared to those with a healthy weight. This suggests a potential temporal relationship between the two variables, where Obesity may precede and influence Depression.
Step 4: However, it's essential to consider the possibility of intermediate variables that may mediate the relationship between Obesity and Depression. For example, factors such as low self-esteem, social isolation, and decreased physical activity may contribute to the development of Depression in individuals with Obesity.
Step 5: Studies have identified several potential intermediate variables that may explain the relationship between Obesity and Depression. These include inflammation, oxidative stress, and changes in brain chemistry, which can contribute to the development of Depression.
Step 6: Furthermore, longitudinal studies have demonstrated that changes in Obesity can precede changes in Depression, suggesting a directional causal link between the two variables.
Step 7: In conclusion, based on the temporal relationship between Obesity and Depression, as well as the presence of intermediate variables, it appears that there is a causal relationship where a change in Obesity precedes and leads to a change in Depression.

Conclusion: Yes",True
105,Obesity,Education,True,"Reasoning Process:
Step 1: To assess the plausibility of a causal relationship between Obesity and Education, we need to consider the potential mechanisms by which these two variables could be related.
Step 2: Obesity is often associated with socioeconomic factors, such as lower income and lower education levels. This suggests that there may be a correlation between Obesity and Education, but it does not necessarily imply causation.
Step 3: However, it is also possible that there are underlying factors, such as genetics, lifestyle, or environmental influences, that contribute to both Obesity and lower Education levels. These factors could potentially mediate the relationship between Obesity and Education.
Step 4: Another possibility is that Obesity may have a direct impact on cognitive function, motivation, or other factors that influence educational attainment. For example, chronic pain associated with Obesity may affect a person's ability to focus or participate in educational activities.
Step 5: Additionally, there may be cultural or societal factors that contribute to both Obesity and lower Education levels, such as limited access to healthy food options or educational resources in certain communities.
Step 6: Considering these potential mechanisms, it is plausible that Obesity may have a causal relationship with Education, either directly or through one or more intermediate variables.
Step 7: Therefore, based on the existing knowledge and potential mechanisms, the answer to the question is: TRUE.

Conclusion: Yes",True,"Reasoning Process:
Step 1: To determine if there is an association between Obesity and Education, we need to consider the relationship between the two variables. Association refers to any statistical dependency between two variables, regardless of strength or directionality.
Step 2: Obesity is defined as BMI or being overweight, which is a physical characteristic. Education, on the other hand, is a socio-economic factor. These two variables seem to be related but in a complex manner.
Step 3: Research has shown that there is a correlation between education level and health outcomes, including obesity. Individuals with higher levels of education tend to have better health knowledge, healthier lifestyles, and access to better healthcare, which can contribute to lower obesity rates.
Step 4: However, the relationship between education and obesity is not straightforward. While education can influence obesity, it is also possible that obesity can affect education, as individuals with obesity may face social and economic barriers to education.
Step 5: Despite the complexity of the relationship, studies have consistently shown that there is a statistical association between education and obesity. For example, a study may find that individuals with higher levels of education are less likely to be obese, or that there is a positive correlation between education level and healthy weight status.
Step 6: Therefore, based on the existing research and understanding of the relationship between education and obesity, it is reasonable to conclude that there is an association between the two variables.
Step 7: This association can be observed in various studies and data analyses, indicating a statistical dependency between education and obesity.

Conclusion: Yes",True,"Reasoning Process:
Step 1: To determine if there is a causal relationship between Obesity and Education, we need to consider the direction of the relationship and whether Obesity can influence Education directly or indirectly through one or more intermediate variables.
Step 2: Obesity is typically defined as a condition that arises from a combination of genetic, environmental, and lifestyle factors, including diet, physical activity, and socioeconomic status. It is not a direct cause of Education, which is influenced by a range of factors including family background, access to education, and individual motivation.
Step 3: However, there is evidence to suggest that socioeconomic status, which is often associated with Obesity, can influence access to education. For example, individuals from lower socioeconomic backgrounds may have limited access to quality education and healthcare, making it more difficult to manage Obesity.
Step 4: Additionally, Obesity has been linked to various health problems, including reduced cognitive function and decreased motivation, which can negatively impact academic performance and educational attainment.
Step 5: Therefore, while Obesity does not directly cause Education, it can influence it indirectly through socioeconomic status and related factors. This suggests a causal relationship where Obesity precedes and influences Education, but not in a direct manner.
Step 6: However, it's essential to note that this relationship is not necessarily a direct causal link, but rather a mediating relationship where Obesity influences Education through intermediate variables.
Step 7: Considering the above points, we can conclude that there is a causal relationship between Obesity and Education, but it is indirect and mediated by socioeconomic status and related factors.
Step 8: Therefore, the answer to the question is TRUE, as Obesity can influence Education through intermediate variables, even if it does not directly cause it.

Conclusion: Yes",False
106,Obesity,Fear_avoidance,True,"Reasoning Process:
Step 1: Understanding the definitions of Obesity and Fear_avoidance: Obesity is defined as BMI or being overweight, while Fear_avoidance is a patient-reported questionnaire focusing on the impact of fear and avoidance on low back pain and disability.
Step 2: Considering the potential relationship between Obesity and Fear_avoidance: Obesity is often associated with various health issues, including musculoskeletal problems, which can contribute to low back pain.
Step 3: Exploring potential intermediate variables: Obesity may lead to decreased physical function, reduced mobility, and increased pain, which in turn can contribute to fear avoidance behaviors in patients with low back pain.
Step 4: Evaluating the plausibility of a causal relationship: Given the established associations between Obesity and musculoskeletal issues, and the potential for these issues to contribute to fear avoidance behaviors, it is plausible that Obesity may have a causal relationship with Fear_avoidance, either directly or through one or more intermediate variables.

Conclusion: Yes",True,"Reasoning Process:
Step 1: To determine if there is an association between Obesity and Fear_avoidance, we need to consider the potential relationships between the two variables. Obesity is a condition characterized by excess body fat, often measured by Body Mass Index (BMI). Fear_avoidance, on the other hand, is a patient-reported questionnaire that assesses how a patient's fear of physical activity and work may contribute to their low back pain and resulting disability.
Step 2: Research has shown that individuals with obesity are more likely to experience low back pain due to the additional weight and strain it puts on their spine. This could potentially lead to a fear of physical activity, as the individual may associate exercise with exacerbating their back pain.
Step 3: Furthermore, individuals with fear avoidance behaviors may be less likely to engage in physical activity, which can contribute to weight gain and obesity. This creates a potential bidirectional relationship between obesity and fear avoidance.
Step 4: Studies have also found that individuals with obesity are more likely to report higher levels of fear avoidance, as they may be more concerned about the potential consequences of physical activity on their weight and back pain.
Step 5: Given these potential relationships, it is reasonable to conclude that there is an association between Obesity and Fear_avoidance. This association may be bidirectional, with obesity contributing to fear avoidance and fear avoidance contributing to obesity.

Conclusion: Yes",True,"Reasoning Process:
Step 1: To determine if there is a causal relationship between Obesity and Fear_avoidance, we need to consider the definitions of both variables. Obesity is defined as BMI or being overweight, which is a physical characteristic. Fear_avoidance, on the other hand, is a patient-reported questionnaire that focuses on how a patient's fear avoidance beliefs about physical activity and work may affect and contribute to their low back pain and resulting disability.
Step 2: Given the definitions, we can infer that Obesity is a physical characteristic that can potentially influence a person's behavior, including their physical activity levels and work habits. This could, in turn, affect their fear avoidance beliefs and behaviors related to low back pain.
Step 3: However, the relationship between Obesity and Fear_avoidance is not necessarily direct. There may be intermediate variables, such as physical activity levels, work habits, or other health-related factors, that mediate the relationship between Obesity and Fear_avoidance.
Step 4: To establish a causal relationship, we need to consider whether a change in Obesity precedes and leads to a change in Fear_avoidance. This requires evidence that shows a temporal relationship between the two variables, where changes in Obesity are followed by changes in Fear_avoidance.
Step 5: Research has shown that being overweight or obese can lead to decreased physical activity levels, which in turn can contribute to fear avoidance behaviors related to low back pain. This suggests that there is a potential causal relationship between Obesity and Fear_avoidance.
Step 6: However, it's also possible that other factors, such as mental health or socioeconomic status, may mediate the relationship between Obesity and Fear_avoidance. Therefore, we need to consider these potential confounding variables when evaluating the causal relationship.
Step 7: In conclusion, based on the definitions of Obesity and Fear_avoidance, and considering the potential intermediate variables and confounding factors, there is evidence to suggest that a change in Obesity can precede and lead to a change in Fear_avoidance, either directly or through one or more intermediate variables.

Conclusion: Yes",False
107,Obesity,Financial_level,True,"Reasoning Process:
Step 1: Understanding the definitions of the variables: Obesity and Financial_level. Obesity is defined as BMI or being overweight, while Financial_level is a proxy for socioeconomic status.
Step 2: Considering the potential relationship between Obesity and Financial_level. A plausible causal relationship would require a clear biological, theoretical, or scientific mechanism linking the two variables.
Step 3: Exploring potential mechanisms: One possible mechanism is that individuals with lower socioeconomic status may have limited access to healthy food options, leading to a higher likelihood of obesity. This is a well-established association in the literature.
Step 4: Another potential mechanism is that obesity may lead to increased healthcare costs, which can further exacerbate financial difficulties, particularly for those with lower socioeconomic status.
Step 5: Considering the bidirectional relationship: It's also possible that financial difficulties may lead to obesity, as individuals with limited financial resources may be more likely to engage in unhealthy eating habits or have limited access to healthcare services.
Step 6: Evaluating the plausibility of the relationship: Based on existing knowledge, it is plausible that Obesity may have a causal relationship with Financial_level, either directly or through one or more intermediate variables.
Step 7: The relationship between Obesity and Financial_level is supported by various studies and is consistent with the understanding of the underlying mechanisms.
Step 8: Therefore, it is reasonable to conclude that Obesity may have a causal relationship with Financial_level, either directly or through one or more intermediate variables.
Step 9: This conclusion is based on the understanding of the definitions of the variables, the exploration of potential mechanisms, and the evaluation of the plausibility of the relationship.

Conclusion: Yes",True,"Reasoning Process:
Step 1: Understanding the definitions of the variables: Obesity and Financial_level. Obesity refers to BMI or being overweight, while Financial_level is a proxy for socioeconomic status.
Step 2: Considering the relationship between Obesity and Financial_level. Research has shown that individuals with lower socioeconomic status tend to have higher rates of obesity due to various factors such as limited access to healthy food options, safe spaces for physical activity, and healthcare services.
Step 3: Analyzing the potential mechanisms that could explain the association between Obesity and Financial_level. These mechanisms include food insecurity, lack of access to healthcare, and limited opportunities for physical activity, which are often more prevalent in lower socioeconomic communities.
Step 4: Evaluating the evidence from various studies that have investigated the relationship between Obesity and Financial_level. A significant body of research has consistently shown a positive association between the two variables, indicating that individuals with lower financial levels are more likely to experience obesity.
Step 5: Considering the directionality of the association. While the relationship between Obesity and Financial_level is complex, the evidence suggests that lower financial levels are associated with higher rates of obesity, rather than the reverse.
Step 6: Considering the strength of the association. While the association between Obesity and Financial_level is not necessarily strong, it is statistically significant and has been consistently observed across various studies.
Step 7: Conclusion: Based on the evidence and analysis, there is a statistically significant association between Obesity and Financial_level, with lower financial levels being associated with higher rates of obesity.
Step 8: Conclusion: Therefore, the answer to the question is True.

Conclusion: Yes",False,"Reasoning Process:
Step 1: To determine if there is a causal relationship between Obesity and Financial_level, we need to consider the direction of causality. A causal relationship implies that a change in Obesity precedes and leads to a change in Financial_level.
Step 2: We will examine the potential pathways through which Obesity could influence Financial_level. This includes direct effects, such as increased healthcare costs associated with obesity, and indirect effects, such as reduced productivity and increased absenteeism due to obesity-related health issues.
Step 3: However, we must also consider the possibility of reverse causality, where Financial_level influences Obesity. For example, individuals with lower financial levels may have limited access to healthy food options, leading to higher obesity rates.
Step 4: Additionally, we need to consider confounding variables that may affect both Obesity and Financial_level, such as education level, employment status, and access to healthcare.
Step 5: Given these complexities, it is challenging to establish a clear causal relationship between Obesity and Financial_level. While there may be some indirect effects, the relationship is likely bidirectional and influenced by multiple factors.
Step 6: Therefore, based on the complexity of the relationship and the potential for reverse causality and confounding variables, we cannot conclude that Obesity directly causes Financial_level or vice versa.
Step 7: However, we can say that there is a correlation between Obesity and Financial_level, but this correlation does not necessarily imply causation.
Step 8: In conclusion, based on the available information and the complexities of the relationship, the answer to the question is: FALSE.

Conclusion: No",False
108,Obesity,PEG,True,"Reasoning Process:
Step 1: Understanding the definitions of the variables involved: Obesity (BMI or being overweight) and PEG (Pain Enabling and Guarding score).
Step 2: Considering the relationship between Obesity and PEG, it is essential to examine the biological and theoretical underpinnings of this potential relationship.
Step 3: Obesity is often associated with various health conditions, including chronic low back pain, which is a common cause of chronic pain. This suggests a potential indirect relationship between Obesity and PEG.
Step 4: Furthermore, research has shown that individuals with higher BMIs tend to experience more severe pain and have a higher risk of developing chronic pain conditions, which could be related to the PEG score.
Step 5: Additionally, the mechanical stress and inflammation associated with excess weight may contribute to the development and maintenance of chronic low back pain, which in turn could affect the PEG score.
Step 6: Considering these factors, it is plausible that Obesity may have a causal relationship with PEG, either directly or through one or more intermediate variables, such as chronic low back pain.
Step 7: Therefore, based on the existing knowledge and understanding of the biological and theoretical underpinnings of the relationship between Obesity and PEG, it is reasonable to conclude that a causal relationship between the two is plausible.
Step 8: This conclusion is supported by the associations between Obesity and chronic low back pain, as well as the potential mechanisms by which excess weight may contribute to the development and maintenance of chronic pain.

Conclusion: Yes",True,"Reasoning Process:
Step 1: To determine if there is an association between Obesity and PEG, we need to consider the definitions of both variables. Obesity is defined as BMI or being overweight, which is a measure of weight or body mass index. PEG score, on the other hand, is an index measuring pain interference and pain intensity due to chronic low back pain.
Step 2: Given the definitions, we can infer that Obesity is a risk factor for various health conditions, including chronic low back pain. This is because excess weight can put additional strain on the spine, leading to pain and discomfort.
Step 3: The PEG score, being an index of pain intensity and interference due to chronic low back pain, is likely to be influenced by factors that contribute to chronic low back pain, including Obesity.
Step 4: Therefore, it is reasonable to conclude that there is a statistical association between Obesity and PEG, as knowledge of the value of one variable (Obesity) can provide information about the value of the other variable (PEG).

Conclusion: Yes",True,"Reasoning Process:
Step 1: To determine if there is a causal relationship between Obesity and PEG, we need to consider the definition of both variables. Obesity is defined as BMI or being overweight, which is a measure of weight or body mass index. PEG score, on the other hand, is an index measuring pain interference and pain intensity due to chronic low back pain.
Step 2: We need to consider the potential mechanisms by which Obesity could influence PEG. One possible mechanism is that excess weight can put additional stress on the spine, leading to chronic low back pain and subsequently affecting the PEG score.
Step 3: Another possible mechanism is that Obesity can lead to decreased mobility and reduced physical activity, which can exacerbate chronic low back pain and increase the PEG score.
Step 4: Additionally, Obesity has been linked to various comorbidities, such as diabetes and cardiovascular disease, which can also contribute to chronic pain and increased PEG scores.
Step 5: Considering these potential mechanisms, it is plausible that a change in Obesity could lead to a change in PEG, either directly or through one or more intermediate variables.
Step 6: However, it's also possible that the relationship between Obesity and PEG is bidirectional, meaning that chronic low back pain and increased PEG scores could also contribute to weight gain or obesity.
Step 7: Despite this potential bidirectionality, the question asks for a directional causal link, where Obesity precedes and influences PEG. Therefore, we need to consider the temporal relationship between the two variables.
Step 8: In general, Obesity tends to develop over a longer period, often years or even decades, whereas PEG scores can fluctuate more rapidly in response to changes in pain intensity and interference.
Step 9: Given this temporal relationship, it is reasonable to conclude that a change in Obesity could precede and influence a change in PEG, consistent with a directional causal link.

Conclusion: Yes",True
109,Obesity,Sleep disturbance,True,"Reasoning Process:
Step 1: Understanding the definitions of Obesity and Sleep disturbance: Obesity is defined as BMI or being overweight, while Sleep disturbance is defined as self-reported perceptions of sleep quality, depth, and restoration associated with sleep.
Step 2: Considering the potential biological mechanisms: Obesity is often associated with chronic inflammation, insulin resistance, and metabolic dysregulation, which can disrupt normal sleep patterns and lead to sleep disturbances.
Step 3: Examining the existing literature: Research has shown that obesity is linked to various sleep disorders, including sleep apnea, insomnia, and restless leg syndrome, which can contribute to sleep disturbances.
Step 4: Evaluating the potential intermediate variables: Obesity can lead to sleep disturbances through various intermediate variables, such as chronic pain, depression, and anxiety, which are common comorbidities with obesity.
Step 5: Considering the theoretical frameworks: The biopsychosocial model of health suggests that obesity can have a significant impact on an individual's sleep quality, as it affects both physical and psychological well-being.
Step 6: Assessing the scientific plausibility: Based on the existing knowledge and research, it is scientifically plausible that obesity may have a causal relationship with sleep disturbance, either directly or through one or more intermediate variables.
Step 7: Conclusion: Given the biological mechanisms, existing literature, intermediate variables, theoretical frameworks, and scientific plausibility, it is plausible that obesity may have a causal relationship with sleep disturbance.
Step 8: Conclusion: Therefore, the answer to the question is: TRUE

Conclusion: Yes",True,"Reasoning Process:
Step 1: Understanding the definitions of the variables: Obesity and Sleep disturbance. Obesity is defined as BMI or being overweight, while Sleep disturbance is defined as self-reported perceptions of sleep quality, sleep depth, and restoration associated with sleep.
Step 2: Considering the relationship between Obesity and Sleep disturbance. Research has shown that individuals with higher BMI or being overweight often experience sleep disturbances, such as insomnia, sleep apnea, and restless leg syndrome.
Step 3: Analyzing the potential mechanisms underlying the association. Obesity can lead to sleep disturbances due to factors such as increased inflammation, respiratory issues, and discomfort, which can disrupt sleep patterns.
Step 4: Evaluating the evidence for the association. Studies have consistently shown a positive correlation between obesity and sleep disturbances, indicating a statistical association between the two variables.
Step 5: Considering the directionality of the association. While obesity can lead to sleep disturbances, sleep disturbances can also contribute to weight gain and obesity, creating a bidirectional relationship.
Step 6: Determining the strength of the association. The association between obesity and sleep disturbance is considered moderate to strong, with a significant impact on public health.
Step 7: Conclusion: Based on the definitions, research, and evidence, there is a statistical association between Obesity and Sleep disturbance.
Step 8: Conclusion: Therefore, the answer to the question is True.

Conclusion: Yes",True,"Reasoning Process:
Step 1: To determine if there is a causal relationship between Obesity and Sleep disturbance, we need to consider the definition of both variables. Obesity is defined as BMI or being overweight, which is a physical characteristic. Sleep disturbance, on the other hand, is a self-reported perception of sleep quality, depth, and restoration associated with sleep.
Step 2: A causal relationship typically involves a direct or indirect influence of one variable on another, where the first variable precedes the second variable in time. In this case, we need to consider if Obesity (Variable 1) can influence Sleep disturbance (Variable 2) directly or through one or more intermediate variables.
Step 3: Obesity is a physical characteristic that can lead to various health issues, such as diabetes, cardiovascular disease, and respiratory problems. These health issues can, in turn, affect sleep quality, leading to sleep disturbances. Therefore, there is a plausible pathway for Obesity to influence Sleep disturbance through intermediate variables.
Step 4: Additionally, research has shown that individuals with obesity are more likely to experience sleep apnea, a condition that can disrupt sleep patterns and lead to sleep disturbances. This provides further evidence of a potential causal link between Obesity and Sleep disturbance.
Step 5: While there may be other factors that contribute to sleep disturbances, such as stress, anxiety, or environmental factors, the available evidence suggests that Obesity can indeed influence Sleep disturbance, either directly or through intermediate variables.

Conclusion: Yes",False
110,Obesity,Smoking,True,"Reasoning Process:
Step 1: To determine if there is a plausible causal relationship between Obesity and Smoking, we need to consider the potential biological, theoretical, or scientific connections between the two variables.
Step 2: Obesity is often associated with various health conditions, such as diabetes, cardiovascular disease, and certain types of cancer. These conditions are also linked to smoking, as smoking is a known risk factor for these diseases.
Step 3: Furthermore, smoking can lead to weight gain, as nicotine can increase appetite and reduce metabolism. This suggests a potential direct relationship between smoking and obesity.
Step 4: Additionally, individuals who smoke may be more likely to engage in other unhealthy behaviors, such as poor diet and lack of exercise, which can contribute to obesity.
Step 5: Therefore, it is plausible that obesity may have a causal relationship with smoking, either directly or through one or more intermediate variables, such as the health conditions associated with both obesity and smoking, or the behavioral factors that contribute to both.

Conclusion: Yes",True,"Reasoning Process:
Step 1: To determine if there is an association between Obesity and Smoking, we need to consider the relationship between the two variables. Association refers to any statistical dependency between two variables, regardless of strength or directionality.
Step 2: Obesity is defined as BMI or being overweight, which is a condition related to weight or body mass. Smoking, on the other hand, is the action or habit of inhaling and exhaling the smoke of tobacco.
Step 3: Research has shown that there is a well-established link between smoking and obesity. Smoking is often associated with a higher risk of obesity, as smoking can lead to a decrease in appetite and an increase in metabolism, which can result in weight loss. However, this weight loss is often offset by the negative effects of smoking on overall health, leading to a higher risk of obesity in the long term.
Step 4: Additionally, smoking is also associated with a range of other health problems, including cardiovascular disease, respiratory disease, and certain types of cancer. These health problems can also contribute to weight gain and obesity.
Step 5: Furthermore, studies have shown that smoking cessation is often associated with weight gain, which can be a significant challenge for some individuals. This suggests that there is a complex relationship between smoking and obesity, with smoking potentially contributing to both weight loss and weight gain.
Step 6: Considering the evidence, it is clear that there is a statistical association between Obesity and Smoking. The relationship is complex and bidirectional, with smoking potentially contributing to both weight loss and weight gain, and obesity being a risk factor for smoking-related health problems.

Conclusion: Yes",False,"Reasoning Process:
Step 1: To determine if there is a causal relationship between Obesity and Smoking, we need to consider the temporal relationship between the two variables. A causal relationship requires that the cause (Obesity) precedes the effect (Smoking).
Step 2: Obesity is typically a long-term condition that develops over time due to a combination of genetic, environmental, and lifestyle factors. It is characterized by a high body mass index (BMI) or excessive body fat.
Step 3: Smoking, on the other hand, is a behavior that can be influenced by various factors, including genetics, environment, and social pressures. However, it is not a direct consequence of obesity.
Step 4: While there may be some indirect relationships between obesity and smoking, such as the fact that obese individuals may be more likely to experience respiratory problems that make smoking more difficult, there is no direct causal link between the two variables.
Step 5: In fact, research suggests that smoking is often a risk factor for obesity, rather than the other way around. Smoking can lead to weight loss in the short term, but it can also lead to a range of health problems that can contribute to weight gain over time.
Step 6: Therefore, based on the available evidence, it appears that there is no causal relationship where a change in Obesity precedes and leads to a change in Smoking.
Step 7: In fact, the relationship between obesity and smoking is more accurately described as bidirectional, with both variables influencing each other in complex ways.
Step 8: However, since the question specifically asks if Obesity precedes and leads to a change in Smoking, the answer is still FALSE.

Conclusion: No",False
111,Sex,Alcohol,True,"Reasoning Process:
Step 1: To determine the plausibility of a causal relationship between Sex and Alcohol, we need to consider the biological and theoretical aspects of both variables.
Step 2: Sex is a biological characteristic that determines the reproductive functions of an individual, whereas Alcohol consumption is a behavior that can be influenced by various factors, including genetics, environment, and lifestyle.
Step 3: There is evidence to suggest that sex differences exist in the metabolism and response to alcohol, with women generally having a higher percentage of body fat and lower water content than men, which can affect the rate of alcohol absorption and elimination.
Step 4: Additionally, sex hormones, such as estrogen and testosterone, can influence the brain's reward system and stress response, which may contribute to differences in alcohol consumption patterns between men and women.
Step 5: Furthermore, social and cultural factors, such as societal norms and expectations, can also influence alcohol consumption patterns and may vary between men and women.
Step 6: Considering these factors, it is plausible that Sex may have a causal relationship with Alcohol, either directly or through one or more intermediate variables, as there are biological, theoretical, and scientific reasons to support this relationship.
Step 7: Therefore, based on the existing knowledge and evidence, the answer to the question is: TRUE.

Conclusion: Yes",True,"Reasoning Process:
Step 1: To determine if there is an association between Sex and Alcohol, we need to consider if there is a statistical dependency between the two variables. This means we are looking for a relationship where knowledge of one variable provides information about the other.
Step 2: Sex is a categorical variable that classifies individuals into two main categories: male and female. This variable is not numerical and does not have a natural order or ranking.
Step 3: Alcohol consumption, on the other hand, is a numerical variable that measures the number of drinks per week. This variable has a natural order or ranking, with higher values indicating more alcohol consumption.
Step 4: Given the nature of these variables, we can consider if there is a statistical dependency between them. For example, research has shown that, on average, men tend to consume more alcohol than women. This suggests a potential association between Sex and Alcohol.
Step 5: However, it's essential to note that this association may not be absolute and can be influenced by various factors such as cultural, social, and individual differences. Nonetheless, the existence of a general trend or pattern between the two variables indicates a statistical association.

Conclusion: Yes",False,"Reasoning Process:
Step 1: To determine if there is a causal relationship between Sex and Alcohol, we need to consider the definition of causality. A causal relationship exists when one variable (the cause) precedes and influences another variable (the effect) in a way that is consistent with a directional link.
Step 2: Given the definitions of Sex and Alcohol, we can see that Sex is a characteristic that is typically determined at birth and remains relatively stable throughout a person's life. In contrast, Alcohol consumption is a behavior that can change over time and is influenced by various factors, including personal choices, environment, and social norms.
Step 3: Considering the temporal relationship between Sex and Alcohol, it is clear that Sex is not a cause of Alcohol consumption. A person's sex does not directly influence their decision to consume alcohol or the amount they drink.
Step 4: However, there may be indirect relationships between Sex and Alcohol, such as differences in social norms, cultural expectations, or biological factors that may influence drinking behavior. For example, women may face different social pressures or have different biological responses to alcohol compared to men.
Step 5: Despite these potential indirect relationships, the question asks for a directional causal link where Sex precedes and leads to a change in Alcohol. In this case, we cannot establish a direct causal link between Sex and Alcohol, as Sex is not a cause of Alcohol consumption.
Step 6: Therefore, based on the definitions of Sex and Alcohol and the temporal relationship between them, we can conclude that there is no causal relationship where a change in Sex precedes and leads to a change in Alcohol.
Step 7: This conclusion is consistent with the understanding that Sex is a stable characteristic that does not directly influence Alcohol consumption, and any potential indirect relationships are not sufficient to establish a directional causal link.
Step 8: Therefore, the final answer to the question is: FALSE.

Conclusion: No",True
112,Sex,Anxiety,True,"Reasoning Process:
Step 1: To determine the plausibility of a causal relationship between Sex and Anxiety, we need to consider the biological and theoretical foundations of both variables.
Step 2: Sex is a biological variable that refers to the two main categories of reproductive functions in humans and most other living things. It is a fundamental aspect of human biology and has been extensively studied in various fields, including medicine, psychology, and sociology.
Step 3: Anxiety, on the other hand, is a complex psychological and physiological state characterized by feelings of fear, worry, and hyperarousal. It is a multifaceted construct that involves both psychological and physiological components.
Step 4: Considering the definitions of both variables, we can see that Sex and Anxiety are distinct and separate constructs. However, there is evidence to suggest that biological sex differences may influence the prevalence and expression of anxiety disorders.
Step 5: For example, research has shown that women are more likely to experience anxiety disorders than men, and that hormonal differences between the sexes may play a role in this disparity. Additionally, some studies have found that sex-specific differences in brain structure and function may also contribute to anxiety differences between men and women.
Step 6: Furthermore, there is evidence to suggest that sex hormones, such as estrogen and testosterone, may influence anxiety-like behaviors in both humans and animals. For example, fluctuations in estrogen levels during the menstrual cycle have been linked to changes in anxiety symptoms in some women.
Step 7: Considering these findings, it is plausible that Sex may have a causal relationship with Anxiety, either directly or through one or more intermediate variables. This relationship may be influenced by biological, hormonal, and psychological factors.

Conclusion: Yes",True,"Reasoning Process:
Step 1: To determine if there is an association between Sex and Anxiety, we need to consider if there is a statistical dependency between the two variables. This means we are looking for a relationship where knowledge of the value of one variable provides information about the other.
Step 2: Sex is a categorical variable that classifies individuals as male or female based on their reproductive functions. Anxiety, on the other hand, is a psychological construct measured by PROMIS anxiety, which encompasses various aspects of anxiety, including fear, anxious misery, hyperarousal, and somatic symptoms.
Step 3: Given the definitions of Sex and Anxiety, we can consider whether there is a known relationship between the two. Research has shown that sex differences exist in the prevalence and expression of anxiety disorders, with women generally experiencing higher rates of anxiety than men.
Step 4: However, the relationship between Sex and Anxiety is complex and influenced by various factors, including hormonal differences, social and cultural expectations, and biological factors. While there may be a statistical association between the two variables, it is not a direct causal relationship.
Step 5: Therefore, based on the existing research and understanding of the relationship between Sex and Anxiety, we can conclude that there is an association between the two variables.

Conclusion: Yes",True,"Reasoning Process:
Step 1: Understanding the definitions of Sex and Anxiety: Sex refers to the biological categorization of humans into male and female, while Anxiety is a psychological state characterized by feelings of fear, worry, and nervousness.
Step 2: Considering the definitions, it is clear that Sex is a biological characteristic, whereas Anxiety is a psychological state. This suggests that Sex may not directly influence Anxiety, as they operate on different levels of human experience.
Step 3: However, it is also possible that Sex may influence Anxiety indirectly through various intermediate variables, such as hormonal differences, social and cultural expectations, or biological responses to stress.
Step 4: Research has shown that there are sex differences in the prevalence and expression of anxiety disorders, with women being more likely to experience anxiety than men. This suggests that there may be a causal relationship between Sex and Anxiety, but it is likely to be complex and influenced by multiple factors.
Step 5: Furthermore, studies have identified sex-specific differences in the brain regions and neurotransmitter systems involved in anxiety, which may contribute to the observed sex differences in anxiety prevalence.
Step 6: In conclusion, while the relationship between Sex and Anxiety is complex and influenced by multiple factors, there is evidence to suggest that Sex may precede and influence Anxiety, either directly or through intermediate variables.
Step 7: Therefore, the answer to the question is: TRUE, there is a causal relationship where a change in Sex precedes and leads to a change in Anxiety, either directly or through one or more intermediate variables.
Step 8: This conclusion is based on the understanding that Sex can influence Anxiety through various mechanisms, including hormonal differences, social and cultural expectations, and biological responses to stress.

Conclusion: Yes",True
113,Sex,CCI,True,"Reasoning Process:
Step 1: Understanding the definitions of Sex and CCI: Sex refers to the biological categorization of individuals into male and female based on reproductive functions, while CCI is a comorbidity index measuring the number of comorbidities.
Step 2: Considering the relationship between Sex and CCI: There is evidence to suggest that sex differences exist in the prevalence and manifestation of various comorbidities, such as cardiovascular disease, autoimmune disorders, and mental health conditions.
Step 3: Analyzing potential mechanisms: Sex hormones, genetic factors, and environmental influences may contribute to these sex differences in comorbidity patterns, suggesting a plausible link between Sex and CCI.
Step 4: Evaluating the possibility of intermediate variables: Factors such as lifestyle, socioeconomic status, and access to healthcare may also play a role in the relationship between Sex and CCI, further supporting the plausibility of a causal relationship.
Step 5: Considering the complexity of the relationship: The relationship between Sex and CCI is likely to be multifaceted and influenced by various biological, psychological, and environmental factors, making it plausible that Sex may have a causal relationship with CCI, either directly or through one or more intermediate variables.
Step 6: Conclusion: Based on the existing knowledge and evidence, it is plausible that Sex may have a causal relationship with CCI, either directly or through one or more intermediate variables.
Step 7: Conclusion: Therefore, the answer to the question is: TRUE

Conclusion: Yes",True,"Reasoning Process:
Step 1: To determine if there is an association between Sex and CCI, we need to consider the definition of association in statistics. Association refers to any statistical dependency between two variables, regardless of strength or directionality.
Step 2: Given the definitions of Sex and CCI, we can see that Sex is a categorical variable representing the two main categories of male and female, while CCI is a comorbidity index that measures the number of comorbidities.
Step 3: Since Sex is a categorical variable and CCI is a numerical variable, we can expect that there may be an association between the two variables. For example, certain comorbidities may be more prevalent in one sex over the other.
Step 4: However, the directionality of the association is not specified, and it is possible that there may be no association between the two variables.
Step 5: To confirm the association, we would need to examine the statistical data and perform a correlation analysis or regression analysis to determine if there is a significant relationship between Sex and CCI.
Step 6: However, based on the definitions alone, it is reasonable to assume that there may be an association between Sex and CCI, as certain comorbidities may be more prevalent in one sex over the other.

Conclusion: Yes",False,"Reasoning Process:
Step 1: To determine if there is a causal relationship between Sex and CCI, we need to consider the definition of both variables. Sex is a biological characteristic that categorizes individuals into male and female based on their reproductive functions. CCI, on the other hand, is a comorbidity index that measures the number of comorbidities an individual has.
Step 2: Given the definitions, we can see that Sex is a fundamental biological characteristic that is present from birth, while CCI is a measure of health status that can change over time due to various factors, including age, lifestyle, and environmental factors.
Step 3: Considering the temporal relationship between Sex and CCI, it is clear that Sex is a fixed characteristic that does not change over time, whereas CCI can change as an individual's health status changes.
Step 4: Therefore, it is not possible for a change in Sex to precede and lead to a change in CCI, as Sex is a fixed characteristic that does not change over time.
Step 5: However, it is possible that Sex may influence CCI through intermediate variables, such as hormonal differences between males and females, which can affect health outcomes and comorbidity risk.
Step 6: However, even if Sex influences CCI through intermediate variables, it is still not a direct causal relationship, as the change in CCI is not a direct result of the change in Sex, but rather an indirect result of the underlying biological differences between males and females.
Step 7: Therefore, while there may be an indirect relationship between Sex and CCI, it is not a direct causal relationship where a change in Sex precedes and leads to a change in CCI.

Conclusion: No",True
114,Sex,Catastrophizing,True,"Reasoning Process:
Step 1: To determine if there is a plausible causal relationship between Sex and Catastrophizing, we need to consider the biological, theoretical, and scientific basis of both variables.
Step 2: Sex is a biological variable that refers to the two main categories of humans and most other living things, based on their reproductive functions. This variable is primarily determined by genetics and is not typically considered a modifiable risk factor for many health outcomes.
Step 3: Catastrophizing, on the other hand, is a psychological variable that refers to the tendency to magnify the threat value of a pain stimulus and feel helpless in the presence of pain. This variable is influenced by a range of factors, including cognitive, emotional, and social factors.
Step 4: Given the definitions of Sex and Catastrophizing, we can consider whether there is a plausible biological or theoretical basis for a causal relationship between the two variables. While Sex may influence certain health outcomes, such as pain perception, it is not a direct cause of psychological variables like catastrophizing.
Step 5: However, it is possible that Sex may influence catastrophizing indirectly through one or more intermediate variables. For example, hormonal differences between males and females may influence pain perception and, in turn, contribute to catastrophizing. Additionally, societal and cultural factors may also play a role in shaping catastrophizing behaviors and attitudes, which may differ between males and females.
Step 6: Considering these factors, it is plausible that Sex may have a causal relationship with Catastrophizing, either directly or through one or more intermediate variables.

Conclusion: Yes",True,"Reasoning Process:
Step 1: To determine if there is an association between Sex and Catastrophizing, we need to consider whether there is a statistical dependency between the two variables. This means we are looking for a relationship where knowledge of one variable provides information about the other.
Step 2: Sex is a categorical variable that refers to the biological classification of individuals as male or female. Catastrophizing, on the other hand, is a psychological construct that refers to the tendency to magnify the threat value of a pain stimulus and feel helpless in the presence of pain.
Step 3: Given the definitions of Sex and Catastrophizing, we can consider whether there is a known relationship between the two. Research has shown that sex differences exist in pain perception and pain processing, with women generally reporting higher levels of pain and pain-related distress compared to men.
Step 4: Furthermore, studies have also found that women are more likely to exhibit catastrophizing behaviors in response to pain, which can exacerbate pain experiences. This suggests a potential association between sex and catastrophizing.
Step 5: However, it's essential to note that the relationship between sex and catastrophizing is complex and can be influenced by various factors, including cultural and social norms, individual differences, and the presence of other health conditions.
Step 6: Despite these complexities, the existing research suggests that there is a statistical association between sex and catastrophizing, with women being more likely to exhibit catastrophizing behaviors in response to pain.

Conclusion: Yes",False,"Reasoning Process:
Step 1: Understanding the definitions of Sex and Catastrophizing: Sex refers to the biological categorization of humans and other living things into male and female based on reproductive functions, while Catastrophizing is a psychological phenomenon characterized by the tendency to magnify the threat value of pain and feel helpless in its presence.
Step 2: Analyzing the relationship between Sex and Catastrophizing: There is no direct biological or physiological link between the biological categorization of Sex and the psychological phenomenon of Catastrophizing. Catastrophizing is a cognitive process influenced by various psychological, emotional, and environmental factors, rather than a direct result of biological sex.
Step 3: Considering potential intermediate variables: While there may be some indirect relationships between Sex and Catastrophizing, such as differences in pain perception or coping mechanisms between males and females, these relationships are complex and influenced by multiple factors, including cultural, social, and psychological variables.
Step 4: Evaluating the temporal relationship: Sex is typically determined at birth and remains relatively stable throughout a person's life, whereas Catastrophizing is a dynamic psychological process that can change over time in response to various factors, including life experiences, emotions, and environmental influences.
Step 5: Conclusion: Based on the analysis, there is no clear causal relationship where a change in Sex directly or indirectly precedes and leads to a change in Catastrophizing. While there may be some indirect relationships, they are complex and influenced by multiple factors, and the temporal relationship between Sex and Catastrophizing does not support a directional causal link.
Step 6: Final conclusion: There is no causal relationship where a change in Sex precedes and leads to a change in Catastrophizing, either directly or through one or more intermediate variables.
Step 7: Final answer: FALSE

Conclusion: No",True
115,Sex,Depression,True,"Reasoning Process:
Step 1: Understanding the definitions of Sex and Depression: Sex refers to the biological categorization of humans and other living things based on reproductive functions, while Depression is a psychological condition characterized by affective and cognitive manifestations.
Step 2: Considering the biological and psychological aspects of Sex and Depression: While Sex is a biological category, Depression is a psychological condition. However, biological factors can influence psychological conditions, and sex hormones, such as estrogen and testosterone, have been linked to mood regulation and depression.
Step 3: Exploring potential intermediate variables: Sex hormones, such as estrogen and testosterone, can influence mood regulation and depression. Additionally, sex differences in brain structure and function, as well as social and cultural factors, may also play a role in the relationship between Sex and Depression.
Step 4: Evaluating the plausibility of a causal relationship: Given the biological and psychological connections between Sex and Depression, as well as the potential intermediate variables, it is plausible that Sex may have a causal relationship with Depression, either directly or through one or more intermediate variables.

Conclusion: Yes",True,"Reasoning Process:
Step 1: To determine if there is an association between Sex and Depression, we need to consider whether there is a statistical dependency between the two variables. This means we are looking for a relationship where knowledge of one variable provides information about the other.
Step 2: Sex is a categorical variable that classifies individuals as male or female based on their reproductive functions. Depression, on the other hand, is a complex psychological condition that encompasses affective and cognitive manifestations.
Step 3: Research has shown that there are sex differences in the prevalence and presentation of depression. For example, women are more likely to experience depression than men, and the symptoms of depression can vary between sexes.
Step 4: Given these differences, it is reasonable to conclude that there is a statistical association between Sex and Depression. Knowledge of an individual's sex can provide information about their likelihood of experiencing depression and the symptoms they may exhibit.

Conclusion: Yes",False,"Reasoning Process:
Step 1: To determine if there is a causal relationship between Sex and Depression, we need to consider the definition of both variables. Sex is a biological characteristic that is typically determined at birth, while Depression is a mental health condition that can be influenced by various factors, including biological, psychological, and environmental factors.
Step 2: Given the definitions, it is unlikely that a change in Sex would directly cause a change in Depression, as Sex is a fixed characteristic and Depression is a complex condition influenced by multiple factors.
Step 3: However, it is possible that Sex could influence Depression through one or more intermediate variables, such as hormonal differences, genetic predispositions, or social and cultural factors associated with Sex.
Step 4: For example, research has shown that there are sex differences in the prevalence and presentation of Depression, with women being more likely to experience Depression than men. This could suggest that Sex may influence Depression through one or more intermediate variables.
Step 5: However, it is also possible that the observed sex differences in Depression are due to other factors, such as social and cultural differences, rather than a direct causal link between Sex and Depression.
Step 6: Therefore, while there may be an association between Sex and Depression, it is not clear whether this is due to a causal relationship or other factors.
Step 7: To establish a causal relationship, we would need to identify a clear and consistent temporal relationship between Sex and Depression, as well as a plausible mechanism by which Sex could influence Depression.
Step 8: Based on the current understanding of the relationship between Sex and Depression, it is not possible to conclude that there is a causal relationship where a change in Sex precedes and leads to a change in Depression.

Conclusion: No",True
116,Sex,Education,True,"Reasoning Process:
Step 1: Understanding the definitions of Sex and Education: Sex refers to the biological categorization of humans into male and female based on reproductive functions, while Education refers to the level of knowledge or skills acquired through learning.
Step 2: Considering the potential relationship between Sex and Education: There is a well-established body of research indicating that there are differences in educational attainment and outcomes between males and females, with some studies suggesting that these differences may be influenced by biological, social, and cultural factors.
Step 3: Evaluating the possibility of a causal relationship: While there may be correlations between Sex and Education, it is essential to consider whether these relationships are causal or due to other factors. For instance, social and cultural factors, such as access to education, parental expectations, and societal norms, may influence both Sex and Education.
Step 4: Considering the potential for intermediate variables: It is plausible that Sex may have a causal relationship with Education through one or more intermediate variables, such as access to education, parental expectations, or societal norms, which may vary between males and females.
Step 5: Assessing the plausibility of a direct causal relationship: While there may be some direct effects of Sex on Education, such as differences in cognitive abilities or interests, these effects are likely to be relatively small compared to the influence of intermediate variables.
Step 6: Conclusion: Based on the existing knowledge and research, it is plausible that Sex may have a causal relationship with Education, either directly or through one or more intermediate variables.
Step 7: Conclusion: Therefore, the answer to the question is TRUE.

Conclusion: Yes",True,"Reasoning Process:
Step 1: To determine if there is an association between Sex and Education, we need to consider whether knowledge of the value of one variable provides information about the other.
Step 2: Sex is a categorical variable that classifies individuals into male and female categories based on their reproductive functions.
Step 3: Education is also a categorical variable that represents the level of education of the participant.
Step 4: In general, there is a well-established association between Sex and Education, as there are differences in educational attainment between males and females in many societies.
Step 5: For example, in many countries, females tend to have higher levels of education than males, which suggests a statistical dependency between the two variables.
Step 6: However, the strength and direction of this association can vary across different populations and contexts.
Step 7: Despite this variability, the association between Sex and Education is generally considered to be statistically significant.

Conclusion: Yes",False,"Reasoning Process:
Step 1: To determine if there is a causal relationship between Sex and Education, we need to consider the definition of causality. A causal relationship exists if a change in one variable (the cause) precedes and leads to a change in another variable (the effect).
Step 2: In this case, the variable Sex is defined as the two main categories (male and female) into which humans and most other living things are divided on the basis of their reproductive functions. This suggests that Sex is a fundamental biological characteristic that is present from birth.
Step 3: On the other hand, Education is defined as the level of education of the participant, which implies that it is a variable that can change over time through various factors, including but not limited to, Sex.
Step 4: Considering the definitions, it is clear that Sex is a fixed characteristic that is present at birth, while Education is a variable that can change over time. Therefore, a change in Sex cannot precede and lead to a change in Education.
Step 5: However, it is possible that Sex may influence Education through one or more intermediate variables. For example, societal and cultural norms may influence the types of educational opportunities available to individuals based on their Sex.
Step 6: However, even if there are intermediate variables, the question asks if Sex temporally precedes and influences Education in a way consistent with a directional causal link. Since Sex is a fixed characteristic present at birth, it does not temporally precede Education.
Step 7: Therefore, based on the definitions and the concept of causality, we can conclude that there is no causal relationship where a change in Sex precedes and leads to a change in Education.

Conclusion: No",True
117,Sex,Fear_avoidance,True,"Reasoning Process:
Step 1: To determine if there is a plausible causal relationship between Sex and Fear_avoidance, we need to consider the biological, theoretical, and scientific basis of the relationship.
Step 2: Sex is a biological characteristic that influences various physiological and psychological aspects of an individual, including reproductive functions, hormone levels, and body composition.
Step 3: Fear avoidance, on the other hand, is a psychological construct that is influenced by an individual's beliefs and attitudes towards physical activity and work, which can be shaped by various factors, including past experiences, social environment, and cultural background.
Step 4: While there is no direct biological link between sex and fear avoidance, there are some indirect relationships that could potentially influence the relationship between sex and fear avoidance.
Step 5: For example, sex differences in hormone levels, such as testosterone and estrogen, can influence an individual's risk-taking behavior, emotional regulation, and pain perception, which in turn could affect fear avoidance.
Step 6: Additionally, sex differences in body composition and muscle strength can also influence an individual's ability to engage in physical activity, which could impact fear avoidance.
Step 7: Furthermore, sex differences in social and cultural expectations and experiences can also shape an individual's attitudes and beliefs towards physical activity and work, which could influence fear avoidance.
Step 8: Considering these indirect relationships, it is plausible that sex may have a causal relationship with fear avoidance, either directly or through one or more intermediate variables.

Conclusion: Yes",False,"Reasoning Process:
Step 1: To determine if there is an association between Sex and Fear_avoidance, we need to consider whether knowledge of one variable can provide information about the other.
Step 2: Sex is a biological characteristic that is typically determined at birth and is not directly related to a patient's beliefs or behaviors, such as fear avoidance.
Step 3: Fear_avoidance, on the other hand, is a psychological construct that is related to a patient's thoughts, feelings, and behaviors in response to physical activity and work.
Step 4: Given that Sex is a biological characteristic and Fear_avoidance is a psychological construct, it is unlikely that knowledge of one's Sex would provide direct information about their Fear_avoidance beliefs or behaviors.
Step 5: However, it is possible that there may be some indirect associations or correlations between Sex and Fear_avoidance, such as differences in societal expectations or cultural norms that may influence Fear_avoidance beliefs.
Step 6: However, the question asks for a general association between the two variables, regardless of strength or directionality, and not a causal relationship.
Step 7: Considering the definitions and characteristics of the two variables, it is unlikely that there is a direct or strong association between Sex and Fear_avoidance.
Step 8: Therefore, based on the definitions and characteristics of the variables, the answer to the question is likely to be False.
Step 9: However, it is essential to note that this conclusion is based on the assumption that the question is asking for a general association and not a causal relationship.
Step 10: In a real-world scenario, it would be essential to examine the data and perform statistical analysis to determine the nature and strength of the association between Sex and Fear_avoidance.
Step 11: But based on the given definitions and characteristics of the variables, the answer to the question is likely to be False.
Step 12: Therefore, the final conclusion is that there is no association between Sex and Fear_avoidance.

Conclusion: No",False,"Reasoning Process:
Step 1: To determine if there is a causal relationship between Sex and Fear_avoidance, we need to consider the definition of causality. A causal relationship exists when one variable (the cause) precedes and influences another variable (the effect) in a way that is consistent with a directional link.
Step 2: We are examining the relationship between Sex and Fear_avoidance. Sex is a biological characteristic that is typically determined at birth, while Fear_avoidance is a psychological construct that can develop over time as a result of various factors, including pain experiences and beliefs.
Step 3: Given that Sex is a fixed characteristic that is determined at birth, it is unlikely to directly influence Fear_avoidance, which is a dynamic and changing construct. However, we must consider the possibility of indirect effects, such as how societal expectations or cultural norms related to Sex may influence Fear_avoidance.
Step 4: Another possibility is that Fear_avoidance may influence Sex, for example, in cases where individuals with chronic pain may experience changes in their sex life or reproductive function due to their pain. However, this would imply a reverse causal relationship, which is not what we are examining.
Step 5: Considering the definitions and relationships between Sex and Fear_avoidance, it appears that Sex does not directly or indirectly precede and influence Fear_avoidance in a way that is consistent with a directional causal link.

Conclusion: No",True
118,Sex,Financial_level,False,"Reasoning Process:
Step 1: Understanding the definitions of Sex and Financial_level: Sex refers to the biological categorization of humans and other living things based on reproductive functions, while Financial_level is a proxy for socioeconomic status.
Step 2: Considering the biological and social determinants of sex: Sex is determined by genetics and biological characteristics, whereas Financial_level is influenced by a complex array of factors including education, occupation, income, and access to resources.
Step 3: Evaluating the potential for a direct causal relationship between Sex and Financial_level: There is no direct biological mechanism by which sex would influence financial situation, as financial outcomes are largely determined by social and economic factors.
Step 4: Considering the possibility of indirect causal relationships: While sex may influence certain life choices or opportunities that can impact financial outcomes (e.g., access to education or job opportunities), these relationships are likely to be mediated by other variables such as education, occupation, or social support networks.
Step 5: Assessing the plausibility of a causal relationship: Given the lack of a direct biological link and the complex interplay of social and economic factors influencing financial outcomes, it is plausible that sex may have an indirect causal relationship with Financial_level through one or more intermediate variables.

Conclusion: No",True,"Reasoning Process:
Step 1: To determine if there is an association between Sex and Financial_level, we need to consider whether knowledge of one variable provides information about the other.
Step 2: Sex is a biological characteristic that is not directly related to an individual's financial situation or socioeconomic status.
Step 3: However, there are societal and systemic factors that can influence both Sex and Financial_level, such as discrimination, unequal pay, and access to education and job opportunities.
Step 4: These factors can create a statistical association between Sex and Financial_level, as women are more likely to experience these systemic barriers and therefore may have a lower financial level on average.
Step 5: Additionally, there may be cultural and social norms that influence financial decisions and access to resources, which can also contribute to an association between Sex and Financial_level.
Step 6: Therefore, while the relationship between Sex and Financial_level is complex and influenced by multiple factors, there is a statistical association between the two variables.

Conclusion: Yes",False,"Reasoning Process:
Step 1: To determine if there is a causal relationship between Sex and Financial_level, we need to consider the definition of causality. A causal relationship exists when one variable (the cause) precedes and influences another variable (the effect) in a way that is consistent with a directional link.
Step 2: We are examining the relationship between Sex and Financial_level. Sex is a biological characteristic that is typically determined at birth, while Financial_level is a socioeconomic status that can be influenced by various factors, including but not limited to, biological characteristics.
Step 3: Given the definitions of Sex and Financial_level, it is unlikely that a change in Sex would directly influence Financial_level. However, we need to consider the possibility of indirect relationships.
Step 4: One potential indirect relationship could be through education and career choices. For example, societal expectations and opportunities may influence the types of careers and education that men and women pursue, which in turn can affect their financial situation.
Step 5: However, this indirect relationship is not a direct causal link between Sex and Financial_level. Instead, it is a complex interplay of multiple factors, including societal expectations, education, and career choices.
Step 6: Another potential indirect relationship could be through access to resources and opportunities. For example, women may face barriers to accessing education and job opportunities, which can affect their financial situation.
Step 7: However, these indirect relationships are not a direct causal link between Sex and Financial_level. They are complex and influenced by multiple factors, including societal attitudes, policies, and individual choices.
Step 8: Considering the indirect relationships, it is still unclear whether Sex directly or indirectly influences Financial_level in a way that is consistent with a directional causal link.
Step 9: However, there is evidence to suggest that societal expectations and biases can influence the types of careers and education that men and women pursue, which in turn can affect their financial situation.
Step 10: Therefore, while the relationship between Sex and Financial_level is complex and influenced by multiple factors, there is some evidence to suggest that Sex can indirectly influence Financial_level through societal expectations and biases.
Step 11: However, the question asks for a directional causal link, where Sex precedes and influences Financial_level. While there is some evidence for an indirect relationship, it is not a direct causal link.
Step 12: Therefore, based on the available information and the definitions of Sex and Financial_level, it is not clear if there is a causal relationship where a change in Sex precedes and leads to a change in Financial_level, either directly or through one or more intermediate variables.

Conclusion: No",True
119,Sex,Obesity,True,"Reasoning Process:
Step 1: Understanding the definitions of Sex and Obesity: Sex refers to the biological categorization of humans and other living things into male and female based on reproductive functions, while Obesity is a condition characterized by excess body weight or BMI.
Step 2: Considering the biological and physiological differences between males and females: Males and females have distinct hormone profiles, body compositions, and reproductive systems, which can influence their metabolism, fat distribution, and overall body weight.
Step 3: Exploring potential mechanisms for a causal relationship: There are several potential pathways through which Sex could influence Obesity, such as differences in hormone levels (e.g., testosterone and estrogen), body composition (e.g., muscle mass and fat distribution), and lifestyle factors (e.g., diet and physical activity patterns).
Step 4: Reviewing existing scientific evidence: Research has shown that there are sex differences in the prevalence and characteristics of Obesity, with females generally having a higher risk of developing Obesity than males. Additionally, studies have identified sex-specific differences in the genetic and hormonal factors contributing to Obesity.
Step 5: Evaluating the plausibility of a causal relationship: Based on the biological and physiological differences between males and females, as well as the existing scientific evidence, it is plausible that Sex may have a causal relationship with Obesity, either directly or through one or more intermediate variables.
Step 6: Conclusion: Given the biological and physiological differences between males and females, as well as the existing scientific evidence, it is plausible that Sex may have a causal relationship with Obesity.
Step 7: Conclusion: Therefore, the answer to the question is TRUE.

Conclusion: Yes",True,"Reasoning Process:
Step 1: Understanding the definitions of Sex and Obesity: Sex refers to the two main categories of humans and other living things based on reproductive functions, while Obesity is related to BMI or weight associations.
Step 2: Considering the definition of association, which refers to any statistical dependency between two variables, regardless of strength or directionality.
Step 3: Evaluating the relationship between Sex and Obesity: While Sex can influence the distribution of body fat and muscle mass, which in turn can affect BMI, there is a statistical association between the two variables.
Step 4: Considering the biological differences between males and females, such as hormonal differences and body composition, which can impact weight and BMI.
Step 5: Recognizing that while there may be individual variations, there is a general trend of sex differences in obesity rates, with females generally having a higher prevalence of obesity than males in many populations.
Step 6: Understanding that this trend is not absolute and can be influenced by various factors, including lifestyle, genetics, and socioeconomic status.
Step 7: Considering the existence of sex-specific obesity patterns, such as the higher prevalence of central obesity in males and the higher prevalence of overall obesity in females.
Step 8: Recognizing that these patterns are not absolute and can vary across different populations and age groups.

Conclusion: Yes",False,"Reasoning Process:
Step 1: To determine if there is a causal relationship between Sex and Obesity, we need to consider the definition of both variables. Sex is a biological characteristic that is typically determined at birth, while Obesity is a condition that can develop over time due to various factors, including genetics, diet, and lifestyle.
Step 2: Given the definitions, it's clear that Sex is a fixed characteristic that does not change over time, whereas Obesity is a condition that can change in response to various factors. This suggests that Sex cannot directly cause a change in Obesity.
Step 3: However, we also need to consider the possibility of indirect causal relationships. For example, Sex may influence Obesity through intermediate variables such as hormonal differences, body composition, or lifestyle factors. For instance, women are generally more likely to experience hormonal changes during pregnancy and menopause, which can affect their weight and body composition.
Step 4: Another possible indirect causal relationship is through societal and cultural factors. For example, societal beauty standards and cultural norms may influence dietary habits and physical activity levels, which can contribute to Obesity. These factors may differ between men and women, potentially leading to differences in Obesity rates.
Step 5: However, it's essential to note that these indirect relationships do not necessarily imply a direct causal link between Sex and Obesity. While Sex may influence Obesity through intermediate variables, it is not a direct cause of Obesity.
Step 6: In conclusion, while there may be indirect causal relationships between Sex and Obesity through intermediate variables, there is no direct causal relationship between the two variables. Sex does not directly cause a change in Obesity.
Step 7: Therefore, the answer to the question is: FALSE.

Conclusion: No",True
120,Sex,PEG,True,"Reasoning Process:
Step 1: To determine if there is a plausible causal relationship between Sex and PEG, we need to consider the biological and theoretical aspects of both variables.
Step 2: Sex is a biological variable that refers to the two main categories of humans and most other living things, based on their reproductive functions. This variable is not directly related to pain perception or intensity.
Step 3: PEG score, on the other hand, is an index measuring pain interference and pain intensity due to chronic low back pain. This variable is related to pain perception and intensity.
Step 4: Considering the definitions of both variables, it is unlikely that Sex would have a direct causal relationship with PEG, as Sex is not directly related to pain perception or intensity.
Step 5: However, it is possible that Sex may have an indirect causal relationship with PEG through one or more intermediate variables. For example, hormonal differences between males and females may influence pain perception and intensity, which in turn could affect the PEG score.
Step 6: Additionally, sex differences in body composition, muscle strength, and other physiological factors may also influence pain perception and intensity, potentially affecting the PEG score.
Step 7: Therefore, while a direct causal relationship between Sex and PEG is unlikely, an indirect causal relationship through one or more intermediate variables is plausible.

Conclusion: Yes",True,"Reasoning Process:
Step 1: To determine if there is an association between Sex and PEG, we need to consider whether knowledge of the value of one variable can provide information about the other. In this case, Sex is a categorical variable (male or female) and PEG is a numerical variable (index measuring pain interference and pain intensity).
Step 2: Since Sex is a categorical variable and PEG is a numerical variable, we need to consider whether there is a statistical relationship between the two. A statistical association can exist even if the relationship is not linear or direct.
Step 3: However, without specific data or research findings, it is difficult to determine the exact nature of the relationship between Sex and PEG. But, in general, sex can influence pain perception and chronic pain conditions, such as low back pain, which is measured by the PEG score.
Step 4: Therefore, it is plausible that there could be an association between Sex and PEG, as sex can influence pain perception and chronic pain conditions.

Conclusion: Yes",True,"Reasoning Process:
Step 1: To determine if there is a causal relationship between Sex and PEG, we need to consider the definition of both variables. Sex refers to the biological categorization of individuals as male or female, while PEG score is an index measuring pain interference and pain intensity due to chronic low back pain.
Step 2: Given the definitions, it's essential to understand that Sex is a biological characteristic that is typically determined at birth, while PEG score is a measure of pain intensity and interference. This suggests that Sex could potentially influence PEG score, as certain biological differences between males and females may affect pain perception or the likelihood of developing chronic low back pain.
Step 3: However, it's also possible that other factors, such as lifestyle, genetics, or environmental factors, could mediate the relationship between Sex and PEG score. For example, hormonal differences between males and females may influence pain perception, but this would be an intermediate variable between Sex and PEG score.
Step 4: Another consideration is that PEG score may not be directly influenced by Sex, but rather by other factors that are correlated with Sex, such as occupation or lifestyle choices. In this case, the relationship between Sex and PEG score would be indirect.
Step 5: Considering these possibilities, it's clear that the relationship between Sex and PEG score is complex and may involve multiple intermediate variables. However, this does not necessarily rule out the possibility of a directional causal link between the two variables.
Step 6: In fact, research has shown that there are biological differences between males and females that can affect pain perception and the development of chronic pain conditions, including low back pain. For example, hormonal differences, such as the presence of estrogen, may influence pain sensitivity and the development of chronic pain.
Step 7: Therefore, based on the available evidence and the definitions of the variables, it is reasonable to conclude that there is a causal relationship between Sex and PEG score, where Sex temporally precedes and influences PEG score in a way consistent with a directional causal link.

Conclusion: Yes",True
121,Sex,Sleep disturbance,True,"Reasoning Process:
Step 1: To determine the plausibility of a causal relationship between Sex and Sleep disturbance, we need to consider the biological and theoretical foundations of both variables.
Step 2: Sex is a fundamental biological characteristic that influences various physiological processes, including hormonal regulation, reproductive functions, and body composition.
Step 3: Sleep disturbance, on the other hand, is a complex phenomenon influenced by multiple factors, including psychological, environmental, and physiological factors.
Step 4: Research has shown that sex differences exist in sleep patterns, with women generally experiencing more sleep disturbances than men due to factors such as hormonal fluctuations, reproductive cycle-related changes, and differences in body composition.
Step 5: Additionally, sex differences in brain structure and function, particularly in regions related to sleep regulation, may also contribute to differences in sleep quality and disturbances.
Step 6: Furthermore, sex-specific differences in the expression of genes involved in sleep regulation, such as those related to melatonin and cortisol, may also play a role in sleep disturbances.
Step 7: Considering these biological and theoretical foundations, it is plausible that Sex may have a causal relationship with Sleep disturbance, either directly or through one or more intermediate variables.

Conclusion: Yes",False,"Reasoning Process:
Step 1: To determine if there is an association between Sex and Sleep disturbance, we need to consider whether knowledge of the value of one variable provides information about the other. In this case, we are looking for a statistical dependency between the two variables.
Step 2: Sex is a categorical variable that classifies individuals into two main categories: male and female. This variable is based on reproductive functions and does not directly relate to sleep quality or restoration.
Step 3: Sleep disturbance, on the other hand, is a measure of self-reported perceptions of sleep quality, depth, and restoration. This variable is subjective and can be influenced by various factors, including lifestyle, environment, and overall health.
Step 4: Given the definitions of Sex and Sleep disturbance, it is unlikely that knowledge of an individual's sex would provide direct information about their sleep quality or disturbance. However, there may be indirect associations, such as differences in sleep patterns between males and females due to hormonal or social factors.
Step 5: However, the question asks for a general association between the two variables, regardless of strength or directionality. While there may be some indirect associations, there is no inherent, direct statistical dependency between Sex and Sleep disturbance.
Step 6: Therefore, based on the definitions and characteristics of the variables, we can conclude that there is no inherent, direct statistical association between Sex and Sleep disturbance.
Step 7: However, it is essential to note that indirect associations may exist, and further research or analysis may reveal correlations or patterns between the two variables.
Step 8: In conclusion, based on the given definitions and characteristics of the variables, the answer to the question is: False.

Conclusion: No",False,"Reasoning Process:
Step 1: To determine if there is a causal relationship between Sex and Sleep disturbance, we need to consider the definition of both variables. Sex is a biological characteristic that is typically determined at birth, while Sleep disturbance is a subjective experience that can be influenced by various factors.
Step 2: Given the definitions, it's unlikely that a change in Sex would directly cause a change in Sleep disturbance, as Sleep disturbance is a complex phenomenon that can be influenced by a wide range of factors, including but not limited to, physical health, mental health, lifestyle, and environment.
Step 3: However, it's possible that Sex could influence Sleep disturbance indirectly through one or more intermediate variables. For example, hormonal differences between males and females can affect sleep patterns, and certain health conditions that are more prevalent in one sex than the other can also impact sleep quality.
Step 4: Another possibility is that the relationship between Sex and Sleep disturbance could be influenced by social and cultural factors, such as differences in sleep expectations, sleep habits, and access to healthcare.
Step 5: Considering these potential indirect pathways, it's possible that a change in Sex could precede and influence a change in Sleep disturbance, either directly or through one or more intermediate variables.
Step 6: However, it's essential to note that the relationship between Sex and Sleep disturbance is likely to be complex and influenced by multiple factors, and a causal relationship may not be straightforward or universal.
Step 7: Therefore, while there may be some evidence to suggest a causal relationship between Sex and Sleep disturbance, it's not a straightforward or direct relationship, and more research is needed to fully understand the nature of this relationship.

Conclusion: No",True
122,Sex,Smoking,True,"Reasoning Process:
Step 1: To determine if there is a plausible causal relationship between Sex and Smoking, we need to consider the biological and theoretical aspects of both variables.
Step 2: Sex is a biological characteristic that determines the reproductive functions of an individual, whereas Smoking is a behavioral habit that involves the inhalation of tobacco smoke.
Step 3: There is no direct biological mechanism by which Sex would influence an individual's decision to smoke or the act of smoking itself.
Step 4: However, there are some indirect relationships that could potentially link Sex and Smoking, such as differences in hormone levels, body composition, or social and cultural factors that may influence smoking behavior.
Step 5: For example, research has shown that women are more likely to experience nicotine withdrawal symptoms and have a higher risk of nicotine dependence compared to men.
Step 6: Additionally, certain sex-specific health conditions, such as polycystic ovary syndrome (PCOS) in women, may increase the risk of smoking initiation and maintenance.
Step 7: Therefore, while there is no direct causal relationship between Sex and Smoking, there are plausible indirect relationships that warrant further investigation.

Conclusion: Yes",True,"Reasoning Process:
Step 1: To determine if there is an association between Sex and Smoking, we need to consider if there is a statistical dependency between the two variables. This means we need to examine if knowledge of the value of one variable (Sex) gives information about the other variable (Smoking).
Step 2: Sex is a categorical variable that classifies individuals into two main categories: male and female. This classification is based on reproductive functions.
Step 3: Smoking is also a categorical variable that represents the action or habit of inhaling and exhaling tobacco smoke. It is not directly related to the reproductive functions of an individual.
Step 4: However, there is a well-established relationship between Sex and Smoking. Research has shown that, on average, men are more likely to smoke than women. This is due to various social, cultural, and biological factors.
Step 5: Given this relationship, knowledge of an individual's Sex can provide information about their likelihood of smoking. For example, if we know an individual is male, we can infer that they are more likely to smoke compared to a female individual.
Step 6: Therefore, there is a statistical association between Sex and Smoking, as knowledge of one variable (Sex) gives information about the other variable (Smoking).
Step 7: This association is not necessarily causal, but rather a correlation that can be observed in the population.

Conclusion: Yes",False,"Reasoning Process:
Step 1: To determine if there is a causal relationship between Sex and Smoking, we need to consider whether a change in Sex can lead to a change in Smoking, either directly or through one or more intermediate variables.
Step 2: We will examine if there is a plausible biological or physiological mechanism by which Sex could influence Smoking. For example, could biological differences between males and females influence their likelihood of smoking?
Step 3: Research has shown that there are some sex differences in the prevalence of smoking, with men generally having a higher smoking rate than women. However, this does not necessarily imply a causal relationship between Sex and Smoking.
Step 4: A more plausible explanation for the sex difference in smoking rates is that social and cultural factors, such as societal expectations and norms, influence smoking behavior. These factors can vary between men and women and are not directly related to biological sex.
Step 5: Additionally, there is no clear biological mechanism by which sex would directly influence an individual's decision to smoke. While there may be some sex differences in the effects of smoking on health, this does not imply a causal relationship between Sex and Smoking.
Step 6: In conclusion, while there may be some sex differences in smoking rates, there is no clear causal relationship between Sex and Smoking. The relationship is more likely to be influenced by social and cultural factors.
Step 7: Therefore, the answer to the question is: FALSE

Conclusion: No",True
123,Sleep disturbance,Alcohol,True,"Reasoning Process:
Step 1: Understanding the definitions of Sleep disturbance and Alcohol: Sleep disturbance is a self-reported measure of sleep quality, depth, and restoration, while Alcohol is a measure of alcohol consumption (number of drinks per week).
Step 2: Considering the potential biological mechanisms: Alcohol consumption is known to disrupt sleep patterns and reduce sleep quality. This is due to the depressant effects of alcohol on the central nervous system, which can lead to lighter, less restorative sleep.
Step 3: Evaluating the theoretical plausibility: Given the established relationship between alcohol consumption and sleep disturbances, it is theoretically plausible that Sleep disturbance may have a causal relationship with Alcohol.
Step 4: Considering potential intermediate variables: Other factors such as sleep disorders, stress, and lifestyle habits may also influence the relationship between Alcohol and Sleep disturbance. However, the direct impact of alcohol on sleep quality provides a plausible mechanism for a causal relationship.
Step 5: Assessing the scientific evidence: Research has consistently shown that excessive alcohol consumption is associated with sleep disturbances, including insomnia, daytime fatigue, and other sleep-related problems.
Step 6: Conclusion: Based on the biological mechanisms, theoretical plausibility, and scientific evidence, it is plausible that Sleep disturbance may have a causal relationship with Alcohol, either directly or through one or more intermediate variables.

Conclusion: Yes",True,"Reasoning Process:
Step 1: To determine if there is an association between Sleep disturbance and Alcohol, we need to consider the definitions of both variables. Sleep disturbance is a self-reported measure of sleep quality, depth, and restoration, while Alcohol is a measure of alcohol consumption.
Step 2: Research has shown that excessive alcohol consumption can disrupt sleep patterns, leading to poor sleep quality, reduced sleep depth, and decreased restoration. This suggests a potential relationship between the two variables.
Step 3: Furthermore, studies have consistently demonstrated that individuals who consume more alcohol tend to report higher levels of sleep disturbance. This relationship has been observed in various populations and is supported by a body of evidence from epidemiological and clinical studies.
Step 4: Given the established relationship between alcohol consumption and sleep disturbance, it is reasonable to conclude that there is a statistical association between the two variables.

Conclusion: Yes",True,"Reasoning Process:
Step 1: To determine if there is a causal relationship between Sleep disturbance and Alcohol, we need to consider the definitions of both variables and their potential relationships.
Step 2: Sleep disturbance is a subjective measure of sleep quality, which can be influenced by various factors, including physical and mental health, lifestyle, and environmental factors.
Step 3: Alcohol consumption, on the other hand, is a behavior that can be influenced by various factors, including social, psychological, and environmental factors.
Step 4: While there may be a correlation between Sleep disturbance and Alcohol consumption, correlation does not necessarily imply causation.
Step 5: However, research has shown that sleep disturbances can contribute to the development of substance use disorders, including alcohol use disorder, as individuals may use alcohol as a coping mechanism for their sleep problems.
Step 6: Additionally, sleep disturbances can also be a consequence of alcohol consumption, as excessive alcohol use can disrupt sleep patterns and lead to sleep disturbances.
Step 7: Therefore, it is possible that Sleep disturbance can precede and influence Alcohol consumption, either directly or through one or more intermediate variables.
Step 8: However, the direction of causality may be bidirectional, meaning that Sleep disturbance can both precede and be a consequence of Alcohol consumption.
Step 9: Given the complexity of the relationship between Sleep disturbance and Alcohol consumption, it is essential to consider the direction of causality and the potential bidirectionality of the relationship.
Step 10: Based on the available evidence, it is reasonable to conclude that there is a causal relationship between Sleep disturbance and Alcohol consumption, where Sleep disturbance can precede and influence Alcohol consumption.

Conclusion: Yes",False
124,Sleep disturbance,Anxiety,True,"Reasoning Process:
Step 1: Understanding the definitions of Sleep disturbance and Anxiety: Sleep disturbance is a self-reported measure of sleep quality, depth, and restoration, while Anxiety (PROMIS anxiety) encompasses fear, anxious misery, hyperarousal, and somatic symptoms related to arousal.
Step 2: Considering the relationship between sleep and anxiety: Research has shown that sleep disturbances can contribute to the development and exacerbation of anxiety disorders. For instance, poor sleep quality can lead to increased anxiety symptoms, and conversely, anxiety can disrupt sleep patterns.
Step 3: Exploring potential intermediate variables: Sleep disturbance may influence anxiety through various mechanisms, such as increased stress, decreased emotional regulation, and altered neurotransmitter levels (e.g., serotonin and dopamine).
Step 4: Evaluating the plausibility of a causal relationship: Given the established connections between sleep and anxiety, as well as the potential intermediate variables, it is plausible that sleep disturbance may have a causal relationship with anxiety, either directly or through one or more intermediate variables.
Step 5: Conclusion: Based on the existing knowledge and research, it is plausible that sleep disturbance may have a causal relationship with anxiety.
Step 6: Conclusion: Therefore, the answer to the question is TRUE.

Conclusion: Yes",True,"Reasoning Process:
Step 1: Understanding the definitions of Sleep disturbance and Anxiety: Sleep disturbance is a self-reported measure of sleep quality, depth, and restoration, while Anxiety (PROMIS anxiety) focuses on fear, anxious misery, hyperarousal, and somatic symptoms related to arousal.
Step 2: Considering the nature of both variables: Sleep disturbance is a subjective measure of sleep quality, and Anxiety is a measure of emotional and physiological symptoms. Both variables are related to an individual's internal state and can be influenced by various factors such as stress, emotional state, and overall well-being.
Step 3: Recognizing the potential for overlap between the two variables: Sleep disturbance can be exacerbated by anxiety, as anxious thoughts and feelings can interfere with sleep quality. Similarly, poor sleep quality can contribute to increased anxiety levels.
Step 4: Considering the possibility of bidirectional relationships: Anxiety can lead to sleep disturbance, and sleep disturbance can contribute to increased anxiety levels. This bidirectional relationship suggests a potential statistical association between the two variables.
Step 5: Recalling the definition of association: An association refers to any statistical dependency between two variables, regardless of strength or directionality. Given the bidirectional relationship between Sleep disturbance and Anxiety, it is reasonable to conclude that there is an association between the two variables.

Conclusion: Yes",True,"Reasoning Process:
Step 1: To determine if there is a causal relationship between Sleep disturbance and Anxiety, we need to consider the definitions of both variables. Sleep disturbance is a self-reported measure of sleep quality, depth, and restoration, while Anxiety is a measure of fear, anxious misery, hyperarousal, and somatic symptoms related to arousal.
Step 2: A change in Sleep disturbance could potentially lead to a change in Anxiety through various mechanisms. For instance, poor sleep quality can exacerbate feelings of anxiety, leading to increased fear, anxious misery, and hyperarousal. Additionally, sleep disturbances can also contribute to somatic symptoms related to arousal, such as cardiovascular symptoms and dizziness, which are also components of Anxiety.
Step 3: Furthermore, research has shown that sleep disturbances can have a bidirectional relationship with Anxiety. For example, anxiety can disrupt sleep patterns, leading to sleep disturbances, and conversely, sleep disturbances can contribute to the development and maintenance of Anxiety.
Step 4: Given the bidirectional relationship between Sleep disturbance and Anxiety, it is reasonable to conclude that a change in Sleep disturbance can precede and lead to a change in Anxiety, either directly or through one or more intermediate variables.

Conclusion: Yes",True
125,Sleep disturbance,CCI,True,"Reasoning Process:
Step 1: To assess the plausibility of a causal relationship between Sleep disturbance and CCI, we need to consider the biological and theoretical mechanisms that could link these two variables.
Step 2: Sleep disturbance is a subjective measure of sleep quality, which can be influenced by various factors such as pain, anxiety, depression, and other comorbidities.
Step 3: CCI measures the number of comorbidities, which can include conditions that are known to affect sleep quality, such as chronic pain, diabetes, and cardiovascular disease.
Step 4: Given that sleep disturbance can be influenced by comorbidities, and CCI is a measure of comorbidities, it is plausible that sleep disturbance could be related to CCI through a common underlying factor, such as the presence of comorbidities.
Step 5: Additionally, chronic pain, which is often associated with sleep disturbance, is a common comorbidity that would be captured by the CCI. Therefore, it is also plausible that sleep disturbance could have a direct relationship with CCI through the presence of chronic pain.
Step 6: Furthermore, sleep disturbance can also have a bidirectional relationship with CCI, where sleep disturbance can exacerbate the symptoms of comorbidities, and in turn, comorbidities can worsen sleep disturbance.
Step 7: Considering these potential relationships, it is plausible that sleep disturbance may have a causal relationship with CCI, either directly or through one or more intermediate variables.
Step 8: Therefore, based on the existing knowledge and understanding of the biological and theoretical mechanisms, the answer to the question is: TRUE.

Conclusion: Yes",True,"Reasoning Process:
Step 1: To determine if there is an association between Sleep disturbance and CCI, we need to consider the definitions of both variables. Sleep disturbance is a self-reported measure of sleep quality, depth, and restoration, while CCI is a comorbidity index that measures the number of comorbidities.
Step 2: Given the definitions, we can infer that CCI is likely to be related to sleep disturbance. Comorbidities can often lead to sleep disturbances due to the underlying health conditions or the treatments associated with them.
Step 3: Furthermore, research has shown that individuals with multiple comorbidities (i.e., higher CCI scores) are more likely to experience sleep disturbances. This is because comorbidities can lead to chronic pain, inflammation, and other symptoms that disrupt sleep patterns.
Step 4: Additionally, studies have also found that sleep disturbances can exacerbate the symptoms of comorbidities, creating a bidirectional relationship between the two variables.
Step 5: Considering these points, it is reasonable to conclude that there is a statistical association between Sleep disturbance and CCI.

Conclusion: Yes",False,"Reasoning Process:
Step 1: To determine if there is a causal relationship between Sleep disturbance and CCI, we need to consider the definitions of both variables. Sleep disturbance is a self-reported measure of sleep quality, depth, and restoration, while CCI is a comorbidity index that measures the number of comorbidities.
Step 2: A causal relationship typically involves a temporal relationship where the cause precedes the effect. In this case, we need to consider if a change in Sleep disturbance can precede and lead to a change in CCI.
Step 3: However, based on the definitions, Sleep disturbance is a subjective measure of sleep quality, while CCI is an objective measure of comorbidities. This suggests that Sleep disturbance may not directly influence CCI, as CCI is a count of comorbidities that are diagnosed and recorded by healthcare professionals, not a subjective perception.
Step 4: Furthermore, while poor sleep quality can contribute to various health issues, it is unlikely to directly cause the development of new comorbidities. Comorbidities are typically the result of underlying medical conditions or diseases, which are not directly influenced by sleep quality.
Step 5: Therefore, it is unlikely that a change in Sleep disturbance would directly or indirectly lead to a change in CCI through a directional causal link.
Step 6: Based on the analysis, there is no clear causal relationship between Sleep disturbance and CCI, as Sleep disturbance is a subjective measure and CCI is an objective measure of comorbidities.
Step 7: Additionally, the relationship between sleep quality and comorbidities is more likely to be bidirectional, with poor sleep quality being a symptom or consequence of underlying health issues, rather than a cause of new comorbidities.
Step 8: Therefore, the conclusion is that there is no causal relationship where a change in Sleep disturbance precedes and leads to a change in CCI.

Conclusion: No",True
126,Sleep disturbance,Catastrophizing,True,"Reasoning Process:
Step 1: Understanding the definitions of Sleep disturbance and Catastrophizing: Sleep disturbance is a self-reported measure of sleep quality, depth, and restoration, while Catastrophizing is a cognitive process characterized by magnifying the threat value of pain and feeling helpless in its presence.
Step 2: Considering the relationship between sleep and pain: Research has shown that sleep disturbances can exacerbate pain perception and that pain can disrupt sleep quality. This bidirectional relationship suggests a potential link between sleep disturbance and pain-related cognitive processes.
Step 3: Exploring the connection between Catastrophizing and pain: Catastrophizing is a cognitive process that can amplify pain perception and contribute to the development of chronic pain. This process is closely tied to emotional and psychological factors, which can be influenced by sleep quality and disturbance.
Step 4: Assessing the plausibility of a causal relationship: Given the established links between sleep disturbance, pain perception, and Catastrophizing, it is plausible that sleep disturbance may have a causal relationship with Catastrophizing, either directly or through intermediate variables such as pain perception or emotional regulation.
Step 5: Considering the complexity of the relationship: The relationship between sleep disturbance and Catastrophizing is likely to be bidirectional and influenced by multiple factors, including individual differences, coping mechanisms, and environmental factors. This complexity underscores the plausibility of a causal relationship.
Step 6: Conclusion: Based on the existing knowledge and relationships between sleep disturbance, pain perception, and Catastrophizing, it is plausible that sleep disturbance may have a causal relationship with Catastrophizing, either directly or through one or more intermediate variables.
Step 7: Conclusion: Therefore, the answer to the question is: TRUE

Conclusion: Yes",True,"Reasoning Process:
Step 1: To determine if there is an association between Sleep disturbance and Catastrophizing, we need to consider the definitions of both variables and their potential relationship.
Step 2: Sleep disturbance is a self-reported measure of sleep quality, depth, and restoration, which can be influenced by various factors, including pain perception and emotional states.
Step 3: Catastrophizing is a cognitive process characterized by the tendency to magnify the threat value of a pain stimulus and feel helpless in its presence, which can lead to increased emotional distress and potentially impact sleep quality.
Step 4: Given the definitions, it is plausible that catastrophizing could contribute to sleep disturbance, as individuals who catastrophize may experience increased anxiety, stress, and emotional arousal, making it difficult to fall asleep or maintain quality sleep.
Step 5: Furthermore, research has shown that chronic pain and pain-related cognitive processes, such as catastrophizing, can have a significant impact on sleep quality and duration.
Step 6: Therefore, it is reasonable to infer that there is a potential association between catastrophizing and sleep disturbance, as catastrophizing can contribute to the development and maintenance of sleep disturbances in individuals with chronic pain.

Conclusion: Yes",False,"Reasoning Process:
Step 1: To determine if there is a causal relationship between Sleep disturbance and Catastrophizing, we need to consider the definitions of both variables and their potential interactions.
Step 2: Sleep disturbance is a self-reported measure of sleep quality, depth, and restoration, which can be influenced by various factors, including pain. Catastrophizing, on the other hand, is a cognitive process that involves magnifying the threat value of a pain stimulus and feeling helpless in the presence of pain.
Step 3: Given the definitions, it is plausible that a change in Sleep disturbance could influence Catastrophizing. For instance, poor sleep quality and depth can exacerbate pain perception, which in turn can lead to increased catastrophizing.
Step 4: However, the question asks if Sleep disturbance precedes and leads to a change in Catastrophizing. This implies a directional causal link, where Sleep disturbance is the cause and Catastrophizing is the effect.
Step 5: Considering the definitions and potential interactions, it is possible that Sleep disturbance can contribute to increased pain perception, which in turn can lead to increased catastrophizing. However, this does not necessarily imply a direct causal link between Sleep disturbance and Catastrophizing.
Step 6: To establish a directional causal link, we would need to demonstrate that changes in Sleep disturbance consistently precede and predict changes in Catastrophizing, and that this relationship is not explained by other variables.
Step 7: Given the available information, it is not possible to definitively establish a directional causal link between Sleep disturbance and Catastrophizing. However, it is plausible that Sleep disturbance can contribute to increased catastrophizing through its impact on pain perception.
Step 8: Therefore, while there may be an indirect relationship between Sleep disturbance and Catastrophizing, it is not clear if Sleep disturbance directly precedes and leads to a change in Catastrophizing.
Step 9: Based on the available information, it is not possible to conclusively determine if Sleep disturbance precedes and leads to a change in Catastrophizing, either directly or through one or more intermediate variables.

Conclusion: No",False
127,Sleep disturbance,Depression,True,"Reasoning Process:
Step 1: Understanding the definitions of Sleep disturbance and Depression: Sleep disturbance is a self-reported measure of sleep quality, depth, and restoration, while Depression is a condition characterized by affective and cognitive manifestations.
Step 2: Considering the relationship between sleep and mental health: Research has consistently shown that sleep disturbances are common among individuals with depression, and poor sleep quality can exacerbate depressive symptoms.
Step 3: Exploring potential mechanisms: Sleep disturbances can lead to increased stress, inflammation, and oxidative stress, which are known risk factors for depression. Additionally, sleep disturbances can disrupt the body's natural circadian rhythms, leading to changes in hormone regulation, including the regulation of neurotransmitters such as serotonin and dopamine, which are involved in mood regulation.
Step 4: Considering the possibility of intermediate variables: Sleep disturbances can also lead to increased symptoms of anxiety, which can in turn contribute to the development of depression. Furthermore, sleep disturbances can lead to decreased physical activity, social isolation, and poor diet, all of which can contribute to the development of depression.
Step 5: Evaluating the plausibility of a causal relationship: Based on the existing knowledge and research, it is plausible that sleep disturbance may have a causal relationship with depression, either directly or through one or more intermediate variables.
Step 6: Conclusion: Given the established links between sleep disturbances and depression, as well as the potential mechanisms and intermediate variables involved, it is reasonable to conclude that a causal relationship between sleep disturbance and depression is plausible.
Step 7: Final Answer: TRUE

Conclusion: Yes",True,"Reasoning Process:
Step 1: Understanding the definitions of Sleep disturbance and Depression: Sleep disturbance is a self-reported measure of sleep quality, depth, and restoration, while Depression is a PROMIS measure of affective and cognitive manifestations of depression.
Step 2: Considering the nature of both variables: Sleep disturbance is a subjective measure of sleep quality, which can be influenced by various factors, including mental health conditions like depression. Depression, on the other hand, is a mental health condition that can significantly impact an individual's sleep patterns and quality.
Step 3: Recognizing the bidirectional relationship between sleep and mental health: Research has consistently shown that there is a complex interplay between sleep and mental health, with sleep disturbances often being a symptom of depression, and depression also contributing to sleep disturbances.
Step 4: Considering the statistical association: Given the bidirectional relationship between sleep and mental health, it is reasonable to expect a statistical association between Sleep disturbance and Depression. Studies have consistently shown that individuals with depression are more likely to experience sleep disturbances, and conversely, sleep disturbances can contribute to the development and exacerbation of depression.
Step 5: Conclusion based on the understanding of the relationship between sleep and mental health: There is a well-established association between Sleep disturbance and Depression, as they are interconnected and influence each other.
Step 6: Therefore, based on the reasoning above, the answer to the question is: True

Conclusion: Yes",True,"Reasoning Process:
Step 1: To determine if there is a causal relationship between Sleep disturbance and Depression, we need to consider the definitions of both variables. Sleep disturbance is a self-reported measure of sleep quality, depth, and restoration, while Depression is a measure of the affective and cognitive manifestations of depression.
Step 2: A causal relationship typically involves a temporal relationship where the cause precedes the effect. In this case, we need to determine if changes in Sleep disturbance can precede and lead to changes in Depression.
Step 3: Research has shown that sleep disturbances can contribute to the development and exacerbation of depression. For example, poor sleep quality and duration can affect mood regulation, cognitive function, and emotional processing, all of which are related to depression.
Step 4: Additionally, studies have found that depression can also impact sleep quality, creating a bidirectional relationship between the two variables. However, this does not necessarily negate the possibility of a causal relationship from sleep disturbance to depression.
Step 5: Furthermore, sleep disturbances can also lead to changes in other variables that may, in turn, influence depression. For example, sleep disturbances can affect appetite, energy levels, and social interactions, all of which can contribute to the development or exacerbation of depression.
Step 6: Considering these points, it is reasonable to conclude that there is a causal relationship where a change in Sleep disturbance can precede and lead to a change in Depression, either directly or through one or more intermediate variables.
Step 7: This conclusion is based on the understanding that sleep disturbances can contribute to the development and exacerbation of depression, and that changes in sleep can lead to changes in other variables that may, in turn, influence depression.
Step 8: Therefore, the relationship between Sleep disturbance and Depression is not simply a correlation, but a causal relationship where changes in sleep disturbance can lead to changes in depression.
Step 9: This conclusion is consistent with the definitions of both variables and the existing research on the topic.

Conclusion: Yes",True
128,Sleep disturbance,Education,True,"Reasoning Process:
Step 1: To determine the plausibility of a causal relationship between Sleep disturbance and Education, we need to consider the potential mechanisms by which these two variables could be related.
Step 2: One possible mechanism is that higher levels of education may lead to increased stress and anxiety, which in turn can disrupt sleep patterns and contribute to sleep disturbance.
Step 3: Another possible mechanism is that individuals with sleep disturbances may have difficulty concentrating and paying attention, which can negatively impact their academic performance and educational attainment.
Step 4: Additionally, sleep disturbances can affect cognitive function, including memory and decision-making, which are essential for academic success and educational achievement.
Step 5: Furthermore, individuals with lower levels of education may have limited access to resources and opportunities that can help mitigate sleep disturbances, such as healthcare, mental health services, and sleep hygiene education.
Step 6: Considering these potential mechanisms, it is plausible that there is a causal relationship between Sleep disturbance and Education, either directly or through one or more intermediate variables.

Conclusion: Yes",False,"Reasoning Process:
Step 1: To determine if there is an association between Sleep disturbance and Education, we need to consider if knowledge of the value of one variable can provide information about the other.
Step 2: Sleep disturbance is a subjective measure of an individual's perception of their sleep quality, depth, and restoration. It is a self-reported score that can be influenced by various factors, including physical and mental health, lifestyle, and environmental factors.
Step 3: Education, on the other hand, is a measure of an individual's level of education, which can be influenced by various socio-economic factors, access to resources, and personal choices.
Step 4: While education can potentially influence sleep disturbance through factors such as knowledge of sleep hygiene, stress management, and access to healthcare, it is not a direct measure of sleep quality or disturbance.
Step 5: Therefore, knowing an individual's level of education may not necessarily provide direct information about their sleep disturbance, as sleep disturbance is a complex and multi-factorial construct that cannot be solely determined by education level.
Step 6: However, it is possible that there may be an indirect association between education and sleep disturbance, for example, through factors such as socioeconomic status, access to healthcare, or knowledge of sleep hygiene practices.
Step 7: However, the question asks for a general association between the two variables, regardless of strength or directionality. Therefore, we need to consider if there is any statistical dependency between the two variables.
Step 8: Given the definitions of Sleep disturbance and Education, it is unlikely that there is a direct statistical association between the two variables, as Sleep disturbance is a subjective measure and Education is an objective measure.
Step 9: However, it is possible that there may be an indirect association through other variables, but this would require further analysis and investigation to determine.
Step 10: Based on the given definitions and general knowledge, it is reasonable to conclude that there is no direct statistical association between Sleep disturbance and Education.

Conclusion: No",False,"Reasoning Process:
Step 1: To determine if there is a causal relationship between Sleep disturbance and Education, we need to consider the direction of causality. A causal relationship implies that a change in one variable (Sleep disturbance) precedes and leads to a change in another variable (Education).
Step 2: We will examine if a change in Sleep disturbance can directly or indirectly influence Education. This involves considering potential intermediate variables that may mediate or moderate the relationship between Sleep disturbance and Education.
Step 3: However, upon closer examination, it is unlikely that a change in Sleep disturbance would directly influence Education. Sleep disturbance is a subjective experience related to sleep quality, while Education is a measure of an individual's level of education. These two variables operate in different domains and are not directly related.
Step 4: Furthermore, it is also unlikely that there are intermediate variables that would mediate or moderate the relationship between Sleep disturbance and Education. While sleep disturbances can have various consequences, such as impacting daily functioning or mood, these effects are not typically linked to changes in educational attainment.
Step 5: Therefore, based on the lack of a direct or indirect relationship between Sleep disturbance and Education, we can conclude that there is no causal relationship between the two variables.
Step 6: In other words, a change in Sleep disturbance does not precede and lead to a change in Education in a way consistent with a directional causal link.
Step 7: Thus, the answer to the question is: FALSE

Conclusion: No",False
129,Sleep disturbance,Fear_avoidance,True,"Reasoning Process:
Step 1: To determine the plausibility of a causal relationship between Sleep disturbance and Fear_avoidance, we need to consider the potential underlying mechanisms and pathways that could link these two variables.
Step 2: Sleep disturbance can lead to increased stress and anxiety, which can contribute to the development of fear-avoidance beliefs in individuals with chronic pain, such as low back pain.
Step 3: Fear-avoidance beliefs can, in turn, lead to decreased physical activity and avoidance of activities that may exacerbate pain, further perpetuating the cycle of sleep disturbance and fear-avoidance.
Step 4: Additionally, sleep disturbance can also affect cognitive function, including attention and memory, which may contribute to the development and maintenance of fear-avoidance beliefs.
Step 5: Furthermore, chronic pain and sleep disturbance can share common underlying mechanisms, such as inflammation and central sensitization, which may also contribute to the development of fear-avoidance beliefs.
Step 6: Considering these potential pathways and mechanisms, it is plausible that Sleep disturbance may have a causal relationship with Fear_avoidance, either directly or through one or more intermediate variables.

Conclusion: Yes",True,"Reasoning Process:
Step 1: To determine if there is an association between Sleep disturbance and Fear_avoidance, we need to consider the definitions of both variables and their potential relationship.
Step 2: Sleep disturbance is a self-reported measure of sleep quality, depth, and restoration, which can be influenced by various factors, including pain and discomfort. This suggests that individuals with chronic pain, such as low back pain, may experience sleep disturbances.
Step 3: Fear avoidance, on the other hand, is a patient-reported questionnaire that focuses on how fear of physical activity and work may affect and contribute to low back pain and resulting disability. This implies that fear avoidance can also be a contributing factor to sleep disturbances, as individuals may avoid activities that exacerbate their pain, leading to reduced physical activity and potential sleep disturbances.
Step 4: Given that both variables are related to low back pain and its consequences, it is plausible that there is a statistical association between Sleep disturbance and Fear_avoidance. Individuals with higher levels of fear avoidance may be more likely to experience sleep disturbances due to their avoidance behaviors and resulting reduced physical activity.
Step 5: Furthermore, research has shown that chronic pain and sleep disturbances are often bidirectionally related, with each contributing to the other. For example, sleep disturbances can exacerbate pain, while pain can disrupt sleep patterns.
Step 6: Considering these relationships, it is reasonable to conclude that there is an association between Sleep disturbance and Fear_avoidance, as they are both influenced by and contribute to low back pain and its consequences.
Step 7: Therefore, the answer to the question is: True.
Step 8: There is a statistical association between Sleep disturbance and Fear_avoidance.

Conclusion: Yes",False,"Reasoning Process:
Step 1: To determine if there is a causal relationship between Sleep disturbance and Fear_avoidance, we need to consider the definitions of both variables. Sleep disturbance is a self-reported measure of sleep quality, depth, and restoration, while Fear_avoidance is a patient-reported questionnaire focused on the impact of fear avoidance beliefs on low back pain and disability.
Step 2: A causal relationship typically involves a temporal relationship where the cause precedes the effect. We need to examine if a change in Sleep disturbance can precede and lead to a change in Fear_avoidance.
Step 3: Considering the definitions, Sleep disturbance is a subjective measure of sleep quality, which can be influenced by various factors, including pain, stress, and anxiety. These factors can also contribute to Fear_avoidance, as individuals with poor sleep quality may be more likely to experience increased fear and avoidance behaviors.
Step 4: However, the question is whether Sleep disturbance directly or indirectly influences Fear_avoidance. While there is a plausible pathway where poor sleep quality can contribute to increased fear and avoidance behaviors, there is no direct causal link established in the definitions provided.
Step 5: Given the information provided, it is plausible that Sleep disturbance can indirectly influence Fear_avoidance through intermediate variables such as pain, stress, and anxiety. However, without further information on the specific mechanisms or pathways, it is difficult to establish a direct causal link between the two variables.
Step 6: Considering the available information, it is possible to propose a potential causal relationship where Sleep disturbance precedes and influences Fear_avoidance through intermediate variables, but the direct causal link is not explicitly established.
Step 7: However, the question asks for a directional causal link, which implies a direct or indirect relationship where Sleep disturbance precedes and leads to a change in Fear_avoidance. Given the information provided, it is not possible to definitively establish a direct causal link between the two variables.
Step 8: Therefore, based on the definitions and the information provided, it is not possible to conclusively determine a causal relationship where Sleep disturbance directly or indirectly precedes and leads to a change in Fear_avoidance.

Conclusion: No",False
130,Sleep disturbance,Financial_level,True,"Reasoning Process:
Step 1: To assess the plausibility of a causal relationship between Sleep disturbance and Financial_level, we need to consider the potential mechanisms by which these two variables could be related.
Step 2: One possible mechanism is the stress pathway: individuals with lower financial levels may experience increased stress due to financial insecurity, which can lead to sleep disturbances.
Step 3: Another possible mechanism is the health behavior pathway: individuals with lower financial levels may have limited access to healthcare, healthy food, and other resources that promote good sleep hygiene, leading to sleep disturbances.
Step 4: Additionally, there may be a social support pathway: individuals with lower financial levels may have limited social support networks, which can exacerbate stress and lead to sleep disturbances.
Step 5: Furthermore, there may be a psychological pathway: individuals with lower financial levels may experience anxiety and depression, which can lead to sleep disturbances.
Step 6: Considering these potential mechanisms, it is plausible that Sleep disturbance may have a causal relationship with Financial_level, either directly or through one or more intermediate variables.

Conclusion: Yes",True,"Reasoning Process:
Step 1: To determine if there is an association between Sleep disturbance and Financial_level, we need to consider the definitions of both variables. Sleep disturbance is a self-reported measure of sleep quality, depth, and restoration, while Financial_level is a proxy for socioeconomic status.
Step 2: Research has shown that socioeconomic status, which Financial_level represents, is a significant predictor of health outcomes, including sleep quality. Individuals with lower socioeconomic status often experience higher levels of stress, anxiety, and depression, which can negatively impact sleep quality.
Step 3: Furthermore, studies have consistently demonstrated that individuals with lower socioeconomic status are more likely to experience sleep disturbances, such as insomnia, daytime fatigue, and other sleep-related problems.
Step 4: Given the established relationship between socioeconomic status and sleep quality, it is reasonable to infer that there is an association between Financial_level and Sleep disturbance.
Step 5: This association is not necessarily causal, but rather a statistical dependency, where knowledge of one variable (Financial_level) provides information about the other (Sleep disturbance).

Conclusion: Yes",False,"Reasoning Process:
Step 1: To determine if there is a causal relationship between Sleep disturbance and Financial_level, we need to consider the direction of causality. A causal relationship implies that a change in one variable (Sleep disturbance) precedes and leads to a change in another variable (Financial_level).
Step 2: We need to examine the temporal relationship between Sleep disturbance and Financial_level. If Sleep disturbance precedes Financial_level, then we can consider a causal relationship.
Step 3: However, upon further consideration, we realize that the direction of causality is not clear-cut. Sleep disturbance can be both a cause and a consequence of financial difficulties. For instance, financial stress can lead to sleep disturbances, but sleep disturbances can also exacerbate financial difficulties due to decreased productivity and increased healthcare costs.
Step 4: Given the bidirectional relationship between Sleep disturbance and Financial_level, it is challenging to establish a clear causal relationship where Sleep disturbance precedes and leads to a change in Financial_level.
Step 5: In addition, there may be other intermediate variables that could mediate the relationship between Sleep disturbance and Financial_level, such as employment status, healthcare access, or debt levels, which could further complicate the causal relationship.
Step 6: Considering these complexities, it is unlikely that a change in Sleep disturbance directly or indirectly precedes and leads to a change in Financial_level in a way consistent with a directional causal link.
Step 7: Therefore, based on the bidirectional relationship and potential intermediate variables, the answer to the question is: FALSE.

Conclusion: No",False
131,Sleep disturbance,Obesity,True,"Reasoning Process:
Step 1: To assess the plausibility of a causal relationship between Sleep disturbance and Obesity, we need to consider the biological and theoretical mechanisms that could link these two variables.
Step 2: Sleep disturbance can lead to changes in sleep patterns, including reduced sleep duration and quality, which can affect the body's ability to regulate hunger hormones, such as ghrelin and leptin.
Step 3: Research has shown that disrupted sleep patterns can lead to increased levels of ghrelin, which stimulates appetite, and decreased levels of leptin, which suppresses appetite, potentially leading to overeating and weight gain.
Step 4: Additionally, sleep disturbance can also lead to increased levels of cortisol, a hormone that promotes fat storage and weight gain.
Step 5: Furthermore, sleep disturbance can affect the body's ability to regulate inflammation, which is a known risk factor for obesity.
Step 6: Moreover, sleep disturbance can also lead to decreased motivation and reduced physical activity, which can contribute to weight gain.
Step 7: Therefore, based on the existing knowledge of the biological and theoretical mechanisms, it is plausible that Sleep disturbance may have a causal relationship with Obesity, either directly or through one or more intermediate variables.

Conclusion: Yes",True,"Reasoning Process:
Step 1: To determine if there is an association between Sleep disturbance and Obesity, we need to consider the definitions of both variables. Sleep disturbance is a self-reported measure of sleep quality, depth, and restoration, while Obesity is defined as BMI or being overweight.
Step 2: Research has shown that individuals with higher BMI or those who are overweight often report poorer sleep quality, which suggests a potential association between the two variables.
Step 3: Furthermore, studies have found that sleep disturbances can contribute to weight gain and obesity, and conversely, obesity can exacerbate sleep disturbances. This bidirectional relationship supports the existence of an association between Sleep disturbance and Obesity.
Step 4: Additionally, various studies have identified a strong correlation between sleep disturbances and obesity, with sleep disturbances being a risk factor for obesity and obesity being a risk factor for sleep disturbances.
Step 5: Considering the evidence from research and the bidirectional relationship between the two variables, it is reasonable to conclude that there is an association between Sleep disturbance and Obesity.

Conclusion: Yes",False,"Reasoning Process:
Step 1: To determine if there is a causal relationship between Sleep disturbance and Obesity, we need to consider the definitions of both variables. Sleep disturbance is a self-reported measure of sleep quality, depth, and restoration, while Obesity is defined as BMI or being overweight.
Step 2: A causal relationship requires a temporal relationship where the cause precedes the effect. In this case, we need to determine if Sleep disturbance can precede and lead to a change in Obesity.
Step 3: Research has shown that chronic sleep disturbances can lead to changes in appetite regulation, metabolism, and energy balance, which can contribute to weight gain and obesity. This suggests a potential causal link between Sleep disturbance and Obesity.
Step 4: However, it's also possible that Obesity can lead to sleep disturbances due to factors such as joint pain, breathing difficulties, or other comorbidities associated with obesity. This would suggest a bidirectional relationship rather than a causal link from Sleep disturbance to Obesity.
Step 5: Additionally, there may be intermediate variables that mediate the relationship between Sleep disturbance and Obesity, such as changes in diet, physical activity, or stress levels.
Step 6: Considering these factors, it's possible to propose a causal relationship where Sleep disturbance can lead to Obesity through intermediate variables, but it's also possible that the relationship is bidirectional or influenced by other factors.
Step 7: However, based on the available evidence, it appears that Sleep disturbance can contribute to the development of Obesity, particularly in the context of chronic sleep disturbances and related metabolic changes.

Conclusion: No",False
132,Sleep disturbance,PEG,True,"Reasoning Process:
Step 1: Understanding the definitions of Sleep disturbance and PEG: Sleep disturbance is a self-reported measure of sleep quality, depth, and restoration, while PEG is an index of pain interference and intensity due to chronic low back pain.
Step 2: Considering the relationship between sleep and pain: Research has shown that chronic pain can disrupt sleep patterns and reduce sleep quality, leading to sleep disturbances. This suggests a potential bidirectional relationship between sleep disturbance and pain.
Step 3: Exploring potential intermediate variables: Factors such as stress, anxiety, depression, and physical activity levels can influence both sleep disturbance and PEG scores. These variables can serve as potential intermediate links between sleep disturbance and PEG.
Step 4: Evaluating the plausibility of a causal relationship: Given the established connections between sleep, pain, and other intermediate variables, it is plausible that sleep disturbance may have a causal relationship with PEG, either directly or through one or more intermediate variables.
Step 5: Conclusion: Based on the existing knowledge and relationships between sleep disturbance, pain, and intermediate variables, it is plausible that sleep disturbance may have a causal relationship with PEG.
Step 6: Conclusion: Therefore, the answer to the question is TRUE.

Conclusion: Yes",True,"Reasoning Process:
Step 1: To determine if there is an association between Sleep disturbance and PEG, we need to consider the definitions of both variables. Sleep disturbance is a self-reported measure of sleep quality, depth, and restoration, while PEG score is an index measuring pain interference and pain intensity due to chronic low back pain.
Step 2: Given the definitions, it is clear that both variables are related to the experience of chronic pain. Sleep disturbance is often a consequence of chronic pain, as individuals with chronic pain may experience difficulty sleeping due to pain-related discomfort or anxiety. On the other hand, PEG score directly measures the impact of chronic low back pain on an individual's life.
Step 3: Since both variables are related to chronic pain, it is plausible that there is a statistical association between them. In other words, knowledge of an individual's PEG score (i.e., their level of pain interference and intensity) could provide information about their sleep disturbance, and vice versa.
Step 4: Furthermore, research has shown that chronic pain and sleep disturbances are often comorbid, meaning they often co-occur. This suggests that there is a statistical association between the two variables.
Step 5: Additionally, studies have demonstrated that interventions aimed at reducing chronic pain can also improve sleep quality, and vice versa. This bidirectional relationship further supports the existence of an association between Sleep disturbance and PEG.
Step 6: Considering the definitions, relationships, and research findings, it is reasonable to conclude that there is a statistical association between Sleep disturbance and PEG.

Conclusion: Yes",False,"Reasoning Process:
Step 1: To determine if there is a causal relationship between Sleep disturbance and PEG, we need to consider the definitions of both variables. Sleep disturbance is a self-reported measure of sleep quality, depth, and restoration, while PEG is an index measuring pain interference and pain intensity due to chronic low back pain.
Step 2: Given the definitions, it is plausible that sleep disturbance could impact pain perception and, subsequently, pain intensity and interference. Poor sleep quality, depth, and restoration can exacerbate pain sensitivity and make it more difficult to manage chronic pain, which in turn could increase the PEG score.
Step 3: However, to establish a causal relationship, we need to consider the direction of causality. A change in Sleep disturbance could potentially lead to a change in PEG, but it is also possible that a change in PEG could lead to a change in Sleep disturbance (e.g., increased pain intensity could disrupt sleep quality).
Step 4: To determine the direction of causality, we need to consider the underlying mechanisms and empirical evidence. Research has shown that sleep disturbances can contribute to increased pain sensitivity and decreased pain tolerance, which could lead to increased pain intensity and interference, thereby increasing the PEG score.
Step 5: Furthermore, studies have also shown that chronic pain can disrupt sleep patterns, leading to sleep disturbances. However, this does not necessarily establish a causal relationship in the direction of Sleep disturbance leading to PEG.
Step 6: Considering the bidirectional relationship between sleep and pain, it is more accurate to say that there is a reciprocal relationship between Sleep disturbance and PEG, rather than a unidirectional causal relationship.
Step 7: However, given the question's phrasing, which asks if Sleep disturbance precedes and leads to a change in PEG, we must consider the possibility of a unidirectional causal relationship. While there is evidence of a reciprocal relationship, there is also evidence that sleep disturbances can contribute to increased pain sensitivity and decreased pain tolerance, which could lead to increased PEG scores.
Step 8: Therefore, based on the available evidence and the definitions of the variables, it is plausible to conclude that a change in Sleep disturbance could lead to a change in PEG, either directly or through one or more intermediate variables.

Conclusion: No",True
133,Sleep disturbance,Smoking,True,"Reasoning Process:
Step 1: To determine the plausibility of a causal relationship between Sleep disturbance and Smoking, we need to consider the potential biological, theoretical, or scientific mechanisms that could link these two variables.
Step 2: First, let's consider the biological mechanisms. Research has shown that smoking can disrupt sleep patterns and reduce sleep quality due to the presence of nicotine and other chemicals in tobacco smoke. Nicotine, in particular, can stimulate the brain and make it harder to fall asleep and stay asleep.
Step 3: Additionally, smoking can lead to chronic inflammation, oxidative stress, and cardiovascular disease, all of which can further disrupt sleep patterns and contribute to sleep disturbances.
Step 4: Theoretically, it's also plausible that sleep disturbances could contribute to smoking behavior. For example, individuals with sleep disturbances may be more likely to smoke as a way to cope with their sleep problems or to stay awake during the day.
Step 5: Furthermore, there is a well-established scientific literature on the bidirectional relationship between sleep and smoking. Studies have shown that smoking is a risk factor for sleep disturbances, and sleep disturbances can also increase the risk of smoking.
Step 6: Considering these biological, theoretical, and scientific mechanisms, it's reasonable to conclude that there is a plausible causal relationship between Sleep disturbance and Smoking, either directly or through one or more intermediate variables.
Step 7: Therefore, the answer to the question is TRUE.

Conclusion: Yes",True,"Reasoning Process:
Step 1: To determine if there is an association between Sleep disturbance and Smoking, we need to consider the definition of association in the context of statistics. Association refers to any statistical dependency between two variables, regardless of strength or directionality.
Step 2: Given the definitions of Sleep disturbance and Smoking, we can analyze the potential relationship between the two variables. Sleep disturbance is a self-reported measure of sleep quality, while Smoking is a habit of inhaling tobacco smoke.
Step 3: Research has shown that smoking can negatively impact sleep quality, leading to sleep disturbances. This is due to various factors, including nicotine's effects on the brain and body, as well as the chemicals in tobacco smoke that can disrupt sleep patterns.
Step 4: Therefore, it is reasonable to conclude that there is a statistical association between Sleep disturbance and Smoking, as knowledge of an individual's smoking habit can provide information about their sleep quality.

Conclusion: Yes",False,"Reasoning Process:
Step 1: To determine if there is a causal relationship between Sleep disturbance and Smoking, we need to consider the definitions of both variables and their potential relationships.
Step 2: Sleep disturbance is a subjective measure of sleep quality, depth, and restoration, while Smoking is a behavioral habit of inhaling tobacco smoke.
Step 3: There is no direct physiological or biological mechanism by which sleep disturbance would directly cause someone to start smoking or increase their smoking habit.
Step 4: However, it's possible that sleep disturbance could be an intermediate variable that precedes and influences Smoking through other factors, such as stress, anxiety, or depression, which are common causes of sleep disturbance and can also contribute to the initiation or maintenance of smoking.
Step 5: Another possibility is that sleep disturbance could be a consequence of smoking, as nicotine withdrawal can disrupt sleep patterns and lead to sleep disturbances.
Step 6: However, the question asks if sleep disturbance precedes and leads to a change in smoking, which suggests a directional causal link from sleep disturbance to smoking.
Step 7: Given the current understanding of the relationship between sleep disturbance and smoking, it's not clear if sleep disturbance directly causes smoking or if there is a more complex relationship involving other variables.
Step 8: However, based on the definitions and potential relationships between the variables, it's possible to propose a hypothetical scenario where sleep disturbance could precede and influence smoking through intermediate variables, but this would require further research to confirm.
Step 9: Considering the available information, it's difficult to definitively conclude that sleep disturbance directly causes smoking, but it's also not entirely clear if there is no relationship at all.
Step 10: Given the complexity of the relationship and the lack of direct evidence, the most conservative answer would be to say that there is no clear causal relationship between sleep disturbance and smoking, but it's not a definitive conclusion.
Step 11: However, based on the question's requirement for a directional causal link, the most accurate answer would be FALSE, as there is no clear evidence to support a direct causal relationship from sleep disturbance to smoking.
Step 12: Therefore, the conclusion is that there is no clear causal relationship between sleep disturbance and smoking, and the answer is FALSE.
Step 13: This conclusion is based on the definitions of the variables, the potential relationships between them, and the complexity of the relationship between sleep disturbance and smoking.

Conclusion: No",True
134,Smoking,Alcohol,True,"Reasoning Process:
Step 1: To determine the plausibility of a causal relationship between Smoking and Alcohol, we need to consider the potential biological, theoretical, or scientific connections between the two variables.
Step 2: Smoking is a behavior that involves the inhalation of toxic substances, primarily nicotine and tar, which can have various health consequences, including cardiovascular disease, respiratory problems, and cancer.
Step 3: Alcohol consumption, on the other hand, is a behavior that can also have negative health consequences, such as liver disease, cardiovascular disease, and certain types of cancer.
Step 4: There is evidence to suggest that individuals who smoke are more likely to consume alcohol, and vice versa. This co-occurrence could be due to various factors, including shared underlying risk factors, such as stress, mental health issues, or social influences.
Step 5: Additionally, both smoking and alcohol consumption can lead to changes in brain chemistry, which may contribute to the development of addiction. This shared mechanism could potentially create a pathway for a causal relationship between the two variables.
Step 6: Furthermore, research has shown that smoking can increase the risk of developing alcohol use disorder, and that individuals with a history of alcohol use disorder are more likely to start smoking.
Step 7: Considering these connections, it is plausible that smoking may have a causal relationship with alcohol, either directly or through one or more intermediate variables.
Step 8: Therefore, based on the existing knowledge and evidence, the answer to the question is: TRUE.

Conclusion: Yes",True,"Reasoning Process:
Step 1: To determine if there is an association between Smoking and Alcohol, we need to consider if there is a statistical dependency between the two variables.
Step 2: Smoking is a behavior that can be quantified (e.g., number of cigarettes per day), and Alcohol is also a quantifiable variable (e.g., number of drinks per week).
Step 3: Research has shown that individuals who smoke are more likely to consume alcohol compared to non-smokers. This suggests a potential association between the two variables.
Step 4: Additionally, studies have found that smoking and alcohol consumption often co-occur in the same individuals, which further supports the idea of an association between the two variables.
Step 5: Furthermore, there is evidence that smoking and alcohol consumption can share common underlying risk factors, such as mental health issues or social environment, which can contribute to their association.
Step 6: While the strength and direction of the association between smoking and alcohol may vary across different populations, the presence of a statistical dependency between the two variables is well-established in the literature.
Step 7: Therefore, based on the available evidence, it can be concluded that there is an association between Smoking and Alcohol.
Step 8: This association is supported by the fact that knowledge of one variable (smoking status) can provide information about the other variable (alcohol consumption), and vice versa.
Step 9: In conclusion, the association between Smoking and Alcohol is a well-documented phenomenon in the field of public health and medicine.
Step 10: Hence, the answer to the question is: True.

Conclusion: Yes",True,"Reasoning Process:
Step 1: To determine if there is a causal relationship between Smoking and Alcohol, we need to consider the definitions of both variables. Smoking refers to the action of inhaling and exhaling tobacco smoke, while Alcohol refers to the consumption of alcoholic beverages.
Step 2: Research has shown that smoking is often associated with a higher risk of developing alcohol use disorders. This is because smoking and alcohol use often co-occur in individuals who engage in other high-risk behaviors, such as substance abuse.
Step 3: Additionally, some studies have found that smoking can lead to changes in brain chemistry that may increase the likelihood of developing an alcohol use disorder. For example, nicotine, the primary psychoactive substance in tobacco, can alter the brain's reward system and increase the release of dopamine, a neurotransmitter involved in the development of addiction.
Step 4: Furthermore, smoking can also lead to social and environmental factors that may contribute to increased alcohol consumption. For instance, individuals who smoke may be more likely to engage in social activities that involve drinking, such as going to bars or parties.
Step 5: While the relationship between smoking and alcohol consumption is complex and bidirectional, there is evidence to suggest that smoking can precede and influence alcohol consumption in a way consistent with a directional causal link.
Step 6: Therefore, based on the available evidence, it appears that there is a causal relationship between smoking and alcohol consumption, where a change in smoking precedes and leads to a change in alcohol consumption.
Step 7: This causal relationship is supported by the fact that smoking can lead to changes in brain chemistry, social and environmental factors, and increased risk of developing an alcohol use disorder, all of which can contribute to increased alcohol consumption.
Step 8: Therefore, the answer to the question is TRUE, indicating that there is a causal relationship between smoking and alcohol consumption.

Conclusion: Yes",False
135,Smoking,Anxiety,True,"Reasoning Process:
Step 1: Understanding the definitions of Smoking and Anxiety: Smoking is the action of inhaling and exhaling tobacco smoke, while Anxiety is a psychological state characterized by fear, worry, and hyperarousal. To determine if there's a plausible causal relationship between the two, we need to consider the biological and theoretical connections between them.
Step 2: Considering the biological effects of Smoking: Smoking is known to affect the brain's chemistry, particularly the release of neurotransmitters such as dopamine, serotonin, and acetylcholine, which play a role in mood regulation and emotional response. This suggests a potential link between Smoking and Anxiety.
Step 3: Examining the relationship between Smoking and Anxiety: Research has shown that Smoking can exacerbate Anxiety symptoms, particularly in individuals with pre-existing Anxiety disorders. This is thought to be due to the stimulant effects of nicotine, which can increase heart rate, blood pressure, and other physiological responses associated with Anxiety.
Step 4: Considering potential intermediate variables: Nicotine, a primary psychoactive substance in tobacco, can lead to dependence and withdrawal symptoms, which may contribute to Anxiety. Additionally, the social and environmental factors associated with Smoking, such as social isolation and stress, can also contribute to Anxiety.
Step 5: Evaluating the plausibility of a causal relationship: Based on the biological effects of Smoking, its relationship with Anxiety, and potential intermediate variables, it is plausible that Smoking may have a causal relationship with Anxiety, either directly or through one or more intermediate variables.
Step 6: Conclusion: Given the existing knowledge on the biological effects of Smoking, its relationship with Anxiety, and potential intermediate variables, it is reasonable to conclude that a causal relationship between Smoking and Anxiety is plausible.
Step 7: Final Answer: TRUE

Conclusion: Yes",True,"Reasoning Process:
Step 1: To determine if there is an association between Smoking and Anxiety, we need to consider the potential relationship between the two variables. Smoking is a behavior that can have various effects on the body, including the nervous system, cardiovascular system, and respiratory system. Anxiety, on the other hand, is a psychological state characterized by feelings of fear, worry, and restlessness.
Step 2: Research has shown that smoking can lead to increased levels of stress and anxiety in individuals. Nicotine, the primary psychoactive substance in tobacco, can stimulate the release of stress hormones such as adrenaline and cortisol, which can contribute to feelings of anxiety.
Step 3: Additionally, smoking can also lead to chronic inflammation, oxidative stress, and damage to the brain's reward system, which can further contribute to the development of anxiety disorders.
Step 4: Furthermore, studies have consistently shown that individuals with anxiety disorders are more likely to smoke than those without anxiety disorders. This suggests a potential bidirectional relationship between smoking and anxiety.
Step 5: Therefore, based on the existing research and evidence, it is reasonable to conclude that there is an association between smoking and anxiety.

Conclusion: Yes",True,"Reasoning Process:
Step 1: To determine if there is a causal relationship between Smoking and Anxiety, we need to consider the definition of both variables and their potential interactions.
Step 2: Smoking is a behavior that involves inhaling and exhaling tobacco smoke, which is known to have various negative effects on physical and mental health.
Step 3: Anxiety, as defined by PROMIS, encompasses fear, anxious misery, hyperarousal, and somatic symptoms related to arousal.
Step 4: Research has shown that smoking is associated with an increased risk of developing anxiety disorders, including generalized anxiety disorder, panic disorder, and social anxiety disorder.
Step 5: Additionally, nicotine, a primary psychoactive substance in tobacco, can stimulate the brain's reward system, leading to feelings of relaxation and reduced anxiety in the short term, but can also contribute to increased anxiety in the long term due to its addictive properties and withdrawal symptoms.
Step 6: Furthermore, smoking can also lead to chronic stress, which is a known risk factor for anxiety disorders.
Step 7: Considering these points, it is reasonable to conclude that there is a causal relationship between Smoking and Anxiety, where a change in Smoking can precede and lead to a change in Anxiety.

Conclusion: Yes",False
136,Smoking,CCI,True,"Reasoning Process:
Step 1: Understanding the definitions of Smoking and CCI: Smoking is a behavior that involves inhaling and exhaling tobacco smoke, while CCI is a comorbidity index that measures the number of comorbidities.
Step 2: Considering the potential health effects of smoking: Smoking is known to cause a wide range of health problems, including cardiovascular disease, respiratory disease, and various types of cancer.
Step 3: Linking smoking to comorbidities: Given the health problems caused by smoking, it is plausible that individuals who smoke may have a higher number of comorbidities, as they are more likely to develop multiple health conditions.
Step 4: Considering potential intermediate variables: Smoking can lead to chronic inflammation, oxidative stress, and damage to organs and tissues, which can increase the risk of developing comorbidities.
Step 5: Evaluating the plausibility of a causal relationship: Based on the known health effects of smoking and its potential to lead to multiple health problems, it is plausible that smoking may have a causal relationship with CCI, either directly or through one or more intermediate variables.

Conclusion: Yes",True,"Reasoning Process:
Step 1: To determine if there is an association between Smoking and CCI, we need to consider the relationship between the two variables. Smoking is a lifestyle habit that can have various health consequences, including an increased risk of developing chronic diseases. CCI, on the other hand, is a measure of the number of comorbidities, which are health conditions that occur simultaneously with a primary condition.
Step 2: Given the definition of Smoking and CCI, we can infer that Smoking can lead to an increased risk of developing various chronic diseases, which in turn can result in an increased CCI. This suggests a potential positive association between Smoking and CCI, as Smoking can contribute to a higher number of comorbidities.
Step 3: Furthermore, research has shown that Smoking is a significant risk factor for many chronic diseases, including cardiovascular disease, chronic obstructive pulmonary disease (COPD), and various types of cancer. These diseases can all contribute to an increased CCI, indicating a statistical association between Smoking and CCI.
Step 4: Additionally, studies have consistently shown that Smoking is associated with a higher risk of developing comorbidities, which can lead to a higher CCI. This association is not limited to a specific disease or condition, but rather a general trend observed across various populations and studies.
Step 5: Considering the above points, it is reasonable to conclude that there is a statistical association between Smoking and CCI, as Smoking can lead to an increased risk of developing chronic diseases, which in turn can result in a higher CCI.
Step 6: Therefore, based on the relationship between Smoking and CCI, and the evidence from research studies, we can conclude that there is an association between the two variables.
Step 7: This association is not necessarily causal, but rather a statistical dependency, indicating that knowledge of one variable (Smoking) can provide information about the other variable (CCI).

Conclusion: Yes",True,"Reasoning Process:
Step 1: To determine if there is a causal relationship between Smoking and CCI, we need to consider the definition of both variables. Smoking is an action or habit that involves inhaling and exhaling tobacco smoke, while CCI is a comorbidity index that measures the number of comorbidities.
Step 2: We need to examine if there is a plausible biological or mechanistic pathway through which Smoking could influence CCI. Smoking is known to have various negative effects on health, including cardiovascular disease, respiratory disease, and cancer. These conditions can lead to the development of comorbidities, which are counted in the CCI.
Step 3: Furthermore, research has shown that smoking is a significant risk factor for various chronic conditions, including chronic obstructive pulmonary disease (COPD), heart disease, and stroke. These conditions can contribute to an increased CCI score.
Step 4: Additionally, smoking can also lead to other health issues, such as diabetes, osteoporosis, and mental health disorders, which can also be included in the CCI. Therefore, there is a plausible biological pathway through which smoking can influence CCI.
Step 5: Considering the temporal relationship, smoking typically precedes the development of comorbidities. People often start smoking at a young age, and it can take years or even decades for the negative health effects to manifest and contribute to an increased CCI.
Step 6: In conclusion, based on the definitions of Smoking and CCI, the plausible biological pathways, and the temporal relationship, there is a causal relationship where a change in Smoking precedes and leads to a change in CCI.

Conclusion: Yes",False
137,Smoking,Catastrophizing,True,"Reasoning Process:
Step 1: To determine the plausibility of a causal relationship between Smoking and Catastrophizing, we need to consider the potential biological, psychological, and social mechanisms through which smoking may influence pain perception and catastrophizing.
Step 2: Smoking is known to have various negative effects on physical health, including cardiovascular disease, respiratory disease, and cancer. These health consequences may lead to chronic pain and discomfort, which in turn could contribute to catastrophizing.
Step 3: Smoking can also affect the brain's reward system, leading to changes in mood and emotional regulation. This may result in increased stress and anxiety, which are associated with catastrophizing.
Step 4: Furthermore, smoking is often linked to social and environmental factors, such as social isolation, financial stress, and decreased physical activity, which can exacerbate pain and contribute to catastrophizing.
Step 5: Additionally, nicotine, a primary psychoactive substance in tobacco, can affect the brain's pain processing systems, potentially leading to increased pain sensitivity and catastrophizing.
Step 6: Considering these potential mechanisms, it is plausible that smoking may have a causal relationship with catastrophizing, either directly or through one or more intermediate variables.

Conclusion: Yes",True,"Reasoning Process:
Step 1: To determine if there is an association between Smoking and Catastrophizing, we need to consider the definitions of both variables and their potential relationship.
Step 2: Smoking is a behavior that involves the inhalation of tobacco smoke, which has been linked to various health problems, including chronic pain conditions such as chronic obstructive pulmonary disease (COPD) and cardiovascular disease.
Step 3: Catastrophizing is a cognitive process that involves the magnification of pain and a sense of helplessness in the presence of pain, which can exacerbate the experience of pain and lead to increased distress.
Step 4: Research has shown that individuals who engage in smoking are more likely to experience chronic pain and have a higher risk of developing pain-related disorders.
Step 5: Furthermore, studies have also found that individuals who catastrophize about their pain are more likely to engage in maladaptive coping behaviors, such as smoking, as a way to cope with their pain.
Step 6: Given the relationship between smoking and chronic pain, and the relationship between catastrophizing and maladaptive coping behaviors, it is plausible that there is an association between smoking and catastrophizing.
Step 7: Therefore, based on the definitions of the variables and the existing research, it is reasonable to conclude that there is an association between smoking and catastrophizing.

Conclusion: Yes",True,"Reasoning Process:
Step 1: To determine if there is a causal relationship between Smoking and Catastrophizing, we need to consider the definitions of both variables and their potential interactions.
Step 2: Smoking is a behavior that involves the inhalation and exhalation of tobacco smoke, which is a known risk factor for various health problems, including respiratory and cardiovascular diseases.
Step 3: Catastrophizing, on the other hand, is a cognitive process characterized by the tendency to magnify the threat value of a pain stimulus and feel helpless in the presence of pain.
Step 4: Research has shown that smoking can lead to chronic pain and inflammation, which may contribute to the development of catastrophizing thoughts and behaviors.
Step 5: Additionally, smoking can also lead to anxiety and depression, which are often comorbid with catastrophizing.
Step 6: Furthermore, smoking can impair cognitive function, including attention and memory, which may exacerbate catastrophizing thoughts and behaviors.
Step 7: Considering these potential pathways, it is plausible that smoking can lead to catastrophizing through various intermediate variables, such as chronic pain, anxiety, depression, and cognitive impairment.
Step 8: Therefore, based on the available evidence and logical connections between the variables, we can conclude that there is a causal relationship between smoking and catastrophizing.

Conclusion: Yes",False
138,Smoking,Depression,True,"Reasoning Process:
Step 1: Understanding the definitions of Smoking and Depression: Smoking is the action of inhaling and exhaling tobacco smoke, while Depression is a complex condition encompassing affective and cognitive manifestations.
Step 2: Considering the biological effects of Smoking: Smoking is known to affect various bodily systems, including the cardiovascular, respiratory, and nervous systems. It can lead to the release of various chemicals, including nicotine, which can alter brain chemistry and potentially impact mood regulation.
Step 3: Exploring potential pathways between Smoking and Depression: There is evidence suggesting that Smoking may contribute to the development of Depression through several mechanisms, such as nicotine's effects on neurotransmitter systems, inflammation, and oxidative stress. Additionally, Smoking can exacerbate symptoms of Depression and reduce the effectiveness of treatments.
Step 4: Reviewing existing research: Studies have investigated the relationship between Smoking and Depression, with some finding a positive correlation between the two. While the exact nature of the relationship remains unclear, the evidence suggests that Smoking may be a risk factor for Depression, particularly in vulnerable populations.
Step 5: Considering the plausibility of a causal relationship: Based on the biological effects of Smoking and the existing research, it is plausible that Smoking may have a causal relationship with Depression, either directly or through one or more intermediate variables.
Step 6: Conclusion: Given the biological effects of Smoking and the existing research, it is plausible that Smoking may have a causal relationship with Depression.
Step 7: Conclusion: Therefore, the answer to the question is TRUE.

Conclusion: Yes",True,"Reasoning Process:
Step 1: Understanding the definitions of Smoking and Depression: Smoking refers to the action of inhaling and exhaling tobacco smoke, while Depression is a mental health condition characterized by affective and cognitive manifestations.
Step 2: Considering the potential pathways through which Smoking could influence Depression: Smoking has been linked to various health risks, including cardiovascular disease, respiratory disease, and cancer, which can contribute to the development of Depression.
Step 3: Examining the existing body of research on the topic: Studies have consistently shown a positive correlation between Smoking and Depression, suggesting that individuals with Depression are more likely to smoke, and smoking can exacerbate symptoms of Depression.
Step 4: Considering the directionality of the association: While the exact causal relationship between Smoking and Depression is complex, research suggests that Smoking can contribute to the development and maintenance of Depression, particularly in vulnerable populations.
Step 5: Evaluating the strength of the association: The association between Smoking and Depression is well-established, with a large body of evidence supporting a positive correlation between the two variables.
Step 6: Considering the definition of association: An association refers to any statistical dependency between two variables, regardless of strength or directionality.
Step 7: Conclusion: Given the existing research and the definition of association, there is a statistical association between Smoking and Depression.
Step 8: Final Conclusion: Based on the reasoning above, the answer to the question is True.

Conclusion: Yes",True,"Reasoning Process:
Step 1: To determine if there is a causal relationship between Smoking and Depression, we need to consider the definition of causality. A causal relationship exists when one variable (the cause) precedes and influences another variable (the effect) in a way that is consistent with a directional link.
Step 2: We will examine the relationship between Smoking and Depression, considering whether a change in Smoking can precede and lead to a change in Depression, either directly or through one or more intermediate variables.
Step 3: Smoking is a well-established risk factor for various health conditions, including cardiovascular disease, respiratory disease, and certain types of cancer. It is also known to have a negative impact on mental health.
Step 4: Depression is a complex condition influenced by multiple factors, including genetics, environment, and lifestyle choices. While the exact mechanisms are not fully understood, research suggests that smoking can contribute to the development and exacerbation of depression.
Step 5: Studies have shown that smoking can lead to changes in brain chemistry, including reduced levels of neurotransmitters such as serotonin and dopamine, which are involved in mood regulation. This can contribute to the development of depressive symptoms.
Step 6: Additionally, smoking can lead to social isolation, financial burdens, and other stressors that can contribute to the development of depression.
Step 7: Furthermore, research has consistently shown that quitting smoking can lead to improvements in mental health, including reduced symptoms of depression.
Step 8: Considering the evidence, it appears that a change in Smoking can precede and influence a change in Depression, either directly or through one or more intermediate variables.
Step 9: Therefore, based on the available evidence, we can conclude that there is a causal relationship between Smoking and Depression.

Conclusion: Yes",False
139,Smoking,Education,True,"Reasoning Process:
Step 1: To determine the plausibility of a causal relationship between Smoking and Education, we need to consider the potential mechanisms by which these two variables could be related.
Step 2: One possible mechanism is that education level may influence an individual's knowledge and awareness about the risks associated with smoking, which in turn could affect their smoking behavior.
Step 3: Another possible mechanism is that individuals with lower education levels may have limited access to resources, including healthcare and education about smoking cessation, which could contribute to a higher likelihood of smoking.
Step 4: Additionally, there may be socioeconomic factors, such as income and occupation, that are associated with both education level and smoking behavior, potentially creating a confounding variable.
Step 5: Furthermore, there could be a bidirectional relationship, where smoking may also affect education outcomes, for example, through decreased cognitive function and productivity.
Step 6: Considering these potential mechanisms, it is plausible that Smoking may have a causal relationship with Education, either directly or through one or more intermediate variables.
Step 7: Therefore, based on the existing knowledge and potential mechanisms, the answer to the question is: TRUE.

Conclusion: Yes",True,"Reasoning Process:
Step 1: To determine if there is an association between Smoking and Education, we need to consider whether knowledge of the value of one variable provides information about the other.
Step 2: Smoking is a behavior that can be influenced by various factors, including socioeconomic status, which is often related to education level.
Step 3: Individuals with higher education levels may have better access to information about the risks associated with smoking, as well as greater financial resources to afford healthier lifestyle choices.
Step 4: Conversely, individuals with lower education levels may have limited access to health information and resources, making them more susceptible to smoking.
Step 5: Given these relationships, it is reasonable to infer that there is a statistical association between Smoking and Education, as knowledge of one variable can provide information about the other.

Conclusion: Yes",False,"Reasoning Process:
Step 1: To determine if there is a causal relationship between Smoking and Education, we need to consider the direction of causality. A causal relationship implies that a change in one variable (Smoking) precedes and leads to a change in another variable (Education).
Step 2: We will examine if Smoking can influence Education directly or through one or more intermediate variables. This involves considering the potential pathways through which Smoking could affect Education.
Step 3: One possible pathway is that Smoking can lead to health problems, which in turn can affect a person's ability to attend school or participate in educational activities, thereby influencing their level of Education.
Step 4: However, it's also possible that Education can influence Smoking, for example, through education about the risks of smoking, which can lead to a decrease in smoking habits.
Step 5: Considering these potential bidirectional relationships, it's not clear if Smoking directly or indirectly causes a change in Education.
Step 6: However, in the context of the question, we are looking for a directional causal link where Smoking precedes and leads to a change in Education. This implies a unidirectional relationship.
Step 7: Given the complexity of the relationship between Smoking and Education, and the potential for bidirectional causality, it's challenging to assert a definitive causal relationship where Smoking directly or indirectly causes a change in Education.
Step 8: However, considering the general understanding of the topic, it's more plausible to say that Education can influence Smoking, rather than the other way around.
Step 9: Therefore, based on the available information and the direction of causality specified in the question, it's more accurate to conclude that there is no clear causal relationship where Smoking precedes and leads to a change in Education.

Conclusion: No",False
140,Smoking,Fear_avoidance,True,"Reasoning Process:
Step 1: To determine the plausibility of a causal relationship between Smoking and Fear_avoidance, we need to consider the potential biological, theoretical, or scientific mechanisms that could link these two variables.
Step 2: Smoking is known to have various negative effects on physical health, including cardiovascular disease, respiratory disease, and cancer. These conditions can lead to chronic pain and disability, which may contribute to fear avoidance behaviors.
Step 3: Additionally, smoking can also affect mental health, including anxiety and depression, which are common comorbidities with chronic pain and can contribute to fear avoidance behaviors.
Step 4: Furthermore, smoking can also impact cognitive function, including attention and memory, which may affect an individual's ability to engage in physical activity and work, potentially leading to fear avoidance behaviors.
Step 5: Moreover, smoking can also lead to decreased physical fitness and reduced physical function, which may contribute to fear avoidance behaviors in individuals with low back pain.
Step 6: Considering these potential mechanisms, it is plausible that smoking may have a causal relationship with fear avoidance, either directly or through one or more intermediate variables.

Conclusion: Yes",True,"Reasoning Process:
Step 1: To determine if there is an association between Smoking and Fear_avoidance, we need to consider the potential relationship between the two variables. Smoking is a behavior that can have various health consequences, including respiratory problems, cardiovascular disease, and cancer. Fear_avoidance, on the other hand, is a psychological construct that refers to the avoidance of activities due to fear of pain or injury.
Step 2: Research has shown that smoking can lead to chronic pain, which may contribute to fear avoidance behaviors in individuals. For example, smokers with chronic pain may avoid physical activity due to fear of exacerbating their pain, which can perpetuate a cycle of inactivity and further pain.
Step 3: Additionally, smoking can also lead to decreased physical function and mobility, which may contribute to fear avoidance behaviors. Smokers may avoid activities that require physical exertion due to concerns about their ability to perform the activity or fear of worsening their condition.
Step 4: Furthermore, there is evidence to suggest that smoking can also affect mental health, including anxiety and depression, which can contribute to fear avoidance behaviors. Smokers may avoid activities due to feelings of anxiety or depression, rather than fear of pain or injury.
Step 5: Considering these potential relationships between smoking and fear avoidance, it is reasonable to conclude that there is an association between the two variables. Knowledge of an individual's smoking status may provide information about their fear avoidance behaviors, and vice versa.

Conclusion: Yes",True,"Reasoning Process:
Step 1: To determine if there is a causal relationship between Smoking and Fear_avoidance, we need to consider the potential mechanisms by which Smoking could influence Fear_avoidance. One possible mechanism is through the physical effects of smoking on the body, such as decreased lung function and cardiovascular disease, which could lead to increased fear of physical activity and work.
Step 2: Another possible mechanism is through the psychological effects of smoking, such as nicotine addiction and withdrawal, which could lead to increased anxiety and fear of physical activity and work.
Step 3: Additionally, smoking is often associated with a sedentary lifestyle, which could lead to decreased physical fitness and increased fear of physical activity and work.
Step 4: However, it's also possible that the relationship between Smoking and Fear_avoidance is bidirectional, meaning that individuals with fear avoidance behaviors may be more likely to smoke as a way to cope with their anxiety and fear.
Step 5: Despite these potential bidirectional relationships, there is evidence to suggest that smoking can lead to increased fear avoidance behaviors in individuals with low back pain, particularly through the physical and psychological effects of smoking.
Step 6: Therefore, based on the potential mechanisms by which smoking can influence fear avoidance behaviors, it is reasonable to conclude that there is a causal relationship between Smoking and Fear_avoidance.
Step 7: This conclusion is consistent with the definition of a causal relationship, where a change in one variable (Smoking) precedes and leads to a change in another variable (Fear_avoidance).
Step 8: Therefore, the answer to the question is TRUE.

Conclusion: Yes",False
141,Smoking,Financial_level,True,"Reasoning Process:
Step 1: To assess the plausibility of a causal relationship between Smoking and Financial_level, we need to consider the potential pathways through which smoking could influence financial level.
Step 2: One possible pathway is through the increased healthcare costs associated with smoking. Smoking is a well-established risk factor for various chronic diseases, such as lung cancer, heart disease, and chronic obstructive pulmonary disease (COPD). These conditions often require expensive medical treatments, hospitalizations, and medications, which can lead to increased healthcare costs and financial burdens on individuals.
Step 3: Another potential pathway is through the impact of smoking on productivity and employment. Smoking can lead to reduced productivity, absenteeism, and presenteeism (being present at work but not being fully productive due to health issues). This can result in lost income and reduced earning potential, affecting an individual's financial level.
Step 4: Smoking can also influence financial level through the cost of smoking itself. Cigarettes and other tobacco products are a significant expense for many individuals, and the cost of smoking can be substantial, especially for those with lower socioeconomic status.
Step 5: Additionally, smoking can lead to reduced social and economic opportunities. Smoking can limit social interactions, reduce job prospects, and decrease earning potential, all of which can impact an individual's financial level.
Step 6: Considering these potential pathways, it is plausible that smoking may have a causal relationship with financial level, either directly or through one or more intermediate variables.
Step 7: Therefore, based on the existing knowledge and potential pathways, the answer to the question is: TRUE.

Conclusion: Yes",True,"Reasoning Process:
Step 1: To determine if there is an association between Smoking and Financial_level, we need to consider if there is a statistical dependency between the two variables. This means we are looking for a relationship where knowledge of one variable provides information about the other.
Step 2: Smoking is a behavior that can have various consequences, including financial costs. For instance, smoking can lead to increased healthcare expenses, lost productivity, and other economic burdens. Therefore, it is plausible that there is a relationship between smoking and financial level.
Step 3: Research has shown that individuals with lower socioeconomic status (SES) are more likely to smoke due to various factors, such as limited access to healthcare, education, and resources. This suggests a potential association between smoking and financial level.
Step 4: Additionally, studies have found that smoking is often linked to lower income levels, as smoking can lead to reduced earning potential and increased healthcare expenses. This further supports the idea of an association between smoking and financial level.
Step 5: Considering these points, it is reasonable to conclude that there is a statistical association between Smoking and Financial_level, as knowledge of one variable can provide information about the other.

Conclusion: Yes",True,"Reasoning Process:
Step 1: To determine if there is a causal relationship between Smoking and Financial_level, we need to consider the potential mechanisms by which smoking could influence financial level. One possible mechanism is through the increased healthcare costs associated with smoking-related illnesses, which could lead to financial strain on individuals or families.
Step 2: Another possible mechanism is through the decreased productivity and lost wages due to smoking-related health issues, which could also impact an individual's financial situation.
Step 3: Additionally, smoking can lead to decreased earning potential due to the stigma associated with smoking, which may affect an individual's employability and career advancement opportunities.
Step 4: Furthermore, smoking can also lead to increased healthcare costs for smokers, which can be a significant financial burden, especially for those with lower socioeconomic status.
Step 5: Considering these potential mechanisms, it is plausible that a change in Smoking could lead to a change in Financial_level, either directly or through one or more intermediate variables.
Step 6: However, it's also important to consider the possibility of reverse causality, where a change in Financial_level could influence Smoking behavior. For example, individuals with lower financial means may be more likely to smoke due to the lower cost of cigarettes compared to other forms of entertainment or stress relief.
Step 7: Despite this potential for reverse causality, the existing body of research suggests that the relationship between smoking and financial level is more likely to be causal, with smoking leading to decreased financial well-being.
Step 8: Therefore, based on the potential mechanisms and existing research, it is reasonable to conclude that there is a causal relationship between Smoking and Financial_level, where a change in Smoking precedes and leads to a change in Financial_level.

Conclusion: Yes",False
142,Smoking,Obesity,True,"Reasoning Process:
Step 1: To determine the plausibility of a causal relationship between Smoking and Obesity, we need to consider the biological and theoretical mechanisms by which these two variables could be related.
Step 2: Smoking is known to have various negative effects on the body, including the cardiovascular system, respiratory system, and metabolic system. It can lead to inflammation, oxidative stress, and damage to tissues and organs.
Step 3: Obesity, on the other hand, is a complex condition influenced by genetic, environmental, and lifestyle factors, including diet, physical activity, and socioeconomic status.
Step 4: One potential mechanism by which Smoking could be related to Obesity is through the release of inflammatory cytokines and other chemicals that can disrupt metabolic function and lead to weight gain.
Step 5: Additionally, Smoking has been shown to affect appetite regulation and metabolism, potentially leading to changes in food intake and energy balance.
Step 6: Furthermore, Smoking has been linked to a decrease in physical activity levels, which can contribute to weight gain and obesity.
Step 7: Considering these biological and theoretical mechanisms, it is plausible that Smoking may have a causal relationship with Obesity, either directly or through one or more intermediate variables.

Conclusion: Yes",True,"Reasoning Process:
Step 1: To determine if there is an association between Smoking and Obesity, we need to consider the relationship between the two variables. An association refers to any statistical dependency between two variables, regardless of strength or directionality.
Step 2: Smoking is a behavior that can have various health consequences, including weight gain or loss. However, it is also a risk factor for various health conditions, such as cardiovascular disease, diabetes, and certain types of cancer, which can lead to weight gain and obesity.
Step 3: Research has shown that smoking is often associated with a lower body mass index (BMI) compared to non-smokers. This is because smoking can suppress appetite and increase metabolism, leading to weight loss.
Step 4: However, it's essential to note that smoking is also a risk factor for various health conditions that can lead to weight gain and obesity, such as cardiovascular disease and diabetes. This suggests that the relationship between smoking and obesity is complex and bidirectional.
Step 5: Studies have consistently shown that smoking is associated with a higher risk of obesity in certain populations, such as women and older adults. This suggests that the relationship between smoking and obesity is not uniform and can vary depending on individual factors.
Step 6: In conclusion, based on the available evidence, there is an association between smoking and obesity. While smoking may be associated with a lower BMI in some cases, it is also a risk factor for weight gain and obesity in other cases.

Conclusion: Yes",True,"Reasoning Process:
Step 1: To determine if there is a causal relationship between Smoking and Obesity, we need to consider the temporal relationship between the two variables. A causal relationship requires that the cause (Smoking) precedes the effect (Obesity).
Step 2: Smoking is a behavior that can be initiated at any age, but it typically starts in adolescence or young adulthood. This suggests that Smoking can precede Obesity, as the onset of Smoking often occurs before the development of Obesity.
Step 3: Research has shown that Smoking is associated with a range of health outcomes, including cardiovascular disease, respiratory disease, and various types of cancer. These conditions can contribute to weight gain and Obesity.
Step 4: Additionally, Smoking can lead to a decrease in appetite and an increase in metabolism, which may result in weight loss in the short term. However, this effect is often offset by the development of other health conditions, such as diabetes and hypothyroidism, which can lead to weight gain and Obesity.
Step 5: Furthermore, Smoking cessation is often associated with weight gain, which can be significant. This suggests that Smoking can influence Obesity, either directly or indirectly, through changes in metabolism, appetite, and the development of other health conditions.
Step 6: Therefore, based on the temporal relationship between Smoking and Obesity, as well as the known effects of Smoking on health outcomes and weight, it is reasonable to conclude that there is a causal relationship between the two variables.
Step 7: This causal relationship is supported by numerous epidemiological studies that have demonstrated a positive association between Smoking and Obesity. These studies have controlled for various confounding variables, including age, sex, and socioeconomic status, to establish a directional causal link between Smoking and Obesity.
Step 8: In conclusion, the evidence suggests that Smoking can lead to Obesity, either directly or through one or more intermediate variables, and therefore, there is a causal relationship between the two variables.

Conclusion: Yes",False
143,Smoking,PEG,True,"Reasoning Process:
Step 1: Understanding the definitions of Smoking and PEG score: Smoking refers to the action of inhaling and exhaling tobacco smoke, while PEG score is an index measuring pain interference and pain intensity due to chronic low back pain.
Step 2: Considering the potential health effects of smoking: Smoking is known to cause a wide range of health problems, including cardiovascular disease, respiratory disease, and various types of cancer. It can also affect the musculoskeletal system, potentially leading to conditions such as osteoporosis and musculoskeletal disorders.
Step 3: Exploring the relationship between smoking and chronic pain: Research has shown that smoking is associated with an increased risk of chronic pain, particularly in the musculoskeletal system. Smoking can lead to inflammation, oxidative stress, and damage to tissues, which may contribute to the development and maintenance of chronic pain.
Step 4: Considering the possibility of an indirect relationship: While smoking may not directly cause chronic low back pain, it can contribute to conditions that increase the risk of developing chronic pain, such as osteoporosis, musculoskeletal disorders, or respiratory problems that may exacerbate pain.
Step 5: Evaluating the plausibility of a causal relationship: Based on existing knowledge, it is plausible that smoking may have a causal relationship with PEG score, either directly or through one or more intermediate variables, as it can contribute to conditions that increase the risk of chronic pain and affect the musculoskeletal system.
Step 6: Conclusion: Given the known health effects of smoking and its association with chronic pain, it is plausible that smoking may have a causal relationship with PEG score.
Step 7: Conclusion: Therefore, the answer to the question is TRUE.

Conclusion: Yes",True,"Reasoning Process:
Step 1: To determine if there is an association between Smoking and PEG, we need to consider the potential relationship between smoking and chronic low back pain, as PEG is an index measuring pain intensity and interference due to chronic low back pain.
Step 2: Smoking is a well-established risk factor for various health conditions, including cardiovascular disease, respiratory disease, and cancer. It is also known to have a negative impact on overall health and well-being.
Step 3: Chronic low back pain is a common condition that can be caused by various factors, including smoking. Smoking can lead to chronic inflammation, oxidative stress, and damage to the spinal discs, which can contribute to low back pain.
Step 4: Given the relationship between smoking and chronic low back pain, it is reasonable to infer that smoking may also be associated with PEG scores, as PEG measures pain intensity and interference due to chronic low back pain.
Step 5: Therefore, based on the established relationship between smoking and chronic low back pain, and the fact that PEG measures pain intensity and interference due to chronic low back pain, we can conclude that there is an association between Smoking and PEG.

Conclusion: Yes",True,"Reasoning Process:
Step 1: To determine if there is a causal relationship between Smoking and PEG, we need to consider the definition of both variables and their potential interactions.
Step 2: Smoking is a behavior that can lead to various health consequences, including respiratory problems, cardiovascular disease, and cancer. These health consequences can potentially lead to chronic pain, which is a key component of the PEG score.
Step 3: Research has shown that smoking is a significant risk factor for chronic pain, including low back pain, which is often measured by the PEG score. Smoking can lead to inflammation, oxidative stress, and damage to tissues, all of which can contribute to chronic pain.
Step 4: Additionally, smoking can also lead to decreased lung function, which can make it more difficult for individuals to engage in physical activity, potentially exacerbating chronic pain.
Step 5: Furthermore, smoking can also lead to nicotine addiction, which can have a negative impact on mental health, including increased stress and anxiety, both of which can contribute to chronic pain.
Step 6: Considering these potential pathways, it is reasonable to conclude that smoking can lead to an increase in PEG score, either directly or through one or more intermediate variables.
Step 7: Therefore, based on the potential mechanisms by which smoking can lead to chronic pain and the components of the PEG score, we can infer a causal relationship between smoking and PEG.
Step 8: This causal relationship is consistent with a directional link where smoking precedes and influences PEG in a way that is consistent with a causal relationship.
Step 9: Therefore, the answer to the question is TRUE.

Conclusion: Yes",True
144,Smoking,Sleep disturbance,True,"Reasoning Process:
Step 1: Understanding the definitions of Smoking and Sleep disturbance: Smoking is the action of inhaling and exhaling tobacco smoke, while Sleep disturbance is a self-reported measure of sleep quality and restoration.
Step 2: Considering the potential biological mechanisms: Smoking can lead to inflammation, oxidative stress, and damage to lung tissue, which may disrupt normal sleep patterns and reduce sleep quality.
Step 3: Examining the existing literature: There is a substantial body of research indicating that smoking is associated with sleep disturbances, including insomnia, daytime fatigue, and decreased sleep efficiency.
Step 4: Evaluating potential intermediate variables: Smoking can lead to chronic pain, anxiety, and depression, which are all known to contribute to sleep disturbances.
Step 5: Considering the plausibility of a causal relationship: Given the biological mechanisms, existing literature, and potential intermediate variables, it is plausible that smoking may have a causal relationship with sleep disturbance.

Conclusion: Yes",True,"Reasoning Process:
Step 1: To determine if there is an association between Smoking and Sleep disturbance, we need to consider the potential relationship between the two variables. Smoking is a behavior that can have various effects on the body, including cardiovascular, respiratory, and neurological impacts. Sleep disturbance, on the other hand, is a subjective measure of sleep quality and restoration.
Step 2: Research has shown that smoking can disrupt sleep patterns and reduce sleep quality. This is due to the chemicals in tobacco smoke that can interfere with the body's natural sleep-wake cycle. Additionally, smoking can lead to chronic inflammation, which can further exacerbate sleep disturbances.
Step 3: Furthermore, studies have found that individuals who smoke are more likely to experience sleep disturbances, such as insomnia, daytime fatigue, and decreased sleep efficiency. This suggests a potential association between smoking and sleep disturbance.
Step 4: Moreover, the relationship between smoking and sleep disturbance is bidirectional. Not only can smoking contribute to sleep disturbances, but sleep disturbances can also increase the likelihood of smoking. For example, individuals who experience sleep disturbances may be more likely to smoke as a way to cope with their sleep issues.
Step 5: Considering the evidence from research and the bidirectional relationship between smoking and sleep disturbance, it is reasonable to conclude that there is an association between the two variables.

Conclusion: Yes",True,"Reasoning Process:
Step 1: To determine if there is a causal relationship between Smoking and Sleep disturbance, we need to consider the definition of causality, which is a relationship where one variable (the cause) precedes and influences another variable (the effect) in a way that is consistent with a directional link.
Step 2: We will examine the relationship between Smoking and Sleep disturbance, considering whether a change in Smoking can lead to a change in Sleep disturbance, either directly or through one or more intermediate variables.
Step 3: Smoking is a well-established risk factor for various health problems, including cardiovascular disease, respiratory disease, and cancer. It is also known to affect sleep quality and duration.
Step 4: Research has shown that smoking can lead to sleep disturbances, including insomnia, daytime fatigue, and other sleep-related problems. This is likely due to the toxic chemicals in tobacco smoke that can disrupt normal sleep patterns and reduce the quality of sleep.
Step 5: Additionally, smoking can lead to other health problems that can further contribute to sleep disturbances, such as chronic pain, anxiety, and depression. These intermediate variables can create a causal pathway from Smoking to Sleep disturbance.
Step 6: Therefore, based on the established relationship between Smoking and sleep disturbances, as well as the potential for intermediate variables to contribute to this relationship, we can conclude that there is a causal relationship between Smoking and Sleep disturbance.

Conclusion: Yes",False
