,Var1,Var2,Causal Literature,Causal Literature Reasoning,Label
0,Age,Alcohol,B,"Reasoning Process:
Step 1: To determine the causal relationship between Age and Alcohol, we need to consider the definitions of both variables. Age refers to the age of the patient, which is a demographic characteristic, while Alcohol refers to alcohol consumption, which is a behavior or a habit.
Step 2: Considering the definitions, it's unlikely that Age would directly cause a change in Alcohol consumption, as Age is a static characteristic and Alcohol consumption is a behavior that can be influenced by various factors such as lifestyle, environment, and personal choices.
Step 3: However, it's possible that Age could influence Alcohol consumption indirectly through one or more intermediate variables, such as life stage, social status, or health status. For example, older adults may have different social habits or health concerns that affect their alcohol consumption.
Step 4: On the other hand, it's more plausible that Alcohol consumption could cause a change in Age, either directly or indirectly. For instance, excessive alcohol consumption can lead to health problems, such as liver disease or cancer, which can affect life expectancy and ultimately, Age.
Step 5: Therefore, based on the definitions and the potential indirect relationships between the variables, the most likely causal relationship is that Changing Alcohol causes a change in Age, either directly or through one or more intermediate variables.
Step 6: This conclusion is consistent with the understanding that lifestyle choices, such as alcohol consumption, can have a significant impact on health outcomes and life expectancy.
Step 7: Therefore, the final conclusion is that B is the most likely causal relationship between Age and Alcohol.

Conclusion: B",True
1,Age,Anxiety,C,"Reasoning Process:
Step 1: To determine the causal relationship between Age and Anxiety, we need to consider the definitions of both variables. Age is a demographic characteristic, while Anxiety is a psychological state.
Step 2: Anxiety, as defined by PROMIS, encompasses various aspects such as fear, anxious misery, hyperarousal, and somatic symptoms. These aspects are not directly related to the physical characteristics of Age.
Step 3: Considering the definitions, it is unlikely that Age would directly cause a change in Anxiety, as Age is a physical characteristic and Anxiety is a psychological state.
Step 4: However, it is also unlikely that Anxiety would directly cause a change in Age, as Anxiety is a psychological state and Age is a physical characteristic.
Step 5: Therefore, we need to consider if there are any intermediate variables that could link Age and Anxiety. While there may be some indirect relationships (e.g., older adults may experience more anxiety due to health issues), these relationships are not direct causal relationships.
Step 6: Based on the analysis, the most likely option is that there is no direct causal relationship between Age and Anxiety, either directly or through one or more intermediate variables.
Step 7: However, it's worth noting that there may be indirect relationships between Age and Anxiety, but these are not direct causal relationships.
Step 8: Therefore, the most accurate answer is that there is no direct causal relationship between Age and Anxiety.
Step 9: This conclusion is based on the definitions of Age and Anxiety, and the analysis of potential direct and indirect relationships between the two variables.
Step 10: The conclusion is consistent with the understanding that Age and Anxiety are distinct variables with different domains (physical and psychological, respectively).
Step 11: Therefore, the final conclusion is that there is no causal relationship between Age and Anxiety.
Step 12: This conclusion is based on the analysis of the definitions and potential relationships between the variables.
Step 13: The conclusion is that there is no direct causal relationship between Age and Anxiety.
Step 14: This conclusion is consistent with the understanding that Age and Anxiety are distinct variables with different domains.
Step 15: Therefore, the final answer is C.

Conclusion: C",True
2,Age,CCI,A,"Reasoning Process:
Step 1: Understanding the definitions of Age and CCI: Age is a measure of the patient's age, while CCI is a comorbidity index that measures the number of comorbidities. Comorbidities are pre-existing medical conditions that a patient has in addition to their primary condition.
Step 2: Analyzing the relationship between Age and CCI: Age is a factor that can influence the development of comorbidities. As a person gets older, they are more likely to develop comorbidities due to the natural aging process and the accumulation of health issues over time.
Step 3: Considering the direction of causality: The relationship between Age and CCI is not bidirectional. Age can influence the development of comorbidities, but CCI does not directly cause a change in Age. CCI is a measure of the number of comorbidities a patient has, not a factor that can cause a change in their age.
Step 4: Conclusion: Based on the understanding of the definitions and the analysis of the relationship between Age and CCI, it is most likely that changing Age causes a change in CCI, either directly or through one or more intermediate variables.
Step 5: Therefore, the most likely answer is A: Changing Age causes a change in CCI, either directly or through one or more intermediate variables.
Step 6: This conclusion is consistent with the understanding of the natural aging process and the development of comorbidities over time.

Conclusion: A",True
3,Age,Catastrophizing,C,"Reasoning Process:
Step 1: Understanding the definitions of Age and Catastrophizing: Age refers to the age of the patient, while Catastrophizing is a psychological construct related to pain perception and coping mechanisms.
Step 2: Analyzing the relationship between Age and Catastrophizing: Catastrophizing is a psychological trait that can be influenced by various factors, including past experiences, learning, and cognitive processes. Age, on the other hand, is a demographic variable that does not directly influence psychological traits.
Step 3: Considering the direction of causality: It is unlikely that Age would directly or indirectly cause a change in Catastrophizing, as Catastrophizing is a complex psychological construct that is shaped by multiple factors, including genetics, environment, and life experiences. While Age may influence the expression or manifestation of Catastrophizing, it is not a direct cause.
Step 4: Evaluating the options: Based on the analysis, option A is unlikely because Age does not directly or indirectly cause a change in Catastrophizing. Option B is also unlikely because Catastrophizing is not a direct cause of Age. Option C is the most plausible because there is no direct causal relationship between Age and Catastrophizing.
Step 5: Conclusion: Based on the analysis, the most likely answer is C. There is no causal relationship between Age and Catastrophizing.
Step 6: Conclusion: Therefore, the final answer is C.

Conclusion: C",True
4,Age,Depression,C,"Reasoning Process:
Step 1: To determine the causal relationship between Age and Depression, we need to consider the definitions and potential interactions between the two variables.
Step 2: Age is a demographic variable that represents the patient's age, which can influence various aspects of their health, including physical and mental well-being.
Step 3: Depression, as defined by PROMIS, encompasses the affective and cognitive manifestations of depression, which can be influenced by various factors, including genetics, life events, and physical health.
Step 4: Considering the definitions, it is unlikely that Age directly causes a change in Depression, as depression is a complex condition influenced by multiple factors.
Step 5: However, it is also unlikely that Depression directly causes a change in Age, as age is a demographic variable that is determined by the passage of time and not by a specific condition like depression.
Step 6: Therefore, the most plausible option is that there is no direct causal relationship between Age and Depression, but it's possible that Age may influence the risk or severity of Depression through intermediate variables, such as physical health or life events.
Step 7: However, given the information provided, we cannot confirm the existence of intermediate variables, so the most conservative conclusion is that there is no causal relationship between Age and Depression.

Conclusion: C",True
5,Age,Education,C,"Reasoning Process:
Step 1: To determine the causal relationship between Age and Education, we need to consider the definitions of both variables. Age refers to the age of the patient, which is a physical characteristic that changes over time. Education, on the other hand, refers to the level of education of the participant, which is a cognitive and social characteristic that is typically acquired through experience and learning.
Step 2: Considering the definitions, it is unlikely that Age would directly cause a change in Education, as Education is a result of learning and experience, not a physical characteristic that can be directly influenced by Age. Therefore, option A is unlikely.
Step 3: Similarly, it is also unlikely that Education would directly cause a change in Age, as Age is a physical characteristic that is determined by biological processes, not by cognitive or social factors such as Education. Therefore, option B is also unlikely.
Step 4: Given that neither option A nor option B is likely, the most plausible conclusion is that there is no causal relationship between Age and Education. This is because Age and Education are two distinct variables that operate on different domains, and there is no clear mechanism by which one would directly influence the other.

Conclusion: C",False
6,Age,Fear_avoidance,C,"Reasoning Process:
Step 1: To determine the causal relationship between Age and Fear_avoidance, we need to consider the definitions and potential interactions between the two variables.
Step 2: Age is a demographic variable that represents the patient's age, which is a fixed characteristic that does not change over time.
Step 3: Fear_avoidance, on the other hand, is a patient-reported questionnaire that assesses a patient's beliefs and behaviors related to physical activity and work, which can change over time as a result of various factors, including psychological, social, and environmental influences.
Step 4: Considering the definitions, it is unlikely that Age would directly cause a change in Fear_avoidance, as Age is a fixed characteristic that does not change over time.
Step 5: However, it is possible that Fear_avoidance could be influenced by factors related to Age, such as life experience, health status, or social and environmental factors that change over time.
Step 6: For example, as people age, they may experience changes in their physical abilities, health status, or social roles, which could influence their Fear_avoidance beliefs and behaviors.
Step 7: Therefore, while there may be an indirect relationship between Age and Fear_avoidance, it is not a direct causal relationship.
Step 8: Based on this analysis, the most likely answer is that there is no direct causal relationship between Age and Fear_avoidance.

Conclusion: C",True
7,Age,Financial_level,A,"Reasoning Process:
Step 1: To determine the causal relationship between Age and Financial_level, we need to consider the definitions and potential interactions between the two variables.
Step 2: Age is a demographic variable that represents the patient's age, which is a biological characteristic that does not directly influence financial situation or socioeconomic status.
Step 3: Financial_level, on the other hand, is a proxy for socioeconomic status, which can be influenced by various factors, including income, education, occupation, and access to resources.
Step 4: Considering the definitions, it is unlikely that Age directly affects Financial_level, as Age is a biological characteristic and Financial_level is a socioeconomic status indicator.
Step 5: However, it is possible that Age can indirectly affect Financial_level through intermediate variables, such as income or occupation, which can change over time as a person ages.
Step 6: For example, as people age, they may experience changes in their occupation, income, or education level, which can in turn affect their financial situation.
Step 7: Therefore, while there may be an indirect causal relationship between Age and Financial_level, it is not a direct causal relationship.
Step 8: Based on this analysis, the most likely answer is that changing Age causes a change in Financial_level, either directly or through one or more intermediate variables.

Conclusion: A",True
8,Age,Obesity,A,"Reasoning Process:
Step 1: To determine the causal relationship between Age and Obesity, we need to consider the definitions of both variables. Age refers to the age of the patient, which is a chronological measure of time. Obesity, on the other hand, is defined as BMI or being overweight, which is a measure of body weight in relation to height.
Step 2: We know that as people age, their weight and body composition can change due to various factors such as muscle loss, bone density loss, and changes in metabolism. This suggests that there may be a relationship between Age and Obesity.
Step 3: However, the relationship between Age and Obesity is not necessarily direct. Instead, it is likely that Age influences Obesity through intermediate variables such as changes in lifestyle, diet, and physical activity levels, which can contribute to weight gain or loss over time.
Step 4: Therefore, we can conclude that changing Age is likely to cause a change in Obesity, either directly or through one or more intermediate variables.

Conclusion: A",True
9,Age,PEG,C,"Reasoning Process:
Step 1: Understanding the definitions of the variables: Age and PEG score. Age refers to the patient's age, while PEG score is an index measuring pain interference and pain intensity due to chronic low back pain.
Step 2: Considering the nature of the variables, Age is a demographic characteristic, whereas PEG score is a measure of pain intensity and interference. These are distinct concepts, with Age being a static characteristic and PEG score being a dynamic measure of pain experience.
Step 3: Analyzing the potential causal relationships between Age and PEG score. While Age may influence the development or progression of chronic low back pain, it is unlikely to directly cause changes in the PEG score, as the PEG score is a measure of the current pain experience, not a direct result of Age.
Step 4: Considering the possibility of intermediate variables, such as changes in health status, lifestyle, or treatment, which could potentially link Age to PEG score. However, these intermediate variables would not establish a direct causal relationship between Age and PEG score.
Step 5: Evaluating the direction of causality, it is more plausible that changes in PEG score (e.g., due to changes in pain intensity or treatment) could influence Age-related factors, such as functional decline or mobility issues, rather than the other way around.
Step 6: Based on the analysis, the most likely relationship between Age and PEG score is that there is no direct causal relationship between the two variables.
Step 7: Therefore, the conclusion is that there is no causal relationship between Age and PEG score.

Conclusion: C",True
10,Age,Sleep disturbance,B,"Reasoning Process:
Step 1: To determine the causal relationship between Age and Sleep disturbance, we need to consider the definitions and potential interactions between the two variables.
Step 2: Age is a demographic variable that can influence various aspects of a person's life, including physical and mental health. Sleep disturbance, on the other hand, is a subjective measure of sleep quality.
Step 3: Considering the definition of Sleep disturbance, it is a self-reported measure that can be influenced by various factors, including physical and mental health, lifestyle, and environmental factors.
Step 4: Age can affect physical and mental health, which in turn can influence sleep quality. For example, older adults may experience age-related changes in sleep patterns, such as insomnia or sleep apnea.
Step 5: Therefore, it is reasonable to conclude that Age can indirectly influence Sleep disturbance through its effects on physical and mental health.
Step 6: However, it is less likely that Sleep disturbance would directly cause a change in Age, as Age is a demographic variable that is determined at birth and cannot be changed through external factors.
Step 7: Therefore, the most likely causal relationship between Age and Sleep disturbance is that changing Age causes a change in Sleep disturbance, either directly or through one or more intermediate variables.
Step 8: Based on the above reasoning, the most likely answer is B.
Step 9: Conclusion: B

Conclusion: B",True
11,Age,Smoking,B,"Reasoning Process:
Step 1: To determine the causal relationship between Age and Smoking, we need to consider the definitions and potential interactions between the two variables.
Step 2: Age is a characteristic of the patient that can be influenced by various factors, including genetics, lifestyle, and environmental factors. Smoking is a behavior that can be influenced by a combination of genetic, environmental, and psychological factors.
Step 3: Considering the definitions, it is clear that Age is not a direct cause of Smoking, as Age is a characteristic that can be influenced by various factors, while Smoking is a behavior that can be chosen by an individual.
Step 4: However, Smoking can have an impact on Age, as smoking is a known risk factor for various health conditions, including cardiovascular disease, lung disease, and certain types of cancer, which can affect an individual's lifespan and overall health.
Step 5: Therefore, changing Smoking can lead to a change in Age, either directly through the health consequences of smoking or indirectly through the impact on overall health and well-being.
Step 6: In contrast, changing Age is unlikely to directly cause a change in Smoking, as Age is a characteristic that is determined by a combination of genetic and environmental factors, and is not directly influenced by an individual's behavior.
Step 7: Therefore, the most likely causal relationship between Age and Smoking is that changing Smoking causes a change in Age, either directly or through one or more intermediate variables.
Step 8: Based on the analysis, the correct answer is B. Changing Smoking causes a change in Age, either directly or through one or more intermediate variables.

Conclusion: B",True
12,Alcohol,Anxiety,A,"Reasoning Process:
Step 1: Understanding the definitions of Variable 1 (Alcohol) and Variable 2 (Anxiety) is crucial to determining the causal relationship between the two. Alcohol consumption (Variable 1) refers to the number of drinks per week, while Anxiety (Variable 2) encompasses various aspects such as fear, anxious misery, hyperarousal, and somatic symptoms related to arousal.
Step 2: Considering the definition of Anxiety, it is clear that it is a complex psychological and physiological state. The relationship between Alcohol and Anxiety is likely bidirectional, meaning that changes in one variable can influence the other.
Step 3: Research has shown that alcohol consumption can lead to increased anxiety levels in some individuals, possibly due to the withdrawal effects or the anxiety-provoking properties of alcohol itself. On the other hand, individuals with anxiety may be more likely to consume alcohol as a coping mechanism or to self-medicate their anxiety symptoms.
Step 4: Given the bidirectional relationship and the potential for intermediate variables (e.g., coping mechanisms, withdrawal effects), it is reasonable to conclude that changing Alcohol can cause a change in Anxiety, either directly or through one or more intermediate variables.

Conclusion: A",False
13,Alcohol,CCI,B,"Reasoning Process:
Step 1: To determine the causal relationship between Alcohol and CCI, we need to consider the definitions of both variables. Alcohol refers to alcohol consumption, which is a behavior or lifestyle factor, while CCI is a comorbidity index that measures the number of comorbidities. Comorbidities are pre-existing medical conditions that occur alongside a primary condition.
Step 2: Given the definitions, it's clear that alcohol consumption (Alcohol) can have an impact on an individual's health, potentially leading to the development of comorbidities. For example, excessive alcohol consumption has been linked to various health problems, such as liver disease, cardiovascular disease, and certain types of cancer, which can contribute to a higher CCI score.
Step 3: On the other hand, a higher CCI score does not directly cause an individual to consume more or less alcohol. While certain comorbidities may be related to alcohol consumption, the CCI score itself is a measure of the presence of comorbidities, not a cause of them.
Step 4: Therefore, it's more likely that changing Alcohol (alcohol consumption) can lead to a change in CCI (comorbidity index) through the development of new comorbidities, rather than the other way around.
Step 5: Additionally, there is a plausible intermediate variable, such as the development of comorbidities, that can link alcohol consumption to a change in CCI.
Step 6: Considering the above points, the most likely causal relationship between Alcohol and CCI is that changing Alcohol causes a change in CCI, either directly or through one or more intermediate variables.
Step 7: Therefore, the correct answer is B. Changing CCI causes a change in Alcohol, either directly or through one or more intermediate variables.

Conclusion: B",True
14,Alcohol,Catastrophizing,C,"Reasoning Process:
Step 1: Understanding the definitions of the variables: Alcohol and Catastrophizing. Alcohol refers to the consumption of alcohol, while Catastrophizing is a psychological phenomenon related to pain perception and coping mechanisms.
Step 2: Considering the definitions, it's clear that Alcohol and Catastrophizing operate in different domains: one is a behavioral/lifestyle factor, and the other is a psychological trait. This suggests that the relationship between the two might not be direct.
Step 3: However, it's also possible that there could be an indirect relationship between the two variables. For instance, individuals who engage in heavy drinking might experience more pain or have a higher risk of developing chronic pain, which in turn could lead to increased catastrophizing.
Step 4: Another possibility is that catastrophizing could influence drinking behavior. For example, individuals who catastrophize about their pain might be more likely to turn to alcohol as a coping mechanism, thereby increasing their alcohol consumption.
Step 5: Considering these potential indirect relationships, it's also possible that there could be other intermediate variables at play, such as stress, anxiety, or depression, which could mediate the relationship between Alcohol and Catastrophizing.
Step 6: However, without more specific information about the context or population being studied, it's difficult to determine the exact nature of the relationship between Alcohol and Catastrophizing.
Step 7: Given the complexity of the potential relationships and the lack of direct evidence, the most conservative and likely answer is that there is no causal relationship between Alcohol and Catastrophizing.

Conclusion: C",False
15,Alcohol,Depression,A,"Reasoning Process:
Step 1: Understanding the definitions of Variable 1 (Alcohol) and Variable 2 (Depression): Alcohol refers to the number of drinks consumed per week, while Depression refers to the affective and cognitive manifestations of depression as measured by PROMIS.
Step 2: Considering the relationship between Alcohol and Depression, it is essential to recognize that there is a well-established body of research indicating a correlation between alcohol consumption and depression. Studies have shown that individuals with depression are more likely to engage in excessive alcohol consumption, and conversely, excessive alcohol consumption can contribute to the development of depression.
Step 3: Given the correlation between Alcohol and Depression, it is reasonable to infer that there is a causal relationship between the two variables. This means that changing Alcohol consumption (Variable 1) can lead to a change in Depression (Variable 2), either directly or through one or more intermediate variables.
Step 4: However, the question also asks about the reverse relationship, i.e., whether changing Depression causes a change in Alcohol. While there is evidence that depression can lead to changes in alcohol consumption, the relationship is more complex and bidirectional. Nevertheless, the primary direction of causality is from Alcohol to Depression, rather than the reverse.
Step 5: Considering the above points, the most likely answer is that changing Alcohol causes a change in Depression, either directly or through one or more intermediate variables.
Step 6: Therefore, the conclusion is that changing Alcohol causes a change in Depression, either directly or through one or more intermediate variables.
Step 7: This conclusion is based on the established research and understanding of the relationship between Alcohol and Depression.

Conclusion: A",False
16,Alcohol,Education,B,"Reasoning Process:
Step 1: To determine the causal relationship between Alcohol and Education, we need to consider the direction of causality. Causality can be bidirectional, unidirectional, or non-existent.
Step 2: Alcohol consumption (Variable 1) is a behavior that can be influenced by various factors, including genetics, environment, and socioeconomic status. However, it is less likely to directly influence the level of education (Variable 2), as education is typically determined before the age of significant alcohol consumption.
Step 3: On the other hand, education (Variable 2) can have a significant impact on alcohol consumption (Variable 1). Individuals with higher levels of education may have better access to information about the risks associated with excessive drinking, and they may also have more opportunities for social and economic advancement, which can reduce the need to engage in heavy drinking.
Step 4: Considering the above points, it is more plausible that changing Education causes a change in Alcohol, either directly or through one or more intermediate variables.

Conclusion: B",False
17,Alcohol,Fear_avoidance,C,"Reasoning Process:
Step 1: To determine the causal relationship between Alcohol and Fear_avoidance, we need to consider the definitions and potential interactions between the two variables.
Step 2: Alcohol consumption (Variable 1) is a behavior that can have various effects on an individual's physical and mental health, but it does not directly relate to fear avoidance beliefs (Variable 2) about physical activity and work.
Step 3: Fear avoidance (Variable 2) is a psychological construct that focuses on how a patient's beliefs about physical activity and work may affect and contribute to their low back pain and resulting disability.
Step 4: There is no established direct link between alcohol consumption and fear avoidance beliefs. However, it is possible that alcohol consumption could indirectly affect fear avoidance through other variables, such as increased anxiety or depression, which could in turn influence fear avoidance beliefs.
Step 5: However, the question does not provide any information about these potential intermediate variables, and it is not clear how alcohol consumption would directly influence fear avoidance beliefs.
Step 6: Therefore, based on the given information and definitions, the most likely answer is that there is no direct causal relationship between Alcohol and Fear_avoidance.
Step 7: However, it is also possible that there could be an indirect relationship, but without more information, it is not possible to determine this with certainty.
Step 8: Given the lack of direct relationship and the absence of information about potential intermediate variables, the most conservative and likely answer is that there is no causal relationship between Alcohol and Fear_avoidance.
Step 9: Therefore, the conclusion is that there is no causal relationship between Alcohol and Fear_avoidance.
Step 10: This conclusion is based on the definitions of the variables and the lack of direct or indirect information provided in the question.
Step 11: Therefore, the most likely answer is C. There is no causal relationship between Alcohol and Fear_avoidance.

Conclusion: C",False
18,Alcohol,Financial_level,B,"Reasoning Process:
Step 1: Understanding the definitions of Variable 1 (Alcohol) and Variable 2 (Financial_level). Alcohol consumption is a behavior, while Financial_level is a socioeconomic status proxy. This indicates that the two variables are related but distinct concepts.
Step 2: Considering the potential relationships between the two variables. A change in alcohol consumption could potentially impact financial level, for example, through increased healthcare costs, lost productivity, or reduced income due to excessive drinking. This suggests a possible causal relationship from Alcohol to Financial_level.
Step 3: However, a change in financial level could also influence alcohol consumption. For instance, individuals with lower financial levels might be more likely to engage in heavy drinking as a coping mechanism or due to reduced access to healthier alternatives. This suggests a possible causal relationship from Financial_level to Alcohol.
Step 4: Considering the complexity of the relationship between the two variables, it's also possible that there are multiple intermediate variables at play, such as education level, employment status, or social environment, which could mediate the relationship between Alcohol and Financial_level.
Step 5: Given the bidirectional potential for causality and the presence of possible intermediate variables, it's unlikely that there is no causal relationship between Alcohol and Financial_level.
Step 6: However, the question asks for the most likely relationship. While both A and B are plausible, the literature suggests that socioeconomic status (Financial_level) often influences health behaviors, including alcohol consumption, more strongly than the other way around. Therefore, changing Financial_level is more likely to cause a change in Alcohol consumption.

Conclusion: B",False
19,Alcohol,Obesity,A,"Reasoning Process:
Step 1: To determine the causal relationship between Alcohol and Obesity, we need to consider the definitions of both variables. Alcohol refers to alcohol consumption, which is a behavior, while Obesity refers to BMI or being overweight, which is a physical characteristic.
Step 2: Research has shown that excessive alcohol consumption can lead to weight gain and obesity due to the high calorie content of alcoholic beverages, as well as changes in metabolism and appetite regulation. This suggests a potential direct causal relationship between Alcohol and Obesity.
Step 3: However, it's also possible that Obesity could influence Alcohol consumption, as individuals with obesity may be more likely to experience social stigma or discrimination, leading to increased alcohol consumption as a coping mechanism. This would suggest a potential indirect causal relationship between Obesity and Alcohol.
Step 4: Considering both possibilities, it's clear that there is a bidirectional relationship between Alcohol and Obesity, with each variable potentially influencing the other. However, the question asks for the most likely relationship, and based on the available evidence, the direct causal relationship from Alcohol to Obesity is more well-established and widely recognized.
Step 5: Therefore, the most likely relationship is that Changing Alcohol causes a change in Obesity, either directly or through one or more intermediate variables.
Step 6: This conclusion is based on the understanding that excessive alcohol consumption can lead to weight gain and obesity, and is supported by various studies and research in the field of health and medicine.
Step 7: Therefore, the correct answer is A.
Step 8: This conclusion is consistent with the available evidence and research in the field of health and medicine.

Conclusion: A",False
20,Alcohol,PEG,A,"Reasoning Process:
Step 1: To determine the causal relationship between Alcohol and PEG, we need to consider the definitions of both variables. Alcohol refers to alcohol consumption, which is a behavior or lifestyle factor, while PEG score is an index measuring pain interference and pain intensity due to chronic low back pain, which is a health outcome.
Step 2: Given the definitions, we can infer that Alcohol consumption (Variable 1) is a potential risk factor or modifiable behavior that could influence health outcomes, including pain management and chronic pain conditions like low back pain.
Step 3: On the other hand, PEG score (Variable 2) is a direct measure of the impact of chronic low back pain on an individual's quality of life, which is a health outcome. This suggests that PEG score is a potential consequence of various factors, including lifestyle choices like alcohol consumption.
Step 4: Considering the potential relationship between lifestyle factors (Alcohol consumption) and health outcomes (PEG score), it is plausible that changing Alcohol consumption could influence PEG score either directly or through one or more intermediate variables, such as changes in pain management strategies, physical activity levels, or overall health status.
Step 5: However, it is also possible that changing PEG score could influence Alcohol consumption, for example, if an individual experiences a reduction in pain intensity and interference, they may be more likely to engage in healthier behaviors, including reduced alcohol consumption.
Step 6: However, the most direct and likely relationship is that changing Alcohol causes a change in PEG, either directly or through one or more intermediate variables. This is because alcohol consumption is a modifiable behavior that can directly impact health outcomes, including pain management and chronic pain conditions like low back pain.

Conclusion: A",True
21,Alcohol,Sleep disturbance,A,"Reasoning Process:
Step 1: Understanding the definitions of Variable 1 (Alcohol) and Variable 2 (Sleep disturbance). Alcohol is defined as the number of drinks per week, while Sleep disturbance is a self-reported score on the general perception of sleep quality.
Step 2: Considering the relationship between alcohol consumption and sleep quality. Research has shown that excessive alcohol consumption can lead to sleep disturbances, such as insomnia, daytime fatigue, and decreased sleep quality. This suggests a potential causal relationship between the two variables.
Step 3: Evaluating the possibility of intermediate variables. For example, alcohol consumption can lead to sleep disturbances through mechanisms such as disrupting the body's natural sleep-wake cycle, increasing the risk of sleep disorders, and affecting the quality of sleep. This indicates that changing alcohol consumption can indeed cause a change in sleep disturbance, either directly or through one or more intermediate variables.
Step 4: Considering the reverse direction of causality. While sleep disturbances can be a consequence of alcohol consumption, it is less likely that sleep disturbances would directly cause a change in alcohol consumption. However, it is possible that individuals with sleep disturbances may be more likely to consume alcohol as a coping mechanism, but this would be an indirect effect.
Step 5: Evaluating the option of no causal relationship. Given the established link between alcohol consumption and sleep quality, it is unlikely that there is no causal relationship between the two variables.
Step 6: Based on the analysis, the most likely option is that changing Alcohol causes a change in Sleep disturbance, either directly or through one or more intermediate variables.

Conclusion: A",False
22,Alcohol,Smoking,B,"Reasoning Process:
Step 1: To determine the causal relationship between Alcohol and Smoking, we need to consider the definitions and potential interactions between the two variables.
Step 2: Alcohol consumption (Variable 1) and Smoking (Variable 2) are two distinct behaviors with different underlying mechanisms and potential health impacts.
Step 3: However, research has shown that there is a complex relationship between alcohol consumption and smoking. For instance, some people who drink alcohol may be more likely to smoke due to social or peer pressure, or as a way to cope with stress or other emotions.
Step 4: On the other hand, smoking can also influence alcohol consumption, as some people may use smoking as a way to enhance their drinking experience or to manage withdrawal symptoms.
Step 5: Additionally, both alcohol and smoking are often linked to other risk factors such as mental health, stress, and social environment, which can create a bidirectional relationship between the two variables.
Step 6: Considering these potential interactions and bidirectional relationships, it is more likely that changing Smoking causes a change in Alcohol, either directly or through one or more intermediate variables.
Step 7: This is because smoking can directly influence drinking behavior, and also shares common underlying factors that can impact both behaviors.
Step 8: Therefore, the most likely causal relationship between Alcohol and Smoking is that changing Smoking causes a change in Alcohol.
Step 9: Based on the analysis, the conclusion is that B is the most likely causal relationship between Alcohol and Smoking.

Conclusion: B",False
23,Anxiety,Alcohol,B,"Reasoning Process:
Step 1: Understanding the definitions of Variable 1 (Anxiety) and Variable 2 (Alcohol) is crucial to determining the causal relationship between them. Anxiety, as defined by PROMIS, encompasses a range of symptoms including fear, anxious misery, hyperarousal, and somatic symptoms related to arousal. On the other hand, Alcohol consumption refers to the number of drinks per week.
Step 2: Considering the definitions, it is essential to recognize that Anxiety is a psychological and emotional state, while Alcohol consumption is a behavioral variable. This distinction suggests that Anxiety could potentially influence Alcohol consumption, as individuals with higher levels of Anxiety may be more likely to use Alcohol as a coping mechanism.
Step 3: However, the reverse relationship is also plausible. Heavy Alcohol consumption has been linked to various negative effects on mental health, including increased Anxiety. This is often referred to as a 'self-reinforcing cycle,' where Alcohol use exacerbates Anxiety, which in turn leads to further Alcohol consumption.
Step 4: Given the bidirectional relationship between Anxiety and Alcohol, it is challenging to conclude that there is no causal relationship between the two variables. Instead, it is more accurate to say that there is a complex, reciprocal relationship between Anxiety and Alcohol.
Step 5: However, since the question asks for the most likely option, and considering the complexity of the relationship, the most straightforward answer would be that changing Alcohol causes a change in Anxiety, either directly or through one or more intermediate variables. This is because the negative effects of Alcohol on mental health, including Anxiety, are well-documented and widely recognized.

Conclusion: B",True
24,Anxiety,CCI,B,"Reasoning Process:
Step 1: Understanding the definitions of Anxiety and CCI: Anxiety is a psychological state characterized by fear, worry, and hyperarousal, while CCI is a measure of the number of comorbidities. This step is crucial in establishing a clear understanding of the variables involved.
Step 2: Analyzing the relationship between Anxiety and CCI: Anxiety is a psychological state that can be influenced by various factors, including physical health conditions. Comorbidities, as measured by CCI, can contribute to the development or exacerbation of anxiety. For instance, chronic pain, a common comorbidity, can lead to anxiety. Therefore, it is plausible that CCI, which represents the presence of multiple comorbidities, could indirectly influence anxiety levels.
Step 3: Considering the direction of causality: While CCI can contribute to anxiety, it is unlikely that anxiety directly causes a change in CCI. Anxiety is a psychological state, and its presence or absence does not directly affect the number of comorbidities a person has. Therefore, the most likely causal relationship is that changing CCI causes a change in Anxiety, either directly or through one or more intermediate variables.
Step 4: Conclusion based on the analysis: Given the relationship between comorbidities and anxiety, and considering the direction of causality, the most likely scenario is that changing CCI causes a change in Anxiety, either directly or through one or more intermediate variables.
Step 5: Final Answer: Based on the analysis, the correct answer is B.

Conclusion: B",True
25,Anxiety,Catastrophizing,B,"Reasoning Process:
Step 1: Understanding the definitions of Anxiety and Catastrophizing is crucial to determine the causal relationship between the two variables. Anxiety, as defined by PROMIS, encompasses fear, anxious misery, hyperarousal, and somatic symptoms related to arousal. Catastrophizing, on the other hand, is characterized by the tendency to magnify the threat value of a pain stimulus and feel helpless in the presence of pain.
Step 2: Considering the definitions, it is clear that Catastrophizing is a cognitive process that can contribute to the development or exacerbation of Anxiety. For instance, when an individual catastrophizes about their pain, they may experience increased fear, anxious misery, and hyperarousal, all of which are components of Anxiety.
Step 3: Furthermore, research has shown that Catastrophizing is a significant predictor of Anxiety in individuals with chronic pain. This suggests that Catastrophizing can have a direct impact on Anxiety, either by increasing its severity or by contributing to its development.
Step 4: In contrast, while Anxiety can certainly influence an individual's perception of pain and their response to it, it is not clear whether Anxiety can directly cause a change in Catastrophizing. Catastrophizing appears to be a more stable cognitive trait that is influenced by various factors, including past experiences, personality, and coping styles.
Step 5: Therefore, based on the definitions and the existing research, it is more likely that Changing Catastrophizing causes a change in Anxiety, either directly or through one or more intermediate variables.
Step 6: This conclusion is supported by the fact that Catastrophizing is a well-established predictor of Anxiety, and it is reasonable to assume that reducing or modifying Catastrophizing would lead to a decrease in Anxiety.
Step 7: In conclusion, the most likely relationship between Anxiety and Catastrophizing is that Changing Catastrophizing causes a change in Anxiety, either directly or through one or more intermediate variables.
Step 8: This conclusion is consistent with the definitions of the two variables and the existing research on their relationship.

Conclusion: B",False
26,Anxiety,Depression,A,"Reasoning Process:
Step 1: Understanding the definitions of Anxiety and Depression: Anxiety is defined as PROMIS anxiety, which includes fear, anxious misery, hyperarousal, and somatic symptoms related to arousal. Depression is defined as PROMIS depression, which includes affective and cognitive manifestations of depression.
Step 2: Considering the definitions, both Anxiety and Depression are complex psychological states that can have overlapping symptoms, such as somatic symptoms and affective manifestations. However, they are distinct constructs with different primary characteristics.
Step 3: Given the complexity of both Anxiety and Depression, it is likely that they are interrelated, but the direction of causality is not immediately clear. Both conditions can influence each other, and it is also possible that they share common underlying factors or intermediate variables.
Step 4: Considering the possibility of shared underlying factors or intermediate variables, it is plausible that changing one condition could affect the other, either directly or indirectly. For example, anxiety can contribute to the development of depression, and depression can exacerbate anxiety symptoms.
Step 5: Based on the understanding of the complex interplay between Anxiety and Depression, it is most likely that changing one condition can cause a change in the other, either directly or through one or more intermediate variables.

Conclusion: A",False
27,Anxiety,Education,B,"Reasoning Process:
Step 1: Understanding the definitions of Variable 1 (Anxiety) and Variable 2 (Education). Anxiety is a psychological state characterized by fear, worry, and hyperarousal, while Education is a measure of an individual's level of education.
Step 2: Considering the definitions, it's clear that Anxiety and Education are distinct concepts. Anxiety is a psychological state, whereas Education is a demographic characteristic.
Step 3: Analyzing the potential causal relationships between the two variables. To establish a causal relationship, there must be a direct or indirect link between the variables.
Step 4: Considering the definition of Anxiety, it's unlikely that a change in Education would directly cause a change in Anxiety. Education is a stable characteristic that does not inherently influence an individual's psychological state.
Step 5: However, it's possible that Education could influence Anxiety indirectly through other variables. For example, individuals with higher education levels may have better coping mechanisms or access to resources that help manage anxiety.
Step 6: On the other hand, a change in Anxiety could potentially influence Education indirectly. For instance, severe anxiety could impact an individual's ability to focus and learn, potentially affecting their academic performance and, in turn, their education level.
Step 7: However, the question asks for the most likely causal relationship. Given the definitions and potential indirect relationships, it's more plausible that a change in Education could influence Anxiety, as Education can provide individuals with the tools and resources to manage anxiety.
Step 8: Therefore, the most likely causal relationship is that changing Education causes a change in Anxiety, either directly or through one or more intermediate variables.
Step 9: Conclusion: Based on the analysis, the most likely causal relationship is B. Changing Education causes a change in Anxiety, either directly or through one or more intermediate variables.

Conclusion: B",False
28,Anxiety,Fear_avoidance,A,"Reasoning Process:
Step 1: Understanding the definitions of Anxiety and Fear_avoidance is crucial to determining the causal relationship between the two variables. Anxiety, as defined by PROMIS, encompasses a range of symptoms including fear, anxious misery, hyperarousal, and somatic symptoms related to arousal. Fear_avoidance, on the other hand, is a patient-reported questionnaire that focuses on how fear avoidance beliefs about physical activity and work may affect and contribute to low back pain and resulting disability.
Step 2: Considering the definitions, it is clear that Anxiety and Fear_avoidance are related but distinct concepts. Anxiety is a psychological state characterized by feelings of fear, worry, and hyperarousal, while Fear_avoidance is a behavioral response to those feelings, specifically avoiding activities due to fear of exacerbating low back pain.
Step 3: Given the relationship between Anxiety and Fear_avoidance, it is reasonable to infer that changing Anxiety could lead to a change in Fear_avoidance. For instance, if a patient's Anxiety levels decrease, they may be more likely to engage in physical activity and work, thereby reducing their Fear_avoidance. Conversely, if a patient's Anxiety levels increase, they may become more fearful and avoid physical activity and work, thereby increasing their Fear_avoidance.
Step 4: Therefore, it is likely that changing Anxiety causes a change in Fear_avoidance, either directly or through one or more intermediate variables.
Step 5: This conclusion is based on the understanding that Anxiety is a precursor to Fear_avoidance, and a change in Anxiety levels can lead to a change in Fear_avoidance levels.
Step 6: Therefore, the most likely relationship between Anxiety and Fear_avoidance is that changing Anxiety causes a change in Fear_avoidance, either directly or through one or more intermediate variables.

Conclusion: A",False
29,Anxiety,Financial_level,B,"Reasoning Process:
Step 1: Understanding the definitions of Anxiety and Financial_level is crucial to determining the causal relationship between the two variables. Anxiety, as defined by PROMIS, encompasses a range of emotional and somatic symptoms, while Financial_level is a proxy for socioeconomic status.
Step 2: Considering the definitions, it's clear that Financial_level can have a direct impact on Anxiety. For instance, individuals with lower financial levels may experience increased stress, worry, and anxiety due to financial insecurity, which aligns with the symptoms of Anxiety as defined by PROMIS.
Step 3: On the other hand, while Anxiety can have some indirect effects on Financial_level, such as decreased productivity or increased healthcare costs, it's less likely to have a direct causal effect on Financial_level. Therefore, the relationship between Anxiety and Financial_level is more likely to be unidirectional, with Financial_level influencing Anxiety.
Step 4: Given the above analysis, the most likely causal relationship between Anxiety and Financial_level is that changing Financial_level causes a change in Anxiety, either directly or through one or more intermediate variables.
Step 5: This conclusion is based on the understanding that Financial_level can directly impact the symptoms of Anxiety, whereas Anxiety's impact on Financial_level is more indirect.
Step 6: Therefore, the most likely answer is B. Changing Financial_level causes a change in Anxiety, either directly or through one or more intermediate variables.

Conclusion: B",False
30,Anxiety,Obesity,B,"Reasoning Process:
Step 1: Understanding the definitions of Anxiety and Obesity: Anxiety is defined as PROMIS anxiety, focusing on fear, anxious misery, hyperarousal, and somatic symptoms related to arousal. Obesity is defined as BMI or weight associations.
Step 2: Considering the relationship between Anxiety and Obesity: Research has shown that individuals with anxiety disorders are more likely to experience weight-related issues, such as overeating or poor eating habits, which can contribute to obesity. Additionally, obesity has been linked to increased levels of anxiety due to factors like decreased mobility, social stigma, and decreased self-esteem.
Step 3: Evaluating the direction of causality: While both Anxiety and Obesity can influence each other, the evidence suggests that Obesity is more likely to contribute to the development of Anxiety. For example, the physical and social challenges associated with obesity can exacerbate anxiety symptoms, creating a cycle of weight gain and anxiety.
Step 4: Considering the possibility of intermediate variables: While there may be intermediate variables, such as poor eating habits or decreased mobility, that contribute to the relationship between Anxiety and Obesity, the primary direction of causality appears to be from Obesity to Anxiety.
Step 5: Conclusion: Based on the definitions and the relationship between Anxiety and Obesity, the most likely scenario is that Changing Obesity causes a change in Anxiety, either directly or through one or more intermediate variables.
Step 6: Final Answer: B

Conclusion: B",False
31,Anxiety,PEG,A,"Reasoning Process:
Step 1: Understanding the definitions of Variable 1 (Anxiety) and Variable 2 (PEG): Anxiety is a psychological state characterized by fear, worry, and hyperarousal, while PEG is a measure of pain interference and intensity due to chronic low back pain.
Step 2: Considering the definitions, it is clear that Anxiety and PEG are related to different aspects of human experience: one is a psychological state and the other is a measure of physical pain.
Step 3: However, it is also possible that Anxiety could influence PEG, as individuals with higher levels of Anxiety may experience increased pain sensitivity or perceive their pain as more severe due to their psychological state.
Step 4: Furthermore, research has shown that there is a bidirectional relationship between pain and psychological factors, including Anxiety. For example, chronic pain can lead to increased Anxiety, and high levels of Anxiety can exacerbate pain perception.
Step 5: Given this understanding, it is reasonable to conclude that changing Anxiety could indeed cause a change in PEG, either directly or through one or more intermediate variables.

Conclusion: A",True
32,Anxiety,Sleep disturbance,A,"Reasoning Process:
Step 1: Understanding the definitions of Anxiety and Sleep disturbance is crucial to determining the causal relationship between the two variables. Anxiety, as defined by PROMIS, encompasses various aspects such as fear, anxious misery, hyperarousal, and somatic symptoms related to arousal. On the other hand, Sleep disturbance is a self-reported measure of sleep quality, depth, and restoration associated with sleep.
Step 2: Considering the definitions, it is clear that Anxiety can significantly impact an individual's ability to sleep, leading to sleep disturbances. For instance, individuals experiencing anxiety may have difficulty falling asleep or staying asleep due to their racing thoughts or physical symptoms like rapid heartbeat and sweating. This suggests a potential direct causal relationship between Anxiety and Sleep disturbance.
Step 3: Furthermore, research has shown that sleep disturbances can also exacerbate anxiety symptoms. Poor sleep quality can lead to increased anxiety levels, creating a vicious cycle. This indicates that there may be a bidirectional relationship between Anxiety and Sleep disturbance, with each variable influencing the other.
Step 4: Given the evidence of a bidirectional relationship, it is reasonable to conclude that changing Anxiety can cause a change in Sleep disturbance, either directly or through one or more intermediate variables. Similarly, changing Sleep disturbance can also cause a change in Anxiety, either directly or through one or more intermediate variables.

Conclusion: A",False
33,Anxiety,Smoking,B,"Reasoning Process:
Step 1: Understanding the definitions of Anxiety and Smoking is crucial to determining the causal relationship between the two variables. Anxiety is defined as a psychological state characterized by fear, worry, and hyperarousal, while Smoking is a physical habit of inhaling tobacco smoke.
Step 2: Research has shown that Smoking can lead to various health issues, including cardiovascular problems, respiratory issues, and anxiety disorders. This suggests that Smoking may have a direct or indirect impact on Anxiety levels.
Step 3: Additionally, individuals with anxiety disorders may be more likely to engage in Smoking as a coping mechanism or to self-medicate. This implies that there may be a bidirectional relationship between Anxiety and Smoking.
Step 4: However, the question asks for the most likely causal relationship. Given the evidence that Smoking can lead to anxiety disorders and that individuals with anxiety may be more likely to Smoke, it is reasonable to conclude that Changing Smoking causes a change in Anxiety, either directly or through one or more intermediate variables.
Step 5: This conclusion is based on the understanding that Smoking can lead to anxiety disorders, and individuals with anxiety may be more likely to Smoke. Therefore, the most likely causal relationship is that Changing Smoking causes a change in Anxiety.
Step 6: This conclusion is also supported by the fact that there is a clear mechanism by which Smoking can lead to anxiety, whereas the relationship between Anxiety and Smoking is more complex and bidirectional.

Conclusion: B",True
34,CCI,Alcohol,C,"Reasoning Process:
Step 1: To determine the causal relationship between CCI and Alcohol, we need to understand the definitions of both variables. CCI is a comorbidity index, which measures the number of comorbidities, while Alcohol refers to alcohol consumption (number of drinks per week).
Step 2: Comorbidities are pre-existing medical conditions that a person has in addition to their primary condition. These conditions can be related to various factors, including lifestyle choices, genetics, and environmental factors. However, comorbidities are not directly caused by alcohol consumption.
Step 3: On the other hand, alcohol consumption can be influenced by various factors, including genetics, mental health, and social environment. However, it is not directly related to the presence of comorbidities.
Step 4: Considering the definitions and relationships between CCI and Alcohol, we can conclude that there is no direct causal relationship between the two variables. However, it is possible that there may be indirect relationships or correlations between the two variables.
Step 5: For example, a person with a higher CCI may be more likely to experience mental health issues, which can lead to increased alcohol consumption. However, this would be an indirect relationship, and not a direct causal relationship between CCI and Alcohol.
Step 6: Therefore, based on the definitions and relationships between CCI and Alcohol, the most likely answer is that there is no direct causal relationship between the two variables.
Step 7: However, it is worth noting that there may be indirect relationships or correlations between the two variables, but these would not be direct causal relationships.
Step 8: Therefore, the final conclusion is that there is no direct causal relationship between CCI and Alcohol.
Step 9: The correct answer is C.

Conclusion: C",False
35,CCI,Anxiety,B,"Reasoning Process:
Step 1: Understanding the definitions of CCI and Anxiety: CCI is a comorbidity index that measures the number of comorbidities, while Anxiety is a psychological condition characterized by fear, anxious misery, hyperarousal, and somatic symptoms.
Step 2: Analyzing the relationship between CCI and Anxiety: CCI is a measure of physical health conditions, whereas Anxiety is a psychological condition. This suggests that CCI and Anxiety are related but distinct concepts.
Step 3: Considering the potential causal relationships: If changing CCI (e.g., due to the development of new comorbidities) could lead to increased stress, anxiety, or other psychological symptoms, it is plausible that CCI could indirectly affect Anxiety. Similarly, if Anxiety affects an individual's physical health, it could potentially impact their CCI.
Step 4: Evaluating the direction of causality: While it is possible that CCI could influence Anxiety, it is also possible that Anxiety could influence CCI, for example, through the development of new comorbidities due to untreated or undertreated Anxiety.
Step 5: Considering the complexity of the relationship: The relationship between CCI and Anxiety is likely bidirectional, with each influencing the other through various intermediate variables. For instance, CCI could affect Anxiety through increased stress and physical symptoms, while Anxiety could affect CCI through decreased adherence to treatment, increased stress, or other factors.
Step 6: Conclusion: Given the bidirectional relationship between CCI and Anxiety, the most likely answer is that changing Anxiety causes a change in CCI, either directly or through one or more intermediate variables, and vice versa.

Conclusion: B",False
36,CCI,Catastrophizing,B,"Reasoning Process:
Step 1: Understanding the definitions of CCI and Catastrophizing is crucial to determine the causal relationship between the two variables. CCI is a comorbidity index, which measures the number of comorbidities, whereas Catastrophizing is a psychological response to pain characterized by magnifying the threat value of a pain stimulus and feeling helpless in the presence of pain.
Step 2: Considering the definitions, it's clear that CCI is a medical measure, whereas Catastrophizing is a psychological response. This suggests that CCI is more related to the physical health of an individual, whereas Catastrophizing is related to their psychological state.
Step 3: Given the distinct nature of CCI and Catastrophizing, it's unlikely that changing CCI would directly affect Catastrophizing. For example, having multiple comorbidities (high CCI) may not necessarily lead to a change in an individual's psychological response to pain (Catastrophizing).
Step 4: However, it's possible that Catastrophizing could influence an individual's perception of their physical health, which in turn could affect their CCI. For instance, if an individual catastrophizes about their pain, they may be more likely to seek medical attention, leading to a higher CCI.
Step 5: Considering the potential bidirectional relationship between CCI and Catastrophizing, it's also possible that there are intermediate variables that could mediate the relationship between the two. For example, an individual's overall health status, pain levels, or coping mechanisms could all play a role in the relationship between CCI and Catastrophizing.
Step 6: However, based on the definitions and the nature of the variables, it's most likely that changing Catastrophizing causes a change in CCI, either directly or through one or more intermediate variables. This is because Catastrophizing can influence an individual's behavior and perception of their health, which in turn can affect their CCI.
Step 7: Therefore, the most likely causal relationship between CCI and Catastrophizing is that changing Catastrophizing causes a change in CCI, either directly or through one or more intermediate variables.
Step 8: This conclusion is based on the understanding that Catastrophizing can influence an individual's behavior and perception of their health, which can in turn affect their CCI.

Conclusion: B",False
37,CCI,Depression,A,"Reasoning Process:
Step 1: Understanding the definitions of CCI and Depression: CCI is a comorbidity index that measures the number of comorbidities, while Depression is a condition that affects both affective and cognitive manifestations as measured by PROMIS depression.
Step 2: Considering the relationship between comorbidities and mental health: Research has shown that individuals with multiple comorbidities (high CCI) are more likely to experience mental health issues, including depression.
Step 3: Analyzing the potential causal relationship: While having multiple comorbidities may contribute to the development or exacerbation of depression, it is also possible that depression could lead to a higher CCI due to decreased self-care and adherence to treatment plans, or increased healthcare utilization.
Step 4: Evaluating the direction of causality: Given the complex interplay between physical and mental health, it is likely that changing CCI could influence depression, either directly or through intermediate variables such as changes in physical health, lifestyle, or access to care.
Step 5: Considering the possibility of bidirectional causality: While changing CCI may influence depression, it is also possible that depression could lead to changes in CCI, either directly or through intermediate variables.
Step 6: Conclusion: Based on the understanding of the definitions, the relationship between comorbidities and mental health, and the potential for bidirectional causality, the most likely scenario is that changing CCI causes a change in Depression, either directly or through one or more intermediate variables.
Step 7: Final conclusion: Therefore, the most likely answer is A.

Conclusion: A",False
38,CCI,Education,B,"Reasoning Process:
Step 1: To determine the causal relationship between CCI and Education, we need to consider the definitions of both variables. CCI is a comorbidity index, which measures the number of comorbidities, while Education is the level of education of the participant.
Step 2: Comorbidities are medical conditions that co-occur with a primary condition, and they are typically related to health outcomes and treatment. Education, on the other hand, is a socio-economic factor that can influence an individual's health literacy, access to healthcare, and overall health outcomes.
Step 3: Given the definitions, it is unlikely that changing CCI would directly or indirectly cause a change in Education. Comorbidities are a result of various factors, including genetics, lifestyle, and environmental factors, but they do not directly influence an individual's level of education.
Step 4: However, changing Education can potentially influence CCI. For example, individuals with higher education levels may have better access to healthcare, health literacy, and healthier lifestyles, which can reduce the likelihood of developing comorbidities.
Step 5: Therefore, based on the definitions and the relationships between the variables, changing Education can cause a change in CCI, either directly or through one or more intermediate variables.
Step 6: In conclusion, the most likely causal relationship between CCI and Education is that changing Education causes a change in CCI.
Step 7: This conclusion is based on the understanding that Education can influence an individual's health outcomes and access to healthcare, which in turn can affect the development of comorbidities.

Conclusion: B",False
39,CCI,Fear_avoidance,A,"Reasoning Process:
Step 1: Understanding the definitions of CCI and Fear_avoidance is crucial to determining the causal relationship between the two variables. CCI is a comorbidity index, which measures the number of comorbidities a patient has. Fear_avoidance, on the other hand, is a patient-reported questionnaire that focuses on how a patient's fear avoidance beliefs about physical activity and work may affect and contribute to their low back pain and resulting disability.
Step 2: Considering the definitions, CCI is a measure of the number of comorbidities, which are pre-existing medical conditions that a patient has. Fear_avoidance, on the other hand, is a psychological factor that affects a patient's behavior and beliefs about physical activity and work. This suggests that CCI and Fear_avoidance are related but distinct concepts.
Step 3: Given the distinct nature of CCI and Fear_avoidance, it is possible that changes in CCI could indirectly affect Fear_avoidance. For example, if a patient's comorbidities worsen, they may become more fearful of physical activity due to concerns about exacerbating their conditions. This would suggest a potential indirect causal relationship between CCI and Fear_avoidance.
Step 4: However, it is less likely that changes in Fear_avoidance would directly cause changes in CCI, as CCI is a measure of pre-existing medical conditions. While Fear_avoidance may influence a patient's behavior and activity level, it is unlikely to directly affect the presence or severity of their comorbidities.
Step 5: Therefore, based on the definitions and the distinct nature of CCI and Fear_avoidance, the most likely causal relationship is that changing CCI causes a change in Fear_avoidance, either directly or through one or more intermediate variables.
Step 6: This conclusion is based on the understanding that CCI and Fear_avoidance are related but distinct concepts, and that changes in CCI may indirectly affect Fear_avoidance through various mechanisms.
Step 7: Therefore, the final conclusion is that changing CCI causes a change in Fear_avoidance, either directly or through one or more intermediate variables.

Conclusion: A",False
40,CCI,Financial_level,B,"Reasoning Process:
Step 1: Understanding the definitions of CCI and Financial_level. CCI is a comorbidity index, which measures the number of comorbidities, while Financial_level is a proxy for socioeconomic status.
Step 2: Considering the relationship between comorbidities and socioeconomic status. Research has shown that individuals with lower socioeconomic status often have limited access to healthcare, leading to a higher likelihood of comorbidities.
Step 3: Analyzing the potential causal relationship between CCI and Financial_level. Given the understanding that socioeconomic status can impact access to healthcare, it is plausible that a change in Financial_level could lead to a change in CCI, either directly or through intermediate variables such as healthcare access and utilization.
Step 4: Evaluating the reverse causal relationship. While it is possible that a change in CCI could lead to a change in Financial_level, this relationship is less direct and more indirect. For example, a person with a higher CCI may experience increased healthcare costs, which could impact their financial situation. However, this relationship is more complex and less straightforward than the relationship between Financial_level and CCI.
Step 5: Considering the complexity of the relationship between CCI and Financial_level. While there may be some indirect relationships, the most direct and well-established relationship is between Financial_level and CCI.
Step 6: Conclusion: Based on the analysis, the most likely relationship is that changing Financial_level causes a change in CCI, either directly or through one or more intermediate variables.
Step 7: Final conclusion: B. Changing Financial_level causes a change in CCI, either directly or through one or more intermediate variables.

Conclusion: B",False
41,CCI,Obesity,B,"Reasoning Process:
Step 1: Understanding the definitions of CCI and Obesity: CCI is a comorbidity index that measures the number of comorbidities, while Obesity is a condition related to weight or BMI associations.
Step 2: Considering the relationship between comorbidities and health conditions: Comorbidities often co-occur with various health conditions, including Obesity. This suggests a potential link between CCI and Obesity.
Step 3: Analyzing the direction of causality: Obesity can lead to an increased risk of developing comorbidities, which in turn would increase the CCI. This implies that Obesity could be a potential cause of an increase in CCI.
Step 4: Considering the possibility of intermediate variables: While there may be intermediate variables that affect both CCI and Obesity, the direct relationship between Obesity and an increased risk of comorbidities suggests a causal link.
Step 5: Evaluating the options: Based on the analysis, changing Obesity (B) is the most likely to cause a change in CCI, either directly or through one or more intermediate variables.
Step 6: Conclusion: The most likely relationship between CCI and Obesity is that changing Obesity causes a change in CCI, either directly or through one or more intermediate variables.
Step 7: Final Answer: B

Conclusion: B",False
42,CCI,PEG,A,"Reasoning Process:
Step 1: Understanding the definitions of CCI and PEG: CCI is a comorbidity index measuring the number of comorbidities, while PEG score is an index measuring pain interference and pain intensity due to chronic low back pain.
Step 2: Considering the definitions, CCI and PEG appear to be measuring different aspects of health: comorbidities and pain intensity, respectively. This suggests that they may be related but not directly.
Step 3: Analyzing the potential relationship between CCI and PEG: A high CCI could indicate a patient has multiple comorbidities, which may contribute to increased pain intensity and interference, potentially affecting the PEG score. This suggests a possible indirect relationship between CCI and PEG.
Step 4: Considering the potential for intermediate variables: For example, a patient with a high CCI may experience more pain due to their comorbidities, leading to a higher PEG score. This implies that changing CCI could indirectly affect PEG through one or more intermediate variables.
Step 5: Evaluating the options: A. Changing CCI causes a change in PEG, either directly or through one or more intermediate variables. This option is plausible based on the analysis of the potential indirect relationship between CCI and PEG.
Step 6: Considering the alternative options: B. Changing PEG causes a change in CCI, either directly or through one or more intermediate variables. This option is less likely, as PEG is a measure of pain intensity and interference, which is not directly related to the number of comorbidities measured by CCI.
Step 7: Considering the alternative options: C. There is no causal relationship between CCI and PEG. This option is unlikely, as the analysis suggests a potential indirect relationship between the two variables.
Step 8: Conclusion: Based on the analysis, the most likely option is A. Changing CCI causes a change in PEG, either directly or through one or more intermediate variables.
Step 9: Final conclusion: The most likely relationship between CCI and PEG is that changing CCI can indirectly affect PEG through one or more intermediate variables.
Step 10: Final answer: A

Conclusion: A",False
43,CCI,Sleep disturbance,A,"Reasoning Process:
Step 1: Understanding the definitions of CCI and Sleep disturbance is crucial to determine the causal relationship between the two variables. CCI is a comorbidity index, which measures the number of comorbidities, whereas Sleep disturbance is a self-reported measure of sleep quality, depth, and restoration associated with sleep.
Step 2: Considering the definitions, it is clear that CCI and Sleep disturbance are distinct constructs. CCI is a measure of the number of comorbidities, which can be physical or medical conditions, whereas Sleep disturbance is a subjective assessment of sleep quality.
Step 3: Given the distinct nature of CCI and Sleep disturbance, it is plausible that changes in CCI could indirectly affect Sleep disturbance. For instance, an increase in CCI (i.e., more comorbidities) may lead to increased stress, anxiety, or pain, which in turn can affect sleep quality and lead to Sleep disturbance.
Step 4: However, it is less likely that changes in Sleep disturbance would directly cause changes in CCI. CCI is a measure of existing comorbidities, and while Sleep disturbance may be a symptom or consequence of certain comorbidities, it is not a direct cause of the comorbidities themselves.
Step 5: Therefore, based on the definitions and the logical relationships between the variables, it is more likely that changing CCI causes a change in Sleep disturbance, either directly or through one or more intermediate variables.
Step 6: This conclusion is based on the understanding that CCI is a more objective measure of comorbidities, whereas Sleep disturbance is a subjective assessment of sleep quality. The relationship between the two variables is more likely to be unidirectional, with changes in CCI potentially affecting Sleep disturbance, but not the other way around.
Step 7: Therefore, the most likely answer is A. Changing CCI causes a change in Sleep disturbance, either directly or through one or more intermediate variables.

Conclusion: A",False
44,CCI,Smoking,B,"Reasoning Process:
Step 1: To determine the causal relationship between CCI and Smoking, we need to understand the definitions of both variables. CCI is a comorbidity index, which measures the number of comorbidities, while Smoking is the action of inhaling and exhaling tobacco smoke.
Step 2: CCI is a measure of the presence and severity of multiple health conditions, whereas Smoking is a behavior that can contribute to the development of various health conditions. This suggests that Smoking can potentially impact the value of CCI by increasing the number of comorbidities.
Step 3: Therefore, it is plausible that changing Smoking status (e.g., starting or quitting smoking) could lead to a change in CCI, either directly or through one or more intermediate variables, such as the development of new health conditions.
Step 4: This causal relationship is supported by the fact that smoking is a well-established risk factor for many chronic diseases, which are often included in the calculation of CCI.

Conclusion: B",False
45,Catastrophizing,Alcohol,B,"Reasoning Process:
Step 1: Understanding the definitions of Catastrophizing and Alcohol: Catastrophizing is a psychological phenomenon characterized by an exaggerated negative response to pain, while Alcohol is a substance consumed in varying amounts. To determine the causal relationship between the two, we need to consider how they might interact.
Step 2: Considering the potential mechanisms by which Catastrophizing could influence Alcohol consumption: Catastrophizing might lead to increased stress and anxiety, which could potentially lead to increased alcohol consumption as a coping mechanism. However, this is a potential indirect relationship and not a direct cause-and-effect relationship.
Step 3: Considering the potential mechanisms by which Alcohol could influence Catastrophizing: Alcohol consumption can impair cognitive function, including the ability to process and respond to pain. This could potentially lead to increased catastrophizing as the individual becomes less able to effectively cope with pain. However, this is also an indirect relationship.
Step 4: Considering the potential for bidirectional relationships: While it's possible that Catastrophizing could lead to increased Alcohol consumption, and Alcohol could lead to increased Catastrophizing, the question asks for the most likely relationship. Given the available information, the relationship between Alcohol and Catastrophizing is more likely to be bidirectional, but the question asks for a single answer.
Step 5: Evaluating the options: A suggests that changing Catastrophizing causes a change in Alcohol, which is a possible but not the most direct relationship. B suggests that changing Alcohol causes a change in Catastrophizing, which is also a possible but not the most direct relationship. C suggests that there is no causal relationship, which seems unlikely given the potential for bidirectional relationships.
Step 6: Considering the complexity of the relationships: Both A and B are plausible, but the question asks for the most likely relationship. Given the available information, it's difficult to determine a clear direction of causality. However, the relationship between Alcohol and Catastrophizing is more likely to be bidirectional, but the question asks for a single answer.
Step 7: Making a conclusion: Given the potential for bidirectional relationships and the complexity of the interactions between Catastrophizing and Alcohol, the most likely answer is that changing Alcohol causes a change in Catastrophizing, either directly or through one or more intermediate variables.
Step 8: Conclusion: Based on the analysis, the most likely relationship is that changing Alcohol causes a change in Catastrophizing, either directly or through one or more intermediate variables.
Step 9: Final Answer: B

Conclusion: B",False
46,Catastrophizing,Anxiety,A,"Reasoning Process:
Step 1: Understanding the definitions of Catastrophizing and Anxiety is crucial to answering this question. Catastrophizing is a cognitive process that involves magnifying the threat value of a pain stimulus and feeling helpless in the presence of pain. Anxiety, on the other hand, is a psychological state characterized by fear, anxious misery, hyperarousal, and somatic symptoms related to arousal.
Step 2: Considering the definitions, it is clear that Catastrophizing and Anxiety are related concepts. Catastrophizing can lead to increased anxiety as individuals may feel overwhelmed and fearful of their pain. Additionally, anxiety can exacerbate catastrophizing as individuals may become more prone to negative thoughts and feelings of helplessness.
Step 3: Given the bidirectional relationship between Catastrophizing and Anxiety, it is likely that changing one variable can affect the other. For example, reducing catastrophizing may lead to decreased anxiety, and reducing anxiety may lead to decreased catastrophizing.
Step 4: Therefore, based on the definitions and the relationship between Catastrophizing and Anxiety, it is most likely that changing Catastrophizing causes a change in Anxiety, either directly or through one or more intermediate variables.
Step 5: This conclusion is supported by the fact that both Catastrophizing and Anxiety are psychological states that can influence each other. Changing one variable can have a ripple effect on the other, leading to a change in the other variable.
Step 6: Therefore, the most likely answer is A. Changing Catastrophizing causes a change in Anxiety, either directly or through one or more intermediate variables.

Conclusion: A",True
47,Catastrophizing,CCI,C,"Reasoning Process:
Step 1: Understanding the definitions of Catastrophizing and CCI is crucial to determine the causal relationship between the two variables. Catastrophizing is a psychological construct related to pain perception, while CCI is a comorbidity index that measures the number of comorbidities. These definitions suggest that Catastrophizing is a psychological factor, whereas CCI is a medical factor.
Step 2: Considering the definitions, it is unlikely that Catastrophizing directly affects CCI, as CCI is a measure of medical comorbidities and Catastrophizing is a psychological construct. Therefore, option A is unlikely to be correct.
Step 3: Similarly, it is also unlikely that CCI directly affects Catastrophizing, as CCI is a measure of medical comorbidities and Catastrophizing is a psychological construct. However, it is possible that CCI could indirectly affect Catastrophizing through the impact of comorbidities on an individual's mental health or quality of life, which in turn could influence Catastrophizing. Nevertheless, this is a more complex relationship and may not be the most direct or likely causal relationship.
Step 4: Given the above considerations, the most likely causal relationship between Catastrophizing and CCI is that there is no direct causal relationship between the two variables. While CCI may indirectly affect Catastrophizing, the most direct and straightforward relationship is that they are two distinct constructs that operate in different domains (psychological and medical, respectively).
Step 5: Therefore, the most likely answer is C: There is no causal relationship between Catastrophizing and CCI.
Step 6: This conclusion is based on the definitions of the variables and the understanding that they operate in different domains, with Catastrophizing being a psychological construct and CCI being a medical measure.

Conclusion: C",False
48,Catastrophizing,Depression,A,"Reasoning Process:
Step 1: Understanding the definitions of Catastrophizing and Depression is crucial to answering this question. Catastrophizing is a cognitive process that involves magnifying the threat value of a pain stimulus and feeling helpless in the presence of pain. Depression, on the other hand, encompasses both affective and cognitive manifestations.
Step 2: Research has shown that catastrophizing is a common feature of chronic pain and is often associated with increased symptoms of depression. This suggests a potential link between the two variables.
Step 3: Furthermore, studies have demonstrated that cognitive-behavioral therapy (CBT), which targets catastrophizing, can also lead to improvements in depressive symptoms. This implies that changing catastrophizing may have a positive impact on depression.
Step 4: Additionally, the bidirectional relationship between catastrophizing and depression is supported by the fact that individuals with depression are more likely to exhibit catastrophizing, and vice versa. This suggests a reciprocal relationship between the two variables.
Step 5: Considering the above points, it is reasonable to conclude that changing catastrophizing can lead to a change in depression, either directly or through one or more intermediate variables.

Conclusion: A",True
49,Catastrophizing,Education,B,"Reasoning Process:
Step 1: Understanding the definitions of Catastrophizing and Education is crucial to determining the causal relationship between the two variables. Catastrophizing is a psychological phenomenon characterized by a tendency to magnify the threat value of pain and feel helpless in its presence. Education, on the other hand, refers to the level of education of the participant.
Step 2: Considering the definitions, it is clear that Catastrophizing is a psychological construct, while Education is a demographic variable. This suggests that Catastrophizing is more likely to be influenced by psychological or environmental factors, whereas Education is more likely to be influenced by external factors such as access to education, socioeconomic status, and geographical location.
Step 3: Given the nature of Catastrophizing and Education, it is unlikely that changing Education would directly cause a change in Catastrophizing. Education may provide individuals with knowledge and skills that can help them manage pain and reduce catastrophizing, but it is not a direct cause of catastrophizing.
Step 4: However, it is possible that changing Education could influence Catastrophizing indirectly through one or more intermediate variables. For example, education may improve an individual's coping skills, which in turn could reduce catastrophizing. Alternatively, education may provide individuals with access to resources and support that can help them manage pain and reduce catastrophizing.
Step 5: On the other hand, changing Catastrophizing is more likely to cause a change in Education. For instance, individuals who experience high levels of catastrophizing may be less likely to engage in education or training that requires them to confront their fears or anxieties. Additionally, catastrophizing can lead to avoidance behaviors, which can limit an individual's opportunities for education and personal growth.
Step 6: Therefore, based on the definitions and the nature of the variables, it is more likely that changing Education causes a change in Catastrophizing, either directly or through one or more intermediate variables.

Conclusion: B",False
50,Catastrophizing,Fear_avoidance,B,"Reasoning Process:
Step 1: Understanding the definitions of Catastrophizing and Fear_avoidance is crucial to determining the causal relationship between the two variables. Catastrophizing refers to the tendency to magnify the threat value of a pain stimulus and feel helpless in the presence of pain, while Fear_avoidance is a patient-reported questionnaire that focuses on how fear avoidance beliefs about physical activity and work may affect and contribute to low back pain and resulting disability.
Step 2: Considering the definitions, it is clear that Catastrophizing is a cognitive process that can influence an individual's perception of pain, while Fear_avoidance is a behavioral response to pain that may be influenced by an individual's perception of pain. This suggests a potential bidirectional relationship between the two variables.
Step 3: However, the definition of Catastrophizing specifically mentions a 'relative inability to prevent or inhibit pain-related thoughts', which implies that Catastrophizing may be a precursor to Fear_avoidance. If an individual catastrophizes about their pain, they may be more likely to avoid activities that they perceive as exacerbating their pain, which is a key component of Fear_avoidance.
Step 4: Therefore, it is more likely that changing Catastrophizing causes a change in Fear_avoidance, either directly or through one or more intermediate variables, rather than the other way around or no relationship at all.
Step 5: Based on the above reasoning, the most likely answer is B. Changing Fear_avoidance may also influence Catastrophizing, but the primary causal relationship is from Catastrophizing to Fear_avoidance.
Step 6: However, upon further consideration, it is also possible that changing Fear_avoidance could influence Catastrophizing through a feedback loop. For example, if an individual avoids activities due to Fear_avoidance, they may experience increased pain and catastrophize about their pain, which could reinforce their Fear_avoidance beliefs. Therefore, the relationship between Catastrophizing and Fear_avoidance is more complex than initially thought.
Step 7: Taking this into account, the most likely answer is B. Changing Fear_avoidance causes a change in Catastrophizing, either directly or through one or more intermediate variables, but it is also possible that the relationship is bidirectional.
Step 8: However, the question asks for the most likely answer, and based on the definitions and the potential for a feedback loop, the most likely answer is B. Changing Fear_avoidance causes a change in Catastrophizing, either directly or through one or more intermediate variables.

Conclusion: B",False
51,Catastrophizing,Financial_level,B,"Reasoning Process:
Step 1: Understanding the definitions of Catastrophizing and Financial_level is crucial to determining the causal relationship between the two variables. Catastrophizing refers to the tendency to magnify the threat value of a pain stimulus and feel helpless in the presence of pain, while Financial_level is a proxy for socioeconomic status.
Step 2: Considering the definitions, it is clear that Catastrophizing is a psychological construct related to pain perception, whereas Financial_level is an economic indicator. There is no direct logical connection between the two variables.
Step 3: However, it is possible that Financial_level could influence Catastrophizing indirectly. For instance, individuals with lower socioeconomic status may experience more stress and anxiety, which could exacerbate catastrophizing. This would suggest a potential causal relationship from Financial_level to Catastrophizing.
Step 4: On the other hand, changing Catastrophizing does not necessarily imply a change in Financial_level. Catastrophizing is a psychological trait that can be influenced by various factors, including past experiences, personality, and coping mechanisms, but it does not directly impact an individual's financial situation.
Step 5: Therefore, based on the definitions and the potential indirect relationship, the most likely scenario is that changing Financial_level causes a change in Catastrophizing, either directly or through one or more intermediate variables.
Step 6: This conclusion is consistent with the understanding that socioeconomic status can influence psychological well-being and coping mechanisms, which in turn can affect pain perception and catastrophizing.
Step 7: In conclusion, the most likely relationship between Catastrophizing and Financial_level is that changing Financial_level causes a change in Catastrophizing.
Step 8: This conclusion is based on the indirect relationship between the two variables and the understanding of how socioeconomic status can impact psychological well-being and coping mechanisms.

Conclusion: B",False
52,Catastrophizing,Obesity,C,"Reasoning Process:
Step 1: Understanding the definitions of Catastrophizing and Obesity: Catastrophizing is a psychological phenomenon where individuals tend to magnify the threat value of pain and feel helpless in its presence, while Obesity is a physical condition characterized by excess body weight or BMI.
Step 2: Analyzing the relationship between Catastrophizing and Obesity: Catastrophizing is a psychological factor, whereas Obesity is a physical condition. While psychological factors can influence physical health, the relationship between Catastrophizing and Obesity is not direct.
Step 3: Considering potential intermediate variables: There are several potential intermediate variables that could link Catastrophizing and Obesity, such as stress, anxiety, or depression, which can both contribute to Catastrophizing and Obesity. However, these variables are not explicitly mentioned in the question.
Step 4: Evaluating the direction of causality: While it is possible that Catastrophizing could contribute to Obesity through stress and anxiety, it is also possible that Obesity could contribute to Catastrophizing through feelings of shame, low self-esteem, or social isolation.
Step 5: Considering the complexity of the relationship: The relationship between Catastrophizing and Obesity is likely bidirectional and influenced by multiple factors, including psychological, social, and environmental variables.
Step 6: Conclusion: Given the complexity of the relationship and the lack of explicit information about intermediate variables, the most likely answer is that there is no clear causal relationship between Catastrophizing and Obesity.
Step 7: Selecting the most appropriate answer: Based on the analysis, the most likely answer is C. There is no causal relationship between Catastrophizing and Obesity.
Step 8: Final conclusion: The relationship between Catastrophizing and Obesity is complex and bidirectional, and there is no clear causal relationship between the two variables.

Conclusion: C",False
53,Catastrophizing,PEG,A,"Reasoning Process:
Step 1: Understanding the definitions of Catastrophizing and PEG is crucial to determining the causal relationship between the two variables. Catastrophizing is a psychological construct that refers to the tendency to magnify the threat value of a pain stimulus and feel helpless in the presence of pain. On the other hand, the PEG score is an index measuring pain interference and pain intensity due to chronic low back pain.
Step 2: Considering the definitions, it is clear that Catastrophizing is a psychological factor that can influence an individual's perception of pain, which in turn can affect their pain intensity and interference. This suggests that Catastrophizing could be a potential predictor of PEG scores.
Step 3: However, the relationship between Catastrophizing and PEG is not necessarily a direct one. It is more likely that Catastrophizing influences PEG through intermediate variables, such as pain intensity, emotional distress, or coping mechanisms. Therefore, changing Catastrophizing could lead to changes in these intermediate variables, which in turn affect PEG scores.
Step 4: In contrast, changing PEG scores may not necessarily lead to changes in Catastrophizing. While PEG scores may reflect the impact of pain on an individual's daily life, they do not directly measure psychological factors like catastrophizing.
Step 5: Therefore, based on the definitions and the likely relationships between the variables, it is more plausible that changing Catastrophizing causes a change in PEG, either directly or through one or more intermediate variables.
Step 6: This conclusion is consistent with the understanding that Catastrophizing is a psychological factor that can influence pain perception and, subsequently, pain intensity and interference.
Step 7: Therefore, the most likely answer is A: Changing Catastrophizing causes a change in PEG, either directly or through one or more intermediate variables.

Conclusion: A",True
54,Catastrophizing,Sleep disturbance,B,"Reasoning Process:
Step 1: Understanding the definitions of Catastrophizing and Sleep disturbance is crucial to determine the causal relationship between the two variables. Catastrophizing is a cognitive process that involves magnifying the threat value of a pain stimulus and feeling helpless in the presence of pain. On the other hand, Sleep disturbance is a self-reported measure of sleep quality, depth, and restoration associated with sleep.
Step 2: Research has shown that catastrophizing can lead to increased anxiety and stress, which can disrupt sleep patterns and lead to sleep disturbances. This suggests that catastrophizing may have a direct or indirect effect on sleep disturbance.
Step 3: However, the relationship between catastrophizing and sleep disturbance can also be bidirectional. For example, sleep disturbances can exacerbate pain and increase the likelihood of catastrophizing. This means that changing sleep disturbance could potentially lead to a change in catastrophizing.
Step 4: Considering the bidirectional relationship between catastrophizing and sleep disturbance, it is likely that changing catastrophizing causes a change in sleep disturbance, either directly or through one or more intermediate variables.

Conclusion: B",False
55,Catastrophizing,Smoking,B,"Reasoning Process:
Step 1: Understanding the definitions of Catastrophizing and Smoking is crucial to determining the causal relationship between the two variables. Catastrophizing is a psychological phenomenon characterized by the tendency to magnify the threat value of pain and feel helpless in its presence, while Smoking is a physical habit of inhaling tobacco smoke.
Step 2: To determine the causal relationship between Catastrophizing and Smoking, we need to consider whether one variable can influence the other directly or through intermediate variables. Catastrophizing is a psychological state, while Smoking is a physical habit. This suggests that the relationship between the two variables may not be direct.
Step 3: However, it's possible that Catastrophizing could influence Smoking indirectly. For example, individuals who catastrophize about their pain may be more likely to turn to Smoking as a coping mechanism to manage their pain. This would suggest a potential causal relationship between Catastrophizing and Smoking.
Step 4: On the other hand, it's also possible that Smoking could influence Catastrophizing indirectly. For instance, Smoking can lead to chronic pain and other health problems, which may trigger catastrophizing in some individuals. This would suggest a potential causal relationship between Smoking and Catastrophizing.
Step 5: Considering these possibilities, it's clear that there is a potential causal relationship between Catastrophizing and Smoking, either directly or through one or more intermediate variables.
Step 6: However, the question asks for the most likely causal relationship. While both directions of causality are possible, research suggests that Smoking is often a risk factor for chronic pain and other health problems, which can lead to catastrophizing. Therefore, changing Smoking is more likely to cause a change in Catastrophizing, either directly or through one or more intermediate variables.
Step 7: Based on this analysis, the most likely causal relationship between Catastrophizing and Smoking is that changing Smoking causes a change in Catastrophizing, either directly or through one or more intermediate variables.
Step 8: Therefore, the correct answer is B.

Conclusion: B",False
56,Depression,Alcohol,B,"Reasoning Process:
Step 1: Understanding the definitions of Variable 1 (Depression) and Variable 2 (Alcohol): PROMIS depression refers to the affective and cognitive manifestations of depression, while alcohol consumption is measured by the number of drinks per week.
Step 2: Considering the definitions, it's clear that depression is a psychological condition, while alcohol consumption is a behavioral factor. This suggests that there may be a complex relationship between the two variables.
Step 3: Research has shown that individuals with depression are more likely to engage in unhealthy behaviors, including excessive alcohol consumption. This is often referred to as a bidirectional relationship, where depression can contribute to increased alcohol use, and increased alcohol use can exacerbate depressive symptoms.
Step 4: However, it's also possible that other factors, such as genetics, environment, or underlying health conditions, may influence both depression and alcohol consumption. This suggests that the relationship between the two variables may be indirect or mediated by other factors.
Step 5: Given the complexity of the relationship between depression and alcohol consumption, it's unlikely that there is no causal relationship between the two variables. Instead, it's more likely that changing one variable can influence the other, either directly or through one or more intermediate variables.
Step 6: Based on the above reasoning, the most likely answer is that changing Alcohol causes a change in Depression, either directly or through one or more intermediate variables. This is because research has shown that excessive alcohol consumption can contribute to the development and exacerbation of depressive symptoms.
Step 7: However, it's also possible that changing Depression can cause a change in Alcohol, either directly or through one or more intermediate variables. This is because individuals with depression may be more likely to engage in unhealthy behaviors, including excessive alcohol consumption.
Step 8: Therefore, the most accurate answer is that changing Alcohol causes a change in Depression, either directly or through one or more intermediate variables, and changing Depression can also cause a change in Alcohol, either directly or through one or more intermediate variables.
Step 9: However, since the question only provides two options, A and B, and given the complexity of the relationship between the two variables, I will choose the option that is most directly supported by research, which is that changing Alcohol causes a change in Depression, either directly or through one or more intermediate variables.
Step 10: Therefore, the final answer is B.

Conclusion: B",True
57,Depression,Anxiety,A,"Reasoning Process:
Step 1: Understanding the definitions of Depression and Anxiety: The definitions provided indicate that Depression (PROMIS depression) encompasses affective and cognitive manifestations, while Anxiety (PROMIS anxiety) focuses on fear, anxious misery, hyperarousal, and somatic symptoms related to arousal.
Step 2: Considering the overlap between Depression and Anxiety: Although the definitions highlight distinct aspects, there is a potential overlap between the two, as anxiety can contribute to or exacerbate depressive symptoms, and vice versa.
Step 3: Evaluating the potential causal relationship: Given the interplay between Depression and Anxiety, it is plausible that changes in one could influence the other, either directly or indirectly through intermediate variables.
Step 4: Considering the complexity of mental health: Mental health conditions like Depression and Anxiety are often interconnected and can influence each other in complex ways, making it likely that changes in one could impact the other.
Step 5: Conclusion based on the analysis: Given the overlap, interplay, and complexity of Depression and Anxiety, it is most likely that changing Depression causes a change in Anxiety, either directly or through one or more intermediate variables.
Step 6: Final conclusion: Based on the reasoning above, the most likely answer is A.

Conclusion: A",False
58,Depression,CCI,B,"Reasoning Process:
Step 1: Understanding the definitions of the variables: Depression is defined as the affective and cognitive manifestations of depression, and CCI is a comorbidity index that measures the number of comorbidities.
Step 2: Considering the relationship between Depression and CCI, it is essential to recognize that Depression is a condition that can be caused by various factors, including physical health conditions, which are often measured by comorbidity indices like CCI.
Step 3: Given that Depression can be influenced by physical health conditions, it is plausible that a change in CCI, which reflects the number of comorbidities, could indirectly affect Depression through the presence or absence of these comorbid conditions.
Step 4: Therefore, it is more likely that changing CCI causes a change in Depression, either directly or through one or more intermediate variables, such as the presence of comorbid conditions that contribute to Depression.
Step 5: Based on the understanding of the relationship between Depression and CCI, the most likely scenario is that changing CCI causes a change in Depression.
Step 6: This conclusion is supported by the fact that CCI measures the number of comorbidities, which can directly impact an individual's mental health, including their risk of developing Depression.

Conclusion: B",True
59,Depression,Catastrophizing,B,"Reasoning Process:
Step 1: Understanding the definitions of Depression and Catastrophizing: Depression is characterized by affective and cognitive manifestations, while Catastrophizing is a cognitive process that involves magnifying the threat value of a pain stimulus and feeling helpless in the presence of pain.
Step 2: Considering the relationship between Depression and Catastrophizing: Catastrophizing is a cognitive process that is closely related to the affective and cognitive manifestations of Depression. Individuals with Depression often exhibit catastrophizing thoughts and behaviors, which can exacerbate their depressive symptoms.
Step 3: Evaluating the direction of causality: While Depression can contribute to Catastrophizing, it is also possible that Catastrophizing can contribute to the development or exacerbation of Depression. For example, catastrophizing can lead to increased stress and anxiety, which can worsen depressive symptoms.
Step 4: Considering the possibility of bidirectional causality: Given the complex and bidirectional relationship between Depression and Catastrophizing, it is likely that changing Catastrophizing can cause a change in Depression, either directly or through one or more intermediate variables.
Step 5: Eliminating the other options: While it is possible that changing Depression could indirectly affect Catastrophizing, the evidence suggests that Catastrophizing is a key contributor to Depression. Therefore, option A is less likely. Option C is also unlikely, as the definitions and relationships between Depression and Catastrophizing suggest a causal relationship.

Conclusion: B",False
60,Depression,Education,B,"Reasoning Process:
Step 1: To determine the causal relationship between Depression and Education, I need to consider the definitions of both variables. Depression is defined as the affective and cognitive manifestations of depression, which is a mental health condition. Education, on the other hand, is defined as the level of education of the participant.
Step 2: Given the definitions, I can infer that Depression is a psychological state, while Education is a demographic characteristic. This suggests that Education may influence Depression, but it is less likely that Depression would directly affect Education.
Step 3: However, it's also possible that there are intermediate variables that could link Education and Depression. For example, Education level may affect access to resources and opportunities that can impact mental health, such as employment, social support, and healthcare access.
Step 4: Considering these factors, I conclude that the most likely causal relationship is that changing Education causes a change in Depression, either directly or through one or more intermediate variables.

Conclusion: B",False
61,Depression,Fear_avoidance,B,"Reasoning Process:
Step 1: Understanding the definitions of Depression and Fear_avoidance is crucial to determining the causal relationship between the two variables. Depression is defined as the affective and cognitive manifestations of depression, as measured by the PROMIS depression questionnaire. Fear_avoidance, on the other hand, is a patient-reported questionnaire that focuses on how a patient's fear avoidance beliefs about physical activity and work may affect and contribute to their low back pain and resulting disability.
Step 2: Considering the definitions, it is clear that Depression and Fear_avoidance are related to low back pain and disability. Depression can exacerbate or contribute to low back pain, and Fear_avoidance can also contribute to low back pain and disability. This suggests that there may be a relationship between the two variables.
Step 3: However, the definitions do not explicitly state that Depression causes Fear_avoidance or vice versa. Instead, they suggest that both variables are related to low back pain and disability. This implies that the relationship between Depression and Fear_avoidance may be bidirectional or mediated by other variables.
Step 4: Given the complexity of the relationship between Depression and Fear_avoidance, it is likely that changing Fear_avoidance causes a change in Depression, either directly or through one or more intermediate variables. This is because Fear_avoidance is a specific type of cognitive-behavioral response to pain, and changing this response may have a direct impact on a person's affective and cognitive manifestations of depression.
Step 5: For example, if a person with low back pain and depression begins to engage in physical activity and work despite their fear avoidance beliefs, this may lead to a reduction in their fear avoidance and a subsequent improvement in their depression symptoms. This suggests that changing Fear_avoidance can have a causal effect on Depression.
Step 6: In contrast, changing Depression may not have a direct causal effect on Fear_avoidance, as Depression is a more general construct that encompasses a range of symptoms and experiences. While it is possible that reducing Depression symptoms may lead to a reduction in Fear_avoidance, this relationship is less direct and may be mediated by other variables.
Step 7: Therefore, based on the definitions and the likely bidirectional relationship between Depression and Fear_avoidance, the most likely answer is that changing Fear_avoidance causes a change in Depression, either directly or through one or more intermediate variables.
Step 8: This conclusion is consistent with the idea that cognitive-behavioral interventions, such as those targeting Fear_avoidance, can be effective in reducing symptoms of Depression in individuals with low back pain and disability.
Step 9: In conclusion, the most likely answer is B. Changing Fear_avoidance causes a change in Depression, either directly or through one or more intermediate variables.
Step 10: This conclusion is based on the definitions of Depression and Fear_avoidance, the likely bidirectional relationship between the two variables, and the potential for cognitive-behavioral interventions to reduce symptoms of Depression.

Conclusion: B",False
62,Depression,Financial_level,B,"Reasoning Process:
Step 1: Understanding the definitions of the variables: Depression is defined as the affective and cognitive manifestations of depression, and Financial_level is a proxy for socioeconomic status.
Step 2: Considering the relationship between Depression and Financial_level, it is well-established in literature that socioeconomic status, which Financial_level is a proxy for, has a significant impact on mental health outcomes, including depression.
Step 3: Furthermore, financial difficulties and stress can exacerbate symptoms of depression, suggesting a potential causal relationship between Financial_level and Depression.
Step 4: Additionally, depression can also impact an individual's ability to manage their finances, maintain employment, and make sound financial decisions, which can further contribute to a change in Financial_level.
Step 5: Considering these bidirectional relationships, it is more likely that changing Financial_level causes a change in Depression, either directly or through one or more intermediate variables.

Conclusion: B",False
63,Depression,Obesity,B,"Reasoning Process:
Step 1: Understanding the definitions of Variable 1 (Depression) and Variable 2 (Obesity). Depression is defined as the affective and cognitive manifestations of depression, which can be measured using the PROMIS depression scale. Obesity, on the other hand, is defined as being overweight or having a high BMI.
Step 2: Considering the relationship between Depression and Obesity. Research has shown that there is a bidirectional relationship between the two conditions. This means that individuals with depression are more likely to experience weight gain or obesity, and individuals with obesity are more likely to experience depression.
Step 3: Analyzing the possible causal relationships between Depression and Obesity. Given the bidirectional relationship, it is likely that changing one condition can lead to a change in the other. For example, weight gain or obesity can contribute to the development of depression, and conversely, depression can lead to changes in eating habits and weight gain.
Step 4: Evaluating the options. Option A suggests that changing Depression causes a change in Obesity, which is partially true but does not capture the full bidirectional relationship. Option C suggests that there is no causal relationship between Depression and Obesity, which is not supported by the evidence. Therefore, the most likely option is B, which suggests that changing Obesity causes a change in Depression, either directly or through one or more intermediate variables.
Step 5: Conclusion: Based on the definitions and the bidirectional relationship between Depression and Obesity, the most likely option is B. Changing Obesity causes a change in Depression, either directly or through one or more intermediate variables.
Step 6: Conclusion: B

Conclusion: B",False
64,Depression,PEG,B,"Reasoning Process:
Step 1: Understanding the definitions of the variables: Depression is defined as the affective and cognitive manifestations of depression, and PEG score is an index measuring pain interference and pain intensity due to chronic low back pain.
Step 2: Considering the definitions, it's clear that Depression and PEG score are related to different aspects of a person's health. Depression is a mental health condition, while PEG score is a measure of pain intensity and interference.
Step 3: Given that Depression and PEG score are related to different aspects of health, it's possible that they could be influenced by common underlying factors, such as overall health status or quality of life.
Step 4: However, the definitions do not suggest a direct causal relationship between Depression and PEG score. Depression is not a direct cause of pain, and PEG score is not a direct measure of mental health.
Step 5: Considering the possibility of intermediate variables, it's possible that changes in Depression could indirectly affect PEG score through factors such as decreased motivation or energy levels, which could impact a person's ability to manage their pain.
Step 6: However, the most direct and likely relationship is that changing PEG score could cause a change in Depression, either directly or through one or more intermediate variables. For example, increased pain intensity and interference could lead to increased stress and anxiety, which could contribute to the development or worsening of Depression.
Step 7: Therefore, based on the definitions and the relationships between the variables, the most likely answer is that changing PEG causes a change in Depression, either directly or through one or more intermediate variables.
Step 8: Conclusion: B. Changing PEG causes a change in Depression, either directly or through one or more intermediate variables.

Conclusion: B",True
65,Depression,Sleep disturbance,A,"Reasoning Process:
Step 1: Understanding the definitions of Depression and Sleep disturbance is crucial to determining the causal relationship between the two variables. Depression is defined as the affective and cognitive manifestations of depression, as measured by the PROMIS depression scale. On the other hand, Sleep disturbance is defined as the self-reported perceptions of sleep quality, sleep depth, and restoration associated with sleep.
Step 2: Considering the definitions, it is clear that Depression and Sleep disturbance are related but distinct concepts. Depression encompasses a broader range of symptoms, including affective and cognitive manifestations, while Sleep disturbance is a specific aspect of overall sleep quality.
Step 3: Given the relationship between Depression and Sleep disturbance, it is reasonable to infer that changes in Depression could potentially impact Sleep disturbance. For instance, individuals experiencing depression may report poorer sleep quality, sleep depth, and restoration. Therefore, changing Depression could lead to a change in Sleep disturbance.
Step 4: However, the reverse relationship is also plausible. Poor sleep quality, sleep depth, and restoration associated with Sleep disturbance could exacerbate or contribute to the development of Depression. This is because sleep disturbances can affect mood regulation, cognitive function, and emotional processing, all of which are relevant to Depression.
Step 5: Considering both possible directions of causality, it is likely that there is a bidirectional relationship between Depression and Sleep disturbance. This means that changing Depression can cause a change in Sleep disturbance, and changing Sleep disturbance can also cause a change in Depression.
Step 6: However, the question asks for the most likely option, and given the complexity of the relationship, it is difficult to determine the exact direction of causality. Nevertheless, based on the definitions and the general understanding of the relationship between Depression and Sleep disturbance, it is reasonable to conclude that changing Depression causes a change in Sleep disturbance, either directly or through one or more intermediate variables.
Step 7: This conclusion is based on the understanding that Depression encompasses a broader range of symptoms, including those that can impact sleep quality, and that changes in Depression can have a direct or indirect impact on Sleep disturbance.
Step 8: Therefore, the most likely option is A: Changing Depression causes a change in Sleep disturbance, either directly or through one or more intermediate variables.
Step 9: This conclusion is consistent with the definitions and the general understanding of the relationship between Depression and Sleep disturbance.

Conclusion: A",False
66,Depression,Smoking,B,"Reasoning Process:
Step 1: Understanding the definitions of the variables: Depression is defined as the affective and cognitive manifestations of depression, and Smoking is defined as the action or habit of inhaling and exhaling the smoke of tobacco.
Step 2: Considering the relationship between the two variables, it is essential to determine if there is a causal relationship between them. A causal relationship implies that one variable directly or indirectly affects the other.
Step 3: Analyzing the definitions, there is no direct indication that Depression causes Smoking or vice versa. However, research has shown that there is a correlation between the two variables.
Step 4: Studies have found that individuals with depression are more likely to smoke, and smoking can also contribute to the development of depression. This suggests that there is a bidirectional relationship between the two variables.
Step 5: Given the bidirectional relationship, changing Smoking can lead to a change in Depression, and changing Depression can also lead to a change in Smoking. Therefore, option B is the most likely.

Conclusion: B",True
67,Education,Alcohol,A,"Reasoning Process:
Step 1: To determine the causal relationship between Education and Alcohol, we need to consider the potential mechanisms by which one variable could influence the other.
Step 2: Education can influence Alcohol consumption through various mechanisms, such as increased knowledge about the risks associated with excessive drinking, improved decision-making skills, and access to resources that promote healthy behaviors.
Step 3: On the other hand, Alcohol consumption is unlikely to directly influence Education, as education is typically a long-term process that is not directly affected by short-term changes in drinking habits.
Step 4: However, it's possible that heavy drinking could indirectly affect Education by impairing cognitive function, memory, and motivation, potentially leading to decreased academic performance and lower educational attainment.
Step 5: However, this indirect effect would not be a direct causal relationship, but rather a potential consequence of excessive drinking.
Step 6: Considering these points, the most likely causal relationship is that changing Education can lead to a change in Alcohol consumption, either directly or through one or more intermediate variables.

Conclusion: A",True
68,Education,Anxiety,C,"Reasoning Process:
Step 1: To determine the causal relationship between Education and Anxiety, we need to consider the definitions of both variables. Education refers to the level of education of the participant, which is a demographic characteristic. Anxiety, on the other hand, is a psychological state that encompasses fear, anxious misery, hyperarousal, and somatic symptoms related to arousal.
Step 2: Based on the definitions, it is unlikely that Education directly causes a change in Anxiety, as Education is a static characteristic and Anxiety is a dynamic psychological state. Therefore, option A is less likely.
Step 3: Similarly, it is also unlikely that Anxiety directly causes a change in Education, as Education is a demographic characteristic that is typically determined by external factors such as access to education, socioeconomic status, and geographical location. Therefore, option B is also less likely.
Step 4: Considering the definitions and the nature of both variables, it is more plausible that there is no direct causal relationship between Education and Anxiety. This is because Education is a stable characteristic that does not directly influence an individual's psychological state, and Anxiety is a complex psychological state that is influenced by multiple factors, including genetics, environment, and life experiences.

Conclusion: C",True
69,Education,CCI,A,"Reasoning Process:
Step 1: To determine the causal relationship between Education and CCI, we need to consider the definitions and potential interactions between the two variables.
Step 2: Education refers to the level of education of the participant, which is a personal characteristic that can influence various aspects of a person's life, including their health and lifestyle choices.
Step 3: CCI, on the other hand, is a comorbidity index that measures the number of comorbidities, which are pre-existing medical conditions that a person may have.
Step 4: Considering the definitions, it is possible that education level can influence a person's health literacy, access to healthcare, and lifestyle choices, which in turn can affect their likelihood of developing comorbidities.
Step 5: For example, individuals with higher education levels may be more likely to have better health literacy, which enables them to make informed decisions about their health and seek medical care earlier, potentially reducing the likelihood of developing comorbidities.
Step 6: Therefore, it is plausible that changing Education can lead to a change in CCI, either directly or through one or more intermediate variables.

Conclusion: A",True
70,Education,Catastrophizing,C,"Reasoning Process:
Step 1: Understanding the definitions of Education and Catastrophizing is crucial to determine the causal relationship between the two variables. Education refers to the level of education of the participant, which is a demographic characteristic. Catastrophizing, on the other hand, is a psychological construct that refers to the tendency to magnify the threat value of a pain stimulus and feel helpless in the presence of pain.
Step 2: Considering the definitions, it is unlikely that Education directly affects Catastrophizing. Education is a demographic characteristic that does not inherently influence an individual's thoughts or behaviors related to pain. Therefore, it is unlikely that changing Education would directly impact Catastrophizing.
Step 3: However, it is also unlikely that Catastrophizing directly affects Education. Education is a demographic characteristic that is typically determined by factors such as socioeconomic status, access to education, and geographical location. Catastrophizing is a psychological construct that is influenced by various factors, including past experiences, personality traits, and coping mechanisms. While Catastrophizing may be related to Education in some indirect way (e.g., individuals with lower education may have limited access to resources and support that can help them manage pain and reduce catastrophizing), it is unlikely that Catastrophizing directly causes a change in Education.
Step 4: Given the above considerations, the most likely option is that there is no causal relationship between Education and Catastrophizing. While there may be some indirect relationships between the two variables, there is no direct causal link between them.

Conclusion: C",False
71,Education,Depression,B,"Reasoning Process:
Step 1: To determine the causal relationship between Education and Depression, we need to consider the definitions of both variables. Education refers to the level of education of the participant, which is a characteristic or attribute of the individual. On the other hand, PROMIS depression refers to the affective and cognitive manifestations of depression, which is a psychological condition.
Step 2: Given the definitions, we can infer that Education is a potential predictor or correlate of Depression, but it is not a direct cause of the condition. Education can influence an individual's socioeconomic status, employment opportunities, and access to healthcare, which in turn can affect their mental health and risk of depression.
Step 3: However, the relationship between Education and Depression is likely to be bidirectional. While higher education may reduce the risk of depression, individuals with depression may also be less likely to pursue higher education due to their mental health condition.
Step 4: Therefore, changing Education can indirectly affect Depression through various intermediate variables, such as socioeconomic status, employment opportunities, and access to healthcare. However, it is not a direct cause of Depression.
Step 5: On the other hand, changing Depression can also affect Education, as individuals with depression may struggle to maintain their academic performance or pursue higher education. Therefore, there is a bidirectional relationship between Education and Depression.
Step 6: Considering the bidirectional relationship, the most likely answer is that changing Education causes a change in Depression, either directly or through one or more intermediate variables.

Conclusion: B",True
72,Education,Fear_avoidance,A,"Reasoning Process:
Step 1: To determine the causal relationship between Education and Fear_avoidance, we need to consider the definitions and potential interactions between the two variables.
Step 2: Education refers to the level of education of the participant, which is a demographic characteristic. Fear avoidance, on the other hand, is a patient-reported questionnaire that focuses on how a patient's fear avoidance beliefs about physical activity and work may affect and contribute to their low back pain and resulting disability.
Step 3: Given the definitions, it is unlikely that Education directly causes a change in Fear_avoidance, as Education is a static characteristic and Fear avoidance is a psychological construct that is influenced by various factors, including beliefs and experiences.
Step 4: However, it is possible that Education may indirectly influence Fear avoidance through one or more intermediate variables. For example, higher education levels may be associated with greater access to information and resources that can help individuals manage their pain and reduce fear avoidance behaviors.
Step 5: On the other hand, changing Fear_avoidance may not necessarily cause a change in Education, as Education is a fixed characteristic that is determined by past experiences and circumstances.
Step 6: Therefore, based on the definitions and potential interactions between the two variables, the most likely causal relationship is that changing Education causes a change in Fear_avoidance, either directly or through one or more intermediate variables.

Conclusion: A",False
73,Education,Financial_level,A,"Reasoning Process:
Step 1: Understanding the definitions of Education and Financial_level is crucial to determining the causal relationship between the two variables. Education refers to the level of education of the participant, while Financial_level is a proxy for socioeconomic status.
Step 2: Considering the definitions, it is logical to infer that Education can influence Financial_level. For instance, higher education often leads to better job opportunities, higher salaries, and improved financial stability, which in turn can affect an individual's Financial_level.
Step 3: On the other hand, while Financial_level can also impact Education, it is not as direct. Financial constraints can limit access to education, but this is more of a barrier rather than a causal relationship. However, it is still a possible pathway for causality.
Step 4: However, the most direct and significant relationship is that Education can influence Financial_level. This is because education is a key factor in determining one's earning potential and career prospects, which directly impact Financial_level.
Step 5: Therefore, based on the definitions and the logical relationships between the variables, it is more likely that changing Education causes a change in Financial_level, either directly or through one or more intermediate variables.
Step 6: This conclusion is consistent with the understanding that education is a key driver of socioeconomic status and financial stability.
Step 7: Therefore, the most likely answer is A.

Conclusion: A",True
74,Education,Obesity,A,"Reasoning Process:
Step 1: To determine the causal relationship between Education and Obesity, we need to consider the potential mechanisms by which one variable could influence the other. This involves analyzing the definitions of both variables and exploring any known associations or correlations between them.
Step 2: Education is defined as the level of education of the participant, which is a socio-economic factor. Obesity, on the other hand, is defined as BMI or being overweight, which is a health-related factor. These two variables seem to be related but operate in different domains.
Step 3: Research has shown that there is a correlation between education level and health outcomes, including obesity. Individuals with higher levels of education tend to have better health knowledge, healthier lifestyles, and greater access to healthcare resources, which can contribute to lower obesity rates.
Step 4: However, the relationship between education and obesity is likely to be bidirectional. While education can influence obesity through healthier lifestyle choices and better access to healthcare, obesity can also impact education through decreased productivity, lower motivation, and reduced cognitive function.
Step 5: Considering these factors, it is likely that changing education can lead to a change in obesity, either directly or through intermediate variables such as lifestyle choices, access to healthcare, and socioeconomic status.
Step 6: However, the reverse relationship, where changing obesity causes a change in education, is less direct and more complex. While obesity can impact education, it is not a primary driver of educational attainment.
Step 7: Therefore, based on the analysis of the definitions, research, and potential mechanisms, the most likely causal relationship is that changing education causes a change in obesity, either directly or through one or more intermediate variables.
Step 8: This conclusion is supported by the understanding that education is a more direct and influential factor in shaping health outcomes, including obesity, compared to the reverse relationship.
Step 9: Therefore, the final conclusion is that changing education causes a change in obesity, either directly or through one or more intermediate variables.

Conclusion: A",True
75,Education,PEG,A,"Reasoning Process:
Step 1: To determine the causal relationship between Education and PEG, we need to consider the definitions of both variables. Education refers to the level of education of the participant, which is a personal characteristic. PEG score, on the other hand, is an index measuring pain interference and pain intensity due to chronic low back pain, which is a health-related outcome.
Step 2: Given the definitions, it's unlikely that Education directly affects PEG, as Education is a personal characteristic and PEG is a health-related outcome. However, Education can influence health-related outcomes through various intermediate variables, such as health literacy, socioeconomic status, or access to healthcare.
Step 3: Considering the potential intermediate variables, it's plausible that Education can indirectly affect PEG. For instance, individuals with higher education may have better health literacy, which can lead to better management of chronic pain and, consequently, a lower PEG score.
Step 4: On the other hand, changing PEG is unlikely to directly cause a change in Education, as Education is a personal characteristic that is typically determined early in life and is not directly influenced by health-related outcomes.
Step 5: Therefore, based on the definitions and the potential intermediate variables, the most likely causal relationship is that changing Education causes a change in PEG, either directly or through one or more intermediate variables.
Step 6: This conclusion is consistent with the concept of a bidirectional relationship, where Education can influence PEG, but PEG does not directly influence Education.
Step 7: However, the question asks for the most likely causal relationship, and based on the analysis, option A is the most plausible.
Step 8: Therefore, the final conclusion is that changing Education causes a change in PEG, either directly or through one or more intermediate variables.
Step 9: This conclusion is based on the analysis of the definitions, potential intermediate variables, and the direction of causality.

Conclusion: A",True
76,Education,Sleep disturbance,A,"Reasoning Process:
Step 1: To determine the causal relationship between Education and Sleep disturbance, we need to consider the definitions and potential interactions between the two variables.
Step 2: Education refers to the level of education of the participant, which is a static characteristic that can influence various aspects of a person's life, including their health and well-being.
Step 3: Sleep disturbance, on the other hand, is a self-reported measure of sleep quality, depth, and restoration, which can be influenced by various factors, including education level.
Step 4: However, the definition of Sleep disturbance does not explicitly indicate that it is a direct cause of Education, but rather a potential outcome or consequence of various factors, including education level.
Step 5: Considering the definitions and potential interactions between the two variables, it is more plausible that Education influences Sleep disturbance, rather than the other way around.
Step 6: For example, higher education levels are often associated with better health literacy, access to healthcare, and healthier lifestyle choices, which can contribute to improved sleep quality.
Step 7: Therefore, it is more likely that changing Education causes a change in Sleep disturbance, either directly or through one or more intermediate variables.

Conclusion: A",False
77,Education,Smoking,A,"Reasoning Process:
Step 1: To determine the causal relationship between Education and Smoking, we need to consider the definitions and potential interactions between the two variables.
Step 2: Education is a characteristic that can influence various aspects of a person's life, including their lifestyle choices, such as health habits.
Step 3: Smoking is a lifestyle choice that can be influenced by various factors, including education level, as more educated individuals may have better access to information about the risks associated with smoking.
Step 4: However, it's also possible that education level can be influenced by other factors, such as socioeconomic status, which may also impact smoking habits.
Step 5: Considering the potential bidirectional relationship between education and smoking, it's more likely that changing one variable can cause a change in the other, either directly or through intermediate variables.
Step 6: Therefore, the most likely option is that changing Education causes a change in Smoking, either directly or through one or more intermediate variables.
Step 7: This is because education can influence an individual's knowledge, attitudes, and behaviors, including their decision to smoke or not.
Step 8: Additionally, education can also impact an individual's socioeconomic status, which can further influence their smoking habits.
Step 9: Therefore, based on the potential bidirectional relationship between education and smoking, the most likely option is A.
Step 10: This conclusion is consistent with the understanding that education can influence an individual's lifestyle choices, including their decision to smoke or not.

Conclusion: A",True
78,Fear_avoidance,Alcohol,C,"Reasoning Process:
Step 1: To determine the causal relationship between Fear_avoidance and Alcohol, we need to consider the definitions and potential interactions between the two variables.
Step 2: Fear_avoidance is a patient-reported questionnaire that focuses on how a patient's fear avoidance beliefs about physical activity and work may affect and contribute to their low back pain and resulting disability. This suggests that Fear_avoidance is a psychological factor related to pain and disability.
Step 3: Alcohol consumption, on the other hand, is a behavioral factor that can have various effects on physical and mental health. However, there is no direct indication that Fear_avoidance would directly influence Alcohol consumption or vice versa based on the given definitions.
Step 4: Considering the definitions, it is possible that there could be an indirect relationship between Fear_avoidance and Alcohol, such as through the impact of pain and disability on mental health or social factors. However, without more information, it is difficult to establish a direct causal relationship.
Step 5: Given the information provided, the most likely scenario is that there is no direct causal relationship between Fear_avoidance and Alcohol. The definitions do not suggest a direct link between the two variables.

Conclusion: C",False
79,Fear_avoidance,Anxiety,B,"Reasoning Process:
Step 1: Understanding the definitions of Fear_avoidance and Anxiety: Fear_avoidance is a patient-reported questionnaire focusing on how fear avoidance beliefs about physical activity and work may affect and contribute to low back pain and resulting disability. Anxiety, as measured by PROMIS anxiety, encompasses fear, anxious misery, hyperarousal, and somatic symptoms related to arousal.
Step 2: Analyzing the relationship between Fear_avoidance and Anxiety: Fear_avoidance is directly related to the concept of fear, which is also a component of Anxiety. This suggests a potential link between the two variables.
Step 3: Considering the potential for bidirectional relationships: While Fear_avoidance may contribute to Anxiety, it is also possible that high levels of Anxiety could exacerbate or even create Fear_avoidance beliefs. This suggests a potential bidirectional relationship between the two variables.
Step 4: Evaluating the options: Given the potential for a bidirectional relationship between Fear_avoidance and Anxiety, option A (Changing Fear_avoidance causes a change in Anxiety) and option B (Changing Anxiety causes a change in Fear_avoidance) are both plausible. However, option C (There is no causal relationship between Fear_avoidance and Anxiety) seems less likely given the overlap between the two constructs.
Step 5: Selecting the most likely option: Based on the analysis, option B (Changing Anxiety causes a change in Fear_avoidance) seems to be the most likely, as high levels of Anxiety could potentially exacerbate or create Fear_avoidance beliefs. However, it's also possible that changing Fear_avoidance could influence Anxiety, so a more accurate answer would be that there is a bidirectional relationship. However, given the options provided, option B is the most fitting.

Conclusion: B",True
80,Fear_avoidance,CCI,B,"Reasoning Process:
Step 1: Understanding the definitions of Fear_avoidance and CCI: Fear_avoidance is a patient-reported questionnaire that focuses on how a patient's fear avoidance beliefs about physical activity and work may affect and contribute to their low back pain and resulting disability. CCI, on the other hand, is a comorbidity index that measures the number of comorbidities. These definitions suggest that Fear_avoidance is related to a patient's psychological and behavioral responses to pain, while CCI is a measure of a patient's physical health status.
Step 2: Considering the nature of Fear_avoidance and CCI, it is unlikely that Fear_avoidance would directly cause a change in CCI, as CCI is a measure of physical health status and Fear_avoidance is related to psychological and behavioral responses. Therefore, option A is unlikely to be correct.
Step 3: Similarly, it is also unlikely that CCI would directly cause a change in Fear_avoidance, as CCI is a measure of physical health status and Fear_avoidance is related to psychological and behavioral responses. However, it is possible that CCI could influence Fear_avoidance indirectly, for example, if a patient with multiple comorbidities (high CCI) experiences more pain and disability, which in turn affects their fear avoidance beliefs. Therefore, option B is a possible causal relationship.
Step 4: Considering the above steps, the most likely causal relationship between Fear_avoidance and CCI is that changing CCI causes a change in Fear_avoidance, either directly or through one or more intermediate variables. This is because CCI can influence a patient's physical health status, which in turn can affect their fear avoidance beliefs and behaviors.
Step 5: Therefore, based on the definitions and the analysis of the relationships between Fear_avoidance and CCI, the most likely answer is B.
Step 6: Conclusion: B

Conclusion: B",False
81,Fear_avoidance,Catastrophizing,B,"Reasoning Process:
Step 1: Understanding the definitions of Fear avoidance and Catastrophizing: Fear avoidance is a patient-reported questionnaire that focuses on how a patient's fear avoidance beliefs about physical activity and work may affect and contribute to their low back pain and resulting disability. Catastrophizing, on the other hand, is characterized by the tendency to magnify the threat value of a pain stimulus and to feel helpless in the presence of pain, as well as by a relative inability to prevent or inhibit pain-related thoughts in anticipation of, during, or following a painful event.
Step 2: Analyzing the relationship between Fear avoidance and Catastrophizing: Fear avoidance is a cognitive-behavioral construct that involves the avoidance of activities due to fear of pain or injury, whereas catastrophizing is a cognitive process that involves the magnification of the threat value of a pain stimulus. While both constructs are related to pain perception and disability, they represent distinct psychological processes.
Step 3: Considering the potential causal relationships: Given the definitions and analysis, it is plausible that catastrophizing could contribute to fear avoidance, as individuals who catastrophize may be more likely to avoid activities due to their exaggerated fear of pain or injury. However, it is less clear whether changing fear avoidance would directly or indirectly affect catastrophizing.
Step 4: Evaluating the direction of causality: Based on the understanding of the constructs, it is more likely that catastrophizing would influence fear avoidance, as catastrophizing is a more fundamental cognitive process that can lead to fear avoidance behaviors. Therefore, changing catastrophizing may have a more direct impact on fear avoidance.
Step 5: Conclusion: Based on the analysis, the most likely relationship is that changing Catastrophizing causes a change in Fear_avoidance, either directly or through one or more intermediate variables.
Step 6: Final conclusion: B is the most likely answer.

Conclusion: B",False
82,Fear_avoidance,Depression,B,"Reasoning Process:
Step 1: Understanding the definitions of Fear_avoidance and Depression: Fear_avoidance is a patient-reported questionnaire that focuses on how a patient's fear avoidance beliefs about physical activity and work may affect and contribute to their low back pain and resulting disability. Depression, on the other hand, is a PROMIS measure that assesses the affective and cognitive manifestations of depression.
Step 2: Considering the relationship between Fear_avoidance and Depression: Fear_avoidance is a psychological factor that can contribute to disability and low back pain, which can in turn contribute to the development of depression. This suggests a potential bidirectional relationship between the two variables.
Step 3: Evaluating the direction of causality: While it is possible that changing Fear_avoidance could lead to a change in Depression (e.g., reducing fear avoidance beliefs could lead to improved mood and reduced symptoms of depression), it is also possible that changing Depression could lead to a change in Fear_avoidance (e.g., reducing symptoms of depression could lead to reduced fear avoidance beliefs).
Step 4: Considering the complexity of the relationship: The relationship between Fear_avoidance and Depression is likely to be bidirectional and influenced by multiple intermediate variables, such as pain intensity, functional ability, and coping mechanisms.
Step 5: Conclusion: Based on the definitions and the likely bidirectional relationship between Fear_avoidance and Depression, the most likely answer is that changing Depression causes a change in Fear_avoidance, either directly or through one or more intermediate variables.

Conclusion: B",True
83,Fear_avoidance,Education,C,"Reasoning Process:
Step 1: Understanding the definitions of Fear_avoidance and Education: Fear_avoidance is a patient-reported questionnaire that focuses on how a patient's fear avoidance beliefs about physical activity and work may affect and contribute to their low back pain and resulting disability. Education is the level of education of the participant. These definitions suggest that Fear_avoidance is a psychological or behavioral construct, while Education is a demographic characteristic.
Step 2: Considering the nature of Fear_avoidance and Education, it is unlikely that changing Education would directly affect Fear_avoidance. Education is a stable demographic characteristic that is unlikely to change in response to a psychological or behavioral construct like Fear_avoidance. However, it is possible that Education could influence Fear_avoidance through other variables, such as socioeconomic status or access to healthcare.
Step 3: On the other hand, changing Fear_avoidance could potentially influence Education through intermediate variables. For example, if a patient's Fear_avoidance beliefs change, they may become more or less motivated to pursue further education or training, which could ultimately affect their level of Education.
Step 4: However, the most direct and likely relationship is that changing Education does not directly affect Fear_avoidance, but rather, changing Fear_avoidance can indirectly affect Education through intermediate variables.
Step 5: Therefore, the most likely relationship between Fear_avoidance and Education is that changing Education does not cause a change in Fear_avoidance, either directly or through one or more intermediate variables.
Step 6: Based on the above reasoning, the most likely answer is C. There is no causal relationship between Fear_avoidance and Education.

Conclusion: C",False
84,Fear_avoidance,Financial_level,B,"Reasoning Process:
Step 1: Understanding the definitions of Fear_avoidance and Financial_level is crucial to determining the causal relationship between the two variables. Fear_avoidance is a patient-reported questionnaire that focuses on how a patient's fear avoidance beliefs about physical activity and work may affect and contribute to their low back pain and resulting disability. Financial_level, on the other hand, is a proxy for socioeconomic status, indicating the level of financial situation of the participant.
Step 2: Considering the definitions, it is clear that Fear_avoidance is a psychological factor related to a patient's beliefs and behaviors, while Financial_level is an economic factor related to a person's financial situation. These two variables operate in different domains and are not directly related to each other.
Step 3: However, it is possible that Financial_level could influence Fear_avoidance. For example, individuals with lower socioeconomic status (Financial_level) may experience more stress and anxiety, which could lead to increased fear avoidance behaviors (Fear_avoidance). This suggests a potential causal relationship from Financial_level to Fear_avoidance.
Step 4: On the other hand, it is less likely that Fear_avoidance would directly cause a change in Financial_level. Fear_avoidance is a psychological factor that may influence an individual's behavior, but it is unlikely to directly impact their financial situation.
Step 5: Therefore, based on the definitions and the potential causal relationship, the most likely scenario is that changing Financial_level causes a change in Fear_avoidance, either directly or through one or more intermediate variables.
Step 6: This conclusion is consistent with the understanding that socioeconomic status (Financial_level) can influence an individual's psychological state and behaviors, including fear avoidance, but the reverse is less likely.
Step 7: Therefore, the final conclusion is that changing Financial_level causes a change in Fear_avoidance, either directly or through one or more intermediate variables.

Conclusion: B",False
85,Fear_avoidance,Obesity,C,"Reasoning Process:
Step 1: Understanding the definitions of Fear_avoidance and Obesity: Fear_avoidance is a patient-reported questionnaire that focuses on how a patient's fear avoidance beliefs about physical activity and work may affect and contribute to their low back pain and resulting disability. Obesity, on the other hand, is defined as BMI or being overweight, which may be associated with weight or BMI.
Step 2: Considering the definitions, Fear_avoidance is a psychological factor that deals with a patient's beliefs and behaviors related to physical activity and work, while Obesity is a physical characteristic related to weight or BMI. There is no direct link between the two in terms of cause and effect.
Step 3: Analyzing potential relationships: While it's possible that a patient's fear avoidance beliefs (Fear_avoidance) may influence their physical activity levels, which in turn could affect their weight or BMI (Obesity), there is no clear evidence to suggest that changing Fear_avoidance directly causes a change in Obesity. Similarly, there is no direct evidence to suggest that changing Obesity directly causes a change in Fear_avoidance.
Step 4: Considering the complexity of the relationship: It's also possible that there may be intermediate variables, such as physical activity levels or overall health habits, that could mediate the relationship between Fear_avoidance and Obesity. However, without more specific information, it's difficult to determine the direction of causality.
Step 5: Conclusion based on the analysis: Given the definitions and analysis, the most likely answer is that there is no direct causal relationship between Fear_avoidance and Obesity. While there may be indirect relationships or intermediate variables, the direct cause-and-effect relationship is not clear.

Conclusion: C",False
86,Fear_avoidance,PEG,B,"Reasoning Process:
Step 1: Understanding the definitions of Fear_avoidance and PEG: Fear_avoidance is a patient-reported questionnaire that focuses on how a patient's fear avoidance beliefs about physical activity and work may affect and contribute to their low back pain and resulting disability. PEG score is an index measuring pain interference and pain intensity due to chronic low back pain.
Step 2: Considering the relationship between Fear_avoidance and PEG: Fear_avoidance is related to a patient's beliefs and behaviors that may contribute to their low back pain and disability, while PEG score measures the impact of pain on a patient's life. This suggests a potential bidirectional relationship between the two variables.
Step 3: Analyzing the potential causal relationships: Changing Fear_avoidance could lead to a change in a patient's behavior and beliefs, which in turn could affect their pain intensity and interference (PEG score). Conversely, experiencing high levels of pain interference and intensity (PEG score) may lead to increased fear avoidance behaviors as a coping mechanism.
Step 4: Considering the complexity of chronic pain and disability: The relationship between Fear_avoidance and PEG is likely to be bidirectional, with each variable influencing the other through a complex interplay of psychological, behavioral, and physiological factors.
Step 5: Conclusion: Based on the definitions and the analysis of the relationship between Fear_avoidance and PEG, it is most likely that changing Fear_avoidance causes a change in PEG, either directly or through one or more intermediate variables, and vice versa.

Conclusion: B",True
87,Fear_avoidance,Sleep disturbance,A,"Reasoning Process:
Step 1: Understanding the definitions of Fear avoidance and Sleep disturbance is crucial to determining the causal relationship between the two variables. Fear avoidance is a patient-reported questionnaire that focuses on how a patient's fear avoidance beliefs about physical activity and work may affect and contribute to their low back pain and resulting disability. On the other hand, Sleep disturbance is a measure of self-reported perceptions of sleep quality, sleep depth, and restoration associated with sleep.
Step 2: Considering the definitions, it is clear that Fear avoidance is related to low back pain and disability, while Sleep disturbance is related to sleep quality. While low back pain and sleep quality are related, they are distinct constructs. Therefore, it is possible that Fear avoidance may indirectly affect Sleep disturbance through its impact on low back pain and resulting disability, which in turn may affect sleep quality.
Step 3: However, the question asks about the causal relationship between Fear avoidance and Sleep disturbance, not the relationship between low back pain and sleep quality. Therefore, we need to consider whether Fear avoidance can directly or indirectly affect Sleep disturbance. Given that Fear avoidance is a cognitive-behavioral construct, it is plausible that it can influence sleep quality through mechanisms such as rumination, anxiety, or stress, which are known to affect sleep.
Step 4: Based on the above reasoning, it is likely that changing Fear avoidance can cause a change in Sleep disturbance, either directly or through one or more intermediate variables. This is because Fear avoidance can influence sleep quality through cognitive and behavioral mechanisms, even if the primary relationship is between low back pain and sleep quality.

Conclusion: A",False
88,Fear_avoidance,Smoking,B,"Reasoning Process:
Step 1: Understanding the definitions of Fear avoidance and Smoking is crucial to determine the causal relationship between the two variables. Fear avoidance is a patient-reported questionnaire that focuses on how a patient's fear avoidance beliefs about physical activity and work may affect and contribute to their low back pain and resulting disability. Smoking, on the other hand, is the action or habit of inhaling and exhaling the smoke of tobacco by sucking on the end of a lit cigarette, cigar, pipe, etc.
Step 2: Considering the definitions, it is clear that Fear avoidance is related to low back pain and disability, while Smoking is a habit that can have various health consequences, including respiratory and cardiovascular problems. However, there is no direct link between the two variables as described in the definitions.
Step 3: However, it is also possible that there could be an indirect relationship between the two variables. For example, a person who experiences low back pain and has fear avoidance beliefs may be more likely to smoke as a coping mechanism or due to decreased physical activity. This would suggest that changing Fear avoidance could potentially lead to a change in Smoking through an intermediate variable such as physical activity or coping mechanisms.
Step 4: On the other hand, changing Smoking may not directly affect Fear avoidance, as the two variables operate in different domains. However, it is possible that quitting smoking could lead to increased physical activity and reduced low back pain, which in turn could reduce fear avoidance beliefs. This would suggest that changing Smoking could lead to a change in Fear avoidance through an intermediate variable such as physical activity or low back pain.
Step 5: Considering the possible indirect relationships between the two variables, it is more likely that changing Fear avoidance causes a change in Smoking, either directly or through one or more intermediate variables. This is because the relationship between Fear avoidance and Smoking is more direct and intuitive, with fear avoidance beliefs potentially leading to decreased physical activity and increased smoking as a coping mechanism.

Conclusion: B",False
89,Financial_level,Alcohol,B,"Reasoning Process:
Step 1: Understanding the definitions of Financial_level and Alcohol: Financial_level is a proxy for socioeconomic status, while Alcohol represents the number of drinks consumed per week.
Step 2: Considering the relationship between socioeconomic status and health behaviors: Research has shown that individuals with lower socioeconomic status often have limited access to resources, including healthcare and education, which can lead to poorer health outcomes and potentially higher rates of substance abuse.
Step 3: Analyzing the potential for a causal relationship: Given the potential for socioeconomic status to influence access to resources and opportunities, it is plausible that Financial_level could impact Alcohol consumption through intermediate variables such as access to healthcare, education, and social support networks.
Step 4: Evaluating the direction of causality: While it is possible that Financial_level could influence Alcohol consumption, it is also possible that Alcohol consumption could influence Financial_level, for example, through lost productivity, increased healthcare costs, or reduced earning potential due to substance abuse.
Step 5: Considering the complexity of the relationship: The relationship between Financial_level and Alcohol is likely bidirectional, with each variable influencing the other in a complex and multifaceted way.
Step 6: Selecting the most likely answer: Given the complexity of the relationship and the potential for bidirectional causality, the most likely answer is that changing Financial_level causes a change in Alcohol, either directly or through one or more intermediate variables, and changing Alcohol also causes a change in Financial_level.

Conclusion: B",False
90,Financial_level,Anxiety,A,"Reasoning Process:
Step 1: Understanding the definitions of Financial_level and Anxiety is crucial to determining the causal relationship between the two variables. Financial_level is a proxy for socioeconomic status, which can impact various aspects of an individual's life, including their mental health. Anxiety, on the other hand, is a psychological state characterized by feelings of fear, worry, and nervousness.
Step 2: Considering the definition of Anxiety, it is clear that it is a psychological state that can be influenced by various factors, including socioeconomic status. Individuals with lower socioeconomic status may experience more stress and anxiety due to financial difficulties, lack of access to resources, and other related factors.
Step 3: Given the relationship between socioeconomic status and mental health, it is plausible that Financial_level can impact Anxiety. For instance, individuals with lower Financial_level may experience increased stress and anxiety due to financial difficulties, which can lead to a higher level of Anxiety.
Step 4: However, it is also possible that Anxiety can impact Financial_level. For example, individuals with high Anxiety may experience decreased productivity, absenteeism, and presenteeism, which can negatively impact their financial situation and Financial_level.
Step 5: Considering both possibilities, it is likely that there is a bidirectional relationship between Financial_level and Anxiety. Changing Financial_level can cause a change in Anxiety, and changing Anxiety can also cause a change in Financial_level.
Step 6: However, the question asks for the most likely option, and based on the available information, option A is the most direct and straightforward relationship. Changing Financial_level can directly or indirectly impact Anxiety through various mechanisms, such as increased stress, decreased access to resources, and other related factors.

Conclusion: A",True
91,Financial_level,CCI,A,"Reasoning Process:
Step 1: Understanding the definitions of Financial_level and CCI is crucial to determining the causal relationship between the two variables. Financial_level is a proxy for socioeconomic status, which can influence an individual's access to healthcare, health behaviors, and overall health outcomes. CCI, on the other hand, measures the number of comorbidities, which can be influenced by various factors including socioeconomic status, lifestyle, and access to healthcare.
Step 2: Considering the definition of Financial_level as a proxy for socioeconomic status, it is likely that Financial_level can influence CCI. For instance, individuals with lower socioeconomic status may have limited access to healthcare, leading to delayed diagnosis and treatment of comorbidities, thereby increasing their CCI. Similarly, individuals with higher socioeconomic status may have better access to healthcare, leading to earlier diagnosis and treatment of comorbidities, thereby decreasing their CCI.
Step 3: However, the reverse relationship, i.e., CCI causing a change in Financial_level, is less likely. While having multiple comorbidities may lead to increased healthcare costs, which can potentially affect an individual's financial situation, this relationship is more indirect and may not be a direct cause-and-effect relationship.
Step 4: Therefore, based on the definitions and the logical analysis of the relationships between the variables, it is more likely that changing Financial_level causes a change in CCI, either directly or through one or more intermediate variables.
Step 5: This conclusion is consistent with the concept of socioeconomic status influencing health outcomes, including the presence of comorbidities.
Step 6: Therefore, the most likely answer is A.

Conclusion: A",False
92,Financial_level,Catastrophizing,A,"Reasoning Process:
Step 1: Understanding the definitions of Financial_level and Catastrophizing is crucial to determining the causal relationship between the two variables. Financial_level is a proxy for socioeconomic status, which can influence an individual's access to healthcare, education, and other resources that may impact their pain management and perception. Catastrophizing, on the other hand, is a psychological construct that refers to the tendency to magnify the threat value of a pain stimulus and feel helpless in the presence of pain.
Step 2: Considering the definitions, it is possible that Financial_level could influence Catastrophizing. For example, individuals with lower socioeconomic status may experience more stress and anxiety, which can contribute to catastrophizing. Additionally, limited access to healthcare and resources may exacerbate pain and increase the likelihood of catastrophizing.
Step 3: However, it is less clear whether changing Catastrophizing would directly cause a change in Financial_level. While catastrophizing may be a contributing factor to pain and disability, it is not a direct cause of socioeconomic status. Therefore, it is less likely that changing Catastrophizing would lead to a change in Financial_level.
Step 4: Considering the above points, the most likely causal relationship is that changing Financial_level causes a change in Catastrophizing, either directly or through one or more intermediate variables. This is because Financial_level can influence access to resources, stress levels, and overall well-being, which can in turn impact catastrophizing.
Step 5: Therefore, based on the definitions and the analysis, the most likely causal relationship is that changing Financial_level causes a change in Catastrophizing.
Step 6: This conclusion is consistent with the understanding that Financial_level is a more proximal factor that can influence catastrophizing, whereas catastrophizing is a more distal outcome that may be influenced by a range of factors, including Financial_level.

Conclusion: A",False
93,Financial_level,Depression,A,"Reasoning Process:
Step 1: Understanding the definitions of Financial_level and Depression: Financial_level is a proxy for socioeconomic status, while Depression is a measure of affective and cognitive manifestations of depression.
Step 2: Considering the potential relationships between socioeconomic status and mental health: Research has consistently shown that individuals with lower socioeconomic status are more likely to experience depression due to various factors such as limited access to healthcare, financial stress, and social determinants of health.
Step 3: Analyzing the direction of causality: While socioeconomic status can influence mental health, it is also possible that mental health can impact an individual's ability to maintain a stable financial situation, such as through reduced productivity or increased healthcare costs.
Step 4: Evaluating the options: Option A suggests that changing Financial_level causes a change in Depression, which is a plausible direction of causality. Option B suggests that changing Depression causes a change in Financial_level, which is also a plausible direction of causality. Option C suggests that there is no causal relationship between Financial_level and Depression, which contradicts the existing research on the topic.
Step 5: Considering the complexity of the relationship: The relationship between Financial_level and Depression is likely bidirectional, with socioeconomic status influencing mental health and mental health influencing socioeconomic status. However, the question asks for the most likely option, and based on the available information, changing Financial_level is a more direct and well-established cause of Depression.

Conclusion: A",True
94,Financial_level,Education,A,"Reasoning Process:
Step 1: Understanding the definitions of Financial_level and Education, I recognize that Financial_level is often used as a proxy for socioeconomic status, which can influence various aspects of an individual's life, including their access to education.
Step 2: Considering the relationship between socioeconomic status and education, I recall that individuals from lower socioeconomic backgrounds often face barriers to accessing quality education, such as limited financial resources, lack of access to educational institutions, and other structural barriers.
Step 3: Given this understanding, I infer that a change in Financial_level can indeed impact an individual's access to education, either directly or through intermediate variables such as access to resources, opportunities, and social mobility.
Step 4: However, the reverse relationship, where a change in Education directly causes a change in Financial_level, is less likely, as education is often a long-term investment that may not directly translate to immediate financial gains.
Step 5: Therefore, based on the understanding of the relationship between socioeconomic status and education, I conclude that changing Financial_level is more likely to cause a change in Education, either directly or through one or more intermediate variables.

Conclusion: A",False
95,Financial_level,Fear_avoidance,A,"Reasoning Process:
Step 1: Understanding the definitions of Financial_level and Fear_avoidance is crucial to determining the causal relationship between the two variables. Financial_level is a proxy for socioeconomic status, which can influence an individual's access to healthcare, education, and employment opportunities. Fear_avoidance, on the other hand, is a patient-reported questionnaire that focuses on how a patient's fear avoidance beliefs about physical activity and work may affect and contribute to their low back pain and resulting disability.
Step 2: Considering the definitions, it is plausible that Financial_level could influence Fear_avoidance. For instance, individuals with lower socioeconomic status (Financial_level) may have limited access to healthcare resources, leading to inadequate treatment and management of their low back pain. This could, in turn, contribute to increased fear avoidance behaviors, as they may feel that they have no control over their condition or that they are unable to afford the necessary treatment to manage their pain.
Step 3: However, it is less likely that Fear_avoidance would directly cause a change in Financial_level. While fear avoidance behaviors may lead to reduced productivity and employment opportunities, it is unlikely that this would directly impact an individual's socioeconomic status (Financial_level).
Step 4: Therefore, based on the definitions and the logical relationships between the variables, it is more plausible that changing Financial_level could cause a change in Fear_avoidance, either directly or through one or more intermediate variables.
Step 5: This conclusion is consistent with the concept of socioeconomic status influencing health outcomes, including pain management and disability.
Step 6: Therefore, the most likely answer is A. Changing Financial_level causes a change in Fear_avoidance, either directly or through one or more intermediate variables.
Step 7: This conclusion is based on the logical relationships between the variables and the definitions provided.

Conclusion: A",False
96,Financial_level,Obesity,B,"Reasoning Process:
Step 1: Understanding the definitions of Financial_level and Obesity: Financial_level refers to the level of financial situation of the participant, often a proxy for socioeconomic status, while Obesity refers to BMI or being overweight, which can be described as weight or BMI associations.
Step 2: Considering the relationship between socioeconomic status and health outcomes: Research has shown that individuals with lower socioeconomic status often have poorer health outcomes, including higher rates of obesity. This suggests a potential causal relationship between Financial_level and Obesity.
Step 3: Evaluating the direction of causality: While it is possible that financial difficulties may lead to obesity (e.g., through reduced access to healthy food options or increased stress), it is also possible that obesity may lead to financial difficulties (e.g., through increased healthcare costs or reduced productivity). However, the latter is more likely to be a direct effect of obesity, rather than a direct cause of Financial_level.
Step 4: Considering the potential for intermediate variables: There may be intermediate variables, such as education level, employment status, or access to healthcare, that could mediate the relationship between Financial_level and Obesity. However, these variables do not necessarily change the direction of causality.
Step 5: Conclusion: Based on the available information and research, it is more likely that changing Obesity causes a change in Financial_level, either directly or through one or more intermediate variables.
Step 6: Therefore, the most likely answer is B.

Conclusion: B",True
97,Financial_level,PEG,A,"Reasoning Process:
Step 1: Understanding the definitions of Financial_level and PEG: Financial_level is a proxy for socioeconomic status, while PEG score measures pain interference and pain intensity due to chronic low back pain.
Step 2: Considering the relationship between socioeconomic status and health outcomes: Research has shown that individuals with lower socioeconomic status often experience poorer health outcomes, including higher levels of chronic pain.
Step 3: Analyzing the potential causal relationship between Financial_level and PEG: Given that Financial_level is a proxy for socioeconomic status, it is plausible that changes in Financial_level could lead to changes in PEG, either directly or through intermediate variables such as access to healthcare, lifestyle factors, or stress levels.
Step 4: Evaluating the potential for reverse causality: While it is possible that changes in PEG could lead to changes in Financial_level (e.g., through lost productivity or increased healthcare costs), this is less likely than the reverse causal relationship, as Financial_level is a more fundamental factor that can influence a wide range of health outcomes, including PEG.
Step 5: Considering the direction of causality: Based on the understanding of the relationship between socioeconomic status and health outcomes, it is more likely that changes in Financial_level would lead to changes in PEG, rather than the reverse.
Step 6: Conclusion: Based on the analysis, the most likely relationship between Financial_level and PEG is that changing Financial_level causes a change in PEG, either directly or through one or more intermediate variables.
Step 7: Final Answer: A

Conclusion: A",True
98,Financial_level,Sleep disturbance,A,"Reasoning Process:
Step 1: Understanding the definitions of Financial_level and Sleep disturbance is crucial to determining the causal relationship between the two variables. Financial_level is a proxy for socioeconomic status, which can influence various aspects of an individual's life, including their access to healthcare, living conditions, and overall well-being. On the other hand, Sleep disturbance is a self-reported measure of sleep quality, which can be influenced by various factors such as stress, anxiety, and physical health.
Step 2: Considering the potential pathways through which Financial_level could influence Sleep disturbance, it is plausible that a lower Financial_level (e.g., poverty, financial stress) could lead to increased stress, anxiety, and decreased access to healthcare, ultimately resulting in poorer sleep quality. This suggests a potential direct or indirect causal relationship between Financial_level and Sleep disturbance.
Step 3: However, the reverse causal relationship (i.e., changing Sleep disturbance causing a change in Financial_level) is less clear. While poor sleep quality can have various negative consequences, such as decreased productivity and increased healthcare costs, it is less likely to directly impact an individual's Financial_level in a significant way.
Step 4: Therefore, based on the definitions and potential pathways of influence, it is more likely that changing Financial_level causes a change in Sleep disturbance, either directly or through one or more intermediate variables.
Step 5: This conclusion is consistent with the concept of socioeconomic determinants of health, which suggests that financial and social factors can have a significant impact on an individual's health outcomes, including sleep quality.
Step 6: Additionally, research has shown that financial stress and poverty are associated with a range of negative health outcomes, including sleep disturbances, further supporting the likelihood of a causal relationship between Financial_level and Sleep disturbance.

Conclusion: A",True
99,Financial_level,Smoking,B,"Reasoning Process:
Step 1: To determine the causal relationship between Financial_level and Smoking, we need to consider the potential mechanisms by which one variable could influence the other. Financial_level is a proxy for socioeconomic status, which can impact an individual's access to resources, education, and opportunities.
Step 2: Smoking is a habit that is often influenced by socioeconomic factors, such as education, income, and access to healthcare. Individuals with lower socioeconomic status may have limited access to education and resources that promote healthy behaviors, making them more likely to engage in smoking.
Step 3: On the other hand, smoking can also have a negative impact on an individual's financial situation. Smoking is a costly habit, and the financial burden of smoking can lead to reduced income, increased healthcare costs, and decreased economic opportunities.
Step 4: Considering these potential mechanisms, it is likely that there is a bidirectional relationship between Financial_level and Smoking. Changes in Financial_level can influence Smoking, and changes in Smoking can also impact Financial_level.
Step 5: However, the question asks for the most likely relationship, and given the complexity of the relationship, it is more likely that changing Smoking causes a change in Financial_level, either directly or through one or more intermediate variables.

Conclusion: B",False
100,Obesity,Alcohol,B,"Reasoning Process:
Step 1: Understanding the definitions of the variables: Obesity is defined as BMI or being overweight, and Alcohol is defined as alcohol consumption (number of drinks per week).
Step 2: Considering the relationship between Obesity and Alcohol, it is known that individuals who are overweight or obese may be more likely to consume alcohol as a way to cope with stress or emotional issues associated with their weight.
Step 3: Additionally, research has shown that excessive alcohol consumption can lead to weight gain and obesity due to the high calorie content of alcoholic beverages and the potential for poor food choices when drinking.
Step 4: Therefore, it is reasonable to conclude that there is a bidirectional relationship between Obesity and Alcohol, where changes in one variable can influence the other.
Step 5: However, the question asks for the most likely relationship, and based on the available information, it is more likely that changing Alcohol causes a change in Obesity, either directly or through one or more intermediate variables.

Conclusion: B",False
101,Obesity,Anxiety,B,"Reasoning Process:
Step 1: Understanding the definitions of Obesity and Anxiety: Obesity is defined as BMI or being overweight, while Anxiety is defined as PROMIS anxiety, focusing on fear, anxious misery, hyperarousal, and somatic symptoms related to arousal.
Step 2: Considering the relationship between Obesity and Anxiety, it is essential to examine the potential pathways through which these two variables might be related. One possible pathway is the impact of Obesity on mental health, as being overweight or obese can lead to feelings of low self-esteem, social isolation, and decreased physical activity, all of which can contribute to the development of Anxiety.
Step 3: Another possible pathway is the physiological effects of Obesity on the body, such as chronic inflammation, insulin resistance, and cardiovascular disease, which can also contribute to Anxiety. Additionally, Obesity has been linked to changes in the brain's reward system, which can affect mood regulation and contribute to Anxiety.
Step 4: Furthermore, there is evidence to suggest that Anxiety can also contribute to Obesity, as individuals with Anxiety may engage in maladaptive coping mechanisms, such as overeating or poor eating habits, which can lead to weight gain and Obesity.
Step 5: Considering these potential pathways, it is clear that there is a bidirectional relationship between Obesity and Anxiety, with each variable potentially influencing the other directly or through intermediate variables.
Step 6: Therefore, the most likely answer is that changing Obesity causes a change in Anxiety, either directly or through one or more intermediate variables, and changing Anxiety also causes a change in Obesity, either directly or through one or more intermediate variables.

Conclusion: B",True
102,Obesity,CCI,B,"Reasoning Process:
Step 1: Understanding the definitions of Obesity and CCI: Obesity is defined as BMI or being overweight, while CCI is a comorbidity index that measures the number of comorbidities. This indicates that Obesity is a health condition, and CCI is a measure of multiple health conditions.
Step 2: Considering the relationship between Obesity and CCI, it is logical to infer that Obesity can lead to an increase in comorbidities, as being overweight or obese can exacerbate or contribute to the development of various health conditions. This is a common phenomenon in medical literature, where obesity is often linked to an increased risk of developing comorbidities such as diabetes, hypertension, and cardiovascular disease.
Step 3: Furthermore, the relationship between Obesity and CCI is likely bidirectional, meaning that not only can Obesity lead to an increase in CCI, but also having a high CCI (i.e., multiple comorbidities) can contribute to the development or exacerbation of Obesity. For example, individuals with multiple comorbidities may experience chronic inflammation, metabolic changes, or other physiological responses that can contribute to weight gain or obesity.
Step 4: However, the question asks for the most likely causal relationship between Obesity and CCI. While there is a bidirectional relationship, the most direct and well-established causal relationship is that Obesity can lead to an increase in CCI, either directly or through intermediate variables such as chronic inflammation, metabolic changes, or other physiological responses.
Step 5: Therefore, the most likely causal relationship between Obesity and CCI is that changing Obesity causes a change in CCI, either directly or through one or more intermediate variables.
Step 6: This conclusion is based on the understanding of the definitions of Obesity and CCI, the common medical literature linking Obesity to an increased risk of comorbidities, and the bidirectional relationship between the two variables.

Conclusion: B",True
103,Obesity,Catastrophizing,B,"Reasoning Process:
Step 1: Understanding the definitions of Obesity and Catastrophizing: Obesity is defined as BMI or being overweight, while Catastrophizing is a psychological phenomenon characterized by the tendency to magnify the threat value of a pain stimulus and feel helpless in the presence of pain.
Step 2: Considering the definitions, it's clear that Obesity is a physical condition, whereas Catastrophizing is a psychological condition. This suggests that the relationship between the two may not be direct.
Step 3: Research has shown that psychological factors, such as Catastrophizing, can influence an individual's perception of pain, which may in turn affect their behavior and lifestyle choices, potentially leading to changes in weight or BMI. However, this is an indirect relationship.
Step 4: On the other hand, changing Obesity through weight loss or gain may not directly affect an individual's Catastrophizing score, as it is a psychological trait that is influenced by various factors, including past experiences, personality, and coping mechanisms.
Step 5: Therefore, while there may be an indirect relationship between Obesity and Catastrophizing, it is more likely that changing Catastrophizing would have a more direct impact on an individual's behavior and lifestyle choices, potentially leading to changes in weight or BMI.
Step 6: However, it's also possible that there is no direct causal relationship between the two, and any observed relationship may be due to confounding variables or other underlying factors.
Step 7: Considering the complexity of the relationship between Obesity and Catastrophizing, it's difficult to determine a direct causal relationship. However, based on the available information, it's more likely that changing Catastrophizing would have a more direct impact on Obesity.

Conclusion: B",False
104,Obesity,Depression,B,"Reasoning Process:
Step 1: Understanding the definitions of Variable 1 (Obesity) and Variable 2 (Depression): Obesity is defined as BMI or being overweight, while Depression is defined as the affective and cognitive manifestations of depression as measured by PROMIS.
Step 2: Considering the relationship between Obesity and Depression, research has shown that there is a bidirectional relationship between the two conditions. Studies have found that individuals with obesity are at a higher risk of developing depression, and conversely, individuals with depression are more likely to experience weight gain or obesity.
Step 3: Analyzing the potential causal relationships between Obesity and Depression, it is clear that there are multiple pathways through which these conditions can influence each other. For example, obesity can lead to decreased mobility, social isolation, and decreased self-esteem, all of which can contribute to the development of depression. Similarly, depression can lead to changes in appetite and metabolism, resulting in weight gain or obesity.
Step 4: Considering the complexity of the relationship between Obesity and Depression, it is unlikely that there is no causal relationship between the two conditions. Instead, it is more likely that there is a bidirectional causal relationship, where changes in one condition can lead to changes in the other.
Step 5: Based on the analysis, the most likely answer is that changing Depression causes a change in Obesity, either directly or through one or more intermediate variables, as well as changing Obesity causes a change in Depression.

Conclusion: B",True
105,Obesity,Education,B,"Reasoning Process:
Step 1: To determine the causal relationship between Obesity and Education, we need to consider the definitions of both variables. Obesity is defined as BMI or being overweight, which is a physical characteristic. Education, on the other hand, is defined as the level of education of the participant, which is a socio-economic factor.
Step 2: Given the definitions, we can infer that Obesity is a health-related variable, while Education is a socio-economic variable. These two variables operate in different domains and are influenced by different factors.
Step 3: Research has shown that socio-economic factors, such as education, can have an impact on health outcomes, including obesity. For example, individuals with higher levels of education may have better access to healthy food options, exercise facilities, and healthcare services, which can contribute to a lower risk of obesity.
Step 4: Therefore, it is plausible that changing education levels could lead to changes in obesity rates, either directly or through intermediate variables such as access to healthcare, nutrition, and physical activity.
Step 5: However, the reverse relationship, where changing obesity causes a change in education, is less likely. While obesity can have negative impacts on an individual's quality of life and productivity, it is not a direct cause of changes in education levels.
Step 6: Therefore, based on the definitions and the relationships between the variables, the most likely causal relationship is that changing education causes a change in obesity, either directly or through one or more intermediate variables.
Step 7: Conclusion: Changing Education causes a change in Obesity, either directly or through one or more intermediate variables.
Step 8: Conclusion: B

Conclusion: B",False
106,Obesity,Fear_avoidance,A,"Reasoning Process:
Step 1: Understanding the definitions of Variable 1 (Obesity) and Variable 2 (Fear_avoidance). Obesity is defined as BMI or being overweight, while Fear_avoidance is a patient-reported questionnaire focusing on how fear and avoidance of physical activity and work may affect low back pain and resulting disability.
Step 2: Considering the relationship between Obesity and Fear_avoidance. Obesity is a physical health condition, whereas Fear_avoidance is a psychological factor. This suggests that the two variables may be related but through different pathways.
Step 3: Exploring potential pathways between Obesity and Fear_avoidance. One possible pathway is that Obesity may lead to decreased physical function and mobility, which in turn may contribute to Fear_avoidance. Another possible pathway is that Fear_avoidance may lead to decreased physical activity, which can contribute to Obesity.
Step 4: Considering the complexity of the relationship between Obesity and Fear_avoidance. While there may be bidirectional relationships, the most direct and well-established relationship is that Obesity can lead to decreased physical function and mobility, which may contribute to Fear_avoidance.
Step 5: Based on the analysis, the most likely relationship between Obesity and Fear_avoidance is that changing Obesity can cause a change in Fear_avoidance, either directly or through one or more intermediate variables.
Step 6: Therefore, the most likely answer is A. Changing Obesity causes a change in Fear_avoidance, either directly or through one or more intermediate variables.
Step 7: This conclusion is based on the understanding that Obesity can lead to decreased physical function and mobility, which may contribute to Fear_avoidance.

Conclusion: A",False
107,Obesity,Financial_level,B,"Reasoning Process:
Step 1: Understanding the definitions of the variables: Obesity and Financial_level. Obesity refers to BMI or being overweight, while Financial_level is a proxy for socioeconomic status.
Step 2: Considering the relationship between Obesity and Financial_level. It is well-established in the literature that individuals with lower socioeconomic status (SES) are more likely to experience obesity due to various factors such as limited access to healthy food options, safe spaces for physical activity, and healthcare services.
Step 3: Analyzing the potential causal relationship between the two variables. Given the evidence, it is more plausible that Financial_level affects Obesity rather than the other way around. This is because financial constraints can limit an individual's ability to make healthy lifestyle choices, such as purchasing healthy food or engaging in regular physical activity.
Step 4: Considering potential intermediate variables that may mediate the relationship between Financial_level and Obesity. For example, education level, employment status, and access to healthcare services may all play a role in influencing an individual's ability to manage their weight.
Step 5: Evaluating the direction of causality. While it is possible that obesity may have some indirect effects on financial level (e.g., through reduced productivity or increased healthcare costs), the primary driver of the relationship is likely to be the financial level influencing obesity.
Step 6: Conclusion: Based on the analysis, the most likely relationship between Obesity and Financial_level is that changing Financial_level causes a change in Obesity, either directly or through one or more intermediate variables.
Step 7: Final conclusion: B. Changing Financial_level causes a change in Obesity, either directly or through one or more intermediate variables.
Step 8: Conclusion: B is the most appropriate answer based on the reasoning provided.

Conclusion: B",False
108,Obesity,PEG,A,"Reasoning Process:
Step 1: Understanding the definitions of Variable 1 (Obesity) and Variable 2 (PEG score): Obesity refers to being overweight or having a high BMI, while the PEG score measures pain interference and intensity due to chronic low back pain.
Step 2: Considering the relationship between obesity and chronic low back pain: Research has shown that there is a correlation between obesity and chronic low back pain, with obesity often being a risk factor for developing chronic low back pain.
Step 3: Analyzing the potential causal relationship between Obesity and PEG: Given that obesity can contribute to chronic low back pain, it is plausible that changes in obesity could lead to changes in the PEG score, either directly or through intermediate variables such as increased pain intensity or reduced physical activity.
Step 4: Evaluating the potential for reverse causality: While it is possible that changes in PEG could influence obesity (e.g., through reduced physical activity), the existing research suggests that obesity is a primary risk factor for chronic low back pain, making it more likely that changes in obesity drive changes in PEG rather than the other way around.
Step 5: Considering the possibility of no causal relationship: Given the established correlation between obesity and chronic low back pain, it is unlikely that there is no causal relationship between Obesity and PEG.
Step 6: Based on the analysis, the most likely scenario is that changing Obesity causes a change in PEG, either directly or through one or more intermediate variables.
Step 7: Therefore, the conclusion is that A is the most likely option.

Conclusion: A",True
109,Obesity,Sleep disturbance,B,"Reasoning Process:
Step 1: Understanding the definitions of Variable 1 (Obesity) and Variable 2 (Sleep disturbance). Obesity is defined as BMI or being overweight, while Sleep disturbance is defined as self-reported perceptions of sleep quality, depth, and restoration associated with sleep.
Step 2: Considering the relationship between Obesity and Sleep disturbance. Research has shown that there is a bidirectional relationship between the two variables. For instance, obesity can lead to sleep disturbances due to factors such as breathing difficulties, joint pain, and discomfort, which can disrupt sleep quality. On the other hand, sleep disturbances can also contribute to obesity, as poor sleep quality can affect appetite regulation, leading to overeating and weight gain.
Step 3: Evaluating the options. Option A suggests that changing Obesity causes a change in Sleep disturbance, which is partially true but does not capture the full complexity of the relationship. Option C suggests that there is no causal relationship between Obesity and Sleep disturbance, which is not supported by the evidence. Therefore, the most likely option is B, which suggests that changing Sleep disturbance causes a change in Obesity, either directly or through one or more intermediate variables.

Conclusion: B",False
110,Obesity,Smoking,B,"Reasoning Process:
Step 1: To determine the causal relationship between Obesity and Smoking, we need to consider the definitions and potential interactions between the two variables.
Step 2: Obesity is defined as BMI or being overweight, which is a condition related to weight and body mass index.
Step 3: Smoking, on the other hand, is an action or habit that involves inhaling and exhaling tobacco smoke, which is a behavior rather than a physical condition.
Step 4: Considering the definitions, we can infer that Obesity is a physical condition, while Smoking is a behavior. This suggests that Smoking could potentially influence Obesity, but not the other way around.
Step 5: Research has shown that Smoking is associated with various health risks, including weight gain and decreased physical activity, which can contribute to Obesity.
Step 6: Additionally, Smoking can lead to a decrease in appetite, which may result in weight loss, but this is not a direct cause of Obesity.
Step 7: However, the relationship between Smoking and Obesity is more complex, and Smoking can also lead to a sedentary lifestyle, which can contribute to weight gain and Obesity.
Step 8: Therefore, based on the definitions and the potential interactions between the two variables, it is more likely that Changing Smoking causes a change in Obesity, either directly or through one or more intermediate variables.

Conclusion: B",False
111,Sex,Alcohol,C,"Reasoning Process:
Step 1: Understanding the definitions of the variables: Sex and Alcohol. Sex refers to the biological categorization of humans and other living things based on reproductive functions, while Alcohol refers to the consumption of alcohol in terms of the number of drinks per week.
Step 2: Analyzing the relationship between Sex and Alcohol. There is no direct biological mechanism by which an individual's sex would influence their alcohol consumption, or vice versa. Sex is a biological characteristic determined at birth, while alcohol consumption is a behavior influenced by various factors such as environment, culture, and personal choice.
Step 3: Considering potential intermediate variables. While there may be some indirect relationships, such as differences in social norms or cultural expectations between males and females, these would not establish a direct causal relationship between Sex and Alcohol consumption.
Step 4: Evaluating the options: A. Changing Sex would not directly or indirectly cause a change in Alcohol consumption, as sex is a fixed biological characteristic. B. Changing Alcohol consumption would not directly or indirectly cause a change in Sex, as sex is determined at birth and not influenced by behavior. C. There is no causal relationship between Sex and Alcohol.
Step 5: Conclusion: Based on the analysis, the most likely option is C. There is no causal relationship between Sex and Alcohol.
Step 6: Conclusion: The relationship between Sex and Alcohol is not a causal one, but rather an independent variable.
Step 7: Conclusion: Therefore, the correct answer is C.

Conclusion: C",True
112,Sex,Anxiety,C,"Reasoning Process:
Step 1: Understanding the definitions of Sex and Anxiety: Sex refers to the biological categorization of humans and other living things based on reproductive functions, while Anxiety is a psychological state characterized by fear, worry, and somatic symptoms.
Step 2: Considering the definitions, there is no direct biological link between Sex and Anxiety. Anxiety is a psychological state that can be influenced by various factors, including genetics, environment, and life experiences, but it is not directly related to biological sex.
Step 3: Analyzing the relationship between Sex and Anxiety, it is unlikely that changing Sex would directly cause a change in Anxiety, as Anxiety is a complex psychological state influenced by multiple factors, and biological sex is just one aspect of an individual's identity.
Step 4: Similarly, it is also unlikely that changing Anxiety would directly cause a change in Sex, as Sex is a biological characteristic determined at birth and is not directly influenced by psychological states like Anxiety.
Step 5: Considering the above points, the most likely option is that there is no causal relationship between Sex and Anxiety.

Conclusion: C",True
113,Sex,CCI,C,"Reasoning Process:
Step 1: Understanding the definitions of Sex and CCI: Sex refers to the biological categorization of humans and other living things based on reproductive functions, while CCI is a comorbidity index that measures the number of comorbidities.
Step 2: Analyzing the relationship between Sex and CCI: Sex is a biological characteristic that does not directly influence the presence or absence of comorbidities, which are medical conditions that co-occur with a primary condition.
Step 3: Considering the definition of CCI, it is clear that it is a measure of the number of comorbidities, not a characteristic that can be directly influenced by biological sex.
Step 4: Evaluating the possibility of indirect relationships: While there may be some indirect relationships between sex and comorbidities (e.g., certain comorbidities may be more prevalent in one sex than the other due to hormonal or genetic factors), these relationships are not direct causal relationships between sex and CCI.
Step 5: Conclusion: Based on the definitions and analysis, there is no direct causal relationship between Sex and CCI. Any relationships between sex and comorbidities are likely to be indirect and influenced by various factors.
Step 6: Therefore, the most likely answer is that there is no causal relationship between Sex and CCI.
Step 7: This conclusion is consistent with the understanding that CCI is a measure of comorbidities, which are not directly influenced by biological sex.

Conclusion: C",True
114,Sex,Catastrophizing,C,"Reasoning Process:
Step 1: Understanding the definitions of Sex and Catastrophizing is crucial to determining the causal relationship between the two variables. Sex refers to the biological categorization of humans and other living things based on reproductive functions, while Catastrophizing is a psychological phenomenon related to pain perception and response.
Step 2: Considering the definitions, it is clear that Sex is a biological characteristic, whereas Catastrophizing is a psychological trait. This suggests that Sex is not directly related to Catastrophizing, as they operate in different domains.
Step 3: However, it is also possible that there may be indirect relationships between Sex and Catastrophizing through other variables, such as hormonal differences or social and cultural factors that influence pain perception and response.
Step 4: Despite the possibility of indirect relationships, there is no clear evidence to suggest that Sex directly causes a change in Catastrophizing or vice versa. Therefore, the most likely answer is that there is no direct causal relationship between Sex and Catastrophizing.

Conclusion: C",True
115,Sex,Depression,C,"Reasoning Process:
Step 1: Understanding the definitions of Sex and Depression: Sex refers to the biological categorization of humans and other living things based on reproductive functions, while Depression is a psychological condition characterized by affective and cognitive manifestations.
Step 2: Considering the definitions, there is no direct link between biological sex and the psychological condition of Depression. Depression can affect anyone regardless of their sex, and sex does not directly influence the development of Depression.
Step 3: Analyzing the relationship between Sex and Depression, it is clear that one does not cause the other. While there may be some sex differences in the prevalence or expression of Depression, this is not a causal relationship but rather a correlation.
Step 4: Considering the options, option A suggests that changing Sex causes a change in Depression, which is not supported by the definitions or general knowledge. Option B suggests that changing Depression causes a change in Sex, which is also not supported. Option C states that there is no causal relationship between Sex and Depression, which aligns with the understanding that they are distinct and unrelated concepts.
Step 5: Based on the analysis, the most likely answer is that there is no causal relationship between Sex and Depression.
Step 6: Therefore, the conclusion is that there is no causal relationship between Sex and Depression.

Conclusion: C",True
116,Sex,Education,C,"Reasoning Process:
Step 1: Understanding the definitions of Sex and Education: Sex refers to the biological categorization of humans into male and female, while Education refers to the level of knowledge or skill acquired through learning.
Step 2: Analyzing the relationship between Sex and Education: Sex is a biological characteristic that is determined at birth, whereas Education is a variable that can be influenced by various factors such as socioeconomic status, access to education, and personal choices.
Step 3: Considering the direction of causality: It is unlikely that Sex would directly or indirectly cause a change in Education, as Education is influenced by a complex array of factors unrelated to biological sex.
Step 4: Considering the direction of causality: It is also unlikely that Education would directly or indirectly cause a change in Sex, as Sex is a fixed biological characteristic that cannot be altered through education or any other means.
Step 5: Conclusion based on the analysis: Given the definitions and the analysis of the relationship between Sex and Education, it is most likely that there is no causal relationship between the two variables.
Step 6: Conclusion based on the analysis: There is no direct or indirect causal relationship between Sex and Education.
Step 7: Conclusion based on the analysis: Therefore, the correct answer is C. There is no causal relationship between Sex and Education.

Conclusion: C",True
117,Sex,Fear_avoidance,C,"Reasoning Process:
Step 1: Understanding the definitions of Sex and Fear_avoidance is crucial to answering this question. Sex refers to the biological categorization of humans and other living things based on reproductive functions, while Fear_avoidance is a patient-reported questionnaire related to low back pain and disability.
Step 2: Considering the definitions, it's clear that Sex is a biological characteristic, whereas Fear_avoidance is a psychological and behavioral construct. This suggests that Sex is unlikely to directly influence Fear_avoidance, as they operate on different levels.
Step 3: However, it's also possible that there may be indirect relationships between Sex and Fear_avoidance, such as differences in pain perception, hormonal influences, or social and cultural factors. But these relationships would be complex and not a direct causal link.
Step 4: On the other hand, changing Fear_avoidance (e.g., through therapy or education) could potentially influence an individual's behavior and attitudes, which may indirectly affect their Sex-related experiences or perceptions. However, this would still be an indirect relationship.
Step 5: Given the information and definitions, the most likely scenario is that there is no direct causal relationship between Sex and Fear_avoidance. While there may be indirect relationships, they are not as straightforward as a direct causal link.

Conclusion: C",True
118,Sex,Financial_level,C,"Reasoning Process:
Step 1: Understanding the definitions of Sex and Financial_level. Sex refers to the biological categorization of humans and other living things based on reproductive functions, while Financial_level is a proxy for socioeconomic status.
Step 2: Considering the definitions, it's clear that Sex is a biological characteristic, whereas Financial_level is a socio-economic factor. These two variables operate in different domains and are not directly related.
Step 3: Analyzing the potential causal relationships between Sex and Financial_level. Changing one's Sex through medical or surgical interventions may have some indirect effects on one's life, but it is unlikely to directly impact their financial situation. Similarly, a change in Financial_level may influence an individual's access to healthcare, education, or other resources, but it does not directly change their biological Sex.
Step 4: Considering the lack of direct causal relationship between Sex and Financial_level, and the fact that they operate in different domains, it is reasonable to conclude that there is no direct causal relationship between the two variables.

Conclusion: C",True
119,Sex,Obesity,C,"Reasoning Process:
Step 1: Understanding the definitions of Sex and Obesity: Sex refers to the biological categorization of humans and other living things based on reproductive functions, while Obesity is a condition related to weight or BMI.
Step 2: Considering the definitions, Sex is a fundamental biological characteristic that is determined at birth and is not directly influenced by external factors such as weight or BMI.
Step 3: Obesity, on the other hand, is a condition that can be influenced by various factors including diet, lifestyle, and genetics, but it is not a biological characteristic that determines an individual's sex.
Step 4: Given the definitions and understanding of the two variables, it is unlikely that changing Sex would directly or indirectly cause a change in Obesity, as Sex is a fixed biological characteristic and Obesity is a condition that can be influenced by various factors.
Step 5: Similarly, it is also unlikely that changing Obesity would directly or indirectly cause a change in Sex, as Obesity is a condition that does not determine an individual's biological sex.
Step 6: Therefore, based on the definitions and understanding of the variables, there is no causal relationship between Sex and Obesity.

Conclusion: C",True
120,Sex,PEG,C,"Reasoning Process:
Step 1: Understanding the definitions of Sex and PEG: Sex refers to the biological categorization of humans and other living things based on reproductive functions, while PEG score is an index measuring pain interference and pain intensity due to chronic low back pain.
Step 2: Analyzing the relationship between Sex and PEG: There is no inherent biological mechanism by which Sex would directly influence pain perception or intensity, as PEG score is a measure of pain experience rather than a biological characteristic.
Step 3: Considering potential intermediate variables: While there may be some indirect relationships between Sex and PEG, such as differences in hormone levels or body composition, these would not be direct causal relationships but rather complex interactions involving multiple factors.
Step 4: Evaluating the direction of causality: Given that PEG score is a measure of pain experience, it is unlikely that a change in PEG would cause a change in Sex, as Sex is a fixed biological characteristic.
Step 5: Conclusion: Based on the definitions and analysis, the most likely relationship between Sex and PEG is that there is no direct causal relationship between the two.
Step 6: Therefore, the correct answer is C. There is no causal relationship between Sex and PEG.

Conclusion: C",True
121,Sex,Sleep disturbance,C,"Reasoning Process:
Step 1: Understanding the definitions of Sex and Sleep disturbance is crucial to determining the causal relationship between the two variables. Sex refers to the biological categorization of individuals into male and female based on reproductive functions, while Sleep disturbance is a self-reported measure of sleep quality and restoration.
Step 2: Considering the definitions, it is clear that Sex is a biological characteristic that is determined at birth and remains relatively stable throughout an individual's life. Sleep disturbance, on the other hand, is a subjective experience that can be influenced by various factors such as lifestyle, environment, and overall health.
Step 3: Given the nature of Sex as a biological characteristic and Sleep disturbance as a subjective experience, it is unlikely that changing Sex would directly cause a change in Sleep disturbance. Similarly, it is also unlikely that changing Sleep disturbance would directly cause a change in Sex.
Step 4: However, it is possible that there may be indirect relationships between Sex and Sleep disturbance through intermediate variables such as hormonal differences, reproductive health, or lifestyle factors that may vary between males and females.
Step 5: Despite the potential for indirect relationships, the most direct and straightforward interpretation is that there is no causal relationship between Sex and Sleep disturbance. This is because Sex is a fixed biological characteristic, and Sleep disturbance is a subjective experience that can be influenced by various factors.

Conclusion: C",True
122,Sex,Smoking,C,"Reasoning Process:
Step 1: Understanding the definitions of Sex and Smoking: Sex refers to the biological categorization of humans and other living things based on reproductive functions, while Smoking is a habit of inhaling and exhaling tobacco smoke.
Step 2: Analyzing the relationship between Sex and Smoking: There is no direct biological link between the two variables. Sex is determined by genetics and reproductive biology, whereas Smoking is a behavioral habit influenced by various factors such as environment, culture, and personal choice.
Step 3: Considering potential intermediate variables: While there may be some indirect correlations, such as differences in smoking rates between males and females, these are not causal relationships. For example, women are more likely to develop certain health conditions that may lead to smoking cessation, but this does not imply a direct causal link between Sex and Smoking.
Step 4: Evaluating the direction of causality: It is unlikely that changing Sex would directly or indirectly cause a change in Smoking habits, as Sex is a fixed biological characteristic. Similarly, changing Smoking habits would not directly or indirectly change an individual's Sex.
Step 5: Conclusion: Based on the analysis, there is no direct or indirect causal relationship between Sex and Smoking. Therefore, the most likely answer is that there is no causal relationship between the two variables.
Step 6: Final conclusion: C. There is no causal relationship between Sex and Smoking.

Conclusion: C",True
123,Sleep disturbance,Alcohol,B,"Reasoning Process:
Step 1: Understanding the definitions of Sleep disturbance and Alcohol: Sleep disturbance is a self-reported measure of sleep quality, depth, and restoration, while Alcohol is a measure of alcohol consumption. Both variables are related to different aspects of an individual's health and behavior.
Step 2: Considering the potential relationship between Sleep disturbance and Alcohol: Research has shown that alcohol consumption can disrupt sleep patterns, leading to sleep disturbances. This suggests a possible causal relationship between Alcohol and Sleep disturbance.
Step 3: Evaluating the direction of causality: Given that alcohol consumption can lead to sleep disturbances, it is more likely that changing Alcohol levels would cause a change in Sleep disturbance, rather than the other way around. This is because the consumption of alcohol is a direct cause of sleep disturbances, rather than sleep disturbances being a direct cause of alcohol consumption.
Step 4: Considering the possibility of intermediate variables: While there may be other factors that influence both Sleep disturbance and Alcohol, such as stress or lifestyle, the direct relationship between alcohol consumption and sleep disturbances is well-established. Therefore, it is reasonable to conclude that changing Alcohol causes a change in Sleep disturbance, either directly or through one or more intermediate variables.
Step 5: Conclusion: Based on the established relationship between alcohol consumption and sleep disturbances, the most likely answer is that changing Alcohol causes a change in Sleep disturbance, either directly or through one or more intermediate variables.
Step 6: Final Answer: B

Conclusion: B",False
124,Sleep disturbance,Anxiety,B,"Reasoning Process:
Step 1: Understanding the definitions of Sleep disturbance and Anxiety is crucial to determining the causal relationship between the two variables. Sleep disturbance is a self-reported measure of sleep quality, depth, and restoration, while Anxiety is a measure of fear, anxious misery, hyperarousal, and somatic symptoms related to arousal.
Step 2: Considering the definitions, it is clear that both variables are related to the emotional and psychological state of an individual. Anxiety can lead to sleep disturbances as individuals with anxiety may experience difficulty falling asleep or staying asleep due to racing thoughts and increased arousal.
Step 3: Furthermore, sleep disturbances can also exacerbate anxiety as poor sleep quality can lead to increased anxiety levels, creating a vicious cycle. This bidirectional relationship suggests that changing one variable can affect the other.
Step 4: Given the bidirectional relationship between Sleep disturbance and Anxiety, it is likely that changing one variable can cause a change in the other, either directly or through one or more intermediate variables.
Step 5: Therefore, the most likely answer is that changing Sleep disturbance causes a change in Anxiety, either directly or through one or more intermediate variables, or changing Anxiety causes a change in Sleep disturbance, either directly or through one or more intermediate variables.
Step 6: However, the question asks for the most likely answer, and based on the definitions and the bidirectional relationship between the variables, I will choose the option that suggests a direct causal relationship between the two variables.

Conclusion: B",True
125,Sleep disturbance,CCI,B,"Reasoning Process:
Step 1: Understanding the definitions of Sleep disturbance and CCI is crucial to determining the causal relationship between the two variables. Sleep disturbance is a self-reported measure of sleep quality, depth, and restoration, while CCI is a comorbidity index that measures the number of comorbidities.
Step 2: Considering the definitions, it is clear that Sleep disturbance is a subjective measure of an individual's experience, whereas CCI is an objective measure of the number of comorbidities. This suggests that Sleep disturbance may be influenced by various factors, including but not limited to, CCI.
Step 3: A comorbidity index like CCI can indirectly affect an individual's sleep quality. For instance, individuals with multiple comorbidities may experience more pain, anxiety, or other symptoms that can disrupt their sleep patterns. Therefore, it is plausible that CCI can influence Sleep disturbance.
Step 4: However, it is also possible that Sleep disturbance can affect an individual's perception of their health, leading to an increase in reported comorbidities. For example, individuals who experience chronic pain due to sleep disturbances may report more comorbidities, thereby increasing their CCI score.
Step 5: Considering both possibilities, it is more likely that changing CCI causes a change in Sleep disturbance, either directly or through one or more intermediate variables. This is because the presence of comorbidities can directly impact an individual's sleep quality, making it a more plausible causal relationship.

Conclusion: B",True
126,Sleep disturbance,Catastrophizing,B,"Reasoning Process:
Step 1: Understanding the definitions of Sleep disturbance and Catastrophizing is crucial to determine the causal relationship between the two variables. Sleep disturbance is a self-reported measure of sleep quality, depth, and restoration, while Catastrophizing is a cognitive process characterized by magnifying the threat value of pain and feeling helpless in its presence.
Step 2: Considering the definitions, it's clear that Catastrophizing is a psychological process that can influence an individual's perception of pain, which in turn can affect their sleep quality. This suggests a potential causal relationship between Catastrophizing and Sleep disturbance.
Step 3: However, the reverse relationship is less clear. While poor sleep quality can exacerbate pain and potentially increase catastrophizing, it's not a direct cause of catastrophizing. Catastrophizing is a cognitive process that is more directly influenced by factors such as pain intensity, fear, and anxiety.
Step 4: Therefore, based on the definitions and the understanding of the relationship between the two variables, it's more likely that changing Catastrophizing causes a change in Sleep disturbance, either directly or through one or more intermediate variables.

Conclusion: B",False
127,Sleep disturbance,Depression,B,"Reasoning Process:
Step 1: Understanding the definitions of Sleep disturbance and Depression: Sleep disturbance is a self-reported measure of sleep quality, depth, and restoration, while Depression is a condition with affective and cognitive manifestations.
Step 2: Considering the relationship between sleep and mental health: Research has consistently shown that sleep disturbances can contribute to the development and exacerbation of mental health conditions, including Depression.
Step 3: Analyzing the potential causal relationship: Given that sleep disturbances can lead to changes in mood, cognitive function, and emotional regulation, it is plausible that changes in Sleep disturbance could influence Depression.
Step 4: Evaluating the direction of causality: While Depression can also impact sleep quality, the question asks for the most likely causal relationship. Therefore, considering the potential for sleep disturbances to contribute to the development of Depression, it is more likely that changing Sleep disturbance causes a change in Depression.
Step 5: Considering the possibility of intermediate variables: It is possible that other factors, such as stress, anxiety, or lifestyle changes, could mediate the relationship between Sleep disturbance and Depression. However, the question does not provide information about these potential intermediate variables, so we will assume a direct relationship.

Conclusion: B",True
128,Sleep disturbance,Education,B,"Reasoning Process:
Step 1: To determine the causal relationship between Sleep disturbance and Education, we need to consider the definitions and potential interactions between the two variables.
Step 2: Sleep disturbance is a subjective measure of an individual's perception of their sleep quality, depth, and restoration. It is a self-reported score that reflects an individual's general perception of their sleep quality.
Step 3: Education, on the other hand, refers to the level of education of the participant, which is an objective measure of an individual's educational attainment.
Step 4: Considering the definitions, it is unlikely that changing Sleep disturbance would directly cause a change in Education, as Education is an objective measure that is not directly influenced by an individual's perception of their sleep quality.
Step 5: However, it is possible that changing Education could influence Sleep disturbance. For example, individuals with higher levels of education may have better sleep habits, such as a consistent sleep schedule, a dark sleep environment, and avoidance of stimulating activities before bedtime, which could lead to improved sleep quality and reduced sleep disturbance.
Step 6: Additionally, education can provide individuals with the knowledge and skills to manage stress, anxiety, and other factors that can contribute to sleep disturbance.
Step 7: Therefore, based on the definitions and potential interactions between the two variables, it is more likely that changing Education causes a change in Sleep disturbance, either directly or through one or more intermediate variables.

Conclusion: B",False
129,Sleep disturbance,Fear_avoidance,B,"Reasoning Process:
Step 1: Understanding the definitions of Sleep disturbance and Fear avoidance is crucial to determining the causal relationship between the two variables. Sleep disturbance is a self-reported measure of sleep quality, depth, and restoration, while Fear avoidance is a patient-reported questionnaire focusing on the impact of fear and avoidance on low back pain and disability.
Step 2: Considering the definitions, it's clear that both variables are related to the patient's experience and perception of their condition. Sleep disturbance can be influenced by various factors, including pain, anxiety, and depression, which are also related to Fear avoidance.
Step 3: Given the interrelated nature of these variables, it's plausible that changes in Fear avoidance could lead to changes in Sleep disturbance. For instance, if a patient's fear avoidance beliefs decrease, they may be more likely to engage in physical activity, which could improve their sleep quality.
Step 4: Conversely, changes in Sleep disturbance could also influence Fear avoidance. Poor sleep quality can exacerbate pain and anxiety, leading to increased fear avoidance beliefs. This bidirectional relationship suggests that there is a causal relationship between the two variables.
Step 5: Therefore, based on the definitions and the interrelated nature of the variables, it's reasonable to conclude that changing Fear avoidance causes a change in Sleep disturbance, either directly or through one or more intermediate variables.
Step 6: This conclusion is supported by the understanding that both variables are related to the patient's experience and perception of their condition, and that changes in one variable can influence the other.
Step 7: Additionally, the bidirectional relationship between the variables suggests that there is a causal relationship between Sleep disturbance and Fear avoidance.
Step 8: Therefore, the most likely answer is B. Changing Fear avoidance causes a change in Sleep disturbance, either directly or through one or more intermediate variables.

Conclusion: B",False
130,Sleep disturbance,Financial_level,B,"Reasoning Process:
Step 1: Understanding the definitions of Sleep disturbance and Financial_level is crucial to determining the causal relationship between the two variables. Sleep disturbance is a self-reported measure of sleep quality, depth, and restoration, while Financial_level is a proxy for socioeconomic status.
Step 2: Considering the definitions, it is plausible that Financial_level could influence Sleep disturbance. For instance, individuals with lower socioeconomic status may experience increased stress, anxiety, or decreased access to healthcare, which can negatively impact their sleep quality.
Step 3: On the other hand, it is less likely that Sleep disturbance would directly cause a change in Financial_level. While poor sleep can have various consequences, such as decreased productivity and increased healthcare costs, it is not a direct determinant of one's financial situation.
Step 4: However, it is also possible that there could be an intermediate variable, such as stress or anxiety, that mediates the relationship between Financial_level and Sleep disturbance. For example, financial stress could lead to increased anxiety, which in turn affects sleep quality.
Step 5: Considering these possibilities, the most likely causal relationship is that changing Financial_level causes a change in Sleep disturbance, either directly or through one or more intermediate variables.
Step 6: This conclusion is based on the understanding that Financial_level can have a direct impact on an individual's life circumstances, including their ability to access healthcare, manage stress, and maintain a stable living environment, all of which can influence sleep quality.
Step 7: Therefore, the most likely causal relationship is that changing Financial_level causes a change in Sleep disturbance, either directly or through one or more intermediate variables.
Step 8: This conclusion is consistent with the definitions of the variables and the understanding of the potential relationships between them.

Conclusion: B",False
131,Sleep disturbance,Obesity,A,"Reasoning Process:
Step 1: To determine the causal relationship between Sleep disturbance and Obesity, we need to consider the definitions and potential associations between the two variables.
Step 2: Sleep disturbance is defined as self-reported perceptions of sleep quality, sleep depth, and restoration associated with sleep, which is a subjective measure.
Step 3: Obesity, on the other hand, is defined as BMI or being overweight, which is an objective measure.
Step 4: Research has shown that sleep disturbances can lead to changes in appetite regulation, metabolism, and energy balance, which can contribute to weight gain and obesity.
Step 5: Additionally, chronic sleep disturbances can lead to increased levels of stress hormones, such as cortisol, which can also contribute to weight gain and obesity.
Step 6: Therefore, it is reasonable to conclude that changing Sleep disturbance can cause a change in Obesity, either directly or through one or more intermediate variables.

Conclusion: A",False
132,Sleep disturbance,PEG,A,"Reasoning Process:
Step 1: Understanding the definitions of Sleep disturbance and PEG: Sleep disturbance is a self-reported measure of sleep quality, depth, and restoration, while PEG is an index measuring pain interference and pain intensity due to chronic low back pain.
Step 2: Considering the relationship between sleep and pain: Research has shown that chronic pain can significantly impact sleep quality, leading to sleep disturbances. Conversely, poor sleep quality can exacerbate pain perception and intensity.
Step 3: Analyzing the potential causal relationship: Given the bidirectional relationship between sleep and pain, it is reasonable to infer that changes in sleep disturbance could influence PEG scores, either directly or through intermediate variables such as pain intensity or pain interference.
Step 4: Considering the possibility of a unidirectional relationship: While it is possible that changing PEG could cause a change in sleep disturbance, the definition of PEG specifically focuses on pain interference and intensity, which is more directly related to the experience of pain rather than the broader impact on sleep quality.
Step 5: Evaluating the option of no causal relationship: Given the established link between sleep and pain, it is unlikely that there is no causal relationship between Sleep disturbance and PEG.
Step 6: Conclusion: Based on the definitions and the known relationship between sleep and pain, the most likely scenario is that changing Sleep disturbance causes a change in PEG, either directly or through one or more intermediate variables.
Step 7: Final conclusion: B is incorrect because it implies a unidirectional relationship, which is less likely given the bidirectional relationship between sleep and pain. C is incorrect because there is a known causal relationship between sleep and pain. Therefore, the most likely answer is A.
Step 8: Final answer: A

Conclusion: A",True
133,Sleep disturbance,Smoking,B,"Reasoning Process:
Step 1: To determine the causal relationship between Sleep disturbance and Smoking, we need to consider the definitions and potential interactions between the two variables.
Step 2: Sleep disturbance is a subjective measure of sleep quality, depth, and restoration, while Smoking is a behavioral habit of inhaling tobacco smoke.
Step 3: There is a well-established body of evidence suggesting that Smoking can negatively impact sleep quality, leading to sleep disturbances. This is due to various factors, including nicotine's stimulatory effects, carbon monoxide's reduction of oxygen delivery to the body, and other chemicals in tobacco smoke that can disrupt sleep patterns.
Step 4: Given this understanding, it is reasonable to infer that Smoking can cause changes in Sleep disturbance, either directly or through intermediate variables such as nicotine withdrawal, sleep apnea, or other sleep-related disorders.
Step 5: However, the reverse relationship, where changing Sleep disturbance causes a change in Smoking, is less clear. While sleep disturbances can be a consequence of Smoking, it is not a direct cause of the behavior.
Step 6: Therefore, based on the definitions and the known effects of Smoking on sleep, the most likely causal relationship is that changing Smoking causes a change in Sleep disturbance.
Step 7: This conclusion is supported by the existing literature and our understanding of the physiological and behavioral effects of Smoking on sleep quality.
Step 8: In conclusion, the most likely causal relationship between Sleep disturbance and Smoking is that changing Smoking causes a change in Sleep disturbance, either directly or through one or more intermediate variables.
Step 9: This relationship is consistent with the definitions and the known effects of Smoking on sleep quality.

Conclusion: B",True
134,Smoking,Alcohol,B,"Reasoning Process:
Step 1: To determine the causal relationship between Smoking and Alcohol, we need to consider the definitions and potential interactions between the two variables.
Step 2: Smoking is a behavior that involves the inhalation of tobacco smoke, which is a distinct activity from alcohol consumption.
Step 3: However, individuals who smoke may also consume alcohol, and vice versa. This co-occurrence does not necessarily imply a direct causal relationship between the two variables.
Step 4: To establish a causal relationship, we need to consider whether changes in one variable (Smoking) can lead to changes in the other variable (Alcohol), or vice versa.
Step 5: There is evidence to suggest that individuals who smoke may be more likely to engage in other risk-taking behaviors, including excessive alcohol consumption.
Step 6: This suggests that there may be a correlation between Smoking and Alcohol, but it does not necessarily imply a direct causal relationship.
Step 7: However, it is also possible that changes in Alcohol consumption could influence an individual's likelihood of smoking, for example, if they experience a change in their social environment or peer group.
Step 8: Therefore, it is plausible that changing Alcohol could cause a change in Smoking, either directly or through one or more intermediate variables.
Step 9: Based on this analysis, the most likely option is that changing Alcohol causes a change in Smoking, either directly or through one or more intermediate variables.

Conclusion: B",False
135,Smoking,Anxiety,A,"Reasoning Process:
Step 1: To determine the causal relationship between Smoking and Anxiety, we need to consider the definitions and potential mechanisms by which they interact.
Step 2: Smoking is a behavior that involves the inhalation of tobacco smoke, which contains thousands of chemicals, many of which are toxic and can have negative effects on the body.
Step 3: Anxiety, as defined by PROMIS, encompasses a range of symptoms including fear, anxious misery, hyperarousal, and somatic symptoms related to arousal.
Step 4: Research has shown that smoking is a significant risk factor for the development of anxiety disorders, including nicotine dependence, which can contribute to anxiety symptoms.
Step 5: Additionally, smoking can lead to chronic stress, which is a known trigger for anxiety, and can also exacerbate existing anxiety disorders.
Step 6: Furthermore, nicotine, a primary psychoactive substance in tobacco, can stimulate the brain's reward system, leading to feelings of relaxation and reduced anxiety in the short-term, but can also lead to increased anxiety in the long-term due to nicotine withdrawal.
Step 7: Considering these mechanisms, it is reasonable to conclude that changing Smoking can lead to a change in Anxiety, either directly or through one or more intermediate variables.

Conclusion: A",False
136,Smoking,CCI,A,"Reasoning Process:
Step 1: To determine the causal relationship between Smoking and CCI, we need to consider the definitions and potential interactions between the two variables.
Step 2: Smoking is a behavior that can lead to various health issues, including cardiovascular disease, respiratory disease, and cancer. These health issues can be considered comorbidities.
Step 3: CCI measures the number of comorbidities, which can be influenced by various factors, including lifestyle choices such as smoking.
Step 4: Given that smoking can lead to comorbidities, it is reasonable to assume that changing smoking behavior can impact the number of comorbidities, which is what CCI measures.
Step 5: Therefore, changing smoking can cause a change in CCI, either directly or through one or more intermediate variables, such as the development of comorbidities.

Conclusion: A",False
137,Smoking,Catastrophizing,B,"Reasoning Process:
Step 1: To determine the causal relationship between Smoking and Catastrophizing, we need to consider the definitions and potential interactions between the two variables.
Step 2: Smoking is a behavior that involves the inhalation of tobacco smoke, which has been linked to various health consequences, including chronic pain. However, the definition of Catastrophizing specifically refers to a cognitive process related to pain perception and emotional response.
Step 3: While there may be an indirect relationship between Smoking and Catastrophizing, such as Smoking leading to chronic pain, which in turn may contribute to Catastrophizing, the definitions do not suggest a direct causal link between the two variables.
Step 4: However, Catastrophizing can influence an individual's behavior, including their willingness to engage in health-risk behaviors such as Smoking. Therefore, it is plausible that changing Catastrophizing could lead to a change in Smoking behavior.
Step 5: Considering the definitions and potential interactions between Smoking and Catastrophizing, the most likely causal relationship is that changing Catastrophizing causes a change in Smoking, either directly or through one or more intermediate variables.
Step 6: Therefore, the conclusion is that changing Catastrophizing causes a change in Smoking, either directly or through one or more intermediate variables.
Step 7: This conclusion is based on the understanding that Catastrophizing can influence behavior, including health-risk behaviors like Smoking, and that changing Catastrophizing may lead to a change in Smoking behavior.

Conclusion: B",False
138,Smoking,Depression,B,"Reasoning Process:
Step 1: Understanding the definitions of Smoking and Depression. Smoking is the action of inhaling and exhaling tobacco smoke, while Depression is a mental health condition characterized by affective and cognitive manifestations.
Step 2: Considering the potential relationship between Smoking and Depression. Research has shown that there is a correlation between smoking and depression, with smokers being more likely to experience depression than non-smokers.
Step 3: Evaluating the direction of causality. While it's possible that depression could lead to smoking as a coping mechanism, there is also evidence to suggest that smoking can contribute to the development of depression. For example, nicotine can affect brain chemistry and lead to mood changes.
Step 4: Considering the possibility of intermediate variables. Other factors such as stress, anxiety, and genetics may also play a role in the relationship between smoking and depression.
Step 5: Evaluating the strength of the evidence. While there is no definitive proof of a direct causal relationship, the preponderance of evidence suggests that there is a bidirectional relationship between smoking and depression.
Step 6: Conclusion: Based on the available evidence, it is most likely that changing Smoking causes a change in Depression, either directly or through one or more intermediate variables, and changing Depression also causes a change in Smoking, either directly or through one or more intermediate variables.

Conclusion: B",False
139,Smoking,Education,B,"Reasoning Process:
Step 1: To determine the causal relationship between Smoking and Education, we need to consider the definitions and potential interactions between the two variables.
Step 2: Smoking is a behavior that can be influenced by various factors, including socioeconomic status, which is often related to education level.
Step 3: Education level can impact an individual's socioeconomic status, which in turn can influence their ability to afford or access smoking cessation resources, or to be exposed to anti-smoking campaigns.
Step 4: Additionally, education can also provide individuals with knowledge about the risks associated with smoking, which can lead to a decrease in smoking behavior.
Step 5: Therefore, it is plausible that education level can influence smoking behavior, either directly or through intermediate variables such as socioeconomic status or knowledge about health risks.
Step 6: However, the reverse relationship, where changing smoking behavior directly affects education level, is less clear and may not be as direct.
Step 7: Therefore, based on the potential pathways and relationships between education and smoking, the most likely causal relationship is that changing education causes a change in smoking, either directly or through one or more intermediate variables.
Step 8: Conclusion: B. Changing Education causes a change in Smoking, either directly or through one or more intermediate variables.

Conclusion: B",False
140,Smoking,Fear_avoidance,B,"Reasoning Process:
Step 1: Understanding the definitions of Smoking and Fear_avoidance is crucial to determining the causal relationship between the two variables. Smoking is a behavior related to tobacco use, while Fear_avoidance is a patient-reported questionnaire focusing on the impact of fear on low back pain and disability.
Step 2: Considering the definitions, there is no direct link between the action of smoking and the psychological aspect of fear avoidance. Smoking is a physical behavior, whereas Fear_avoidance is a psychological construct related to pain and disability.
Step 3: However, it's possible that the physical effects of smoking, such as decreased lung function or cardiovascular disease, could indirectly influence a person's fear avoidance beliefs. For example, a person with chronic obstructive pulmonary disease (COPD) due to smoking may be more fearful of physical activity due to shortness of breath or other symptoms.
Step 4: On the other hand, changing Fear_avoidance beliefs may not directly influence smoking behavior. However, if a person becomes more confident in their ability to manage their low back pain and disability, they may be more likely to engage in physical activities that could help them quit smoking, such as exercise or social activities that don't involve smoking.
Step 5: Considering these potential indirect relationships, it's possible that changing Fear_avoidance could influence Smoking through intermediate variables, such as increased physical activity or improved overall health.
Step 6: However, the question asks for the most likely causal relationship, and based on the definitions and potential indirect relationships, I conclude that changing Fear_avoidance is more likely to cause a change in Smoking, either directly or through one or more intermediate variables.
Step 7: Therefore, the most likely causal relationship is B. Changing Fear_avoidance causes a change in Smoking, either directly or through one or more intermediate variables.
Step 8: This conclusion is based on the potential for Fear_avoidance to influence Smoking through indirect pathways, such as increased physical activity or improved overall health.

Conclusion: B",False
141,Smoking,Financial_level,B,"Reasoning Process:
Step 1: To determine the causal relationship between Smoking and Financial_level, we need to consider the potential mechanisms by which one variable could influence the other. Smoking is a behavior that can have significant health consequences, including increased healthcare costs and reduced productivity, which could potentially impact an individual's financial situation.
Step 2: On the other hand, Financial_level can also influence Smoking. Individuals with lower financial levels may be more likely to smoke due to the lower cost of cigarettes compared to other forms of nicotine replacement therapy or cessation aids. Additionally, those with lower financial levels may have limited access to healthcare and resources that could help them quit smoking.
Step 3: Considering these potential bidirectional relationships, it's clear that there is a complex interplay between Smoking and Financial_level. However, the most direct and well-established relationship is that Financial_level can influence Smoking, as individuals with lower financial levels are more likely to smoke due to the lower cost of cigarettes and limited access to resources for quitting.
Step 4: Therefore, the most likely causal relationship is that Changing Financial_level causes a change in Smoking, either directly or through one or more intermediate variables.
Step 5: This is because the relationship between Financial_level and Smoking is more direct and well-established, with lower financial levels being a significant predictor of smoking behavior.
Step 6: While there may be some indirect effects of Smoking on Financial_level, such as increased healthcare costs, the most direct and significant relationship is from Financial_level to Smoking.
Step 7: Therefore, the correct answer is B. Changing Financial_level causes a change in Smoking, either directly or through one or more intermediate variables.

Conclusion: B",False
142,Smoking,Obesity,A,"Reasoning Process:
Step 1: To determine the causal relationship between Smoking and Obesity, we need to consider the definitions and potential mechanisms by which they are related.
Step 2: Smoking is a behavior that can lead to various health consequences, including cardiovascular disease, respiratory disease, and cancer. It can also lead to weight gain due to the increased appetite and decreased metabolism associated with nicotine use.
Step 3: Obesity, on the other hand, is a complex condition influenced by multiple factors, including genetics, diet, physical activity, and socioeconomic status. It is often associated with an increased risk of various health problems, including cardiovascular disease, diabetes, and certain types of cancer.
Step 4: Considering the potential mechanisms by which Smoking and Obesity are related, we can see that Smoking can contribute to weight gain and obesity through its effects on appetite and metabolism.
Step 5: Therefore, it is reasonable to conclude that changing Smoking can lead to a change in Obesity, either directly or through one or more intermediate variables.

Conclusion: A",False
143,Smoking,PEG,A,"Reasoning Process:
Step 1: To determine the causal relationship between Smoking and PEG, we need to consider the definitions and potential interactions between the two variables.
Step 2: Smoking is a habit that can have various health consequences, including respiratory problems, cardiovascular disease, and cancer. Chronic low back pain, which is related to PEG, can be exacerbated by smoking due to its negative impact on overall health and physical well-being.
Step 3: Given that smoking can contribute to chronic health issues, including those that may lead to chronic low back pain, it is plausible that smoking could indirectly affect PEG scores by influencing the underlying health conditions that contribute to pain intensity and interference.
Step 4: Therefore, changing smoking habits could potentially lead to changes in PEG scores, either directly or through intermediate variables such as overall health and physical well-being.
Step 5: This suggests a causal relationship between smoking and PEG, where changing smoking habits could lead to changes in PEG scores.

Conclusion: A",True
144,Smoking,Sleep disturbance,A,"Reasoning Process:
Step 1: Understanding the definitions of Smoking and Sleep disturbance is crucial to establish a relationship between the two variables. Smoking is a habit of inhaling and exhaling tobacco smoke, while Sleep disturbance is a self-reported measure of sleep quality and restoration.
Step 2: Research has shown that smoking is a significant risk factor for various health problems, including cardiovascular disease, respiratory disease, and cancer. These health problems can lead to chronic pain, fatigue, and other symptoms that may disrupt sleep patterns and quality.
Step 3: Furthermore, nicotine, a primary psychoactive substance in tobacco, can interfere with sleep patterns and reduce the quality of sleep. Nicotine can stimulate the brain and make it harder to fall asleep, leading to sleep disturbances.
Step 4: Additionally, smoking can lead to chronic pain, which is a known cause of sleep disturbances. Chronic pain can make it difficult to fall asleep, stay asleep, or get quality sleep, leading to increased sleep disturbances.
Step 5: Considering the above points, it is reasonable to conclude that changing Smoking can lead to a change in Sleep disturbance, either directly or through one or more intermediate variables such as chronic pain, health problems, or nicotine's effects on sleep patterns.

Conclusion: A",False
