Var1,Var2,Temporality,Temporality Reasoning,Temporality Report,Plausibility Report,Association Report,Direction_Resolved,Direction Report
Alcohol,Smoking,True,"Reasoning Process:
Step 1: The question asks whether there is a causal relationship between a change in Alcohol and a change in Smoking, where Alcohol temporally precedes and influences Smoking.
Step 2: To determine this, we need to examine the relationships between Alcohol and Smoking in the provided reports.
Step 3: In the report on Smoking and Sleep Disturbance, there is no direct relationship between Alcohol and Smoking.
Step 4: However, in the report on Financial Situation and Socioeconomic Status, there is a relationship between Alcohol Consumption and Depression, which is associated with Smoking.
Step 5: The relationship is as follows: Depression can lead to increased Alcohol Consumption, and increased Alcohol Consumption can lead to Depression, which is associated with Smoking.
Step 6: This suggests that there is an indirect causal relationship between Alcohol and Smoking, where a change in Alcohol can lead to a change in Smoking through the intermediate variable of Depression.
Step 7: However, we need to examine the relationships in the Knowledge Graph Relationships to confirm this causal relationship.
Step 8: In the Knowledge Graph Relationships, we see that (Promis Depression: Affects the affective and cognitive manifestations of depression)--[CAUSES: Depression can lead to increased alcohol consumption]-->(Alcohol Consumption: Alcohol consumption refers to the amount of alcohol consumed per week. It is a measure of the frequency and quantity of alcohol use.)
Step 9: This confirms the causal relationship between Depression and Alcohol Consumption.
Step 10: Additionally, we see that (Promis Depression: Affects the affective and cognitive manifestations of depression)--[CAUSAL: Depression can lead to increased anxiety]-->(Promis Anxiety: Focuses on fear (e.g., worry, feelings of panic), anxious misery (e.g., dread), hyperarousal (e.g., tension, nervousness, restlessness), and somatic symptoms related to arousal (e.g., cardiovascular symptoms, dizziness).)
Step 11: And (Promis Anxiety: Focuses on fear (e.g., worry, feelings of panic), anxious misery (e.g., dread), hyperarousal (e.g., tension, nervousness, restlessness), and somatic symptoms related to arousal (e.g., cardiovascular symptoms, dizziness).)--[CAUSES: Increased anxiety can lead to increased alcohol consumption]-->(Alcohol Consumption: Alcohol consumption refers to the amount of alcohol consumed per week. It is a measure of the frequency and quantity of alcohol use.)
Step 12: This confirms the causal relationship between Anxiety and Alcohol Consumption.
Step 13: Furthermore, we see that (Alcohol Consumption: Alcohol consumption refers to the amount of alcohol consumed per week. It is a measure of the frequency and quantity of alcohol use.)--[ASSOCIATION: Alcohol consumption is associated with smoking.]-->(Smoking: the action or habit of inhaling and exhaling the smoke of tobacco by sucking on the end of a lit cigarette, cigar, pipe, etc.)
Step 14: This confirms the association between Alcohol Consumption and Smoking.
Step 15: Therefore, we can conclude that there is a causal relationship between a change in Alcohol and a change in Smoking, where Alcohol temporally precedes and influences Smoking through the intermediate variables of Depression and Anxiety.

Conclusion: Yes","# Report:
## Chunks:

, the lower consumption rate for female smokers than for men (see Table 3) could lead to less pronounced declines in quality-of-life outcomes among female smokers because of lower lifetime exposure levels.

Age differences in the number of cigarettes smoked are also of interest, since these may lead to lower RRs of poor health for elderly smokers compared with estimates obtained from younger populations. However, the age differences in the number smoked may result from a number of factors. First, mortal-

ity among heavy smokers tends to be relatively high, and those who smoke less are more likely to survive to old age. Second, elderly smokers may cut down on consumption rates, since the cost of cigarettes would represent a larger proportion of disposable income than for younger age groups. Third, elderly smokers may more likely experience symptoms of the negative effects of smoking on health, and greater sensitivity to the consequences of smoking may motivate older individuals to lower their consumption levels.

Arguments for the expected benefits of smoking from the perspective of the individual have typically included quality-of-life outcomes, such as enhanced relaxation; reduced anxiety, boredom and depression; maintenance of autonomy; and improved concentration.39-42 However, the associations of smoking with such quality-of-life outcomes among older populations have not been investigated quantitatively. Results from this study indicate that elderly male smokers had a higher risk for high life stress, and that elderly female smokers had a higher risk for unhappiness and dissatisfaction with social relationships than those who had never smoked. Stephens<sup>24</sup> found similar evidence of a possible association between a number of health practices (including not smoking) and emotional health among elderly respondents to the 1978-1979 Canada Health Survey. Despite the limitations of the cross-sectional GSS and NADS data, the results shown in Tables 5 and 6 contradict the notion that smoking has positive effects on quality of life among older persons. Instead, the results suggest two possible patterns: (1) smoking leads to negative quality-of-life outcomes for the elderly; or (2) elderly individuals who have a low quality of life are more likely to continue to smoke. In both cases one might argue that encouraging cessation among elderly smokers would be useful.

Although the ORs for negative health outcomes among elderly smokers are less pronounced than those reported for younger populations, 6,10,14,21,22,27,43 smoking among elderly respondents in this study was associated with poor self-rated health and respiratory problems. Our evidence implies that elderly smokers may be more likely to experience trouble walking and climbing stairs and to use analgesic, central nervous system,
useful.

Although the ORs for negative health outcomes among elderly smokers are less pronounced than those reported for younger populations, 6,10,14,21,22,27,43 smoking among elderly respondents in this study was associated with poor self-rated health and respiratory problems. Our evidence implies that elderly smokers may be more likely to experience trouble walking and climbing stairs and to use analgesic, central nervous system, and gastrointestinal medications. The increased risk among female smokers for the use of central nervous system medications (e.g., antidepressants and tranquilizers) and gastrointestinal medications is not surprising, since others have found smoking to be positively associated with depressive symptoms<sup>23</sup> and peptic ulcer disease.1 The lack of observed associations of smoking with other indicators of physical health (e.g., heart problems, hypertension, and some disability measures) is unexpected and may be the result of methodological limitations of the survey data. For example, differential attrition rates among smokers and nonsmokers (related to the higher death rate among smokers) may mask the association of smoking with morbidity and disability in both cross-sectional and longitudinal research. 15 Consequently, the magnitude of the risk incurred by elderly smokers in terms of morbidity and disability may be underestimated, particularly in cross-sectional studies.

The higher risk of respiratory problems and the related impairments in certain activities of daily living have important quality-of-life implications for older individuals. For example, a persistent cough or shortness of breath may limit an elderly person's ability to participate in certain social activities. However, although the logistic regression models adjusted for age, sex,

income, marital status, and education, other possible confounding variables that were not controlled for in the analysis (e.g., presence of arthritis or some other disabling condition) may influence mobility. Nonetheless, since respiratory symptoms may be reversed after stopping smoking, even among the elderly,<sup>44</sup> smoking cessation interventions among older individuals may be appropriate.

The next step for research in this area should involve the use of longitudinal data to examine the effects of smoking cessation on various quality-of-life outcomes. Future efforts to clarify further the many health consequences of continued smoking and the benefits of cessation in old age should attempt to examine both physical and psychological outcomes, as well as possible cumulative effects of smoking on other lifestyle risks (e.g., alcohol use) among the elderly. Moreover, such investigations should consider the effects of gender differences in lifetime exposure to smoking on risk estimates for quality
, while ageing is linked with a failure in leptin action independently of obesity and body fat distribution (Carter et al. [2013](#page-13-0); Scarpace et al. [2000a](#page-14-0)). Comparison of young and aged individuals showed a decrease in mRNA, and serum leptin was observed after fasting at all ages (Scarpace and Tumer [2001](#page-14-0); Li et al. [1998\)](#page-14-0); however, the magnitude of this decrease is blunted with age (Li et al. [1998](#page-14-0)). Indeed,

23 Page 6 of 18 AGE (2016) 38: 23

studies on resistance to leptin administration revealed that old rats (30 months of age) with elevated adiposity presented threefold greater endogenous serum leptin levels than young individuals (6 months of age) (Scarpace and Tumer [2001](#page-14-0); Scarpace et al. [2000a](#page-14-0)). Scarpace et al. (2000) has shown that 7 days of subcutaneous leptin administration increased its serum levels and diminished food intake with greater significance for young rats (Scarpace et al. [2000a\)](#page-14-0), leading to the conclusion that older individuals are resistant to the effects of leptin (Scarpace et al. [2000a\)](#page-14-0). Conversely, recent work demonstrated that in old non-obese and calorierestricted rats, 7 days of intra-cerebroventricular leptin infusion efficiently decreased food intake (Petervari et al. [2014\)](#page-14-0). Petervari et al. (2014) suggested that ageing per se does not promote leptin resistance development; rather, early appearance of obesity leads to the progressive loss of the hypermetabolic effects of leptin (Petervari et al. [2014](#page-14-0)).

Typically, obesity is associated with increased circulating leptin concentrations (Ahima and Flier [2000\)](#page-14-0). Obese individuals exhibit leptin resistance, and its elevated concentrations fail to control hunger and body weight (My
""></span><span id=""page-75-3""></span><span id=""page-75-2""></span><span id=""page-75-1""></span><span id=""page-75-0""></span>the past year[.27](#page-76-14) Therefore, perceptions of whether the COVID-19 pandemic affected people's access to medical care would be especially relevant to adults aged 26 or older. In general, adults aged 26 or older were more likely than adolescents aged 12 to 17 and young adults aged 18 to 25 to perceive COVID-19 pandemic effects on their access to medical care. Among adults aged 26 or older in 2021, 33.0 percent (or 71.6 million people) had medical appointments moved from in person to telehealth, 26.3 percent (or 57.1 million people) experienced delays or cancellations in medical appointments or preventive services, 8.9 percent (or 19.3 million people) experienced delays in getting prescriptions, and 5.5 percent (or 12.0 million people) were unable to access needed medical care resulting in a perceived moderate to severe impact on health.

### Endnotes

- [1.](#page-8-3) Hasin, D. S., & Grant, B. F. (2015). The National Epidemiologic Survey on Alcohol and Related Conditions (NESARC) Waves 1 and 2: Review and summary of findings. *Social Psychiatry and Psychiatric Epidemi[olog](https://www.samhsa.gov/disclaimer)y, 50*, 1609-1640. [https://doi.org/10.1007/s00127-015](https://doi.org/10.1007/s00127-015-1088-0) [-1088-0](https://doi.org/10.1007/s00127-015-1088-0)
- [2.](#page-8-3) World Health Organization. (2013). *Mental health action plan 2013 - 20[20](https://www.samhsa.gov/disclaimer)*. [https://www.who.int/mental\\_health/publications/action](https://www.who.int/mental_health/publications/action_plan
they were classified as having a prescription drug use disorder if they met two or more of the first *nine* criteria shown in [Table 1](#page-33-0). Criteria 10 (tolerance) and 11 (withdrawal) do not apply to respondents who used but did not misuse these prescription drugs in the past year; tolerance and withdrawal can occur as normal physiological adaptations when people use these prescription drugs appropriately under medical supervision.[66](#page-78-11)

<span id=""page-34-1""></span>[Table 2](#page-34-0) shows the substances and types of use or misuse that are included in selected SUD measures in the 2021 NSDUH.

- <span id=""page-34-2""></span>• Any SUD in the past year includes data from past year users of alcohol, marijuana,[67](#page-78-12) cocaine (including crack), heroin, hallucinogens, inhalants, and methamphetamine, and *any* past year users of prescription psychotherapeutic drugs.
- Alcohol use disorder includes only data from past year users of alcohol.
- Drug use disorder includes data from past year users of marijuana, cocaine, heroin, hallucinogens, inhalants, and methamphetamine, and *any* past year users of prescription psychotherapeutic drugs. It does not include people who had an alcohol use disorder in the past year.
- Illicit drug or alcohol use disorder includes data from past year users of alcohol, marijuana, cocaine, heroin, hallucinogens, inhalants, and methamphetamine, and past year *misusers* of prescription psychotherapeutic drugs. This illicit drug or alcohol use disorder measure is relevant to the [Substance Use Treatment in the Past Year](#page-52-0) section.

In addition, [Table A.14B](#page-92-0) presents estimates for drug use disorder, illicit drug use disorder, and prescription drug use disorders based on all past year users of prescription drugs or only past year misusers. Thus, [Table A.14B](#page-92-0) shows the effect on SUD estimates for 2021 when information is included from all past year users of prescription drugs.

Table 2. Substances Included in SUD Measures in the 2021 NSDUH

| Substance, Past Year Use or Misuse                      | Use Disorder<br>Substance | Alcohol Use<br>Disorder | Drug Use<br
depression and/or anxiety as the exposure and smoking as an outcome.

**Results:** Outcomes from 148 studies were categorized into: smoking onset, smoking status, smoking heaviness, tobacco dependence, and smoking trajectory. The results for each category varied substantially, with evidence for positive associations in both directions (smoking to later mental health and mental health to later smoking) as well as null findings. Overall, nearly half the studies reported that baseline depression/anxiety was associated with some type of later smoking behavior, while over a third found evidence that a smoking exposure was associated with later depression/anxiety. However, there were few studies directly supporting a bidirectional model of smoking and anxiety, and very few studies reporting null results.

**Conclusions:** The literature on the prospective association between smoking and depression and anxiety is inconsistent in terms of the direction of association most strongly supported. This suggests the need for future studies that employ different methodologies, such as Mendelian randomization (MR), which will allow us to draw stronger causal inferences.

**Implications:** We systematically reviewed longitudinal studies on the association of different aspects of smoking behavior with depression and anxiety. The results varied considerably, with evidence for smoking both associated with subsequent depression and anxiety, and vice versa. Few studies supported a bidirectional relationship, or reported null results, and no clear patterns by gender, ethnicity, clinical status, length to follow-up, or diagnostic test. Suggesting that despite advantages of longitudinal studies, they cannot alone provide strong evidence of causality. Therefore, future studies investigating this association should employ different methods allowing for stronger causal inferences to be made, such as MR.

# **Introduction**

The high co-occurrence of smoking and mental illness is a major public health concern, and smoking accounts for much of the reduction in life expectancy associated with mental illness.[1](#page-6-0) Many studies report a positive association between smoking and mental illness, with smoking rates increasing with the severity of the disease.[2](#page-6-1),[3](#page-6-2) Individuals with mental illness also tend to start smoking at an earlier age, smoke more heavily, and are more addicted to cigarettes than the general population. For example, a recent survey suggests that 42% of all cigarettes consumed in England are consumed by those with mental illness, although this includes substance use disorders[.4](#page-6-3) Additionally, while cigarette consumption in the general population has shown a sustained decrease over the past 20 years, consumption among smokers with mental illness has remained relatively unchanged[.1](#page-6-0) There is therefore a pressing need to understand the mechanisms underlying the high rate of smoking in people with mental## Communities:

### Smoking and Sleep Disturbance Community
### Summary
This community is centered around the relationship between smoking and sleep disturbance. The entities within this community are Smoking and Sleep Disturbance, which are related through various associations, causal relationships, and correlations. The community's structure is characterized by a complex web of relationships between these two entities, with smoking being a causal factor for sleep disturbance and sleep disturbance being a consequence of smoking.
### Key Findings
Smoking is a causal factor for sleep disturbance.: Smoking is a causal factor for sleep disturbance, as nicotine can disrupt sleep patterns and lead to sleep disorders. This is supported by the various relationships between smoking and sleep disturbance, including causal associations, correlations, and associations. For example, smoking can cause sleep disturbance, and sleep disturbance can be a consequence of smoking. Additionally, smoking is associated with higher levels of sleep disturbance, and sleep disturbance is often related to smoking due to the impact of substance use on sleep quality.
Sleep disturbance is a consequence of smoking.: Sleep disturbance is a consequence of smoking, as smoking can disrupt sleep patterns and lead to sleep disorders. This is supported by the various relationships between smoking and sleep disturbance, including causal associations, correlations, and associations. For example, smoking can cause sleep disturbance, and sleep disturbance can be a consequence of smoking. Additionally, smoking is associated with higher levels of sleep disturbance, and sleep disturbance is often related to smoking due to the impact of substance use on sleep quality.
Smoking is associated with a higher comorbidity index (CCI).: Smoking is associated with a higher comorbidity index (CCI), as it can increase the risk of various health problems. This is supported by the relationships between smoking and CCI, including causal associations, correlations, and associations. For example, smoking can cause a higher CCI, and a higher CCI is often related to smoking due to the impact of smoking on health outcomes.
Sleep disturbance is often related to smoking due to the impact of substance use on sleep quality.: Sleep disturbance is often related to smoking due to the impact of substance use on sleep quality. This is supported by the relationships between smoking and sleep disturbance, including causal associations, correlations, and associations. For example, smoking can cause sleep disturbance, and sleep disturbance can be a consequence of smoking. Additionally, smoking is associated with higher levels of sleep disturbance, and sleep disturbance is often related to smoking due to the impact of substance use on sleep quality.
Smoking can disrupt sleep patterns and lead to sleep disorders.: Smoking can disrupt sleep patterns and lead to sleep disorders, as nicotine can affect the brain's ability to regulate sleep-wake cycles. This is supported by the relationships between smoking and sleep disturbance, including causal associations, correlations, and associations. For example, smoking can cause sleep disturbance, and sleep disturbance can be a consequence of smoking. Additionally, smoking is associated with higher levels of sleep disturbance, and sleep disturbance is often related to smoking due to the impact of substance use on sleep quality.
Sleep disturbance is a significant risk factor for smoking.: Sleep disturbance is a significant risk factor for smoking, as individuals who experience sleep disturbance are more likely to smoke. This is supported by the relationships between smoking and sleep disturbance, including causal associations, correlations, and associations. For example, smoking can cause sleep disturbance, and sleep disturbance can be a consequence of smoking. Additionally, smoking is associated with higher levels of sleep disturbance, and sleep disturbance is often related to smoking due to the impact of substance use on sleep quality.
Smoking is associated with higher levels of sleep disturbance.: Smoking is associated with higher levels of sleep disturbance, as nicotine can disrupt sleep patterns and lead to sleep disorders. This is supported by the relationships between smoking and sleep disturbance, including causal associations, correlations, and associations. For example, smoking can cause sleep disturbance, and sleep disturbance can be a consequence of smoking. Additionally, smoking is associated with higher levels of sleep disturbance, and sleep disturbance is often related to smoking due to the impact of substance use on sleep quality.
Sleep disturbance is often related to smoking due to the impact of substance use on sleep quality.: Sleep disturbance is often related to smoking due to the impact of substance use on sleep quality. This is supported by the relationships between smoking and sleep disturbance, including causal associations, correlations, and associations. For example, smoking can cause sleep disturbance, and sleep disturbance can be a consequence of smoking. Additionally, smoking is associated with higher levels of sleep disturbance, and sleep disturbance is often related to smoking due to the impact of substance use on sleep quality.
Smoking can increase the risk of various health problems.: Smoking can increase the risk of various health problems, including cardiovascular disease, respiratory problems, and cancer. This is supported by the relationships between smoking and CCI, including causal associations, correlations, and associations. For example, smoking can cause a higher CCI, and a higher CCI is often related to smoking due to the impact of smoking on health outcomes.
Sleep disturbance is a consequence of smoking.: Sleep disturbance is a consequence of smoking, as smoking can disrupt sleep patterns and lead to sleep disorders. This is supported by the relationships between smoking and sleep disturbance, including causal associations, correlations, and associations. For example, smoking can cause sleep disturbance, and sleep disturbance can be a consequence of smoking. Additionally, smoking is associated with higher levels of sleep disturbance, and sleep disturbance is often related to smoking due to the impact of substance use on sleep quality.
### Impact Rating: 8.5
The high impact severity rating is due to the strong causal relationship between smoking and sleep disturbance, as well as the potential long-term consequences of smoking on overall health.

### Financial Situation and Socioeconomic Status
### Summary
This report provides an overview of the relationship between financial situation and socioeconomic status, highlighting the key entities and their associations. The report includes a summary of the community's overall structure, how its entities are related to each other, and significant information associated with its entities.
### Key Findings
Financial situation is a strong predictor of socioeconomic status.: Financial situation is a key determinant of socioeconomic status, with individuals with higher financial levels being more likely to have higher socioeconomic status. This is evident from the numerous associations between financial level and socioeconomic status, including the correlation between financial level and socioeconomic status, and the fact that financial level is a proxy for socioeconomic status. Furthermore, financial level influences socioeconomic status, and financial level is associated with socioeconomic status. Additionally, financial level is a measure of socioeconomic status, and financial level is a proxy for socioeconomic status. Overall, the evidence suggests that financial situation is a strong predictor of socioeconomic status.
Financial situation is associated with various health conditions.: The data shows that financial situation is associated with various health conditions, including back pain, generalized anxiety disorder, and substance use. For instance, lower financial levels are associated with an increased risk of back pain, and financial situation can affect the experience of back pain. Similarly, financial situation is associated with generalized anxiety disorder, and lower financial levels are a risk factor for developing generalized anxiety disorder. Additionally, financial situation can influence substance use, and lower financial levels are associated with an increased risk of substance use. Overall, the evidence suggests that financial situation is associated with various health conditions.
Education level is associated with financial situation.: The data shows that education level is associated with financial situation, with higher education levels being associated with higher financial levels. This is evident from the numerous associations between education level and financial situation, including the correlation between education level and financial situation, and the fact that education level is a proxy for financial situation. Furthermore, education level influences financial situation, and education level is associated with financial situation. Additionally, education level is a measure of financial situation, and education level is a proxy for financial situation. Overall, the evidence suggests that education level is associated with financial situation.
Financial situation is associated with mental health conditions.: The data shows that financial situation is associated with mental health conditions, including generalized anxiety disorder and major depression. For instance, financial situation can affect the likelihood of developing generalized anxiety disorder, and lower financial levels are associated with an increased risk of generalized anxiety disorder. Similarly, financial situation is associated with major depression, and patients experiencing major depression are more likely to have a lower financial level. Overall, the evidence suggests that financial situation is associated with mental health conditions.
Financial situation is associated with substance use.: The data shows that financial situation is associated with substance use, with lower financial levels being associated with an increased risk of substance use. This is evident from the associations between financial level and substance use, including the correlation between financial level and substance use, and the fact that financial level can influence substance use. Furthermore, financial situation can affect the manifestation of substance use, and lower financial levels are associated with an increased risk of substance use. Overall, the evidence suggests that financial situation is associated with substance use.
Financial situation is associated with coronary heart disease.: The data shows that financial situation is associated with coronary heart disease, with lower financial levels being associated with an increased risk of coronary heart disease. This is evident from the associations between financial level and coronary heart disease, including the correlation between financial level and coronary heart disease, and the fact that financial level can influence coronary heart disease. Furthermore, financial situation can affect the manifestation of coronary heart disease, and lower financial levels are associated with an increased risk of coronary heart disease. Overall, the evidence suggests that financial situation is associated with coronary heart disease.
Financial situation is associated with heavy drinking.: The data shows that financial situation is associated with heavy drinking, with lower financial levels being associated with an increased risk of heavy drinking. This is evident from the associations between financial level and heavy drinking, including the correlation between financial level and heavy drinking, and the fact that financial level can influence heavy drinking. Furthermore, financial situation can affect the manifestation of heavy drinking, and lower financial levels are associated with an increased risk of heavy drinking. Overall, the evidence suggests that financial situation is associated with heavy drinking.
Financial situation is associated with alcohol dependence.: The data shows that financial situation is associated with alcohol dependence, with lower financial levels being associated with an increased risk of alcohol dependence. This is evident from the associations between financial level and alcohol dependence, including the correlation between financial level and alcohol dependence, and the fact that financial level can influence alcohol dependence. Furthermore, financial situation can affect the manifestation of alcohol dependence, and lower financial levels are associated with an increased risk of alcohol dependence. Overall, the evidence suggests that financial situation is associated with alcohol dependence.
### Impact Rating: 8.0
The impact severity rating is 8 out of 10 due to the strong associations between financial situation and various health conditions, including back pain, generalized anxiety disorder, and substance use.

## Relationships:

(Promis Depression: Affects the affective and cognitive manifestations of depression)--[CAUSES: Depression can lead to increased alcohol consumption]-->(Alcohol Consumption: Alcohol consumption refers to the amount of alcohol consumed per week. It is a measure of the frequency and quantity of alcohol use.)
(Promis Depression: Affects the affective and cognitive manifestations of depression)--[INFLUENCE: Depression can influence alcohol consumption]-->(Alcohol Consumption: Alcohol consumption refers to the amount of alcohol consumed per week. It is a measure of the frequency and quantity of alcohol use.)
(Alcohol Consumption: Alcohol consumption refers to the amount of alcohol consumed per week. It is a measure of the frequency and quantity of alcohol use.)--[AFFECTS: Alcohol consumption can affect depression]-->(Promis Depression: Affects the affective and cognitive manifestations of depression)
(Alcohol Consumption: Alcohol consumption refers to the amount of alcohol consumed per week. It is a measure of the frequency and quantity of alcohol use.)--[CAUSES: Increased alcohol consumption can lead to depression]-->(Promis Depression: Affects the affective and cognitive manifestations of depression)
(Promis Depression: Affects the affective and cognitive manifestations of depression)--[CAUSAL: Depression can lead to increased alcohol consumption]-->(Alcohol Consumption: Alcohol consumption refers to the amount of alcohol consumed per week. It is a measure of the frequency and quantity of alcohol use.)
(Alcohol Consumption: Alcohol consumption refers to the amount of alcohol consumed per week. It is a measure of the frequency and quantity of alcohol use.)--[CORRELATION: Alcohol consumption may be correlated with depression.]-->(Promis Depression: Affects the affective and cognitive manifestations of depression)
(Alcohol Consumption: Alcohol consumption refers to the amount of alcohol consumed per week. It is a measure of the frequency and quantity of alcohol use.)--[ASSOCIATION: Alcohol consumption is associated with depression.]-->(Promis Depression: Affects the affective and cognitive manifestations of depression)
(Alcohol Consumption: Alcohol consumption refers to the amount of alcohol consumed per week. It is a measure of the frequency and quantity of alcohol use.)--[ASSOCIATION: Alcohol consumption is related to PROMIS depression as excessive alcohol consumption may contribute to depression]-->(Promis Depression: Affects the affective and cognitive manifestations of depression)
(Promis Depression: Affects the affective and cognitive manifestations of depression)--[ASSOCIATION: Depression is not consistently associated with alcohol consumption.]-->(Alcohol Consumption: Alcohol consumption refers to the amount of alcohol consumed per week. It is a measure of the frequency and quantity of alcohol use.)
(Promis Depression: Affects the affective and cognitive manifestations of depression)--[CORRELATION: PROMIS depression is correlated with alcohol consumption, with higher depression levels tend to be associated with more alcohol consumption]-->(Alcohol Consumption: Alcohol consumption refers to the amount of alcohol consumed per week. It is a measure of the frequency and quantity of alcohol use.)
(Promis Anxiety: Focuses on fear (e.g., worry, feelings of panic), anxious misery (e.g., dread), hyperarousal (e.g., tension, nervousness, restlessness), and somatic symptoms related to arousal (e.g., cardiovascular symptoms, dizziness).)--[CAUSAL: Anxiety can lead to increased alcohol consumption]-->(Alcohol Consumption: Alcohol consumption refers to the amount of alcohol consumed per week. It is a measure of the frequency and quantity of alcohol use.)
(Alcohol Consumption: Alcohol consumption refers to the amount of alcohol consumed per week. It is a measure of the frequency and quantity of alcohol use.)--[CAUSES: Increased alcohol consumption can lead to increased anxiety]-->(Promis Anxiety: Focuses on fear (e.g., worry, feelings of panic), anxious misery (e.g., dread), hyperarousal (e.g., tension, nervousness, restlessness), and somatic symptoms related to arousal (e.g., cardiovascular symptoms, dizziness).)
(Promis Anxiety: Focuses on fear (e.g., worry, feelings of panic), anxious misery (e.g., dread), hyperarousal (e.g., tension, nervousness, restlessness), and somatic symptoms related to arousal (e.g., cardiovascular symptoms, dizziness).)--[CAUSES: Increased anxiety can lead to increased alcohol consumption]-->(Alcohol Consumption: Alcohol consumption refers to the amount of alcohol consumed per week. It is a measure of the frequency and quantity of alcohol use.)
(Alcohol Consumption: Alcohol consumption refers to the amount of alcohol consumed per week. It is a measure of the frequency and quantity of alcohol use.)--[AFFECTS: Alcohol consumption can affect anxiety]-->(Promis Anxiety: Focuses on fear (e.g., worry, feelings of panic), anxious misery (e.g., dread), hyperarousal (e.g., tension, nervousness, restlessness), and somatic symptoms related to arousal (e.g., cardiovascular symptoms, dizziness).)
(Promis Anxiety: Focuses on fear (e.g., worry, feelings of panic), anxious misery (e.g., dread), hyperarousal (e.g., tension, nervousness, restlessness), and somatic symptoms related to arousal (e.g., cardiovascular symptoms, dizziness).)--[INFLUENCE: Anxiety can influence alcohol consumption]-->(Alcohol Consumption: Alcohol consumption refers to the amount of alcohol consumed per week. It is a measure of the frequency and quantity of alcohol use.)
(Alcohol Consumption: Alcohol consumption refers to the amount of alcohol consumed per week. It is a measure of the frequency and quantity of alcohol use.)--[ASSOCIATION: Alcohol consumption is associated with anxiety.]-->(Promis Anxiety: Focuses on fear (e.g., worry, feelings of panic), anxious misery (e.g., dread), hyperarousal (e.g., tension, nervousness, restlessness), and somatic symptoms related to arousal (e.g., cardiovascular symptoms, dizziness).)
(Alcohol Consumption: Alcohol consumption refers to the amount of alcohol consumed per week. It is a measure of the frequency and quantity of alcohol use.)--[CORRELATION: Alcohol consumption may be correlated with anxiety.]-->(Promis Anxiety: Focuses on fear (e.g., worry, feelings of panic), anxious misery (e.g., dread), hyperarousal (e.g., tension, nervousness, restlessness), and somatic symptoms related to arousal (e.g., cardiovascular symptoms, dizziness).)
(Alcohol Consumption: Alcohol consumption refers to the amount of alcohol consumed per week. It is a measure of the frequency and quantity of alcohol use.)--[ASSOCIATION: Alcohol consumption is related to PROMIS anxiety as excessive alcohol consumption may contribute to anxiety]-->(Promis Anxiety: Focuses on fear (e.g., worry, feelings of panic), anxious misery (e.g., dread), hyperarousal (e.g., tension, nervousness, restlessness), and somatic symptoms related to arousal (e.g., cardiovascular symptoms, dizziness).)
(Promis Anxiety: Focuses on fear (e.g., worry, feelings of panic), anxious misery (e.g., dread), hyperarousal (e.g., tension, nervousness, restlessness), and somatic symptoms related to arousal (e.g., cardiovascular symptoms, dizziness).)--[ASSOCIATION: Anxiety is not consistently associated with alcohol consumption.]-->(Alcohol Consumption: Alcohol consumption refers to the amount of alcohol consumed per week. It is a measure of the frequency and quantity of alcohol use.)
(Promis Anxiety: Focuses on fear (e.g., worry, feelings of panic), anxious misery (e.g., dread), hyperarousal (e.g., tension, nervousness, restlessness), and somatic symptoms related to arousal (e.g., cardiovascular symptoms, dizziness).)--[CORRELATION: PROMIS anxiety is correlated with alcohol consumption, with higher anxiety levels tend to be associated with more alcohol consumption]-->(Alcohol Consumption: Alcohol consumption refers to the amount of alcohol consumed per week. It is a measure of the frequency and quantity of alcohol use.)
",,,False,
Anxiety,Obesity,True,"Reasoning Process:
Step 1: To determine if there is a causal relationship between Anxiety and Obesity, we need to examine the relationships between the two variables in the provided reports.
Step 2: The first report discusses the fear avoidance model (FAM) and its association with pain intensity, but it does not directly address the relationship between Anxiety and Obesity.
Step 3: The second report discusses the association between Obesity and anxiety symptoms, with a pooled odds ratio (OR) of 1.30 and a 95% confidence interval (CI) of 1.20–1.41, indicating a positive association between Obesity and anxiety symptoms.
Step 4: The third report discusses the relationship between depression, anxiety, and chronic physical conditions, including Obesity, but it does not provide direct evidence of a causal relationship between Anxiety and Obesity.
Step 5: However, the relationships between Obesity and PROMIS depression and PROMIS anxiety suggest that Obesity is associated with both depression and anxiety, and that these conditions can be related to each other through various relationships, including causation, correlation, association, and influence.
Step 6: Furthermore, the relationships between PROMIS depression and PROMIS anxiety suggest that depression and anxiety can be related to each other through various relationships, including causation, correlation, association, and influence.
Step 7: While there is no direct evidence of a causal relationship between Anxiety and Obesity, the associations between Obesity and PROMIS depression and PROMIS anxiety suggest that Anxiety can be a contributing factor to Obesity, either directly or through one or more intermediate variables.
Step 8: Therefore, based on the provided reports, it is possible to infer a causal relationship where a change in Anxiety precedes and leads to a change in Obesity, either directly or through one or more intermediate variables.

Conclusion: Yes","# Report:
## Chunks:

<s> # Fear of Pain and Pain Intensity: Meta-Analysis and Systematic Review

#### Tobias Markfelder and Paul Pauli University of Würzburg

The fear avoidance model (FAM) represents a cognitive–behavioral explanatory approach for pain chronification. The core assumption is that fear of pain (FOP) following an acute pain experience facilitates the development of pain chronification, disability, and receding functionality. Thus, the model predicts a positive association between FOP and pain intensity in pain patients, which was frequently investigated; however, results were inconsistent. To highlight inconsistencies, we performed integrative statistical analysis aimed at evaluating the strength of the cross-sectional relation between FOP and pain intensity in clinical research and reviewing its moderation through demographic, pain-specific and psychosocial characteristics. To this end, we searched the databases PsycINFO, PubMed, and Web of Science and included 253 independent effect size estimates (*N* - 42 463). The overall mean effect size was computed based on a random-effects model. By utilizing the artifact distribution method, we supplemented it with an analysis correcting for artifacts. The magnitude of the positive association equated to the threshold between a small to medium effect size, which was expected as the FAM predicts an indirect relation only. The association turned out to be stable across different FOP measures, but was significantly moderated by age, pain localization, first-time pain episode, pain onset, treatment status, and anxiety sensitivity. A potentially necessary differentiation of patient subgroups and suggestions for an adjusted methodological approach of future research are discussed.

#### *Public Significance Statement*

The chronification of pain is assumed to be crucially modulated by fear of pain, that is, pain catastrophizing leads to fear of pain and in the long run to pain-related disability. The inferred assumption that fear of pain is positively associated with pain reports in pain patients is confirmed by this meta-analysis. This suggests that successful pain treatment should target and moderate fear of pain, especially—as the performed moderator analyses revealed—in pain patients being of old age, having previous pain episodes, and having radiating or peripheral pain.

*Keywords:* fear of pain, kinesiophobia, meta-analysis, pain intensity, pain-related anxiety

Recent statistics about the prevalence of chronic pain and its consequences point to an immense societal problem; for example, a significant proportion of the population in most developed countries (6.8% to 50%) experiences some form of chronic pain [\(Turk](#page-36-0) [& Swanson, 2007\)](#page-36-0).
<s> # [Causal Associations of Obesity](https://www.frontiersin.org/articles/10.3389/fendo.2021.740200/full) [With the Intervertebral Degeneration,](https://www.frontiersin.org/articles/10.3389/fendo.2021.740200/full) [Low Back Pain, and Sciatica:](https://www.frontiersin.org/articles/10.3389/fendo.2021.740200/full) [A Two-Sample Mendelian](https://www.frontiersin.org/articles/10.3389/fendo.2021.740200/full) [Randomization Study](https://www.frontiersin.org/articles/10.3389/fendo.2021.740200/full)

#### Citation:

Zhou J, Mi J, Peng Y, Han H and Liu Z (2021) Causal Associations of Obesity With the Intervertebral Degeneration, Low Back Pain, and Sciatica: A Two-Sample Mendelian Randomization Study. Front. Endocrinol. 12:740200. [doi: 10.3389/fendo.2021.740200](https://doi.org/10.3389/fendo.2021.740200) Jingzhu Zhou1† , Jiarui Mi <sup>2</sup>† , Yu Peng<sup>1</sup> , Huirong Han1\* and Zhengye Liu3\*

<sup>1</sup> School of Anesthesiology, Weifang Medical University, Weifang, China, <sup>2</sup> Master Programme in Biomedicine, Karolinska Institutet, Stockholm, Sweden, <sup>3</sup> Department of Orthopedics, Zhongnan Hospital of Wuhan University, Wuhan, China

The role of obesity in the development of dorsopathies is still unclear. In this study, we assessed the associations between body mass index (BMI) and several dorsopathies including intervertebral disc degeneration (IVDD), low back pain (LBP), and sciatica by using the Mendelian randomization method. We
<s> Neuropsychiatr (2019) 33:72–89 <https://doi.org/10.1007/s40211-019-0302-9>

# **Obesity and anxiety symptoms: a systematic review and meta-analysis**

**Sohrab Amiri · Sepideh Behnezhad**

Received: 21 September 2018 / Accepted: 19 January 2019 / Published online: 18 February 2019 © Springer-Verlag GmbH Austria, ein Teil von Springer Nature 2019

#### **Summary**

*Background* Obesity and anxiety are the two most common health problems and increased body mass index can be lead to anxiety.

*Objective* The aim of this meta-analysis was to investigate the frequency of anxiety symptoms in people who are obese/overweight.

*Methods* For this purpose the authors systematically searched keywords in the databases PubMed, Scopus, PsycINFO and Google scholar through August 2018. After a comprehensive review, 25 studies were included into the meta-analysis.

*Results* Results of the meta-analysis showed that the frequency of anxiety in obesity had a pooled odds ratio (OR) of 1.30 and a 95% confidence interval (CI) of 1.20–1.41 and in overweight had an OR of 1.10 and CI of 1.00–1.21. Comparison between obesity/overweight and normal weight showed high frequency of anxiety in obesity/overweight with respect to subgroups (sex, obesity and anxiety assessment, adjusted/unadjusted, anxiety duration and age). Evaluation of 25 studies included in the metaanalysis showed publication bias.

**Author contributions** S. Amiri contributed to the formation of the subject, collecting and extracting data, analyzing data and writing a draft. S. Behnezhad contributed to collecting and extracting data and suggested some changes.

**Electronic supplementary material** The online version of this article [\(https://doi.org/10.1007/s40211-019-0302-9\)](https://doi.org/10.1007/s40211-019-0302-9) contains supplementary material, which is available to authorized users.

S. Amiri (-)

Urmia University, Urmia, Iran amirysohr
physical conditions in vulnerable individuals with depression and/or anxiety.

Findings from our study indicated that individuals with depression and/or anxiety are more likely to suffer from poor physical health, high rates of obesity and smoking. These findings highlight the need for integrating wellness efforts within mental healthcare settings. In addition, emphasis on physical wellness needs to be part of broader efforts to improve mental health [[72](#page-9-0)]. In order to improve both physical and mental health, primary care services need to be integrated within mental health settings (reverse integration). Randomized trials and experimental studies have provided evidence on the beneficial effects of integrated primary care and mental health care for patients with depression and/or anxiety [\[73](#page-9-0)]. In addition to wellness efforts, routine screening for depression and/or anxiety along with co-ordinated mental-health care for those who screen positive for depression and/or anxiety may reduce the risk of chronic physical conditions.

The study had a number of strengths, including nationally representative sample, comprehensive list of independent variables that may affect chronic physical conditions and the ability to analyze the association between depression-anxiety status and a number of chronic physical conditions. We were also able to assess the independent effects of depression only, anxiety only, and comorbid depression and anxiety on risk of chronic conditions. Limitations have to be considered when interpreting the findings of the present study. The study design is retrospective, observational, and crosssectional and therefore cannot establish causal relationships. Study variables are based on self-reported data which might be subject to reporting-bias. As our study assessed the excess risk of chronic physical conditions among nonelderly adults, the study results are not generalizable to <span id=""page-7-0""></span>other age groups. Although we adjusted for a large number of risk factors that may affect presence of chronic conditions, some variables such as family history that could contribute to the excess risk of chronic physical conditions were not available. Finally, our study was not immune to the inherent limitations associated with use of secondary data such as measurement errors, errors in data editing and imputation, sampling and non-sampling errors, reporting errors and interviewer effects.

# **Conclusions**

Despite the limitations, our study has made a unique contribution to the literature by analyzing the independent contribution of depression, anxiety, and comorbid depression and anxiety on the risk of having chronic physical conditions, after controlling for demographic, life-style, and other important risk factors. Our study findings confirmed that even after adjusting for modifiable lifestyle risk factors, depression and/or anxiety made an independent contribution to the excess risk for many chronic physical conditions. Our study findings highlight the need to minimize the burden of depression and anxiety either through better surveillance, monitoring and treatment of these
26506-9510, USA <sup>2</sup>Center For Cardiovascular And Respiratory Sciences, West Virginia University, Morgantown, WV, USA

However, there has been mixed findings on the association between anxiety and risk for some chronic physical conditions. A prospective association between anxiety and risk of hypertension has been reported [\[16](#page-7-0)]. A Danish study also revealed an increased likelihood of hypertension among those with anxiety disorders [\[17](#page-7-0)]. The association between anxiety and risk of developing diabetes has been inconclusive. While some studies showed an increased risk of diabetes among those with anxiety as compared to those without anxiety [[18](#page-7-0)], other studies have not shown any association between anxiety and diabetes [[19\]](#page-7-0). Studies have reported an indirect association between anxiety and osteoporosis; compared to adults without anxiety, those with anxiety had lower hip bone mass density [\[20](#page-7-0)], which is a risk factor for osteoporosis [\[21\]](#page-7-0). A recently concluded meta-analysis indicated that depression or anxiety results in a 43% increased incidence or exacerbation risk of COPD, particularly among non-elderly adults [\[22](#page-8-0)].

In addition, depression and anxiety co-occur in more than 50% of individuals with depression [\[23-25](#page-8-0)]. To the best of our knowledge, only one study using mental health survey in 17 countries addressed the association between comorbid depression and anxiety on risk for chronic physical conditions [[26\]](#page-8-0). This study concluded that comorbid depression and anxiety was associated with increased likelihood of 10 different chronic physical conditions (asthma, arthritis, back/neck problems, chronic headache, diabetes, heart disease, hypertension, multiple pains, obesity and ulcer). For example, the age and gender adjusted odds ratios (AOR) and 95% Confidence Interval (CI) for comorbid depression and anxiety was 1.6(1.4, 1.9) for asthma 2.5(2.2, 2.9) for arthritis and 2.8(2.3, 3.4) for heart disease, compared to those without depression and without anxiety.

A general limitation of many of the studies described above has been the lack of comprehensive controls when analyzing the association between depression, anxiety and chronic physical conditions. Individuals with depression and/
depression and/or anxiety as the exposure and smoking as an outcome.

**Results:** Outcomes from 148 studies were categorized into: smoking onset, smoking status, smoking heaviness, tobacco dependence, and smoking trajectory. The results for each category varied substantially, with evidence for positive associations in both directions (smoking to later mental health and mental health to later smoking) as well as null findings. Overall, nearly half the studies reported that baseline depression/anxiety was associated with some type of later smoking behavior, while over a third found evidence that a smoking exposure was associated with later depression/anxiety. However, there were few studies directly supporting a bidirectional model of smoking and anxiety, and very few studies reporting null results.

**Conclusions:** The literature on the prospective association between smoking and depression and anxiety is inconsistent in terms of the direction of association most strongly supported. This suggests the need for future studies that employ different methodologies, such as Mendelian randomization (MR), which will allow us to draw stronger causal inferences.

**Implications:** We systematically reviewed longitudinal studies on the association of different aspects of smoking behavior with depression and anxiety. The results varied considerably, with evidence for smoking both associated with subsequent depression and anxiety, and vice versa. Few studies supported a bidirectional relationship, or reported null results, and no clear patterns by gender, ethnicity, clinical status, length to follow-up, or diagnostic test. Suggesting that despite advantages of longitudinal studies, they cannot alone provide strong evidence of causality. Therefore, future studies investigating this association should employ different methods allowing for stronger causal inferences to be made, such as MR.

# **Introduction**

The high co-occurrence of smoking and mental illness is a major public health concern, and smoking accounts for much of the reduction in life expectancy associated with mental illness.[1](#page-6-0) Many studies report a positive association between smoking and mental illness, with smoking rates increasing with the severity of the disease.[2](#page-6-1),[3](#page-6-2) Individuals with mental illness also tend to start smoking at an earlier age, smoke more heavily, and are more addicted to cigarettes than the general population. For example, a recent survey suggests that 42% of all cigarettes consumed in England are consumed by those with mental illness, although this includes substance use disorders[.4](#page-6-3) Additionally, while cigarette consumption in the general population has shown a sustained decrease over the past 20 years, consumption among smokers with mental illness has remained relatively unchanged[.1](#page-6-0) There is therefore a pressing need to understand the mechanisms underlying the high rate of smoking in people with mental## Communities:

### Smoking and Sleep Disturbance Community
### Summary
This community is centered around the relationship between smoking and sleep disturbance. The entities within this community are Smoking and Sleep Disturbance, which are related through various associations, causal relationships, and correlations. The community's structure is characterized by a complex web of relationships between these two entities, with smoking being a causal factor for sleep disturbance and sleep disturbance being a consequence of smoking.
### Key Findings
Smoking is a causal factor for sleep disturbance.: Smoking is a causal factor for sleep disturbance, as nicotine can disrupt sleep patterns and lead to sleep disorders. This is supported by the various relationships between smoking and sleep disturbance, including causal associations, correlations, and associations. For example, smoking can cause sleep disturbance, and sleep disturbance can be a consequence of smoking. Additionally, smoking is associated with higher levels of sleep disturbance, and sleep disturbance is often related to smoking due to the impact of substance use on sleep quality.
Sleep disturbance is a consequence of smoking.: Sleep disturbance is a consequence of smoking, as smoking can disrupt sleep patterns and lead to sleep disorders. This is supported by the various relationships between smoking and sleep disturbance, including causal associations, correlations, and associations. For example, smoking can cause sleep disturbance, and sleep disturbance can be a consequence of smoking. Additionally, smoking is associated with higher levels of sleep disturbance, and sleep disturbance is often related to smoking due to the impact of substance use on sleep quality.
Smoking is associated with a higher comorbidity index (CCI).: Smoking is associated with a higher comorbidity index (CCI), as it can increase the risk of various health problems. This is supported by the relationships between smoking and CCI, including causal associations, correlations, and associations. For example, smoking can cause a higher CCI, and a higher CCI is often related to smoking due to the impact of smoking on health outcomes.
Sleep disturbance is often related to smoking due to the impact of substance use on sleep quality.: Sleep disturbance is often related to smoking due to the impact of substance use on sleep quality. This is supported by the relationships between smoking and sleep disturbance, including causal associations, correlations, and associations. For example, smoking can cause sleep disturbance, and sleep disturbance can be a consequence of smoking. Additionally, smoking is associated with higher levels of sleep disturbance, and sleep disturbance is often related to smoking due to the impact of substance use on sleep quality.
Smoking can disrupt sleep patterns and lead to sleep disorders.: Smoking can disrupt sleep patterns and lead to sleep disorders, as nicotine can affect the brain's ability to regulate sleep-wake cycles. This is supported by the relationships between smoking and sleep disturbance, including causal associations, correlations, and associations. For example, smoking can cause sleep disturbance, and sleep disturbance can be a consequence of smoking. Additionally, smoking is associated with higher levels of sleep disturbance, and sleep disturbance is often related to smoking due to the impact of substance use on sleep quality.
Sleep disturbance is a significant risk factor for smoking.: Sleep disturbance is a significant risk factor for smoking, as individuals who experience sleep disturbance are more likely to smoke. This is supported by the relationships between smoking and sleep disturbance, including causal associations, correlations, and associations. For example, smoking can cause sleep disturbance, and sleep disturbance can be a consequence of smoking. Additionally, smoking is associated with higher levels of sleep disturbance, and sleep disturbance is often related to smoking due to the impact of substance use on sleep quality.
Smoking is associated with higher levels of sleep disturbance.: Smoking is associated with higher levels of sleep disturbance, as nicotine can disrupt sleep patterns and lead to sleep disorders. This is supported by the relationships between smoking and sleep disturbance, including causal associations, correlations, and associations. For example, smoking can cause sleep disturbance, and sleep disturbance can be a consequence of smoking. Additionally, smoking is associated with higher levels of sleep disturbance, and sleep disturbance is often related to smoking due to the impact of substance use on sleep quality.
Sleep disturbance is often related to smoking due to the impact of substance use on sleep quality.: Sleep disturbance is often related to smoking due to the impact of substance use on sleep quality. This is supported by the relationships between smoking and sleep disturbance, including causal associations, correlations, and associations. For example, smoking can cause sleep disturbance, and sleep disturbance can be a consequence of smoking. Additionally, smoking is associated with higher levels of sleep disturbance, and sleep disturbance is often related to smoking due to the impact of substance use on sleep quality.
Smoking can increase the risk of various health problems.: Smoking can increase the risk of various health problems, including cardiovascular disease, respiratory problems, and cancer. This is supported by the relationships between smoking and CCI, including causal associations, correlations, and associations. For example, smoking can cause a higher CCI, and a higher CCI is often related to smoking due to the impact of smoking on health outcomes.
Sleep disturbance is a consequence of smoking.: Sleep disturbance is a consequence of smoking, as smoking can disrupt sleep patterns and lead to sleep disorders. This is supported by the relationships between smoking and sleep disturbance, including causal associations, correlations, and associations. For example, smoking can cause sleep disturbance, and sleep disturbance can be a consequence of smoking. Additionally, smoking is associated with higher levels of sleep disturbance, and sleep disturbance is often related to smoking due to the impact of substance use on sleep quality.
### Impact Rating: 8.5
The high impact severity rating is due to the strong causal relationship between smoking and sleep disturbance, as well as the potential long-term consequences of smoking on overall health.

### Depression and Anxiety Community
### Summary
This community is centered around the relationship between depression and anxiety, with a focus on the affective and cognitive manifestations of depression and anxiety. The community is composed of two main entities: Promis Depression and Promis Anxiety. These entities are related to each other through various relationships, including causation, correlation, association, and influence.
### Key Findings
Depression and anxiety are closely related mental health conditions.: Depression and anxiety are often comorbid, with individuals with depression being more likely to experience anxiety. This relationship is supported by various studies and is a key aspect of the community. The relationship between depression and anxiety is complex and multifaceted, with both conditions influencing each other. Depression can contribute to anxiety, and anxiety can exacerbate depression. This co-occurrence can lead to a range of negative outcomes, including decreased quality of life and increased risk of comorbidities.
The PROMIS depression and anxiety measures are related to mental health and well-being.: The Patient-Reported Outcomes Measurement Information System (PROMIS) is a tool used to measure various aspects of mental health, including depression and anxiety. The PROMIS depression and anxiety measures are related to each other, as both are associated with mental health and well-being. This relationship is supported by research and highlights the importance of considering both depression and anxiety when assessing mental health.
Depression and anxiety often co-occur due to shared underlying factors.: Depression and anxiety often co-occur due to shared underlying factors, such as stress, trauma, and genetics. This co-occurrence can lead to a range of negative outcomes, including decreased quality of life and increased risk of comorbidities. Understanding the underlying factors that contribute to the co-occurrence of depression and anxiety is essential for developing effective treatment strategies.
There is a positive correlation between PROMIS depression and PROMIS anxiety.: Research has shown that there is a positive correlation between PROMIS depression and PROMIS anxiety. This means that individuals with higher PROMIS depression scores tend to have higher PROMIS anxiety scores. This correlation highlights the importance of considering both depression and anxiety when assessing mental health.
Depression and anxiety can overlap.: Depression and anxiety can overlap, with individuals experiencing symptoms of both conditions simultaneously. This overlap can lead to a range of negative outcomes, including decreased quality of life and increased risk of comorbidities. Understanding the overlap between depression and anxiety is essential for developing effective treatment strategies.
Depression and anxiety are related mental health conditions.: Depression and anxiety are related mental health conditions that can manifest together in an individual. This relationship is supported by research and highlights the importance of considering both depression and anxiety when assessing mental health.
Depression and anxiety often co-occur due to various factors.: Depression and anxiety often co-occur due to various factors, including shared underlying causes, comorbidities, and exacerbation of symptoms. This co-occurrence can lead to a range of negative outcomes, including decreased quality of life and increased risk of comorbidities. Understanding the factors that contribute to the co-occurrence of depression and anxiety is essential for developing effective treatment strategies.
The relationship between depression and anxiety is complex and multifaceted.: The relationship between depression and anxiety is complex and multifaceted, with both conditions influencing each other. Depression can contribute to anxiety, and anxiety can exacerbate depression. This co-occurrence can lead to a range of negative outcomes, including decreased quality of life and increased risk of comorbidities.
Depression and anxiety are often associated with each other.: Depression and anxiety are often associated with each other, with individuals with depression being more likely to experience anxiety. This association is supported by research and highlights the importance of considering both depression and anxiety when assessing mental health.
Depression and anxiety can be related to each other through various relationships.: Depression and anxiety can be related to each other through various relationships, including causation, correlation, association, and influence. This relationship is supported by research and highlights the importance of considering both depression and anxiety when assessing mental health.
### Impact Rating: 8.5
The high impact severity rating is due to the strong relationships between depression and anxiety, as well as the potential for comorbidity and exacerbation of symptoms.

## Relationships:

(Obesity: Obesity refers to a body mass index (BMI) of 30 or higher, which can influence pain experience and pain-related disability.)--[CAUSAL: Obesity is a causal factor for depression.]-->(Promis Depression: Affects the affective and cognitive manifestations of depression)
(Obesity: Obesity refers to a body mass index (BMI) of 30 or higher, which can influence pain experience and pain-related disability.)--[CAUSATION: Obesity is associated with depression, with individuals experiencing obesity being more likely to experience depression.]-->(Promis Depression: Affects the affective and cognitive manifestations of depression)
(Obesity: Obesity refers to a body mass index (BMI) of 30 or higher, which can influence pain experience and pain-related disability.)--[IS_RELATED_TO: Obesity is related to PROMIS depression as obesity is a risk factor for depression]-->(Promis Depression: Affects the affective and cognitive manifestations of depression)
(Obesity: Obesity refers to a body mass index (BMI) of 30 or higher, which can influence pain experience and pain-related disability.)--[ASSOCIATED_WITH: Obesity is associated with PROMIS depression, as shown in various studies.]-->(Promis Depression: Affects the affective and cognitive manifestations of depression)
(Obesity: Obesity refers to a body mass index (BMI) of 30 or higher, which can influence pain experience and pain-related disability.)--[ASSOCIATION: Obesity is associated with an increased risk of depression]-->(Promis Depression: Affects the affective and cognitive manifestations of depression)
(Obesity: Obesity refers to a body mass index (BMI) of 30 or higher, which can influence pain experience and pain-related disability.)--[IS_ASSOCIATED_WITH: Obesity is associated with depression, as excess body fat can lead to mental health issues.]-->(Promis Depression: Affects the affective and cognitive manifestations of depression)
(Promis Depression: Affects the affective and cognitive manifestations of depression)--[ASSOCIATED_WITH: Depression has been associated with obesity in previous studies.]-->(Obesity: Obesity refers to a body mass index (BMI) of 30 or higher, which can influence pain experience and pain-related disability.)
(Promis Depression: Affects the affective and cognitive manifestations of depression)--[CORRELATION: PROMIS depression has been linked to obesity, with individuals experiencing depression being more likely to experience obesity.]-->(Obesity: Obesity refers to a body mass index (BMI) of 30 or higher, which can influence pain experience and pain-related disability.)
(Promis Depression: Affects the affective and cognitive manifestations of depression)--[IS_ASSOCIATED_WITH: PROMIS depression is often used to assess the impact of obesity on mental health.]-->(Obesity: Obesity refers to a body mass index (BMI) of 30 or higher, which can influence pain experience and pain-related disability.)
(Promis Depression: Affects the affective and cognitive manifestations of depression)--[ASSOCIATION: PROMIS depression is a measure of depression levels, which can be associated with an increased risk of obesity.]-->(Obesity: Obesity refers to a body mass index (BMI) of 30 or higher, which can influence pain experience and pain-related disability.)
(Obesity: Obesity refers to a body mass index (BMI) of 30 or higher, which can influence pain experience and pain-related disability.)--[ASSOCIATION: Obesity is associated with depression.]-->(Promis Depression: Affects the affective and cognitive manifestations of depression)
(Obesity: Obesity refers to a body mass index (BMI) of 30 or higher, which can influence pain experience and pain-related disability.)--[IS_ASSOCIATED_WITH: Obesity is associated with depression, as seen in the increased risk of depression in individuals with obesity]-->(Promis Depression: Affects the affective and cognitive manifestations of depression)
(Promis Depression: Affects the affective and cognitive manifestations of depression)--[CORRELATES_WITH: Depressive symptoms may be correlated with obesity.]-->(Obesity: Obesity refers to a body mass index (BMI) of 30 or higher, which can influence pain experience and pain-related disability.)
(Obesity: Obesity refers to a body mass index (BMI) of 30 or higher, which can influence pain experience and pain-related disability.)--[AFFECTS: Obesity can affect the affective and cognitive manifestations of depression]-->(Promis Depression: Affects the affective and cognitive manifestations of depression)
(Promis Depression: Affects the affective and cognitive manifestations of depression)--[ASSOCIATION: Depression is associated with being overweight]-->(Obesity: Obesity refers to a body mass index (BMI) of 30 or higher, which can influence pain experience and pain-related disability.)
(Obesity: Obesity refers to a body mass index (BMI) of 30 or higher, which can influence pain experience and pain-related disability.)--[CORRELATION: Obesity is correlated with PROMIS depression, with higher levels of obesity being associated with higher levels of depression.]-->(Promis Depression: Affects the affective and cognitive manifestations of depression)
(Obesity: Obesity refers to a body mass index (BMI) of 30 or higher, which can influence pain experience and pain-related disability.)--[CORRELATION: There is a correlation between obesity and depression, with patients having obesity also having a higher prevalence of depression.]-->(Promis Depression: Affects the affective and cognitive manifestations of depression)
(Promis Depression: Affects the affective and cognitive manifestations of depression)--[CORRELATION: PROMIS depression is correlated with obesity. Depression can lead to a sedentary lifestyle and poor eating habits, which can contribute to obesity.]-->(Obesity: Obesity refers to a body mass index (BMI) of 30 or higher, which can influence pain experience and pain-related disability.)
(Obesity: Obesity refers to a body mass index (BMI) of 30 or higher, which can influence pain experience and pain-related disability.)--[CORRELATED_WITH: Obesity is correlated with affective and cognitive manifestations of depression.]-->(Promis Depression: Affects the affective and cognitive manifestations of depression)
(Obesity: Obesity refers to a body mass index (BMI) of 30 or higher, which can influence pain experience and pain-related disability.)--[ASSOCIATED_WITH: Obesity is associated with PROMIS anxiety, as shown in various studies.]-->(Promis Anxiety: Focuses on fear (e.g., worry, feelings of panic), anxious misery (e.g., dread), hyperarousal (e.g., tension, nervousness, restlessness), and somatic symptoms related to arousal (e.g., cardiovascular symptoms, dizziness).)
(Obesity: Obesity refers to a body mass index (BMI) of 30 or higher, which can influence pain experience and pain-related disability.)--[IS_ASSOCIATED_WITH: Obesity is associated with anxiety, as excess body fat can lead to mental health issues.]-->(Promis Anxiety: Focuses on fear (e.g., worry, feelings of panic), anxious misery (e.g., dread), hyperarousal (e.g., tension, nervousness, restlessness), and somatic symptoms related to arousal (e.g., cardiovascular symptoms, dizziness).)
(Obesity: Obesity refers to a body mass index (BMI) of 30 or higher, which can influence pain experience and pain-related disability.)--[ASSOCIATION: Obesity is associated with an increased risk of anxiety]-->(Promis Anxiety: Focuses on fear (e.g., worry, feelings of panic), anxious misery (e.g., dread), hyperarousal (e.g., tension, nervousness, restlessness), and somatic symptoms related to arousal (e.g., cardiovascular symptoms, dizziness).)
(Promis Anxiety: Focuses on fear (e.g., worry, feelings of panic), anxious misery (e.g., dread), hyperarousal (e.g., tension, nervousness, restlessness), and somatic symptoms related to arousal (e.g., cardiovascular symptoms, dizziness).)--[ASSOCIATED_WITH: Anxiety has been associated with obesity in previous studies.]-->(Obesity: Obesity refers to a body mass index (BMI) of 30 or higher, which can influence pain experience and pain-related disability.)
",,,False,
Catastrophizing,Depression,True,"Reasoning Process:
Step 1: The question asks whether there is a causal relationship between catastrophizing and depression, where catastrophizing precedes and leads to a change in depression. To answer this question, we need to examine the relationships between catastrophizing and depression in the provided reports.
Step 2: The first report discusses the relationship between fear-avoidance beliefs, catastrophizing, and pain intensity. It states that catastrophizing is a significant predictor of pain intensity and that individuals with higher levels of catastrophizing are more likely to experience pain. This suggests a positive correlation between catastrophizing and pain, but it does not explicitly state a causal relationship between catastrophizing and depression.
Step 3: The second report discusses the relationship between depression and pain catastrophizing. It states that PROMIS depression is associated with pain catastrophizing, as depression can contribute to pain catastrophizing. This suggests a causal relationship between depression and catastrophizing, but it does not explicitly state a causal relationship between catastrophizing and depression.
Step 4: However, the relationships between catastrophizing and depression are bidirectional, with higher levels of catastrophizing associated with increased risk of depression, and higher levels of depression associated with higher levels of catastrophizing. This suggests a complex relationship between catastrophizing and depression, where each variable can influence the other.
Step 5: Furthermore, the report states that pain catastrophizing can influence depression levels, and that higher levels of depression can lead to higher levels of pain catastrophizing. This suggests a reciprocal relationship between catastrophizing and depression, where each variable can influence the other in a feedback loop.
Step 6: Based on these relationships, it is possible to infer a causal relationship between catastrophizing and depression, where catastrophizing can lead to depression, either directly or through one or more intermediate variables. However, the exact nature of this relationship is complex and bidirectional, and further research is needed to fully understand the underlying mechanisms.

Conclusion: Yes","# Report:
## Chunks:

                                    |                    |                                 |                                     |
| 40–64 years                    | 309                | 32·1%                           | 1·92%                               | 600                | 62·8%                           | 2·45%                               |
|                                | (209 to 483)       | (21·7 to 50·1)                  | (–3·90 to 9·21)                     | (497 to 735)       | (52·0 to 76·9)                  | (–3·26 to 9·04)                     |
| ≥65 years                      | 31·4               | 5·73%                           | 0·852%                              | 142                | 39·1%                           | 0·980%                              |
|                                | (10·3 to 77·9)     | (1·88 to 14·2)                  | (–2·00 to 3·55)                     | (101 to 204)       | (27·7 to 56·1)                  | (–3·64 to 6·44)                     |
| Slovenia                       |                    |                                 |                                     |                    |                                 |                                     |
| 15–39 years                    | 151                | 54·0%                           | –5·61%                              | 234                | 77·4%                           | –3·83%                              |
|                                | (77·7 to 220)      | (27·8 to 78·7)                  | (–17·7 to 8·13)                     | (180 to 265)       | (59·7 to 87·8)                  | (–13·5 to 2·26)                     |
| 40–64 years                    | 68·3               | 18·6%                           | –5·52%                              | 165                | 43·0%                           | –9·03%                              |
|                                | (23·4 to 145)      | (6·37 to 39·6)
                                                 |
|---------------------------------|-----------------------------------------------------------------------------------------------|----------------|--------------|----------------|----------|-------------------------------------------------------------------------|
| catastrophizing<br>Pain-related | Coping Strategies Questionnaire – catastrophizing<br>Pain Catastrophizing Scale (PCS)         | 19.44<br>13.65 | 6.49<br>3.25 | 7,354<br>1,959 | 16<br>61 | Sullivan, Bishop, and Pivik (1995)<br>Rosenstiel and Keefe (1983)       |
|                                 | Pain Catastrophizing Scale – Child Version (PCS-C)<br>subscale (CSQ)                          | 24.49          | 2.83         | 618            | 5        | Crombez et al. (2003)                                                   |
| Anxiety sensitivity             | Anxiety Sensitivity Index (ASI)<br>Pain Cognition List (PCLe)                                 | 18.41<br>—     | 4.69<br>—    | 33<br>881      | 1<br>7   | Reiss, Peterson, Gursky, and Mcnally (1986)<br>Vlaeyen et al. (1990)    |
|                                 | Child Anxiety Sensitivity Index (CASI)                                                        | —              | —            | 469            | 4        | Silverman, Fleisig, Rabian, and Peterson (1991)                         |
| Acceptance                      | Chronic Pain Acceptance Questionnaire (CPAQ)                                                  | 53.56          | 9.92         | 3,291          | 12       | McCracken, Vowles, and Eccleston (2004)                                 |
|                                 | Chronic Pain Acceptance Questionnaire (CPAQ-8)                                                | —              | —            | 535            | 1        | Fish, McGuire, Hogan, Morrison, and Stewart (2010)                      |
| Depression                      | Beck Depression Inventory (BDI)                                                               | 14.43          | 3.78         | 2,325          | 17       | Beck
ese individuals, children as well as adults, have increased lean weight and that DIO results in both fat mass and lean mass augmentation (Forbes and Welle [1983](#page-14-0)). This and other results showing stable lean mass during the development of obesity (Hulens et al. [2001](#page-15-0)) suggest that carrying greater weight may have physical traininglike effects (Hulens et al. [2001\)](#page-15-0). There is confusion on how to interpret changes in lean mass associated with muscle separately from non-muscle fat-free mass, that is, liver, intestine, kidney, and heart, which indeed might be enlarged with the development of obesity (Masgrau

AGE (2016) 38: 23 Page 7 of 18 23

et al. [2012\)](#page-15-0). Studies on rodents demonstrated that muscle mass was not changed under conditions of DIO (Chanseaume et al. [2007](#page-15-0)), whereas reduced muscle mass was found in genetic models of obesity (Kemp et al. [2009\)](#page-15-0). In a study of sequential changes of protein synthesis in two types of skeletal muscles during longterm DIO, Masgrau et al. (2012) showed that the muscle mass of rats increased in the initial phase (16 weeks fed HFD) and decreased in the second phase (from 16 to 24 weeks fed HFD) of obesity development (Masgrau et al. [2012\)](#page-15-0). Chronic exposure to lipid overload in obese individuals leads to an infiltration of fat into muscle, which is also a characteristic of the ageing process. It has been shown that the amount of intra-myocellular lipid deposition is correlated with the percentage body fat used as a proxy measure of adiposity (Dube and Goodpaster [2006\)](#page-15-0).

These observations highlight the characteristic features of muscle mass in both obesity development and ageing. Changes in skeletal muscle are important because muscle is essential for locomotion and is the major site of insulin-mediated glucose uptake (Alvim et al. [2015](#page-15-0)). Although physical exercise is considered to be an anti-ageing therapy, weight loss in obese older adults is still heavily debated due
<s> Pain 99 (2002) 485-491

# Fear-avoidance beliefs and catastrophizing: occurrence and risk factor in back pain and ADL in the general population

Nina Buer<sup>a,b,\*</sup>, Steven J. Linton<sup>c</sup>

<sup>a</sup>Neurotec Department, Division of Physiotherapy, Karolinska Institute, Stockholm, Sweden <sup>b</sup>Department of Health Promotion for Personnel, Örebro University Hospital, SE-701 85 Örebro, Sweden <sup>c</sup>Department of Occupational and Environmental Medicine, Örebro University Hospital, SE-701 85 Örebro, Sweden

Received 11 April 2002; accepted 21 June 2002

## Abstract

Fear-avoidance beliefs and catastrophizing have been shown to be powerful cognitions in the process of developing chronic pain problems and there is a need for increased knowledge in early stages of pain.

The objectives of this study were therefore, firstly, to examine the occurrence of fear-avoidance beliefs and catastrophizing in groups with different degrees of non-chronic spinal pain in a general population, and secondly to assess if fear-avoidance beliefs and catastrophizing were related to current ratings of pain and activities of daily living (ADL).

The study was a part of a population based back pain project and the study sample consisted of 917 men and women, 35–45 years old, either pain-free or with non-chronic spinal pain. The results showed that fear-avoidance beliefs as well as catastrophizing occur in this general population of non-patients. The levels were moderate and in catastrophizing a 'dose–response' pattern was seen, such that more the catastrophizing was, the more was pain. The study showed two relationships, which were between fear-avoidance and ADL as well as between catastrophizing and pain intensity. Logistic regression analyses were performed with 95% confidence intervals and the odds ratio for fear-avoidance beliefs and ADL was 2.5 and for catastrophizing and pain 1.8, both with confidence interval above unity. The results suggest that fear-avoidance beliefs and catastrophizing may play an active part in the transition from acute to chronic pain and clinical implications include screening and early intervention. © 2002 International Association for the Study of Pain. Published by Elsevier Science B.V. All rights reserved.

Key
<s> # Fear of Pain and Pain Intensity: Meta-Analysis and Systematic Review

#### Tobias Markfelder and Paul Pauli University of Würzburg

The fear avoidance model (FAM) represents a cognitive–behavioral explanatory approach for pain chronification. The core assumption is that fear of pain (FOP) following an acute pain experience facilitates the development of pain chronification, disability, and receding functionality. Thus, the model predicts a positive association between FOP and pain intensity in pain patients, which was frequently investigated; however, results were inconsistent. To highlight inconsistencies, we performed integrative statistical analysis aimed at evaluating the strength of the cross-sectional relation between FOP and pain intensity in clinical research and reviewing its moderation through demographic, pain-specific and psychosocial characteristics. To this end, we searched the databases PsycINFO, PubMed, and Web of Science and included 253 independent effect size estimates (*N* - 42 463). The overall mean effect size was computed based on a random-effects model. By utilizing the artifact distribution method, we supplemented it with an analysis correcting for artifacts. The magnitude of the positive association equated to the threshold between a small to medium effect size, which was expected as the FAM predicts an indirect relation only. The association turned out to be stable across different FOP measures, but was significantly moderated by age, pain localization, first-time pain episode, pain onset, treatment status, and anxiety sensitivity. A potentially necessary differentiation of patient subgroups and suggestions for an adjusted methodological approach of future research are discussed.

#### *Public Significance Statement*

The chronification of pain is assumed to be crucially modulated by fear of pain, that is, pain catastrophizing leads to fear of pain and in the long run to pain-related disability. The inferred assumption that fear of pain is positively associated with pain reports in pain patients is confirmed by this meta-analysis. This suggests that successful pain treatment should target and moderate fear of pain, especially—as the performed moderator analyses revealed—in pain patients being of old age, having previous pain episodes, and having radiating or peripheral pain.

*Keywords:* fear of pain, kinesiophobia, meta-analysis, pain intensity, pain-related anxiety

Recent statistics about the prevalence of chronic pain and its consequences point to an immense societal problem; for example, a significant proportion of the population in most developed countries (6.8% to 50%) experiences some form of chronic pain [\(Turk](#page-36-0) [& Swanson, 2007\)](#page-36-0).
, while ageing is linked with a failure in leptin action independently of obesity and body fat distribution (Carter et al. [2013](#page-13-0); Scarpace et al. [2000a](#page-14-0)). Comparison of young and aged individuals showed a decrease in mRNA, and serum leptin was observed after fasting at all ages (Scarpace and Tumer [2001](#page-14-0); Li et al. [1998\)](#page-14-0); however, the magnitude of this decrease is blunted with age (Li et al. [1998](#page-14-0)). Indeed,

23 Page 6 of 18 AGE (2016) 38: 23

studies on resistance to leptin administration revealed that old rats (30 months of age) with elevated adiposity presented threefold greater endogenous serum leptin levels than young individuals (6 months of age) (Scarpace and Tumer [2001](#page-14-0); Scarpace et al. [2000a](#page-14-0)). Scarpace et al. (2000) has shown that 7 days of subcutaneous leptin administration increased its serum levels and diminished food intake with greater significance for young rats (Scarpace et al. [2000a\)](#page-14-0), leading to the conclusion that older individuals are resistant to the effects of leptin (Scarpace et al. [2000a\)](#page-14-0). Conversely, recent work demonstrated that in old non-obese and calorierestricted rats, 7 days of intra-cerebroventricular leptin infusion efficiently decreased food intake (Petervari et al. [2014\)](#page-14-0). Petervari et al. (2014) suggested that ageing per se does not promote leptin resistance development; rather, early appearance of obesity leads to the progressive loss of the hypermetabolic effects of leptin (Petervari et al. [2014](#page-14-0)).

Typically, obesity is associated with increased circulating leptin concentrations (Ahima and Flier [2000\)](#page-14-0). Obese individuals exhibit leptin resistance, and its elevated concentrations fail to control hunger and body weight (My## Communities:

### Smoking and Sleep Disturbance Community
### Summary
This community is centered around the relationship between smoking and sleep disturbance. The entities within this community are Smoking and Sleep Disturbance, which are related through various associations, causal relationships, and correlations. The community's structure is characterized by a complex web of relationships between these two entities, with smoking being a causal factor for sleep disturbance and sleep disturbance being a consequence of smoking.
### Key Findings
Smoking is a causal factor for sleep disturbance.: Smoking is a causal factor for sleep disturbance, as nicotine can disrupt sleep patterns and lead to sleep disorders. This is supported by the various relationships between smoking and sleep disturbance, including causal associations, correlations, and associations. For example, smoking can cause sleep disturbance, and sleep disturbance can be a consequence of smoking. Additionally, smoking is associated with higher levels of sleep disturbance, and sleep disturbance is often related to smoking due to the impact of substance use on sleep quality.
Sleep disturbance is a consequence of smoking.: Sleep disturbance is a consequence of smoking, as smoking can disrupt sleep patterns and lead to sleep disorders. This is supported by the various relationships between smoking and sleep disturbance, including causal associations, correlations, and associations. For example, smoking can cause sleep disturbance, and sleep disturbance can be a consequence of smoking. Additionally, smoking is associated with higher levels of sleep disturbance, and sleep disturbance is often related to smoking due to the impact of substance use on sleep quality.
Smoking is associated with a higher comorbidity index (CCI).: Smoking is associated with a higher comorbidity index (CCI), as it can increase the risk of various health problems. This is supported by the relationships between smoking and CCI, including causal associations, correlations, and associations. For example, smoking can cause a higher CCI, and a higher CCI is often related to smoking due to the impact of smoking on health outcomes.
Sleep disturbance is often related to smoking due to the impact of substance use on sleep quality.: Sleep disturbance is often related to smoking due to the impact of substance use on sleep quality. This is supported by the relationships between smoking and sleep disturbance, including causal associations, correlations, and associations. For example, smoking can cause sleep disturbance, and sleep disturbance can be a consequence of smoking. Additionally, smoking is associated with higher levels of sleep disturbance, and sleep disturbance is often related to smoking due to the impact of substance use on sleep quality.
Smoking can disrupt sleep patterns and lead to sleep disorders.: Smoking can disrupt sleep patterns and lead to sleep disorders, as nicotine can affect the brain's ability to regulate sleep-wake cycles. This is supported by the relationships between smoking and sleep disturbance, including causal associations, correlations, and associations. For example, smoking can cause sleep disturbance, and sleep disturbance can be a consequence of smoking. Additionally, smoking is associated with higher levels of sleep disturbance, and sleep disturbance is often related to smoking due to the impact of substance use on sleep quality.
Sleep disturbance is a significant risk factor for smoking.: Sleep disturbance is a significant risk factor for smoking, as individuals who experience sleep disturbance are more likely to smoke. This is supported by the relationships between smoking and sleep disturbance, including causal associations, correlations, and associations. For example, smoking can cause sleep disturbance, and sleep disturbance can be a consequence of smoking. Additionally, smoking is associated with higher levels of sleep disturbance, and sleep disturbance is often related to smoking due to the impact of substance use on sleep quality.
Smoking is associated with higher levels of sleep disturbance.: Smoking is associated with higher levels of sleep disturbance, as nicotine can disrupt sleep patterns and lead to sleep disorders. This is supported by the relationships between smoking and sleep disturbance, including causal associations, correlations, and associations. For example, smoking can cause sleep disturbance, and sleep disturbance can be a consequence of smoking. Additionally, smoking is associated with higher levels of sleep disturbance, and sleep disturbance is often related to smoking due to the impact of substance use on sleep quality.
Sleep disturbance is often related to smoking due to the impact of substance use on sleep quality.: Sleep disturbance is often related to smoking due to the impact of substance use on sleep quality. This is supported by the relationships between smoking and sleep disturbance, including causal associations, correlations, and associations. For example, smoking can cause sleep disturbance, and sleep disturbance can be a consequence of smoking. Additionally, smoking is associated with higher levels of sleep disturbance, and sleep disturbance is often related to smoking due to the impact of substance use on sleep quality.
Smoking can increase the risk of various health problems.: Smoking can increase the risk of various health problems, including cardiovascular disease, respiratory problems, and cancer. This is supported by the relationships between smoking and CCI, including causal associations, correlations, and associations. For example, smoking can cause a higher CCI, and a higher CCI is often related to smoking due to the impact of smoking on health outcomes.
Sleep disturbance is a consequence of smoking.: Sleep disturbance is a consequence of smoking, as smoking can disrupt sleep patterns and lead to sleep disorders. This is supported by the relationships between smoking and sleep disturbance, including causal associations, correlations, and associations. For example, smoking can cause sleep disturbance, and sleep disturbance can be a consequence of smoking. Additionally, smoking is associated with higher levels of sleep disturbance, and sleep disturbance is often related to smoking due to the impact of substance use on sleep quality.
### Impact Rating: 8.5
The high impact severity rating is due to the strong causal relationship between smoking and sleep disturbance, as well as the potential long-term consequences of smoking on overall health.

### Depression and Pain Network
### Summary
This report provides an overview of the relationships between depression, pain, and other health conditions. The network includes entities such as depression, anxiety, cardiovascular disease, multimorbidity, and chronic physical conditions, among others. The relationships between these entities are based on associations, causes, and comorbidities.
### Key Findings
Depression is strongly associated with pain and various health conditions.: Depression is a mental health disorder characterized by persistent feelings of sadness, hopelessness, and loss of interest in activities. It is associated with various health conditions, including pain, cardiovascular disease, multimorbidity, and chronic physical conditions. The relationships between depression and these conditions are based on associations, causes, and comorbidities. For example, depression can lead to pain, and pain can exacerbate depression. Depression is also associated with an increased risk of cardiovascular disease, multimorbidity, and chronic physical conditions. Furthermore, depression can co-occur with anxiety, and anxiety can exacerbate depression. The bidirectional relationship between depression and anxiety is well-established in the literature. Additionally, depression is associated with an increased risk of chronic physical conditions, including arthritis, asthma, and hip pain. The relationships between depression and these conditions are complex and multifaceted, and further research is needed to fully understand the underlying mechanisms.
Pain is a significant risk factor for depression.: Pain is a common symptom of various health conditions, including arthritis, asthma, and hip pain. It can also be a symptom of depression. The relationship between pain and depression is bidirectional, with pain exacerbating depression and depression increasing the risk of pain. For example, individuals with chronic pain are more likely to experience depression, and individuals with depression are more likely to experience chronic pain. The relationship between pain and depression is complex and multifaceted, and further research is needed to fully understand the underlying mechanisms.
Depression is associated with an increased risk of cardiovascular disease.: Depression is a significant risk factor for cardiovascular disease, including heart disease and stroke. The relationship between depression and cardiovascular disease is based on associations, causes, and comorbidities. For example, depression can lead to cardiovascular disease through various mechanisms, including increased inflammation, oxidative stress, and endothelial dysfunction. Additionally, depression can exacerbate cardiovascular disease through various mechanisms, including decreased adherence to treatment and increased risk of complications. The bidirectional relationship between depression and cardiovascular disease is well-established in the literature.
Multimorbidity is a significant risk factor for depression.: Multimorbidity refers to the presence of two or more chronic health conditions. It is a significant risk factor for depression, as individuals with multimorbidity are more likely to experience depression. The relationship between multimorbidity and depression is based on associations, causes, and comorbidities. For example, multimorbidity can lead to depression through various mechanisms, including increased symptom burden, disability, and decreased quality of life. Additionally, multimorbidity can exacerbate depression through various mechanisms, including decreased adherence to treatment and increased risk of complications.
Chronic physical conditions are associated with an increased risk of depression.: Chronic physical conditions, including arthritis, asthma, and hip pain, are associated with an increased risk of depression. The relationship between chronic physical conditions and depression is based on associations, causes, and comorbidities. For example, chronic physical conditions can lead to depression through various mechanisms, including increased symptom burden, disability, and decreased quality of life. Additionally, chronic physical conditions can exacerbate depression through various mechanisms, including decreased adherence to treatment and increased risk of complications.
Genetic predisposition to depression may have positive causal roles on AF.: Genetic predisposition to depression may have positive causal roles on atrial fibrillation (AF). The relationship between depression and AF is based on associations, causes, and comorbidities. For example, depression can lead to AF through various mechanisms, including increased inflammation, oxidative stress, and endothelial dysfunction. Additionally, depression can exacerbate AF through various mechanisms, including decreased adherence to treatment and increased risk of complications.
Cigarette smoking is a risk factor for depression.: Cigarette smoking is a significant risk factor for depression. The relationship between cigarette smoking and depression is based on associations, causes, and comorbidities. For example, cigarette smoking can lead to depression through various mechanisms, including increased inflammation, oxidative stress, and endothelial dysfunction. Additionally, cigarette smoking can exacerbate depression through various mechanisms, including decreased adherence to treatment and increased risk of complications.
Marital status is associated with an increased risk of depression.: Marital status is associated with an increased risk of depression. The relationship between marital status and depression is based on associations, causes, and comorbidities. For example, being married or unmarried can lead to depression through various mechanisms, including increased stress, decreased social support, and decreased quality of life. Additionally, being married or unmarried can exacerbate depression through various mechanisms, including decreased adherence to treatment and increased risk of complications.
Widowhood is a risk factor for depression.: Widowhood is a significant risk factor for depression. The relationship between widowhood and depression is based on associations, causes, and comorbidities. For example, widowhood can lead to depression through various mechanisms, including increased stress, decreased social support, and decreased quality of life. Additionally, widowhood can exacerbate depression through various mechanisms, including decreased adherence to treatment and increased risk of complications.
Depression is associated with changes in the hippocampus.: Depression is associated with changes in the hippocampus, a region of the brain involved in memory formation and spatial navigation. The relationship between depression and the hippocampus is based on associations, causes, and comorbidities. For example, depression can lead to changes in the hippocampus through various mechanisms, including increased inflammation, oxidative stress, and decreased neurotrophic factors. Additionally, depression can exacerbate changes in the hippocampus through various mechanisms, including decreased adherence to treatment and increased risk of complications.
### Impact Rating: 8.5
The high impact severity rating is due to the strong associations between depression and various health conditions, including pain, cardiovascular disease, and multimorbidity.

## Relationships:

(Promis Depression: Affects the affective and cognitive manifestations of depression)--[POSITIVE_CORRELATION: There is a positive correlation between PROMIS depression and pain catastrophizing score, as depression can lead to increased pain and catastrophizing]-->(Pain Catastrophising Score: Pain catastrophizing is characterized by the tendency to magnify the threat value of a pain stimulus and to feel helpless in the presence of pain, as well as by a relative inability to prevent or inhibit pain-related thoughts in anticipation of, during, or following a painful event)
(Pain Catastrophising Score: Pain catastrophizing is characterized by the tendency to magnify the threat value of a pain stimulus and to feel helpless in the presence of pain, as well as by a relative inability to prevent or inhibit pain-related thoughts in anticipation of, during, or following a painful event)--[DEPRESSION_ASSOCIATION: Pain catastrophizing and depression are often related due to the psychological impact of pain.]-->(Promis Depression: Affects the affective and cognitive manifestations of depression)
(Promis Depression: Affects the affective and cognitive manifestations of depression)--[CAUSES: Depression can contribute to pain catastrophizing.]-->(Pain Catastrophising Score: Pain catastrophizing is characterized by the tendency to magnify the threat value of a pain stimulus and to feel helpless in the presence of pain, as well as by a relative inability to prevent or inhibit pain-related thoughts in anticipation of, during, or following a painful event)
(Pain Catastrophising Score: Pain catastrophizing is characterized by the tendency to magnify the threat value of a pain stimulus and to feel helpless in the presence of pain, as well as by a relative inability to prevent or inhibit pain-related thoughts in anticipation of, during, or following a painful event)--[INFLUENCES: Pain catastrophizing can influence depression levels.]-->(Promis Depression: Affects the affective and cognitive manifestations of depression)
(Promis Depression: Affects the affective and cognitive manifestations of depression)--[INFLUENCES: Higher levels of depression can lead to higher levels of pain catastrophizing, which can be a factor in low back pain.]-->(Pain Catastrophising Score: Pain catastrophizing is characterized by the tendency to magnify the threat value of a pain stimulus and to feel helpless in the presence of pain, as well as by a relative inability to prevent or inhibit pain-related thoughts in anticipation of, during, or following a painful event)
(Pain Catastrophising Score: Pain catastrophizing is characterized by the tendency to magnify the threat value of a pain stimulus and to feel helpless in the presence of pain, as well as by a relative inability to prevent or inhibit pain-related thoughts in anticipation of, during, or following a painful event)--[CORRELATES_WITH: Pain catastrophizing can be correlated with depression, with higher pain catastrophizing scores associated with increased risk of depression.]-->(Promis Depression: Affects the affective and cognitive manifestations of depression)
(Pain Catastrophising Score: Pain catastrophizing is characterized by the tendency to magnify the threat value of a pain stimulus and to feel helpless in the presence of pain, as well as by a relative inability to prevent or inhibit pain-related thoughts in anticipation of, during, or following a painful event)--[CAN_BE_A_RISK_FACTOR_FOR: Pain catastrophizing can be a risk factor for depression, as it can lead to a greater sense of hopelessness and despair.]-->(Promis Depression: Affects the affective and cognitive manifestations of depression)
(Pain Catastrophising Score: Pain catastrophizing is characterized by the tendency to magnify the threat value of a pain stimulus and to feel helpless in the presence of pain, as well as by a relative inability to prevent or inhibit pain-related thoughts in anticipation of, during, or following a painful event)--[CAUSAL_ASSOCIATION: There is a known causal association between pain catastrophizing score and depression, with higher pain catastrophizing scores being associated with higher levels of depression.]-->(Promis Depression: Affects the affective and cognitive manifestations of depression)
(Promis Depression: Affects the affective and cognitive manifestations of depression)--[CAUSATION: PROMIS depression is associated with pain catastrophizing, as depression can contribute to pain catastrophizing.]-->(Pain Catastrophising Score: Pain catastrophizing is characterized by the tendency to magnify the threat value of a pain stimulus and to feel helpless in the presence of pain, as well as by a relative inability to prevent or inhibit pain-related thoughts in anticipation of, during, or following a painful event)
(Pain Catastrophising Score: Pain catastrophizing is characterized by the tendency to magnify the threat value of a pain stimulus and to feel helpless in the presence of pain, as well as by a relative inability to prevent or inhibit pain-related thoughts in anticipation of, during, or following a painful event)--[CAUSATION: Pain catastrophizing is associated with depression, as individuals who catastrophize pain are more likely to experience depressive symptoms.]-->(Promis Depression: Affects the affective and cognitive manifestations of depression)
(Pain Catastrophising Score: Pain catastrophizing is characterized by the tendency to magnify the threat value of a pain stimulus and to feel helpless in the presence of pain, as well as by a relative inability to prevent or inhibit pain-related thoughts in anticipation of, during, or following a painful event)--[INFLUENCE: Pain catastrophizing can influence depression]-->(Promis Depression: Affects the affective and cognitive manifestations of depression)
(Promis Depression: Affects the affective and cognitive manifestations of depression)--[CAUSAL: Depression is a cause of pain catastrophizing, as individuals with depression are more likely to experience pain catastrophizing.]-->(Pain Catastrophising Score: Pain catastrophizing is characterized by the tendency to magnify the threat value of a pain stimulus and to feel helpless in the presence of pain, as well as by a relative inability to prevent or inhibit pain-related thoughts in anticipation of, during, or following a painful event)
(Pain Catastrophising Score: Pain catastrophizing is characterized by the tendency to magnify the threat value of a pain stimulus and to feel helpless in the presence of pain, as well as by a relative inability to prevent or inhibit pain-related thoughts in anticipation of, during, or following a painful event)--[CONTRIBUTES: Pain catastrophizing score can contribute to PROMIS depression due to the impact of pain on mental health]-->(Promis Depression: Affects the affective and cognitive manifestations of depression)
",,,False,
Depression,Anxiety,True,"Reasoning Process:
Step 1: The question asks whether there is a causal relationship between a change in Depression and a change in Anxiety, where Depression precedes and leads to Anxiety, either directly or through intermediate variables.
Step 2: The Depression and Anxiety Community report highlights the complex and multifaceted relationship between Depression and Anxiety, with both conditions influencing each other.
Step 3: The report states that Depression can contribute to Anxiety, and Anxiety can exacerbate Depression, indicating a bidirectional relationship between the two conditions.
Step 4: However, the report also mentions that the relationship between Depression and Anxiety is complex and multifaceted, with both conditions influencing each other in a way that is not fully understood.
Step 5: The report does not provide direct evidence of a causal relationship where a change in Depression precedes and leads to a change in Anxiety, either directly or through intermediate variables.
Step 6: However, the report does suggest that Depression can contribute to Anxiety, which could imply a directional causal link from Depression to Anxiety.
Step 7: Therefore, based on the information provided, it is possible to conclude that there is a causal relationship where a change in Depression precedes and leads to a change in Anxiety, but it is not a direct causal relationship and may involve intermediate variables.

Conclusion: Yes","# Report:
## Chunks:

<s> # Fear of Pain and Pain Intensity: Meta-Analysis and Systematic Review

#### Tobias Markfelder and Paul Pauli University of Würzburg

The fear avoidance model (FAM) represents a cognitive–behavioral explanatory approach for pain chronification. The core assumption is that fear of pain (FOP) following an acute pain experience facilitates the development of pain chronification, disability, and receding functionality. Thus, the model predicts a positive association between FOP and pain intensity in pain patients, which was frequently investigated; however, results were inconsistent. To highlight inconsistencies, we performed integrative statistical analysis aimed at evaluating the strength of the cross-sectional relation between FOP and pain intensity in clinical research and reviewing its moderation through demographic, pain-specific and psychosocial characteristics. To this end, we searched the databases PsycINFO, PubMed, and Web of Science and included 253 independent effect size estimates (*N* - 42 463). The overall mean effect size was computed based on a random-effects model. By utilizing the artifact distribution method, we supplemented it with an analysis correcting for artifacts. The magnitude of the positive association equated to the threshold between a small to medium effect size, which was expected as the FAM predicts an indirect relation only. The association turned out to be stable across different FOP measures, but was significantly moderated by age, pain localization, first-time pain episode, pain onset, treatment status, and anxiety sensitivity. A potentially necessary differentiation of patient subgroups and suggestions for an adjusted methodological approach of future research are discussed.

#### *Public Significance Statement*

The chronification of pain is assumed to be crucially modulated by fear of pain, that is, pain catastrophizing leads to fear of pain and in the long run to pain-related disability. The inferred assumption that fear of pain is positively associated with pain reports in pain patients is confirmed by this meta-analysis. This suggests that successful pain treatment should target and moderate fear of pain, especially—as the performed moderator analyses revealed—in pain patients being of old age, having previous pain episodes, and having radiating or peripheral pain.

*Keywords:* fear of pain, kinesiophobia, meta-analysis, pain intensity, pain-related anxiety

Recent statistics about the prevalence of chronic pain and its consequences point to an immense societal problem; for example, a significant proportion of the population in most developed countries (6.8% to 50%) experiences some form of chronic pain [\(Turk](#page-36-0) [& Swanson, 2007\)](#page-36-0).
2% of all cigarettes consumed in England are consumed by those with mental illness, although this includes substance use disorders[.4](#page-6-3) Additionally, while cigarette consumption in the general population has shown a sustained decrease over the past 20 years, consumption among smokers with mental illness has remained relatively unchanged[.1](#page-6-0) There is therefore a pressing need to understand the mechanisms underlying the high rate of smoking in people with mental illness. Here, we focus specifically on the relationship between cigarette smoking and depression and anxiety.

Currently, there are several hypotheses that have been proposed to explain the high rates of smoking in people with depression and anxiety. The self-medication hypothesis postulates that individuals turn to smoking to alleviate their symptoms[5–7](#page-6-4) and therefore suggests that symptoms of depression and anxiety may lead to smoking. An alternative hypothesis is that smoking may lead to depression or anxiety, through effects on an individual's neurocircuitry that increases susceptibility to environmental stressors. Animal models indicate that prolonged nicotine exposure dysregulates the hypothalamic–pituitary–adrenal system, resulting in hypersecretion of cortisol and alterations in the activity of the associated monoamine neurotransmitter system, whose function is to regulate reactions to stressors,[8](#page-6-5) an effect that appears to normalize after nicotine withdrawal.[9](#page-6-6) The association between smoking and depression/anxiety may also be bidirectional, with occasional smoking initially used to alleviate symptoms, but in fact worsening them over time.[10](#page-6-7) Finally, there may in fact be no causal relationship between smoking and depression/anxiety. Instead, the association may be a product of shared risk factors (eg, common genetic influences[\)10,](#page-6-7)[11](#page-6-8) or confounding. Smokers may also report that cigarettes alleviate their symptoms due to the misattribution of withdrawal relief. Given the short half-life of nicotine that results in withdrawal symptoms (including mood symptoms) after a short period of abstinence, smokers may misattribute the relief of short-term withdrawal as reflecting a genuine anxiolytic effect of smoking[.7](#page-6-9) That is, withdrawal symptoms of increased anxiety and negative affect may be misattributed as reflecting genuine mood symptoms, which would lead to the impression that smoking improves mood.

We are therefore presented with multiple different hypotheses regarding whether there is a causal relationship between smoking and depression/anxiety and if so, what the direction of caus
between CBP and psychological factors such as depression and anxiety, and social factors such as years of schooling [\[21\]](#page-8-9).

Given this complex background, the current study sought to determine whether several commonly studied risk factors have strong support for causal association with CBP and vice versa (whether CBP has causal associations with these factors) using contemporary MR methods. We found evidence for causal association of fewer years of schooling, smoking, and major depressive disorder with the risk of CBP. While these fndings are consistent with the results of conventional observational studies [[23–](#page-8-10)[25](#page-8-11)], they difer from longitudinal twin studies which found no signifcant association of education [\[26\]](#page-8-12), smoking [\[27](#page-8-13)], or depression [\[28\]](#page-8-14) with CBP after controlling for genetic factors. These longitudinal co-twin control studies were informed by tens or at most hundreds of identical twin pairs, leading to very limited power and unclear generalizability. In contrast, the current MR analyses were informed by more than 500,000 singleton individuals. Another notable aspect of our fndings was the clear evidence that greater alcohol use causes CBP but that CBP also causes greater alcohol use—in other words, a bidirectional relationship. The separation of these two directions of efect was possible through MR because the genetic instruments that proxy risk factors are present from conception, long before the development of the outcome, providing a clear temporal sequence of risk factor preceding outcome for each direction of efect. While only one direction of efect may be relevant for some individuals, there is the possibility that alcohol use and CBP reinforce each other in another subgroup of individuals, acting in a positive feedback loop. Our demonstration of strong causal links with alcohol use is novel and makes an important contribution given the ambiguity of the alcohol-back pain relationship (outside of the context of substance abuse) according to systematic reviews on this topic [[29](#page-8-15), [30\]](#page-8-16). Our study also confrms the bidirectional nature of the smoking-CBP relationship, aspects of which have been noted before [[31,](#page-8-17) [32](#page-9-0)], but not with such clarity as we show in the current study using very large samples.

Our bidirectional MR study did not fnd robust support for a causal efect of sleep on CBP, or a causal efect of CBP on years of schooling or major depressive disorder. While these analys
physical conditions in vulnerable individuals with depression and/or anxiety.

Findings from our study indicated that individuals with depression and/or anxiety are more likely to suffer from poor physical health, high rates of obesity and smoking. These findings highlight the need for integrating wellness efforts within mental healthcare settings. In addition, emphasis on physical wellness needs to be part of broader efforts to improve mental health [[72](#page-9-0)]. In order to improve both physical and mental health, primary care services need to be integrated within mental health settings (reverse integration). Randomized trials and experimental studies have provided evidence on the beneficial effects of integrated primary care and mental health care for patients with depression and/or anxiety [\[73](#page-9-0)]. In addition to wellness efforts, routine screening for depression and/or anxiety along with co-ordinated mental-health care for those who screen positive for depression and/or anxiety may reduce the risk of chronic physical conditions.

The study had a number of strengths, including nationally representative sample, comprehensive list of independent variables that may affect chronic physical conditions and the ability to analyze the association between depression-anxiety status and a number of chronic physical conditions. We were also able to assess the independent effects of depression only, anxiety only, and comorbid depression and anxiety on risk of chronic conditions. Limitations have to be considered when interpreting the findings of the present study. The study design is retrospective, observational, and crosssectional and therefore cannot establish causal relationships. Study variables are based on self-reported data which might be subject to reporting-bias. As our study assessed the excess risk of chronic physical conditions among nonelderly adults, the study results are not generalizable to <span id=""page-7-0""></span>other age groups. Although we adjusted for a large number of risk factors that may affect presence of chronic conditions, some variables such as family history that could contribute to the excess risk of chronic physical conditions were not available. Finally, our study was not immune to the inherent limitations associated with use of secondary data such as measurement errors, errors in data editing and imputation, sampling and non-sampling errors, reporting errors and interviewer effects.

# **Conclusions**

Despite the limitations, our study has made a unique contribution to the literature by analyzing the independent contribution of depression, anxiety, and comorbid depression and anxiety on the risk of having chronic physical conditions, after controlling for demographic, life-style, and other important risk factors. Our study findings confirmed that even after adjusting for modifiable lifestyle risk factors, depression and/or anxiety made an independent contribution to the excess risk for many chronic physical conditions. Our study findings highlight the need to minimize the burden of depression and anxiety either through better surveillance, monitoring and treatment of these
with comorbid anxiety. It was not possible in this study to determine the temporal sequence of anxiety and depression in subjects. Future studies may assess whether depression preceded by an anxiety disorder has a different course and outcome from depression with a subsequent anxiety disorder in late life.

The association of poorer social function with comorbid anxiety disorders in our study is consistent with prior reports that panic attacks and phobias are associated with poorer social function in younger adults (33). On the other hand, physical function was not worse in comorbid anxiety disorders, nor was amount of chronic medical illness as measured by the Cumulative Illness Rating Scale—Geriatrics. This finding was unexpected, given the association of late-life anxiety disorders with medical illness (34), as well as the findings of a prior study in a mixed-age cohort that showed an interactive effect of increasing age and panic disorder on physical function (35). Our study's negative finding may be due to the fact that depression is also associated with poorer physical function in the elderly (36). Thus comorbid anxiety disorders may not predict additional physical disability beyond that already associated with depression in the elderly.

We found that comorbid anxiety disorders were associated with increased autonomic symptoms as measured by the UKU Side Effect Rating Scale. This scale measures baseline somatization when used prior to initiation of treatment. Elderly persons may be more likely than younger adults to have somatic symptoms associated with anxiety disorders (34). This finding has clinical importance, because high levels of somatic symptoms during treatment may be misidentified by the patient or clinician as side effects to medication, which could lead to poorer compliance or premature discontinuation of treatment (37). Similarly, in depressed younger adults, those with a comorbid anxiety disorder have also been found to be more likely to have somatic symptoms during treatment and to drop out prematurely (38).

Subjects with comorbid anxiety disorders (other than generalized anxiety disorder) did not have more suicidal ideation. This finding was unexpected, given that prior studies in adults and elderly subjects have found a greater suicide risk in individuals with comorbid panic and depression than in those with either disorder alone (10, 11, 17). The association of comorbidity with greater suicidality should be addressed in longitudinal studies that can examine not only suicidal ideation but also suicide attempts and completed suicides.

A limitation of our study is that a rate for diagnosis of generalized anxiety disorder was not available; instead, the rate for symptoms of generalized anxiety disorder was assessed. More than a third of the subjects with major depressive episode also met symptomatic or inclusion criteria for current generalized anxiety disorder. Given the overlap of symptom criteria between major depression and general
öm Test for Nicotine Dependence,[13](#page-6-11) were included in the tobacco dependence category. Studies that tracked the different paths of cigarette smoking uptake and use in a cohort were included in the smoking trajectory category, and studies that defined smokers in purely categorical terms (eg, current, former, and never) were included in the smoking status category. [Table 1](#page-3-0) summarizes the directions of associations investigated within the studies in each smoking category.

#### Smoking Onset

A total of 14 studies investigated the association of baseline depression with subsequent smoking onset, of which 10 (71%) found evidence to support this association[,14–23](#page-6-12) while four (29%) found no evidence of an association[.24–27](#page-6-13) Five studies investigated the association of baseline anxiety on smoking onset, of which four (80%) found evidence to support an association with increased risk of smoking onset[24](#page-6-13)[,28–30](#page-7-0) and one (20%) found no evidence of an association.[21](#page-6-14) Six studies investigated the association of comorbid depression and anxiety with later smoking onset, of which two (33%) found evidence to support this association,[31](#page-7-1)[,32](#page-7-2) while one (17%) reported comorbid depression and anxiety was associated with reduced risk of smoking onset[33](#page-7-3) and three (50%) found no evidence of an association.[34–36](#page-7-4) One study investigated the association of smoking onset with later depression, finding evidence for this association[.15](#page-6-15) One study investigated the association of smoking onset with later anxiety, finding no evidence for this association[.21](#page-6-14) Additionally one study investigated the association of smoking onset with later comorbid depression and

<span id=""page-2-0""></span>**Figure 1.** Identification of independent studies for inclusion in systematic review.

<span id=""page-3-0""></span>

| Category             | Depression         |                    |               | Anxiety            |                    |               | Comorbid depression and anxiety |                    |               |
|----------------------|--------------------|--------------------|---------------|--------------------|--------------------|---------------|---------------------------------|--------------------|---------------|
|                      | MH## Communities:

### Smoking and Sleep Disturbance Community
### Summary
This community is centered around the relationship between smoking and sleep disturbance. The entities within this community are Smoking and Sleep Disturbance, which are related through various associations, causal relationships, and correlations. The community's structure is characterized by a complex web of relationships between these two entities, with smoking being a causal factor for sleep disturbance and sleep disturbance being a consequence of smoking.
### Key Findings
Smoking is a causal factor for sleep disturbance.: Smoking is a causal factor for sleep disturbance, as nicotine can disrupt sleep patterns and lead to sleep disorders. This is supported by the various relationships between smoking and sleep disturbance, including causal associations, correlations, and associations. For example, smoking can cause sleep disturbance, and sleep disturbance can be a consequence of smoking. Additionally, smoking is associated with higher levels of sleep disturbance, and sleep disturbance is often related to smoking due to the impact of substance use on sleep quality.
Sleep disturbance is a consequence of smoking.: Sleep disturbance is a consequence of smoking, as smoking can disrupt sleep patterns and lead to sleep disorders. This is supported by the various relationships between smoking and sleep disturbance, including causal associations, correlations, and associations. For example, smoking can cause sleep disturbance, and sleep disturbance can be a consequence of smoking. Additionally, smoking is associated with higher levels of sleep disturbance, and sleep disturbance is often related to smoking due to the impact of substance use on sleep quality.
Smoking is associated with a higher comorbidity index (CCI).: Smoking is associated with a higher comorbidity index (CCI), as it can increase the risk of various health problems. This is supported by the relationships between smoking and CCI, including causal associations, correlations, and associations. For example, smoking can cause a higher CCI, and a higher CCI is often related to smoking due to the impact of smoking on health outcomes.
Sleep disturbance is often related to smoking due to the impact of substance use on sleep quality.: Sleep disturbance is often related to smoking due to the impact of substance use on sleep quality. This is supported by the relationships between smoking and sleep disturbance, including causal associations, correlations, and associations. For example, smoking can cause sleep disturbance, and sleep disturbance can be a consequence of smoking. Additionally, smoking is associated with higher levels of sleep disturbance, and sleep disturbance is often related to smoking due to the impact of substance use on sleep quality.
Smoking can disrupt sleep patterns and lead to sleep disorders.: Smoking can disrupt sleep patterns and lead to sleep disorders, as nicotine can affect the brain's ability to regulate sleep-wake cycles. This is supported by the relationships between smoking and sleep disturbance, including causal associations, correlations, and associations. For example, smoking can cause sleep disturbance, and sleep disturbance can be a consequence of smoking. Additionally, smoking is associated with higher levels of sleep disturbance, and sleep disturbance is often related to smoking due to the impact of substance use on sleep quality.
Sleep disturbance is a significant risk factor for smoking.: Sleep disturbance is a significant risk factor for smoking, as individuals who experience sleep disturbance are more likely to smoke. This is supported by the relationships between smoking and sleep disturbance, including causal associations, correlations, and associations. For example, smoking can cause sleep disturbance, and sleep disturbance can be a consequence of smoking. Additionally, smoking is associated with higher levels of sleep disturbance, and sleep disturbance is often related to smoking due to the impact of substance use on sleep quality.
Smoking is associated with higher levels of sleep disturbance.: Smoking is associated with higher levels of sleep disturbance, as nicotine can disrupt sleep patterns and lead to sleep disorders. This is supported by the relationships between smoking and sleep disturbance, including causal associations, correlations, and associations. For example, smoking can cause sleep disturbance, and sleep disturbance can be a consequence of smoking. Additionally, smoking is associated with higher levels of sleep disturbance, and sleep disturbance is often related to smoking due to the impact of substance use on sleep quality.
Sleep disturbance is often related to smoking due to the impact of substance use on sleep quality.: Sleep disturbance is often related to smoking due to the impact of substance use on sleep quality. This is supported by the relationships between smoking and sleep disturbance, including causal associations, correlations, and associations. For example, smoking can cause sleep disturbance, and sleep disturbance can be a consequence of smoking. Additionally, smoking is associated with higher levels of sleep disturbance, and sleep disturbance is often related to smoking due to the impact of substance use on sleep quality.
Smoking can increase the risk of various health problems.: Smoking can increase the risk of various health problems, including cardiovascular disease, respiratory problems, and cancer. This is supported by the relationships between smoking and CCI, including causal associations, correlations, and associations. For example, smoking can cause a higher CCI, and a higher CCI is often related to smoking due to the impact of smoking on health outcomes.
Sleep disturbance is a consequence of smoking.: Sleep disturbance is a consequence of smoking, as smoking can disrupt sleep patterns and lead to sleep disorders. This is supported by the relationships between smoking and sleep disturbance, including causal associations, correlations, and associations. For example, smoking can cause sleep disturbance, and sleep disturbance can be a consequence of smoking. Additionally, smoking is associated with higher levels of sleep disturbance, and sleep disturbance is often related to smoking due to the impact of substance use on sleep quality.
### Impact Rating: 8.5
The high impact severity rating is due to the strong causal relationship between smoking and sleep disturbance, as well as the potential long-term consequences of smoking on overall health.

### Depression and Anxiety Community
### Summary
This community is centered around the relationship between depression and anxiety, with a focus on the affective and cognitive manifestations of depression and anxiety. The community is composed of two main entities: Promis Depression and Promis Anxiety. These entities are related to each other through various relationships, including causation, correlation, association, and influence.
### Key Findings
Depression and anxiety are closely related mental health conditions.: Depression and anxiety are often comorbid, with individuals with depression being more likely to experience anxiety. This relationship is supported by various studies and is a key aspect of the community. The relationship between depression and anxiety is complex and multifaceted, with both conditions influencing each other. Depression can contribute to anxiety, and anxiety can exacerbate depression. This co-occurrence can lead to a range of negative outcomes, including decreased quality of life and increased risk of comorbidities.
The PROMIS depression and anxiety measures are related to mental health and well-being.: The Patient-Reported Outcomes Measurement Information System (PROMIS) is a tool used to measure various aspects of mental health, including depression and anxiety. The PROMIS depression and anxiety measures are related to each other, as both are associated with mental health and well-being. This relationship is supported by research and highlights the importance of considering both depression and anxiety when assessing mental health.
Depression and anxiety often co-occur due to shared underlying factors.: Depression and anxiety often co-occur due to shared underlying factors, such as stress, trauma, and genetics. This co-occurrence can lead to a range of negative outcomes, including decreased quality of life and increased risk of comorbidities. Understanding the underlying factors that contribute to the co-occurrence of depression and anxiety is essential for developing effective treatment strategies.
There is a positive correlation between PROMIS depression and PROMIS anxiety.: Research has shown that there is a positive correlation between PROMIS depression and PROMIS anxiety. This means that individuals with higher PROMIS depression scores tend to have higher PROMIS anxiety scores. This correlation highlights the importance of considering both depression and anxiety when assessing mental health.
Depression and anxiety can overlap.: Depression and anxiety can overlap, with individuals experiencing symptoms of both conditions simultaneously. This overlap can lead to a range of negative outcomes, including decreased quality of life and increased risk of comorbidities. Understanding the overlap between depression and anxiety is essential for developing effective treatment strategies.
Depression and anxiety are related mental health conditions.: Depression and anxiety are related mental health conditions that can manifest together in an individual. This relationship is supported by research and highlights the importance of considering both depression and anxiety when assessing mental health.
Depression and anxiety often co-occur due to various factors.: Depression and anxiety often co-occur due to various factors, including shared underlying causes, comorbidities, and exacerbation of symptoms. This co-occurrence can lead to a range of negative outcomes, including decreased quality of life and increased risk of comorbidities. Understanding the factors that contribute to the co-occurrence of depression and anxiety is essential for developing effective treatment strategies.
The relationship between depression and anxiety is complex and multifaceted.: The relationship between depression and anxiety is complex and multifaceted, with both conditions influencing each other. Depression can contribute to anxiety, and anxiety can exacerbate depression. This co-occurrence can lead to a range of negative outcomes, including decreased quality of life and increased risk of comorbidities.
Depression and anxiety are often associated with each other.: Depression and anxiety are often associated with each other, with individuals with depression being more likely to experience anxiety. This association is supported by research and highlights the importance of considering both depression and anxiety when assessing mental health.
Depression and anxiety can be related to each other through various relationships.: Depression and anxiety can be related to each other through various relationships, including causation, correlation, association, and influence. This relationship is supported by research and highlights the importance of considering both depression and anxiety when assessing mental health.
### Impact Rating: 8.5
The high impact severity rating is due to the strong relationships between depression and anxiety, as well as the potential for comorbidity and exacerbation of symptoms.

## Relationships:

(Promis Depression: Affects the affective and cognitive manifestations of depression)--[SELF-ASSESSMENT: PROMIS depression is a self-assessment tool for depression, and individuals who score high on this tool are more likely to experience depression]-->(Depression: Depression is a mental health disorder characterized by persistent feelings of sadness, hopelessness, and loss of interest in activities, which can be exacerbated by pain and pain-related disability.)
(Promis Depression: Affects the affective and cognitive manifestations of depression)--[RELATED_TO: PROMIS depression is related to depression as it affects the affective and cognitive manifestations of depression.]-->(Depression: Depression is a mental health disorder characterized by persistent feelings of sadness, hopelessness, and loss of interest in activities, which can be exacerbated by pain and pain-related disability.)
(Promis Depression: Affects the affective and cognitive manifestations of depression)--[IS: Affects the affective and cognitive manifestations of depression]-->(Depression: Depression is a mental health disorder characterized by persistent feelings of sadness, hopelessness, and loss of interest in activities, which can be exacerbated by pain and pain-related disability.)
(Depression: Depression is a mental health disorder characterized by persistent feelings of sadness, hopelessness, and loss of interest in activities, which can be exacerbated by pain and pain-related disability.)--[IS: Depression is a measure of the affective and cognitive manifestations of depression.]-->(Promis Depression: Affects the affective and cognitive manifestations of depression)
(Depression: Depression is a mental health disorder characterized by persistent feelings of sadness, hopelessness, and loss of interest in activities, which can be exacerbated by pain and pain-related disability.)--[ASSOCIATION: Depression is associated with higher levels of depression.]-->(Promis Depression: Affects the affective and cognitive manifestations of depression)
(Promis Depression: Affects the affective and cognitive manifestations of depression)--[ASSESSES: PROMIS depression measures assess depression symptoms.]-->(Depression: Depression is a mental health disorder characterized by persistent feelings of sadness, hopelessness, and loss of interest in activities, which can be exacerbated by pain and pain-related disability.)
(Promis Depression: Affects the affective and cognitive manifestations of depression)--[IS: PROMIS Depression is a measure of depression symptoms, which are a key component of depression.]-->(Depression: Depression is a mental health disorder characterized by persistent feelings of sadness, hopelessness, and loss of interest in activities, which can be exacerbated by pain and pain-related disability.)
(Promis Depression: Affects the affective and cognitive manifestations of depression)--[MEASUREMENT: PROMIS depression is a measure of depression.]-->(Depression: Depression is a mental health disorder characterized by persistent feelings of sadness, hopelessness, and loss of interest in activities, which can be exacerbated by pain and pain-related disability.)
(Depression: Depression is a mental health disorder characterized by persistent feelings of sadness, hopelessness, and loss of interest in activities, which can be exacerbated by pain and pain-related disability.)--[CORRELATED: Depression is highly correlated with itself, with individuals experiencing depression often experiencing more depression.]-->(Promis Depression: Affects the affective and cognitive manifestations of depression)
(Depression: Depression is a mental health disorder characterized by persistent feelings of sadness, hopelessness, and loss of interest in activities, which can be exacerbated by pain and pain-related disability.)--[IS: Depression is a manifestation of PROMIS depression]-->(Promis Depression: Affects the affective and cognitive manifestations of depression)
(Promis Depression: Affects the affective and cognitive manifestations of depression)--[MEASURES: PROMIS depression assessments measure the affective and cognitive manifestations of depression.]-->(Depression: Depression is a mental health disorder characterized by persistent feelings of sadness, hopelessness, and loss of interest in activities, which can be exacerbated by pain and pain-related disability.)
(Promis Depression: Affects the affective and cognitive manifestations of depression)--[MEASURED_BY: PROMIS depression is a measure of depression symptoms in older adults.]-->(Depression: Depression is a mental health disorder characterized by persistent feelings of sadness, hopelessness, and loss of interest in activities, which can be exacerbated by pain and pain-related disability.)
(Depression: Depression is a mental health disorder characterized by persistent feelings of sadness, hopelessness, and loss of interest in activities, which can be exacerbated by pain and pain-related disability.)--[RELATED_TO: Depression is a symptom of depression.]-->(Promis Depression: Affects the affective and cognitive manifestations of depression)
(Depression: Depression is a mental health disorder characterized by persistent feelings of sadness, hopelessness, and loss of interest in activities, which can be exacerbated by pain and pain-related disability.)--[ASSESSED_BY: PROMIS Depression is a measure of depression.]-->(Promis Depression: Affects the affective and cognitive manifestations of depression)
(Promis Depression: Affects the affective and cognitive manifestations of depression)--[ASSESSMENT_TOOL: PROMIS depression is an assessment tool used to measure depression in older adults.]-->(Depression: Depression is a mental health disorder characterized by persistent feelings of sadness, hopelessness, and loss of interest in activities, which can be exacerbated by pain and pain-related disability.)
(Depression: Depression is a mental health disorder characterized by persistent feelings of sadness, hopelessness, and loss of interest in activities, which can be exacerbated by pain and pain-related disability.)--[MEASURED_BY: Depression is often measured using PROMIS depression assessments, which evaluate the affective and cognitive manifestations of depression.]-->(Promis Depression: Affects the affective and cognitive manifestations of depression)
(Promis Depression: Affects the affective and cognitive manifestations of depression)--[ASSESSMENT: PROMIS depression is a measure of depression]-->(Depression: Depression is a mental health disorder characterized by persistent feelings of sadness, hopelessness, and loss of interest in activities, which can be exacerbated by pain and pain-related disability.)
(Promis Depression: Affects the affective and cognitive manifestations of depression)--[ASSOCIATION: Promis depression is a measure of depression.]-->(Depression: Depression is a mental health disorder characterized by persistent feelings of sadness, hopelessness, and loss of interest in activities, which can be exacerbated by pain and pain-related disability.)
(Promis Depression: Affects the affective and cognitive manifestations of depression)--[MEASURE: Affects the affective and cognitive manifestations of depression]-->(Depression: Depression is a mental health disorder characterized by persistent feelings of sadness, hopelessness, and loss of interest in activities, which can be exacerbated by pain and pain-related disability.)
(Promis Depression: Affects the affective and cognitive manifestations of depression)--[CHARACTERIZED_BY: PROMIS depression is characterized by symptoms that are also associated with depression]-->(Depression: Depression is a mental health disorder characterized by persistent feelings of sadness, hopelessness, and loss of interest in activities, which can be exacerbated by pain and pain-related disability.)
(Promis Depression: Affects the affective and cognitive manifestations of depression)--[MEASURES: PROMIS depression is a measure of affective and cognitive manifestations of depression.]-->(Depression: Depression is a mental health disorder characterized by persistent feelings of sadness, hopelessness, and loss of interest in activities, which can be exacerbated by pain and pain-related disability.)
(Promis Depression: Affects the affective and cognitive manifestations of depression)--[MEASURE: PROMIS depression assesses the affective and cognitive manifestations of depression.]-->(Depression: Depression is a mental health disorder characterized by persistent feelings of sadness, hopelessness, and loss of interest in activities, which can be exacerbated by pain and pain-related disability.)
(Promis Depression: Affects the affective and cognitive manifestations of depression)--[CAUSAL_RELATIONSHIP: PROMIS depression is a measure of depression]-->(Depression: Depression is a mental health disorder characterized by persistent feelings of sadness, hopelessness, and loss of interest in activities, which can be exacerbated by pain and pain-related disability.)
(Promis Depression: Affects the affective and cognitive manifestations of depression)--[CAUSAL: PROMIS depression is a cause of depression]-->(Depression: Depression is a mental health disorder characterized by persistent feelings of sadness, hopelessness, and loss of interest in activities, which can be exacerbated by pain and pain-related disability.)
",,,False,
Depression,Sleep disturbance,True,"Reasoning Process:
Step 1: To determine if there is a causal relationship between Depression and Sleep disturbance, we need to examine the relationships between these two variables in the provided reports.
Step 2: The first report discusses the relationship between sleep disturbance and various factors, including hormonal changes and body discomfort in pregnant women. However, it does not explicitly discuss the relationship between Depression and Sleep disturbance.
Step 3: The second report discusses the relationship between Major Depressive Disorder (MDD) and insomnia, and finds a significant genetic correlation between the two conditions. It also finds that liability to MDD confers a causal effect on insomnia, and liability to insomnia confers a causal effect on MDD.
Step 4: The third report discusses the relationship between smoking and sleep disturbance, and finds a causal relationship between the two conditions. However, it does not discuss the relationship between Depression and Sleep disturbance.
Step 5: The fourth report discusses the relationship between Depression and anxiety, and finds a positive correlation between PROMIS depression and PROMIS anxiety. It also finds that depression is a mental health disorder characterized by persistent feelings of sadness, hopelessness, and loss of interest in activities, which can be exacerbated by pain and pain-related disability.
Step 6: Based on the reports, we can see that there is a relationship between Depression and Sleep disturbance, but it is not explicitly stated as a causal relationship. However, the report on MDD and insomnia suggests that liability to MDD confers a causal effect on insomnia, which could imply a causal relationship between Depression and Sleep disturbance.
Step 7: Furthermore, the report on Depression and anxiety finds that depression is a mental health disorder characterized by persistent feelings of sadness, hopelessness, and loss of interest in activities, which can be exacerbated by pain and pain-related disability. This could imply that Depression can lead to Sleep disturbance through the exacerbation of pain and pain-related disability.
Step 8: Therefore, based on the reports, we can conclude that there is a causal relationship where a change in Depression precedes and leads to a change in Sleep disturbance, either directly or through one or more intermediate variables.

Conclusion: Yes","# Report:
## Chunks:

                                    |                    |                                 |                                     |
| 40–64 years                    | 309                | 32·1%                           | 1·92%                               | 600                | 62·8%                           | 2·45%                               |
|                                | (209 to 483)       | (21·7 to 50·1)                  | (–3·90 to 9·21)                     | (497 to 735)       | (52·0 to 76·9)                  | (–3·26 to 9·04)                     |
| ≥65 years                      | 31·4               | 5·73%                           | 0·852%                              | 142                | 39·1%                           | 0·980%                              |
|                                | (10·3 to 77·9)     | (1·88 to 14·2)                  | (–2·00 to 3·55)                     | (101 to 204)       | (27·7 to 56·1)                  | (–3·64 to 6·44)                     |
| Slovenia                       |                    |                                 |                                     |                    |                                 |                                     |
| 15–39 years                    | 151                | 54·0%                           | –5·61%                              | 234                | 77·4%                           | –3·83%                              |
|                                | (77·7 to 220)      | (27·8 to 78·7)                  | (–17·7 to 8·13)                     | (180 to 265)       | (59·7 to 87·8)                  | (–13·5 to 2·26)                     |
| 40–64 years                    | 68·3               | 18·6%                           | –5·52%                              | 165                | 43·0%                           | –9·03%                              |
|                                | (23·4 to 145)      | (6·37 to 39·6)
associated with hormonal changes and body discomfort. While reductions in sleep quality in pregnant women may be expected, it is important to be attentive of pregnant women who meet clinical criteria for insomnia and require intervention. Some pregnant women who already have a history of insomnia may be particularly worried about sleep deprivation after childbirth, and may catastrophize the consequences of their sleep problems and extend to worries about being able to take care of a newborn. Thus, it is important to tailor existing treatments to accommodate pregnant women while they adapt to their new maternal role.

While there are various treatment options for pregnant women who experience sleep disturbance, a recent study has reported that pregnant women preferred CBTI compared to pharmacotherapy and acupuncture for treatment of insomnia

<span id=""page-7-0""></span>69 Page 8 of 12 Curr Psychiatry Rep (2018) 20: 69

during pregnancy [[108](#page-11-0)]. An open trial of CBTI in pregnant women found significant reductions in insomnia symptoms and increases in subjective sleep quality post-treatment, with secondary treatment effects shown for depressive symptoms, pregnancy-specific anxiety, and fatigue [[109](#page-11-0)•]. In addition to traditional CBTI, it may be helpful to add sleep education about infant sleep and what to expect after childbirth, and acquiring skills to optimize infant sleep. Other adaptations such as adding scheduled naps, which is usually discouraged for traditional CBTI, may be helpful after sleep fragmentation due to nighttime feedings. Finally, clinicians who use cognitive restructuring should also explore cognitive distortions that also apply to their infants' sleep [[110](#page-11-0)].

Menopause Menopause-related sleep problems are common in midlife women. Prevalence rates of sleep disturbance in menopausal women were 40 to 56% [\[111\]](#page-11-0). It is important for the clinician treating menopausal women to understand that many of the menopausal symptoms (e.g., hot flashes, night sweating) are precipitating factors for insomnia. Depression and vasomotor symptoms were associated with high frequency of poor sleep in menopausal women [[112](#page-11-0)•]. Especially, hot flashes are one of the most typical menopausal symptoms, and are highly associated with awakenings of perimenopausal women [\[113](#page-11-0)]. Baker measured hot flashes objectively using skin conductance
, while ageing is linked with a failure in leptin action independently of obesity and body fat distribution (Carter et al. [2013](#page-13-0); Scarpace et al. [2000a](#page-14-0)). Comparison of young and aged individuals showed a decrease in mRNA, and serum leptin was observed after fasting at all ages (Scarpace and Tumer [2001](#page-14-0); Li et al. [1998\)](#page-14-0); however, the magnitude of this decrease is blunted with age (Li et al. [1998](#page-14-0)). Indeed,

23 Page 6 of 18 AGE (2016) 38: 23

studies on resistance to leptin administration revealed that old rats (30 months of age) with elevated adiposity presented threefold greater endogenous serum leptin levels than young individuals (6 months of age) (Scarpace and Tumer [2001](#page-14-0); Scarpace et al. [2000a](#page-14-0)). Scarpace et al. (2000) has shown that 7 days of subcutaneous leptin administration increased its serum levels and diminished food intake with greater significance for young rats (Scarpace et al. [2000a\)](#page-14-0), leading to the conclusion that older individuals are resistant to the effects of leptin (Scarpace et al. [2000a\)](#page-14-0). Conversely, recent work demonstrated that in old non-obese and calorierestricted rats, 7 days of intra-cerebroventricular leptin infusion efficiently decreased food intake (Petervari et al. [2014\)](#page-14-0). Petervari et al. (2014) suggested that ageing per se does not promote leptin resistance development; rather, early appearance of obesity leads to the progressive loss of the hypermetabolic effects of leptin (Petervari et al. [2014](#page-14-0)).

Typically, obesity is associated with increased circulating leptin concentrations (Ahima and Flier [2000\)](#page-14-0). Obese individuals exhibit leptin resistance, and its elevated concentrations fail to control hunger and body weight (My
42%                               |
|                                | (1·42 to 3·62)                 | (16·5 to 42·0)                   | (–11·2 to 11·3)                      | (2·86 to 5·87)                 | (28·0 to 57·6)                   | (–5·08 to 19·4)                     |
| ≥65 years                      | 0·249                          | 10·5%                            | 6·04%                                | 0·615                          | 22·8%                            | 10·4%                               |
|                                | (0·0861 to 0·475)              | (3·62 to 20·0)                   | (–0·0437 to 12·6)                    | (0·307 to 1·02)                | (11·3 to 37·6)                   | (–1·09 to 21·3)                     |
| USA                            |                                |                                  |                                      |                                |                                  |                                     |
| 15–39 years                    | 28800                          | 52·2%                            | –8·78%                               | 36600                          | 65·3%                            | –8·04%                              |
|                                | (19500 to 34700)               | (35·4 to 63·0)                   | (–14·9 to –2·88)                     | (30600 to 39600)               | (54·6 to 70·5)                   | (–12·3 to –4·89)                    |
| 40–64 years                    | 16500                          | 30·7%                            | 1·93%                                | 22800                          | 44·3%                            | 5·78%                               |
|                                | (12000 to 23000)               | (22·4 to 43·0)                   | (–5·70 to 6·52)                      | (17600 to 29400)
44](#page-10-9)] had suggested that the accumulation of pain sites may also be an important factor contributing to functional problems. Tis interference between exposure factors was not corrected in the current study. On the other hand, the data sets used in the study in the category of psychological disorders all divided positive and control cases by dichotomous variables and failed to assess the severity of psychological disorders, which means that we could not assess the efect of pain on people already who have psychological disorders and vice versa. Te participants in the original experiments may have been receiving anti-psychotic or analgesic treatment at the same time as the interview, which, as inferred from the results of this MR analysis, may have masked the pain problems of those with psychological disorders and the psychological disorders of those troubled by pain. It is also worth noting that multiple testing correction was not used to correct *P* value threshold in this study, since it may seriously impair the test efcacy of multifactor-to-multifactor MR analysis. Terefore, the probability of false positives in the analysis results increased. Finally, the participants in this study were all UK residents, so the generalizability of the results of this experiment is limited to populations of European or Western European ancestry.

# **Conclusions**

Our two-sample Mendelian randomization (MR) analyses revealed a bidirectional relationship between insomnia and pain localized in the head, neck/shoulder, back, and hip regions. Additionally, we found a signifcant predisposing relationship between depression and headache, neck/shoulder pain, back pain, and stomach/ abdominal pain. However, we did not fnd any evidence that localized pain may increase the genetic susceptibility of anxiety but confrmed that anxiety is a unidirectional high-risk factor for neck/shoulder pain and back pain. Additionally, the study has identifed a bidirectional predisposing relationship between the absence of pain and maintaining good mental health. Te results further support the existence of causal relationships between localized pain and mental disorders. Tese fndings have signifcant implications for improving our understanding of the complex comorbidities between pain and mental disorders and highlight the importance of a comprehensive and integrated approach to pain management.

### Ready to submit y your research ? Choose BMC and benefit from:

- **•** fast, convenient online submission
- **•** thorough peer review by experienced researchers in your field
- rapid publication on acceptance
- support for research data, including large and complex data types
- **•** gold Open Access which fosters wider collaboration and increased citations
- **•** maximum visibility for your research: over 100M website views per year

#### **At B
<s> # Gene

# Causal links between major depressive disorder and insomnia: A Mendelian randomisation study

Lei Cai <sup>a,1</sup>, Yiran Bao <sup>a,1</sup>, Xiaoqian Fu <sup>b,1</sup>, Hongbao Cao <sup>c</sup>, Ancha Baranova <sup>c,d</sup>, Xiangrong Zhang <sup>e</sup>, Jing Sun<sup>f</sup>, Fuquan Zhang<sup>e,f,\*</sup>

- a Bio-X Institutes, Key Laboratory for the Genetics of Developmental and Neuropsychiatric Disorders (Ministry of Education), Collaborative Innovation Center for Genetics and Development, Shanghai Key Laboratory of Psychotic Disorders (13dz2260500), Shanghai Jiaotong University, Shanghai 200240, China
- f Department of Psychiatry, The Affiliated Brain Hospital of Nanjing Medical University, Nanjing 210029, China

# Keywords:

Major depressive disorder Insomnia LD score regression Mendelian randomization

## Abstract

Both Major depressive disorder (MDD) and insomnia are two common mental disorders. However, the inherent and comprehensive genetic factors causing the links between MDD and insomnia are unclear yet. Here, based on GWAS results for each disorder, we used linkage disequilibrium (LD) score regression analysis and a multi-single nucleotide polymorphism (SNP) Mendelian randomization (MR) analysis to test the genetic relationships between these two diseases. Genetic correlation analyses indicated that MDD has a significant genetic correlation with insomnia (correlation ratio = 0.40  $\pm$  0.03, P =  $1.12 \times 10^{-52}$ ). Mendelian randomization analysis indicated that liability to MDD confers a causal effect on insomnia (b<sub>xy</sub> =  $0.16 \pm 0.02$ , P =  $1.11 \times 10^{-18}$ ), while liability to insomnia confers a causal effect on MDD (b<sub>xy</sub> = 0.57  $\pm$  0.07, P = 1.17  $\times$  10<sup>-14</sup>). We found that the transcription factor 4 (TCF4) gene may contribute to the mutual influences between M## Communities:

### Smoking and Sleep Disturbance Community
### Summary
This community is centered around the relationship between smoking and sleep disturbance. The entities within this community are Smoking and Sleep Disturbance, which are related through various associations, causal relationships, and correlations. The community's structure is characterized by a complex web of relationships between these two entities, with smoking being a causal factor for sleep disturbance and sleep disturbance being a consequence of smoking.
### Key Findings
Smoking is a causal factor for sleep disturbance.: Smoking is a causal factor for sleep disturbance, as nicotine can disrupt sleep patterns and lead to sleep disorders. This is supported by the various relationships between smoking and sleep disturbance, including causal associations, correlations, and associations. For example, smoking can cause sleep disturbance, and sleep disturbance can be a consequence of smoking. Additionally, smoking is associated with higher levels of sleep disturbance, and sleep disturbance is often related to smoking due to the impact of substance use on sleep quality.
Sleep disturbance is a consequence of smoking.: Sleep disturbance is a consequence of smoking, as smoking can disrupt sleep patterns and lead to sleep disorders. This is supported by the various relationships between smoking and sleep disturbance, including causal associations, correlations, and associations. For example, smoking can cause sleep disturbance, and sleep disturbance can be a consequence of smoking. Additionally, smoking is associated with higher levels of sleep disturbance, and sleep disturbance is often related to smoking due to the impact of substance use on sleep quality.
Smoking is associated with a higher comorbidity index (CCI).: Smoking is associated with a higher comorbidity index (CCI), as it can increase the risk of various health problems. This is supported by the relationships between smoking and CCI, including causal associations, correlations, and associations. For example, smoking can cause a higher CCI, and a higher CCI is often related to smoking due to the impact of smoking on health outcomes.
Sleep disturbance is often related to smoking due to the impact of substance use on sleep quality.: Sleep disturbance is often related to smoking due to the impact of substance use on sleep quality. This is supported by the relationships between smoking and sleep disturbance, including causal associations, correlations, and associations. For example, smoking can cause sleep disturbance, and sleep disturbance can be a consequence of smoking. Additionally, smoking is associated with higher levels of sleep disturbance, and sleep disturbance is often related to smoking due to the impact of substance use on sleep quality.
Smoking can disrupt sleep patterns and lead to sleep disorders.: Smoking can disrupt sleep patterns and lead to sleep disorders, as nicotine can affect the brain's ability to regulate sleep-wake cycles. This is supported by the relationships between smoking and sleep disturbance, including causal associations, correlations, and associations. For example, smoking can cause sleep disturbance, and sleep disturbance can be a consequence of smoking. Additionally, smoking is associated with higher levels of sleep disturbance, and sleep disturbance is often related to smoking due to the impact of substance use on sleep quality.
Sleep disturbance is a significant risk factor for smoking.: Sleep disturbance is a significant risk factor for smoking, as individuals who experience sleep disturbance are more likely to smoke. This is supported by the relationships between smoking and sleep disturbance, including causal associations, correlations, and associations. For example, smoking can cause sleep disturbance, and sleep disturbance can be a consequence of smoking. Additionally, smoking is associated with higher levels of sleep disturbance, and sleep disturbance is often related to smoking due to the impact of substance use on sleep quality.
Smoking is associated with higher levels of sleep disturbance.: Smoking is associated with higher levels of sleep disturbance, as nicotine can disrupt sleep patterns and lead to sleep disorders. This is supported by the relationships between smoking and sleep disturbance, including causal associations, correlations, and associations. For example, smoking can cause sleep disturbance, and sleep disturbance can be a consequence of smoking. Additionally, smoking is associated with higher levels of sleep disturbance, and sleep disturbance is often related to smoking due to the impact of substance use on sleep quality.
Sleep disturbance is often related to smoking due to the impact of substance use on sleep quality.: Sleep disturbance is often related to smoking due to the impact of substance use on sleep quality. This is supported by the relationships between smoking and sleep disturbance, including causal associations, correlations, and associations. For example, smoking can cause sleep disturbance, and sleep disturbance can be a consequence of smoking. Additionally, smoking is associated with higher levels of sleep disturbance, and sleep disturbance is often related to smoking due to the impact of substance use on sleep quality.
Smoking can increase the risk of various health problems.: Smoking can increase the risk of various health problems, including cardiovascular disease, respiratory problems, and cancer. This is supported by the relationships between smoking and CCI, including causal associations, correlations, and associations. For example, smoking can cause a higher CCI, and a higher CCI is often related to smoking due to the impact of smoking on health outcomes.
Sleep disturbance is a consequence of smoking.: Sleep disturbance is a consequence of smoking, as smoking can disrupt sleep patterns and lead to sleep disorders. This is supported by the relationships between smoking and sleep disturbance, including causal associations, correlations, and associations. For example, smoking can cause sleep disturbance, and sleep disturbance can be a consequence of smoking. Additionally, smoking is associated with higher levels of sleep disturbance, and sleep disturbance is often related to smoking due to the impact of substance use on sleep quality.
### Impact Rating: 8.5
The high impact severity rating is due to the strong causal relationship between smoking and sleep disturbance, as well as the potential long-term consequences of smoking on overall health.

### Depression and Anxiety Community
### Summary
This community is centered around the relationship between depression and anxiety, with a focus on the affective and cognitive manifestations of depression and anxiety. The community is composed of two main entities: Promis Depression and Promis Anxiety. These entities are related to each other through various relationships, including causation, correlation, association, and influence.
### Key Findings
Depression and anxiety are closely related mental health conditions.: Depression and anxiety are often comorbid, with individuals with depression being more likely to experience anxiety. This relationship is supported by various studies and is a key aspect of the community. The relationship between depression and anxiety is complex and multifaceted, with both conditions influencing each other. Depression can contribute to anxiety, and anxiety can exacerbate depression. This co-occurrence can lead to a range of negative outcomes, including decreased quality of life and increased risk of comorbidities.
The PROMIS depression and anxiety measures are related to mental health and well-being.: The Patient-Reported Outcomes Measurement Information System (PROMIS) is a tool used to measure various aspects of mental health, including depression and anxiety. The PROMIS depression and anxiety measures are related to each other, as both are associated with mental health and well-being. This relationship is supported by research and highlights the importance of considering both depression and anxiety when assessing mental health.
Depression and anxiety often co-occur due to shared underlying factors.: Depression and anxiety often co-occur due to shared underlying factors, such as stress, trauma, and genetics. This co-occurrence can lead to a range of negative outcomes, including decreased quality of life and increased risk of comorbidities. Understanding the underlying factors that contribute to the co-occurrence of depression and anxiety is essential for developing effective treatment strategies.
There is a positive correlation between PROMIS depression and PROMIS anxiety.: Research has shown that there is a positive correlation between PROMIS depression and PROMIS anxiety. This means that individuals with higher PROMIS depression scores tend to have higher PROMIS anxiety scores. This correlation highlights the importance of considering both depression and anxiety when assessing mental health.
Depression and anxiety can overlap.: Depression and anxiety can overlap, with individuals experiencing symptoms of both conditions simultaneously. This overlap can lead to a range of negative outcomes, including decreased quality of life and increased risk of comorbidities. Understanding the overlap between depression and anxiety is essential for developing effective treatment strategies.
Depression and anxiety are related mental health conditions.: Depression and anxiety are related mental health conditions that can manifest together in an individual. This relationship is supported by research and highlights the importance of considering both depression and anxiety when assessing mental health.
Depression and anxiety often co-occur due to various factors.: Depression and anxiety often co-occur due to various factors, including shared underlying causes, comorbidities, and exacerbation of symptoms. This co-occurrence can lead to a range of negative outcomes, including decreased quality of life and increased risk of comorbidities. Understanding the factors that contribute to the co-occurrence of depression and anxiety is essential for developing effective treatment strategies.
The relationship between depression and anxiety is complex and multifaceted.: The relationship between depression and anxiety is complex and multifaceted, with both conditions influencing each other. Depression can contribute to anxiety, and anxiety can exacerbate depression. This co-occurrence can lead to a range of negative outcomes, including decreased quality of life and increased risk of comorbidities.
Depression and anxiety are often associated with each other.: Depression and anxiety are often associated with each other, with individuals with depression being more likely to experience anxiety. This association is supported by research and highlights the importance of considering both depression and anxiety when assessing mental health.
Depression and anxiety can be related to each other through various relationships.: Depression and anxiety can be related to each other through various relationships, including causation, correlation, association, and influence. This relationship is supported by research and highlights the importance of considering both depression and anxiety when assessing mental health.
### Impact Rating: 8.5
The high impact severity rating is due to the strong relationships between depression and anxiety, as well as the potential for comorbidity and exacerbation of symptoms.

## Relationships:

(Promis Depression: Affects the affective and cognitive manifestations of depression)--[IS: Affects the affective and cognitive manifestations of depression]-->(Depression: Depression is a mental health disorder characterized by persistent feelings of sadness, hopelessness, and loss of interest in activities, which can be exacerbated by pain and pain-related disability.)
(Promis Depression: Affects the affective and cognitive manifestations of depression)--[ASSESSES: PROMIS depression measures assess depression symptoms.]-->(Depression: Depression is a mental health disorder characterized by persistent feelings of sadness, hopelessness, and loss of interest in activities, which can be exacerbated by pain and pain-related disability.)
(Promis Depression: Affects the affective and cognitive manifestations of depression)--[IS: PROMIS Depression is a measure of depression symptoms, which are a key component of depression.]-->(Depression: Depression is a mental health disorder characterized by persistent feelings of sadness, hopelessness, and loss of interest in activities, which can be exacerbated by pain and pain-related disability.)
(Depression: Depression is a mental health disorder characterized by persistent feelings of sadness, hopelessness, and loss of interest in activities, which can be exacerbated by pain and pain-related disability.)--[ASSOCIATION: Depression is associated with higher levels of depression.]-->(Promis Depression: Affects the affective and cognitive manifestations of depression)
(Depression: Depression is a mental health disorder characterized by persistent feelings of sadness, hopelessness, and loss of interest in activities, which can be exacerbated by pain and pain-related disability.)--[IS: Depression is a manifestation of PROMIS depression]-->(Promis Depression: Affects the affective and cognitive manifestations of depression)
(Depression: Depression is a mental health disorder characterized by persistent feelings of sadness, hopelessness, and loss of interest in activities, which can be exacerbated by pain and pain-related disability.)--[IS: Depression is a measure of the affective and cognitive manifestations of depression.]-->(Promis Depression: Affects the affective and cognitive manifestations of depression)
(Depression: Depression is a mental health disorder characterized by persistent feelings of sadness, hopelessness, and loss of interest in activities, which can be exacerbated by pain and pain-related disability.)--[CORRELATED: Depression is highly correlated with itself, with individuals experiencing depression often experiencing more depression.]-->(Promis Depression: Affects the affective and cognitive manifestations of depression)
(Promis Depression: Affects the affective and cognitive manifestations of depression)--[MEASUREMENT: PROMIS depression is a measure of depression.]-->(Depression: Depression is a mental health disorder characterized by persistent feelings of sadness, hopelessness, and loss of interest in activities, which can be exacerbated by pain and pain-related disability.)
(Promis Depression: Affects the affective and cognitive manifestations of depression)--[SELF-ASSESSMENT: PROMIS depression is a self-assessment tool for depression, and individuals who score high on this tool are more likely to experience depression]-->(Depression: Depression is a mental health disorder characterized by persistent feelings of sadness, hopelessness, and loss of interest in activities, which can be exacerbated by pain and pain-related disability.)
(Promis Depression: Affects the affective and cognitive manifestations of depression)--[RELATED_TO: PROMIS depression is related to depression as it affects the affective and cognitive manifestations of depression.]-->(Depression: Depression is a mental health disorder characterized by persistent feelings of sadness, hopelessness, and loss of interest in activities, which can be exacerbated by pain and pain-related disability.)
(Promis Depression: Affects the affective and cognitive manifestations of depression)--[ASSOCIATION: Promis depression is a measure of depression.]-->(Depression: Depression is a mental health disorder characterized by persistent feelings of sadness, hopelessness, and loss of interest in activities, which can be exacerbated by pain and pain-related disability.)
(Promis Depression: Affects the affective and cognitive manifestations of depression)--[CHARACTERIZED_BY: PROMIS depression is characterized by symptoms that are also associated with depression]-->(Depression: Depression is a mental health disorder characterized by persistent feelings of sadness, hopelessness, and loss of interest in activities, which can be exacerbated by pain and pain-related disability.)
(Promis Depression: Affects the affective and cognitive manifestations of depression)--[MEASURED_BY: PROMIS depression is a measure of depression symptoms in older adults.]-->(Depression: Depression is a mental health disorder characterized by persistent feelings of sadness, hopelessness, and loss of interest in activities, which can be exacerbated by pain and pain-related disability.)
(Depression: Depression is a mental health disorder characterized by persistent feelings of sadness, hopelessness, and loss of interest in activities, which can be exacerbated by pain and pain-related disability.)--[MEASURED_BY: PROMIS depression measures affective and cognitive manifestations of depression.]-->(Promis Depression: Affects the affective and cognitive manifestations of depression)
(Promis Depression: Affects the affective and cognitive manifestations of depression)--[ASSESSMENT: PROMIS depression is a measure of depression]-->(Depression: Depression is a mental health disorder characterized by persistent feelings of sadness, hopelessness, and loss of interest in activities, which can be exacerbated by pain and pain-related disability.)
(Promis Depression: Affects the affective and cognitive manifestations of depression)--[CAUSAL: PROMIS depression is a cause of depression]-->(Depression: Depression is a mental health disorder characterized by persistent feelings of sadness, hopelessness, and loss of interest in activities, which can be exacerbated by pain and pain-related disability.)
(Promis Depression: Affects the affective and cognitive manifestations of depression)--[CAUSAL_RELATIONSHIP: PROMIS depression is a measure of depression]-->(Depression: Depression is a mental health disorder characterized by persistent feelings of sadness, hopelessness, and loss of interest in activities, which can be exacerbated by pain and pain-related disability.)
(Promis Depression: Affects the affective and cognitive manifestations of depression)--[ASSESSMENT_TOOL: PROMIS depression is an assessment tool used to measure depression in older adults.]-->(Depression: Depression is a mental health disorder characterized by persistent feelings of sadness, hopelessness, and loss of interest in activities, which can be exacerbated by pain and pain-related disability.)
(Promis Depression: Affects the affective and cognitive manifestations of depression)--[MEASURES: PROMIS depression assessments measure the affective and cognitive manifestations of depression.]-->(Depression: Depression is a mental health disorder characterized by persistent feelings of sadness, hopelessness, and loss of interest in activities, which can be exacerbated by pain and pain-related disability.)
(Depression: Depression is a mental health disorder characterized by persistent feelings of sadness, hopelessness, and loss of interest in activities, which can be exacerbated by pain and pain-related disability.)--[ASSESSED_BY: PROMIS Depression is a measure of depression.]-->(Promis Depression: Affects the affective and cognitive manifestations of depression)
(Promis Depression: Affects the affective and cognitive manifestations of depression)--[MEASURE: Affects the affective and cognitive manifestations of depression]-->(Depression: Depression is a mental health disorder characterized by persistent feelings of sadness, hopelessness, and loss of interest in activities, which can be exacerbated by pain and pain-related disability.)
(Promis Depression: Affects the affective and cognitive manifestations of depression)--[MEASURE: PROMIS depression assesses the affective and cognitive manifestations of depression.]-->(Depression: Depression is a mental health disorder characterized by persistent feelings of sadness, hopelessness, and loss of interest in activities, which can be exacerbated by pain and pain-related disability.)
(Promis Depression: Affects the affective and cognitive manifestations of depression)--[MEASURES: PROMIS depression is a measure of affective and cognitive manifestations of depression.]-->(Depression: Depression is a mental health disorder characterized by persistent feelings of sadness, hopelessness, and loss of interest in activities, which can be exacerbated by pain and pain-related disability.)
(Depression: Depression is a mental health disorder characterized by persistent feelings of sadness, hopelessness, and loss of interest in activities, which can be exacerbated by pain and pain-related disability.)--[RELATED_TO: Depression is a symptom of depression.]-->(Promis Depression: Affects the affective and cognitive manifestations of depression)
",,,False,
Education,Alcohol,True,"Reasoning Process:
Step 1: To determine if there is a causal relationship between Education and Alcohol, we need to examine the relationships between these two variables and any intermediate variables that may be involved.
Step 2: From the provided reports, we can see that there is a relationship between Education and Alcohol, but it is not a direct causal relationship. The reports mention that education is associated with lower levels of alcohol consumption, but it does not explicitly state that education causes a change in alcohol consumption.
Step 3: However, we can see that there is a relationship between Education and Financial Situation, and Financial Situation is associated with Alcohol. Specifically, the report states that financial situation is associated with alcohol dependence, and lower financial levels are associated with an increased risk of alcohol dependence.
Step 4: This suggests that Education may influence Alcohol indirectly through Financial Situation. If education leads to a higher financial situation, it may reduce the risk of alcohol dependence.
Step 5: Therefore, we can conclude that there is a causal relationship between Education and Alcohol, but it is indirect and mediated by Financial Situation.

Conclusion: Yes","# Report:
## Chunks:

, while ageing is linked with a failure in leptin action independently of obesity and body fat distribution (Carter et al. [2013](#page-13-0); Scarpace et al. [2000a](#page-14-0)). Comparison of young and aged individuals showed a decrease in mRNA, and serum leptin was observed after fasting at all ages (Scarpace and Tumer [2001](#page-14-0); Li et al. [1998\)](#page-14-0); however, the magnitude of this decrease is blunted with age (Li et al. [1998](#page-14-0)). Indeed,

23 Page 6 of 18 AGE (2016) 38: 23

studies on resistance to leptin administration revealed that old rats (30 months of age) with elevated adiposity presented threefold greater endogenous serum leptin levels than young individuals (6 months of age) (Scarpace and Tumer [2001](#page-14-0); Scarpace et al. [2000a](#page-14-0)). Scarpace et al. (2000) has shown that 7 days of subcutaneous leptin administration increased its serum levels and diminished food intake with greater significance for young rats (Scarpace et al. [2000a\)](#page-14-0), leading to the conclusion that older individuals are resistant to the effects of leptin (Scarpace et al. [2000a\)](#page-14-0). Conversely, recent work demonstrated that in old non-obese and calorierestricted rats, 7 days of intra-cerebroventricular leptin infusion efficiently decreased food intake (Petervari et al. [2014\)](#page-14-0). Petervari et al. (2014) suggested that ageing per se does not promote leptin resistance development; rather, early appearance of obesity leads to the progressive loss of the hypermetabolic effects of leptin (Petervari et al. [2014](#page-14-0)).

Typically, obesity is associated with increased circulating leptin concentrations (Ahima and Flier [2000\)](#page-14-0). Obese individuals exhibit leptin resistance, and its elevated concentrations fail to control hunger and body weight (My
escalation associated with the formation of dependence; however, neurobiological studies in these models usually focus on comparisons between the AUD model animals and alcohol naïve animals (or animals from other models), making it difficult to distinguish factors associated with the escalation of interest from those associated with consumption in the model per se. There is thus considerable need for more studies examining escalation associated with the formation of dependence as it is of considerable relevance to understanding and treating AUD.

<sup>\*</sup>Corresponding Author: Michael T. Bowen, Brain and Mind Centre, The University of Sydney, 94 Mallett Street, Camperdown, Sydney, NSW, 2050, Australia, michael.bowen@sydney.edu.au.

<sup>7.</sup>Declaration of Competing Interest

MTB is listed as an inventor on patents for novel oxytocin-based therapeutic candidates and for therapeutic candidates for alcohol use disorder and is co-founder and chief scientific officer of a company, Kinoxis Therapeutics Pty Ltd, commercialising some of this technology. The other authors declare they have no conflicts of interest.

#### **Keywords**

alcohol; ethanol; alcohol use disorder; alcohol dependence; alcoholic; alcoholism; incubation of craving; alcohol deprivation effect; drinking in the dark; sucrose fading; intermittent ethanol access; continuous ethanol access; social isolation; social anxiety

# **1. Introduction**

People with AUD (and those without) do not begin voluntarily consuming alcohol at birth, but rather follow several different trajectories of consumption patterns over their lifespan. Ethanol consumption typically begins in adolescence or early adulthood, and for individuals who develop alcohol use problems there can be several different developmental trajectories. Some of these lead to AUD and alcohol dependence, while some do not. For instance, some include problem drinking during adolescence and early adulthood that does not lead to AUD or dependence in the long-term (Behrendt et al., 2008; Costanzo et al., 2007). Many factors are thought to contribute to the development of an escalating pattern of ethanol consumption, including: certain patterns of drinking, such as binge-drinking (Chassin et al., 2002); early life trauma (Davis et al., 2018; Meyers et al., 2019); early initiation of ethanol consumption (Pfefferbaum et al., 2018); parental alcohol and drug use/abuse patterns (Sternberg et al., 2
54 050 estimated deaths and 234 030 new cancer cases in 2018.[1](#page-6-0) The overall 5-year survival rate for lung cancer patients is 18%.[1](#page-6-0) With the increasing burden of lung cancer, it is important to identify potentially modifiable risk factors for better prevention. For instance, smoking is the most common established cause of lung cancer.[2](#page-6-0) Cigarette smoking rates are at historically low levels in the USA due to tobacco control policies, and lung cancer incidence/mortality has significantly declined. Although the causal relationship of risk factors, such as smoking and radon, are generally accepted, the causality of other potential factors, for example education, remains unclear.

Education has been shown to be inversely associated with the incidence of lung cancer in several conventional observational studies.[3](#page-6-0)–[7](#page-6-0) In general, the higher the level of educational attainment, the lower the lung cancer risk. Even when adjusted for smoking, education is still associated with lung cancer in observational studies[.3](#page-6-0) However, this association may be biased due to the methodological limitations of traditional observational study, including confounding, reverse causation and measurement error.[8](#page-6-0) Furthermore, we cannot determine causality through these observational studies. Indeed, clarifying the relationship between education and lung cancer is beneficial for our understanding of the causes of lung cancer, and for the potential development of prevention policies. Given the long latency period between exposure and outcome and the unethical approaches of limiting education in childhood, randomized controlled trials (RCTs), the gold standard in causal inference, are not feasible for this issue. Therefore, we urgently need to assess causal inference through other study designs.

Mendelian randomization (MR) is a novel genetic epidemiological study design that uses genetic variants as instrumental variables ('proxies') to assess causal inferences between risk factors and disease outcomes.[9](#page-6-0) The fundamental principle of MR is that genetic variants, which indicate the level or the biological effects of a modifiable environmental exposure that alters disease risk, should be causally related to disease risk to the extent predicted by their influence on the modifiable environmental exposure.[10](#page-6-0) These genetic variants could serve as unconfounded proxies for modifiable risk factors because they are randomly allocated before birth and fixed at conception, which provides an analogy to randomized controlled trials (RCTs) in a non-experimental (observational) setting
""></span><span id=""page-75-3""></span><span id=""page-75-2""></span><span id=""page-75-1""></span><span id=""page-75-0""></span>the past year[.27](#page-76-14) Therefore, perceptions of whether the COVID-19 pandemic affected people's access to medical care would be especially relevant to adults aged 26 or older. In general, adults aged 26 or older were more likely than adolescents aged 12 to 17 and young adults aged 18 to 25 to perceive COVID-19 pandemic effects on their access to medical care. Among adults aged 26 or older in 2021, 33.0 percent (or 71.6 million people) had medical appointments moved from in person to telehealth, 26.3 percent (or 57.1 million people) experienced delays or cancellations in medical appointments or preventive services, 8.9 percent (or 19.3 million people) experienced delays in getting prescriptions, and 5.5 percent (or 12.0 million people) were unable to access needed medical care resulting in a perceived moderate to severe impact on health.

### Endnotes

- [1.](#page-8-3) Hasin, D. S., & Grant, B. F. (2015). The National Epidemiologic Survey on Alcohol and Related Conditions (NESARC) Waves 1 and 2: Review and summary of findings. *Social Psychiatry and Psychiatric Epidemi[olog](https://www.samhsa.gov/disclaimer)y, 50*, 1609-1640. [https://doi.org/10.1007/s00127-015](https://doi.org/10.1007/s00127-015-1088-0) [-1088-0](https://doi.org/10.1007/s00127-015-1088-0)
- [2.](#page-8-3) World Health Organization. (2013). *Mental health action plan 2013 - 20[20](https://www.samhsa.gov/disclaimer)*. [https://www.who.int/mental\\_health/publications/action](https://www.who.int/mental_health/publications/action_plan
-frequency with MD (rgMD−AC frequency = −0.17, P = 1.5 × 10−10) and a non-significant result with AD. MR analyses confirmed the presence of pleiotropy among these four traits. However, the MD-AD results reflect a mediated-pleiotropy mechanism (i.e. causal relationship) with an effect of MD on AD (beta = 0.28, P = 1.29 × 10−6). There was no evidence for reverse causation.

**Conclusion.—**This study supports a causal role for genetic liability of MD on AD based on genetic datasets including thousands of individuals. Understanding mechanisms underlying MD-AD comorbidity addresses important public health concerns and has the potential to facilitate prevention and intervention efforts.

#### **Keywords**

Alcohol consumption; alcohol dependence; genetic correlation; genome-wide association; major depression; Mendelian randomization

# **Introduction**

Major depression (MD) and alcohol dependence (AD) are common psychiatric disorders, contribute substantially to global morbidity, and often co-occur (Ferrari et al., 2013; Shield et al., 2013). Epidemiological studies report that individuals with MD are at increased risk for AD and vice versa (Kessler et al., 1997; Swendsen and Merikangas, 2000; Boden and Fergusson, 2011). Leading hypotheses suggest these associations may be due to shared risk factors (genetic and environmental) or causal processes of one disorder leading to the other, such as the self-medication hypothesis of MD (Khantzian, 1997). However, the mechanisms underlying MD-AD dual diagnosis remain unclear.

Twin studies show genetic factors influence susceptibility to MD, AD, and alcohol consumption (AC) (Sullivan et al., 2000; Vrieze et al., 2013; Verhulst et al., 2015). Largescale genome-wide association studies (GWAS) have identified risk variants for these disorders and have revealed polygenic architectures with multiple common variants (CONVERGE consortium, 2015; Schumann et al., 2016; Clarke et al., 2017; Walters et al., 2018; Wray et al., 2018). Twin studies report moderate shared genetic liability between MD and AD, estimating the genetic correlation from 0.3 to 0.6 (Kendler et al., 1
at<https://doi.org/10.1017/S0033291719000667>

**Ethical standards.** Contributing studies provided individual-level genotype data or summary statistics consistent with their institutional review board-approved protocols. All procedures complied with the ethical standards of the relevant national and institutional committees on human experimentation and with the Helsinki Declaration of 1975, as revised in 2008.

**Conflict of interest.** 23andMe Research Team are employees of 23andMe, Inc. and hold stock or stock options in 23andMe. The other authors reported no biomedical financial interests or potential conflicts of interest.

**Background.—**Despite established clinical associations among major depression (MD), alcohol dependence (AD), and alcohol consumption (AC), the nature of the causal relationship between them is not completely understood. We leveraged genome-wide data from the Psychiatric Genomics Consortium (PGC) and UK Biobank to test for the presence of shared genetic mechanisms and causal relationships among MD, AD, and AC.

**Methods.—**Linkage disequilibrium score regression and Mendelian randomization (MR) were performed using genome-wide data from the PGC (MD: 135 458 cases and 344 901 controls; AD: 10 206 cases and 28 480 controls) and UK Biobank (AC-frequency: 438 308 individuals; ACquantity: 307 098 individuals).

**Results.—**Positive genetic correlation was observed between MD and AD (rgMD−AD = + 0.47, <sup>P</sup> = 6.6 × 10−10). AC-quantity showed positive genetic correlation with both AD (rgAD−AC quantity = + 0.75, P = 1.8 × 10−14) and MD (rgMD−AC quantity = + 0.14, P = 2.9 × 10−7), while there was negative correlation of AC-frequency with MD (rgMD−AC frequency = −0.17, P = 1.5 × 10−10) and a non-significant result with AD. MR analyses confirmed the presence of pleiotropy among these four traits. However, the MD-AD results reflect a mediated-pleiotropy mechanism (i.e. causal relationship) with an effect of MD on AD (beta = 0.28, P =## Communities:

### Smoking and Sleep Disturbance Community
### Summary
This community is centered around the relationship between smoking and sleep disturbance. The entities within this community are Smoking and Sleep Disturbance, which are related through various associations, causal relationships, and correlations. The community's structure is characterized by a complex web of relationships between these two entities, with smoking being a causal factor for sleep disturbance and sleep disturbance being a consequence of smoking.
### Key Findings
Smoking is a causal factor for sleep disturbance.: Smoking is a causal factor for sleep disturbance, as nicotine can disrupt sleep patterns and lead to sleep disorders. This is supported by the various relationships between smoking and sleep disturbance, including causal associations, correlations, and associations. For example, smoking can cause sleep disturbance, and sleep disturbance can be a consequence of smoking. Additionally, smoking is associated with higher levels of sleep disturbance, and sleep disturbance is often related to smoking due to the impact of substance use on sleep quality.
Sleep disturbance is a consequence of smoking.: Sleep disturbance is a consequence of smoking, as smoking can disrupt sleep patterns and lead to sleep disorders. This is supported by the various relationships between smoking and sleep disturbance, including causal associations, correlations, and associations. For example, smoking can cause sleep disturbance, and sleep disturbance can be a consequence of smoking. Additionally, smoking is associated with higher levels of sleep disturbance, and sleep disturbance is often related to smoking due to the impact of substance use on sleep quality.
Smoking is associated with a higher comorbidity index (CCI).: Smoking is associated with a higher comorbidity index (CCI), as it can increase the risk of various health problems. This is supported by the relationships between smoking and CCI, including causal associations, correlations, and associations. For example, smoking can cause a higher CCI, and a higher CCI is often related to smoking due to the impact of smoking on health outcomes.
Sleep disturbance is often related to smoking due to the impact of substance use on sleep quality.: Sleep disturbance is often related to smoking due to the impact of substance use on sleep quality. This is supported by the relationships between smoking and sleep disturbance, including causal associations, correlations, and associations. For example, smoking can cause sleep disturbance, and sleep disturbance can be a consequence of smoking. Additionally, smoking is associated with higher levels of sleep disturbance, and sleep disturbance is often related to smoking due to the impact of substance use on sleep quality.
Smoking can disrupt sleep patterns and lead to sleep disorders.: Smoking can disrupt sleep patterns and lead to sleep disorders, as nicotine can affect the brain's ability to regulate sleep-wake cycles. This is supported by the relationships between smoking and sleep disturbance, including causal associations, correlations, and associations. For example, smoking can cause sleep disturbance, and sleep disturbance can be a consequence of smoking. Additionally, smoking is associated with higher levels of sleep disturbance, and sleep disturbance is often related to smoking due to the impact of substance use on sleep quality.
Sleep disturbance is a significant risk factor for smoking.: Sleep disturbance is a significant risk factor for smoking, as individuals who experience sleep disturbance are more likely to smoke. This is supported by the relationships between smoking and sleep disturbance, including causal associations, correlations, and associations. For example, smoking can cause sleep disturbance, and sleep disturbance can be a consequence of smoking. Additionally, smoking is associated with higher levels of sleep disturbance, and sleep disturbance is often related to smoking due to the impact of substance use on sleep quality.
Smoking is associated with higher levels of sleep disturbance.: Smoking is associated with higher levels of sleep disturbance, as nicotine can disrupt sleep patterns and lead to sleep disorders. This is supported by the relationships between smoking and sleep disturbance, including causal associations, correlations, and associations. For example, smoking can cause sleep disturbance, and sleep disturbance can be a consequence of smoking. Additionally, smoking is associated with higher levels of sleep disturbance, and sleep disturbance is often related to smoking due to the impact of substance use on sleep quality.
Sleep disturbance is often related to smoking due to the impact of substance use on sleep quality.: Sleep disturbance is often related to smoking due to the impact of substance use on sleep quality. This is supported by the relationships between smoking and sleep disturbance, including causal associations, correlations, and associations. For example, smoking can cause sleep disturbance, and sleep disturbance can be a consequence of smoking. Additionally, smoking is associated with higher levels of sleep disturbance, and sleep disturbance is often related to smoking due to the impact of substance use on sleep quality.
Smoking can increase the risk of various health problems.: Smoking can increase the risk of various health problems, including cardiovascular disease, respiratory problems, and cancer. This is supported by the relationships between smoking and CCI, including causal associations, correlations, and associations. For example, smoking can cause a higher CCI, and a higher CCI is often related to smoking due to the impact of smoking on health outcomes.
Sleep disturbance is a consequence of smoking.: Sleep disturbance is a consequence of smoking, as smoking can disrupt sleep patterns and lead to sleep disorders. This is supported by the relationships between smoking and sleep disturbance, including causal associations, correlations, and associations. For example, smoking can cause sleep disturbance, and sleep disturbance can be a consequence of smoking. Additionally, smoking is associated with higher levels of sleep disturbance, and sleep disturbance is often related to smoking due to the impact of substance use on sleep quality.
### Impact Rating: 8.5
The high impact severity rating is due to the strong causal relationship between smoking and sleep disturbance, as well as the potential long-term consequences of smoking on overall health.

### Financial Situation and Socioeconomic Status
### Summary
This report provides an overview of the relationship between financial situation and socioeconomic status, highlighting the key entities and their associations. The report includes a summary of the community's overall structure, how its entities are related to each other, and significant information associated with its entities.
### Key Findings
Financial situation is a strong predictor of socioeconomic status.: Financial situation is a key determinant of socioeconomic status, with individuals with higher financial levels being more likely to have higher socioeconomic status. This is evident from the numerous associations between financial level and socioeconomic status, including the correlation between financial level and socioeconomic status, and the fact that financial level is a proxy for socioeconomic status. Furthermore, financial level influences socioeconomic status, and financial level is associated with socioeconomic status. Additionally, financial level is a measure of socioeconomic status, and financial level is a proxy for socioeconomic status. Overall, the evidence suggests that financial situation is a strong predictor of socioeconomic status.
Financial situation is associated with various health conditions.: The data shows that financial situation is associated with various health conditions, including back pain, generalized anxiety disorder, and substance use. For instance, lower financial levels are associated with an increased risk of back pain, and financial situation can affect the experience of back pain. Similarly, financial situation is associated with generalized anxiety disorder, and lower financial levels are a risk factor for developing generalized anxiety disorder. Additionally, financial situation can influence substance use, and lower financial levels are associated with an increased risk of substance use. Overall, the evidence suggests that financial situation is associated with various health conditions.
Education level is associated with financial situation.: The data shows that education level is associated with financial situation, with higher education levels being associated with higher financial levels. This is evident from the numerous associations between education level and financial situation, including the correlation between education level and financial situation, and the fact that education level is a proxy for financial situation. Furthermore, education level influences financial situation, and education level is associated with financial situation. Additionally, education level is a measure of financial situation, and education level is a proxy for financial situation. Overall, the evidence suggests that education level is associated with financial situation.
Financial situation is associated with mental health conditions.: The data shows that financial situation is associated with mental health conditions, including generalized anxiety disorder and major depression. For instance, financial situation can affect the likelihood of developing generalized anxiety disorder, and lower financial levels are associated with an increased risk of generalized anxiety disorder. Similarly, financial situation is associated with major depression, and patients experiencing major depression are more likely to have a lower financial level. Overall, the evidence suggests that financial situation is associated with mental health conditions.
Financial situation is associated with substance use.: The data shows that financial situation is associated with substance use, with lower financial levels being associated with an increased risk of substance use. This is evident from the associations between financial level and substance use, including the correlation between financial level and substance use, and the fact that financial level can influence substance use. Furthermore, financial situation can affect the manifestation of substance use, and lower financial levels are associated with an increased risk of substance use. Overall, the evidence suggests that financial situation is associated with substance use.
Financial situation is associated with coronary heart disease.: The data shows that financial situation is associated with coronary heart disease, with lower financial levels being associated with an increased risk of coronary heart disease. This is evident from the associations between financial level and coronary heart disease, including the correlation between financial level and coronary heart disease, and the fact that financial level can influence coronary heart disease. Furthermore, financial situation can affect the manifestation of coronary heart disease, and lower financial levels are associated with an increased risk of coronary heart disease. Overall, the evidence suggests that financial situation is associated with coronary heart disease.
Financial situation is associated with heavy drinking.: The data shows that financial situation is associated with heavy drinking, with lower financial levels being associated with an increased risk of heavy drinking. This is evident from the associations between financial level and heavy drinking, including the correlation between financial level and heavy drinking, and the fact that financial level can influence heavy drinking. Furthermore, financial situation can affect the manifestation of heavy drinking, and lower financial levels are associated with an increased risk of heavy drinking. Overall, the evidence suggests that financial situation is associated with heavy drinking.
Financial situation is associated with alcohol dependence.: The data shows that financial situation is associated with alcohol dependence, with lower financial levels being associated with an increased risk of alcohol dependence. This is evident from the associations between financial level and alcohol dependence, including the correlation between financial level and alcohol dependence, and the fact that financial level can influence alcohol dependence. Furthermore, financial situation can affect the manifestation of alcohol dependence, and lower financial levels are associated with an increased risk of alcohol dependence. Overall, the evidence suggests that financial situation is associated with alcohol dependence.
### Impact Rating: 8.0
The impact severity rating is 8 out of 10 due to the strong associations between financial situation and various health conditions, including back pain, generalized anxiety disorder, and substance use.

## Relationships:

(Promis Depression: Affects the affective and cognitive manifestations of depression)--[CAUSES: Depression can lead to increased alcohol consumption]-->(Alcohol Consumption: Alcohol consumption refers to the amount of alcohol consumed per week. It is a measure of the frequency and quantity of alcohol use.)
(Alcohol Consumption: Alcohol consumption refers to the amount of alcohol consumed per week. It is a measure of the frequency and quantity of alcohol use.)--[CAUSES: Increased alcohol consumption can lead to depression]-->(Promis Depression: Affects the affective and cognitive manifestations of depression)
(Promis Depression: Affects the affective and cognitive manifestations of depression)--[INFLUENCE: Depression can influence alcohol consumption]-->(Alcohol Consumption: Alcohol consumption refers to the amount of alcohol consumed per week. It is a measure of the frequency and quantity of alcohol use.)
(Promis Depression: Affects the affective and cognitive manifestations of depression)--[CAUSAL: Depression can lead to increased alcohol consumption]-->(Alcohol Consumption: Alcohol consumption refers to the amount of alcohol consumed per week. It is a measure of the frequency and quantity of alcohol use.)
(Alcohol Consumption: Alcohol consumption refers to the amount of alcohol consumed per week. It is a measure of the frequency and quantity of alcohol use.)--[AFFECTS: Alcohol consumption can affect depression]-->(Promis Depression: Affects the affective and cognitive manifestations of depression)
(Alcohol Consumption: Alcohol consumption refers to the amount of alcohol consumed per week. It is a measure of the frequency and quantity of alcohol use.)--[ASSOCIATION: Alcohol consumption is associated with depression.]-->(Promis Depression: Affects the affective and cognitive manifestations of depression)
(Alcohol Consumption: Alcohol consumption refers to the amount of alcohol consumed per week. It is a measure of the frequency and quantity of alcohol use.)--[CORRELATION: Alcohol consumption may be correlated with depression.]-->(Promis Depression: Affects the affective and cognitive manifestations of depression)
(Alcohol Consumption: Alcohol consumption refers to the amount of alcohol consumed per week. It is a measure of the frequency and quantity of alcohol use.)--[ASSOCIATION: Alcohol consumption is related to PROMIS depression as excessive alcohol consumption may contribute to depression]-->(Promis Depression: Affects the affective and cognitive manifestations of depression)
(Promis Depression: Affects the affective and cognitive manifestations of depression)--[ASSOCIATION: Depression is not consistently associated with alcohol consumption.]-->(Alcohol Consumption: Alcohol consumption refers to the amount of alcohol consumed per week. It is a measure of the frequency and quantity of alcohol use.)
(Promis Depression: Affects the affective and cognitive manifestations of depression)--[CORRELATION: PROMIS depression is correlated with alcohol consumption, with higher depression levels tend to be associated with more alcohol consumption]-->(Alcohol Consumption: Alcohol consumption refers to the amount of alcohol consumed per week. It is a measure of the frequency and quantity of alcohol use.)
(Alcohol Consumption: Alcohol consumption refers to the amount of alcohol consumed per week. It is a measure of the frequency and quantity of alcohol use.)--[CAUSES: Increased alcohol consumption can lead to increased anxiety]-->(Promis Anxiety: Focuses on fear (e.g., worry, feelings of panic), anxious misery (e.g., dread), hyperarousal (e.g., tension, nervousness, restlessness), and somatic symptoms related to arousal (e.g., cardiovascular symptoms, dizziness).)
(Promis Anxiety: Focuses on fear (e.g., worry, feelings of panic), anxious misery (e.g., dread), hyperarousal (e.g., tension, nervousness, restlessness), and somatic symptoms related to arousal (e.g., cardiovascular symptoms, dizziness).)--[INFLUENCE: Anxiety can influence alcohol consumption]-->(Alcohol Consumption: Alcohol consumption refers to the amount of alcohol consumed per week. It is a measure of the frequency and quantity of alcohol use.)
(Promis Anxiety: Focuses on fear (e.g., worry, feelings of panic), anxious misery (e.g., dread), hyperarousal (e.g., tension, nervousness, restlessness), and somatic symptoms related to arousal (e.g., cardiovascular symptoms, dizziness).)--[CAUSAL: Anxiety can lead to increased alcohol consumption]-->(Alcohol Consumption: Alcohol consumption refers to the amount of alcohol consumed per week. It is a measure of the frequency and quantity of alcohol use.)
(Alcohol Consumption: Alcohol consumption refers to the amount of alcohol consumed per week. It is a measure of the frequency and quantity of alcohol use.)--[AFFECTS: Alcohol consumption can affect anxiety]-->(Promis Anxiety: Focuses on fear (e.g., worry, feelings of panic), anxious misery (e.g., dread), hyperarousal (e.g., tension, nervousness, restlessness), and somatic symptoms related to arousal (e.g., cardiovascular symptoms, dizziness).)
(Promis Anxiety: Focuses on fear (e.g., worry, feelings of panic), anxious misery (e.g., dread), hyperarousal (e.g., tension, nervousness, restlessness), and somatic symptoms related to arousal (e.g., cardiovascular symptoms, dizziness).)--[CAUSES: Increased anxiety can lead to increased alcohol consumption]-->(Alcohol Consumption: Alcohol consumption refers to the amount of alcohol consumed per week. It is a measure of the frequency and quantity of alcohol use.)
(Alcohol Consumption: Alcohol consumption refers to the amount of alcohol consumed per week. It is a measure of the frequency and quantity of alcohol use.)--[ASSOCIATION: Alcohol consumption is associated with anxiety.]-->(Promis Anxiety: Focuses on fear (e.g., worry, feelings of panic), anxious misery (e.g., dread), hyperarousal (e.g., tension, nervousness, restlessness), and somatic symptoms related to arousal (e.g., cardiovascular symptoms, dizziness).)
(Alcohol Consumption: Alcohol consumption refers to the amount of alcohol consumed per week. It is a measure of the frequency and quantity of alcohol use.)--[CORRELATION: Alcohol consumption may be correlated with anxiety.]-->(Promis Anxiety: Focuses on fear (e.g., worry, feelings of panic), anxious misery (e.g., dread), hyperarousal (e.g., tension, nervousness, restlessness), and somatic symptoms related to arousal (e.g., cardiovascular symptoms, dizziness).)
(Alcohol Consumption: Alcohol consumption refers to the amount of alcohol consumed per week. It is a measure of the frequency and quantity of alcohol use.)--[ASSOCIATION: Alcohol consumption is related to PROMIS anxiety as excessive alcohol consumption may contribute to anxiety]-->(Promis Anxiety: Focuses on fear (e.g., worry, feelings of panic), anxious misery (e.g., dread), hyperarousal (e.g., tension, nervousness, restlessness), and somatic symptoms related to arousal (e.g., cardiovascular symptoms, dizziness).)
(Promis Anxiety: Focuses on fear (e.g., worry, feelings of panic), anxious misery (e.g., dread), hyperarousal (e.g., tension, nervousness, restlessness), and somatic symptoms related to arousal (e.g., cardiovascular symptoms, dizziness).)--[ASSOCIATION: Anxiety is not consistently associated with alcohol consumption.]-->(Alcohol Consumption: Alcohol consumption refers to the amount of alcohol consumed per week. It is a measure of the frequency and quantity of alcohol use.)
(Promis Anxiety: Focuses on fear (e.g., worry, feelings of panic), anxious misery (e.g., dread), hyperarousal (e.g., tension, nervousness, restlessness), and somatic symptoms related to arousal (e.g., cardiovascular symptoms, dizziness).)--[CORRELATION: PROMIS anxiety is correlated with alcohol consumption, with higher anxiety levels tend to be associated with more alcohol consumption]-->(Alcohol Consumption: Alcohol consumption refers to the amount of alcohol consumed per week. It is a measure of the frequency and quantity of alcohol use.)
",,,False,
Smoking,Financial_level,True,"Reasoning Process:
Step 1: The question asks whether there is a causal relationship between Smoking and Financial_level, where a change in Smoking precedes and leads to a change in Financial_level. To answer this question, we need to examine the relationships between Smoking and Financial_level in the provided reports.
Step 2: The report on Smoking and Sleep Disturbance Community suggests that Smoking is associated with a higher comorbidity index (CCI), which can lead to various health problems, including financial stress. This implies that Smoking can indirectly affect Financial_level through its association with CCI.
Step 3: The report on Age-Related Health and Financial Stress Community shows that Financial Stress can lead to major financial stress, and Financial Stress is associated with lower life satisfaction, which can be a consequence of Smoking. This suggests that Smoking can indirectly affect Financial_level through its association with Financial Stress.
Step 4: The report on Relationships also shows that Smoking is associated with various health outcomes, including respiratory problems, poor self-rated health, and trouble walking and climbing stairs, which can lead to financial stress. This implies that Smoking can indirectly affect Financial_level through its association with these health outcomes.
Step 5: However, the report on the association between Smoking and mental illness suggests that the relationship between Smoking and Financial_level is complex and bidirectional. Smoking can lead to financial stress, but financial stress can also lead to Smoking. This suggests that the relationship between Smoking and Financial_level may not be a simple causal link.
Step 6: Therefore, based on the provided reports, it appears that there is a causal relationship between Smoking and Financial_level, but it is indirect and bidirectional. Smoking can lead to financial stress, which can lead to lower life satisfaction and other negative outcomes, but financial stress can also lead to Smoking. This suggests that the relationship between Smoking and Financial_level is complex and multifaceted.

Conclusion: Yes","# Report:
## Chunks:

including selfconsciousness, anger, emotional instability and irritability [[41](#page-6-27)]. In the past few decades, observational studies suggested that neuroticism might be a risk factor for CAD. A cohort study of a Swedish population found that high neuroticism was associated with an increased risk of CAD (OR1.2, 95%CI 1.1e1.3) [[14\]](#page-6-0). Similarly, in a 21-year prospective cohort study, researchers found that after controlling for multiple risk factors, neuroticism was still associated with increased CAD mortality (HR, 1.12; 95% CI, 1.03e1.21) [\[6](#page-5-11)]. This study also pointed out that neuroticism might mediate death from cardiovascular disease through health behavior, socio-demographics, and physiological factors. However, in a prospective study that included 308,721 participants that were followed up for an average of 6.2 years, there was no evidence to prove the association between neuroticism and CAD mortality [[42\]](#page-6-28). In addition, neuroticism might be a protective factor for CAD in some cases. The UK Health and Lifestyle Survey found that women of high socioeconomic status with high neuroticism were significantly associated with a decreased risk of CVD mortality (HR, 0.61; 95% CI, 0.38e0.97) [[43](#page-6-29)]. Our MR analyses found that neuroticism was unlikely to be a risk factor for CAD in patients with diabetes. Thus, the positive results obtained in previous observational studies might be due to the interference of confounding factors. (i.e., BMI, smoking and diet).

GWAS involves the testing of genetic variants among the genomes of multiple individuals to identify genotypeephenotype associations [[44](#page-6-30)]. In the past decade, GWAS has revolutionized the field of complex disease genetics, yielding abundant convincing associations for human complex traits and diseases [\[45](#page-6-31)]. For diabetes, GWAS has generated new insights into biological mechanisms that have accelerated clinical translation and started to show good prospects in population risk stratification [[46\]](#page-6-32). Furthermore, GWAS could advance personalized medicine in diabetes, such as risk prediction and optimization of therapies based on the genotype [\[47](#page-6-3
, the lower consumption rate for female smokers than for men (see Table 3) could lead to less pronounced declines in quality-of-life outcomes among female smokers because of lower lifetime exposure levels.

Age differences in the number of cigarettes smoked are also of interest, since these may lead to lower RRs of poor health for elderly smokers compared with estimates obtained from younger populations. However, the age differences in the number smoked may result from a number of factors. First, mortal-

ity among heavy smokers tends to be relatively high, and those who smoke less are more likely to survive to old age. Second, elderly smokers may cut down on consumption rates, since the cost of cigarettes would represent a larger proportion of disposable income than for younger age groups. Third, elderly smokers may more likely experience symptoms of the negative effects of smoking on health, and greater sensitivity to the consequences of smoking may motivate older individuals to lower their consumption levels.

Arguments for the expected benefits of smoking from the perspective of the individual have typically included quality-of-life outcomes, such as enhanced relaxation; reduced anxiety, boredom and depression; maintenance of autonomy; and improved concentration.39-42 However, the associations of smoking with such quality-of-life outcomes among older populations have not been investigated quantitatively. Results from this study indicate that elderly male smokers had a higher risk for high life stress, and that elderly female smokers had a higher risk for unhappiness and dissatisfaction with social relationships than those who had never smoked. Stephens<sup>24</sup> found similar evidence of a possible association between a number of health practices (including not smoking) and emotional health among elderly respondents to the 1978-1979 Canada Health Survey. Despite the limitations of the cross-sectional GSS and NADS data, the results shown in Tables 5 and 6 contradict the notion that smoking has positive effects on quality of life among older persons. Instead, the results suggest two possible patterns: (1) smoking leads to negative quality-of-life outcomes for the elderly; or (2) elderly individuals who have a low quality of life are more likely to continue to smoke. In both cases one might argue that encouraging cessation among elderly smokers would be useful.

Although the ORs for negative health outcomes among elderly smokers are less pronounced than those reported for younger populations, 6,10,14,21,22,27,43 smoking among elderly respondents in this study was associated with poor self-rated health and respiratory problems. Our evidence implies that elderly smokers may be more likely to experience trouble walking and climbing stairs and to use analgesic, central nervous system,
2% of all cigarettes consumed in England are consumed by those with mental illness, although this includes substance use disorders[.4](#page-6-3) Additionally, while cigarette consumption in the general population has shown a sustained decrease over the past 20 years, consumption among smokers with mental illness has remained relatively unchanged[.1](#page-6-0) There is therefore a pressing need to understand the mechanisms underlying the high rate of smoking in people with mental illness. Here, we focus specifically on the relationship between cigarette smoking and depression and anxiety.

Currently, there are several hypotheses that have been proposed to explain the high rates of smoking in people with depression and anxiety. The self-medication hypothesis postulates that individuals turn to smoking to alleviate their symptoms[5–7](#page-6-4) and therefore suggests that symptoms of depression and anxiety may lead to smoking. An alternative hypothesis is that smoking may lead to depression or anxiety, through effects on an individual's neurocircuitry that increases susceptibility to environmental stressors. Animal models indicate that prolonged nicotine exposure dysregulates the hypothalamic–pituitary–adrenal system, resulting in hypersecretion of cortisol and alterations in the activity of the associated monoamine neurotransmitter system, whose function is to regulate reactions to stressors,[8](#page-6-5) an effect that appears to normalize after nicotine withdrawal.[9](#page-6-6) The association between smoking and depression/anxiety may also be bidirectional, with occasional smoking initially used to alleviate symptoms, but in fact worsening them over time.[10](#page-6-7) Finally, there may in fact be no causal relationship between smoking and depression/anxiety. Instead, the association may be a product of shared risk factors (eg, common genetic influences[\)10,](#page-6-7)[11](#page-6-8) or confounding. Smokers may also report that cigarettes alleviate their symptoms due to the misattribution of withdrawal relief. Given the short half-life of nicotine that results in withdrawal symptoms (including mood symptoms) after a short period of abstinence, smokers may misattribute the relief of short-term withdrawal as reflecting a genuine anxiolytic effect of smoking[.7](#page-6-9) That is, withdrawal symptoms of increased anxiety and negative affect may be misattributed as reflecting genuine mood symptoms, which would lead to the impression that smoking improves mood.

We are therefore presented with multiple different hypotheses regarding whether there is a causal relationship between smoking and depression/anxiety and if so, what the direction of caus
, while ageing is linked with a failure in leptin action independently of obesity and body fat distribution (Carter et al. [2013](#page-13-0); Scarpace et al. [2000a](#page-14-0)). Comparison of young and aged individuals showed a decrease in mRNA, and serum leptin was observed after fasting at all ages (Scarpace and Tumer [2001](#page-14-0); Li et al. [1998\)](#page-14-0); however, the magnitude of this decrease is blunted with age (Li et al. [1998](#page-14-0)). Indeed,

23 Page 6 of 18 AGE (2016) 38: 23

studies on resistance to leptin administration revealed that old rats (30 months of age) with elevated adiposity presented threefold greater endogenous serum leptin levels than young individuals (6 months of age) (Scarpace and Tumer [2001](#page-14-0); Scarpace et al. [2000a](#page-14-0)). Scarpace et al. (2000) has shown that 7 days of subcutaneous leptin administration increased its serum levels and diminished food intake with greater significance for young rats (Scarpace et al. [2000a\)](#page-14-0), leading to the conclusion that older individuals are resistant to the effects of leptin (Scarpace et al. [2000a\)](#page-14-0). Conversely, recent work demonstrated that in old non-obese and calorierestricted rats, 7 days of intra-cerebroventricular leptin infusion efficiently decreased food intake (Petervari et al. [2014\)](#page-14-0). Petervari et al. (2014) suggested that ageing per se does not promote leptin resistance development; rather, early appearance of obesity leads to the progressive loss of the hypermetabolic effects of leptin (Petervari et al. [2014](#page-14-0)).

Typically, obesity is associated with increased circulating leptin concentrations (Ahima and Flier [2000\)](#page-14-0). Obese individuals exhibit leptin resistance, and its elevated concentrations fail to control hunger and body weight (My
useful.

Although the ORs for negative health outcomes among elderly smokers are less pronounced than those reported for younger populations, 6,10,14,21,22,27,43 smoking among elderly respondents in this study was associated with poor self-rated health and respiratory problems. Our evidence implies that elderly smokers may be more likely to experience trouble walking and climbing stairs and to use analgesic, central nervous system, and gastrointestinal medications. The increased risk among female smokers for the use of central nervous system medications (e.g., antidepressants and tranquilizers) and gastrointestinal medications is not surprising, since others have found smoking to be positively associated with depressive symptoms<sup>23</sup> and peptic ulcer disease.1 The lack of observed associations of smoking with other indicators of physical health (e.g., heart problems, hypertension, and some disability measures) is unexpected and may be the result of methodological limitations of the survey data. For example, differential attrition rates among smokers and nonsmokers (related to the higher death rate among smokers) may mask the association of smoking with morbidity and disability in both cross-sectional and longitudinal research. 15 Consequently, the magnitude of the risk incurred by elderly smokers in terms of morbidity and disability may be underestimated, particularly in cross-sectional studies.

The higher risk of respiratory problems and the related impairments in certain activities of daily living have important quality-of-life implications for older individuals. For example, a persistent cough or shortness of breath may limit an elderly person's ability to participate in certain social activities. However, although the logistic regression models adjusted for age, sex,

income, marital status, and education, other possible confounding variables that were not controlled for in the analysis (e.g., presence of arthritis or some other disabling condition) may influence mobility. Nonetheless, since respiratory symptoms may be reversed after stopping smoking, even among the elderly,<sup>44</sup> smoking cessation interventions among older individuals may be appropriate.

The next step for research in this area should involve the use of longitudinal data to examine the effects of smoking cessation on various quality-of-life outcomes. Future efforts to clarify further the many health consequences of continued smoking and the benefits of cessation in old age should attempt to examine both physical and psychological outcomes, as well as possible cumulative effects of smoking on other lifestyle risks (e.g., alcohol use) among the elderly. Moreover, such investigations should consider the effects of gender differences in lifetime exposure to smoking on risk estimates for quality
depression and/or anxiety as the exposure and smoking as an outcome.

**Results:** Outcomes from 148 studies were categorized into: smoking onset, smoking status, smoking heaviness, tobacco dependence, and smoking trajectory. The results for each category varied substantially, with evidence for positive associations in both directions (smoking to later mental health and mental health to later smoking) as well as null findings. Overall, nearly half the studies reported that baseline depression/anxiety was associated with some type of later smoking behavior, while over a third found evidence that a smoking exposure was associated with later depression/anxiety. However, there were few studies directly supporting a bidirectional model of smoking and anxiety, and very few studies reporting null results.

**Conclusions:** The literature on the prospective association between smoking and depression and anxiety is inconsistent in terms of the direction of association most strongly supported. This suggests the need for future studies that employ different methodologies, such as Mendelian randomization (MR), which will allow us to draw stronger causal inferences.

**Implications:** We systematically reviewed longitudinal studies on the association of different aspects of smoking behavior with depression and anxiety. The results varied considerably, with evidence for smoking both associated with subsequent depression and anxiety, and vice versa. Few studies supported a bidirectional relationship, or reported null results, and no clear patterns by gender, ethnicity, clinical status, length to follow-up, or diagnostic test. Suggesting that despite advantages of longitudinal studies, they cannot alone provide strong evidence of causality. Therefore, future studies investigating this association should employ different methods allowing for stronger causal inferences to be made, such as MR.

# **Introduction**

The high co-occurrence of smoking and mental illness is a major public health concern, and smoking accounts for much of the reduction in life expectancy associated with mental illness.[1](#page-6-0) Many studies report a positive association between smoking and mental illness, with smoking rates increasing with the severity of the disease.[2](#page-6-1),[3](#page-6-2) Individuals with mental illness also tend to start smoking at an earlier age, smoke more heavily, and are more addicted to cigarettes than the general population. For example, a recent survey suggests that 42% of all cigarettes consumed in England are consumed by those with mental illness, although this includes substance use disorders[.4](#page-6-3) Additionally, while cigarette consumption in the general population has shown a sustained decrease over the past 20 years, consumption among smokers with mental illness has remained relatively unchanged[.1](#page-6-0) There is therefore a pressing need to understand the mechanisms underlying the high rate of smoking in people with mental## Communities:

### Smoking and Sleep Disturbance Community
### Summary
This community is centered around the relationship between smoking and sleep disturbance. The entities within this community are Smoking and Sleep Disturbance, which are related through various associations, causal relationships, and correlations. The community's structure is characterized by a complex web of relationships between these two entities, with smoking being a causal factor for sleep disturbance and sleep disturbance being a consequence of smoking.
### Key Findings
Smoking is a causal factor for sleep disturbance.: Smoking is a causal factor for sleep disturbance, as nicotine can disrupt sleep patterns and lead to sleep disorders. This is supported by the various relationships between smoking and sleep disturbance, including causal associations, correlations, and associations. For example, smoking can cause sleep disturbance, and sleep disturbance can be a consequence of smoking. Additionally, smoking is associated with higher levels of sleep disturbance, and sleep disturbance is often related to smoking due to the impact of substance use on sleep quality.
Sleep disturbance is a consequence of smoking.: Sleep disturbance is a consequence of smoking, as smoking can disrupt sleep patterns and lead to sleep disorders. This is supported by the various relationships between smoking and sleep disturbance, including causal associations, correlations, and associations. For example, smoking can cause sleep disturbance, and sleep disturbance can be a consequence of smoking. Additionally, smoking is associated with higher levels of sleep disturbance, and sleep disturbance is often related to smoking due to the impact of substance use on sleep quality.
Smoking is associated with a higher comorbidity index (CCI).: Smoking is associated with a higher comorbidity index (CCI), as it can increase the risk of various health problems. This is supported by the relationships between smoking and CCI, including causal associations, correlations, and associations. For example, smoking can cause a higher CCI, and a higher CCI is often related to smoking due to the impact of smoking on health outcomes.
Sleep disturbance is often related to smoking due to the impact of substance use on sleep quality.: Sleep disturbance is often related to smoking due to the impact of substance use on sleep quality. This is supported by the relationships between smoking and sleep disturbance, including causal associations, correlations, and associations. For example, smoking can cause sleep disturbance, and sleep disturbance can be a consequence of smoking. Additionally, smoking is associated with higher levels of sleep disturbance, and sleep disturbance is often related to smoking due to the impact of substance use on sleep quality.
Smoking can disrupt sleep patterns and lead to sleep disorders.: Smoking can disrupt sleep patterns and lead to sleep disorders, as nicotine can affect the brain's ability to regulate sleep-wake cycles. This is supported by the relationships between smoking and sleep disturbance, including causal associations, correlations, and associations. For example, smoking can cause sleep disturbance, and sleep disturbance can be a consequence of smoking. Additionally, smoking is associated with higher levels of sleep disturbance, and sleep disturbance is often related to smoking due to the impact of substance use on sleep quality.
Sleep disturbance is a significant risk factor for smoking.: Sleep disturbance is a significant risk factor for smoking, as individuals who experience sleep disturbance are more likely to smoke. This is supported by the relationships between smoking and sleep disturbance, including causal associations, correlations, and associations. For example, smoking can cause sleep disturbance, and sleep disturbance can be a consequence of smoking. Additionally, smoking is associated with higher levels of sleep disturbance, and sleep disturbance is often related to smoking due to the impact of substance use on sleep quality.
Smoking is associated with higher levels of sleep disturbance.: Smoking is associated with higher levels of sleep disturbance, as nicotine can disrupt sleep patterns and lead to sleep disorders. This is supported by the relationships between smoking and sleep disturbance, including causal associations, correlations, and associations. For example, smoking can cause sleep disturbance, and sleep disturbance can be a consequence of smoking. Additionally, smoking is associated with higher levels of sleep disturbance, and sleep disturbance is often related to smoking due to the impact of substance use on sleep quality.
Sleep disturbance is often related to smoking due to the impact of substance use on sleep quality.: Sleep disturbance is often related to smoking due to the impact of substance use on sleep quality. This is supported by the relationships between smoking and sleep disturbance, including causal associations, correlations, and associations. For example, smoking can cause sleep disturbance, and sleep disturbance can be a consequence of smoking. Additionally, smoking is associated with higher levels of sleep disturbance, and sleep disturbance is often related to smoking due to the impact of substance use on sleep quality.
Smoking can increase the risk of various health problems.: Smoking can increase the risk of various health problems, including cardiovascular disease, respiratory problems, and cancer. This is supported by the relationships between smoking and CCI, including causal associations, correlations, and associations. For example, smoking can cause a higher CCI, and a higher CCI is often related to smoking due to the impact of smoking on health outcomes.
Sleep disturbance is a consequence of smoking.: Sleep disturbance is a consequence of smoking, as smoking can disrupt sleep patterns and lead to sleep disorders. This is supported by the relationships between smoking and sleep disturbance, including causal associations, correlations, and associations. For example, smoking can cause sleep disturbance, and sleep disturbance can be a consequence of smoking. Additionally, smoking is associated with higher levels of sleep disturbance, and sleep disturbance is often related to smoking due to the impact of substance use on sleep quality.
### Impact Rating: 8.5
The high impact severity rating is due to the strong causal relationship between smoking and sleep disturbance, as well as the potential long-term consequences of smoking on overall health.

### Age-Related Health and Financial Stress Community
### Summary
This community is centered around the relationship between age and various health and financial outcomes. The community includes entities such as Age, Financial Stress, Well-Being, and others, which are connected through different types of relationships, including association, causation, and influence. The community's structure suggests that age is a significant factor in determining health and financial outcomes, with older adults experiencing more financial stress, lower well-being, and increased risk of various health issues.
### Key Findings
Age is a significant risk factor for financial stress.: The community's structure shows that age is associated with financial stress, with older adults experiencing more financial stress due to declining incomes, reduced work hours, and increased healthcare expenses. This is supported by the relationship between Age and Financial Stress, where Age is a risk factor for financial stress, and older individuals are more likely to experience financial stress. Additionally, the relationship between Age and Financial Stress is also influenced by other factors such as job loss, health-related issues, and taxes, which can contribute to financial stress. Therefore, it is essential to address age-related financial stress through targeted interventions and support services.
Well-being is associated with age, with older adults experiencing lower well-being.: The community's structure shows that Well-being is associated with age, with older adults experiencing lower well-being due to various factors such as age-related changes, health issues, and financial stress. This is supported by the relationship between Age and Well-being, where Age is a significant predictor of well-being, with older patients scoring lower on anxiety, depression, and affective distress. Additionally, the relationship between Well-being and age is also influenced by other factors such as perceived control over life, affective distress, and health-related quality of life, which can impact well-being. Therefore, it is essential to address age-related well-being through targeted interventions and support services.
Age is a significant risk factor for various health issues.: The community's structure shows that Age is a significant risk factor for various health issues, including age-related diseases, vertebral compression fractures, aortic aneurysms, and others. This is supported by the relationship between Age and various health issues, where Age is a risk factor for these conditions, and older adults are more likely to experience them. Additionally, the relationship between Age and health issues is also influenced by other factors such as lifestyle, genetics, and environmental factors, which can contribute to health issues. Therefore, it is essential to address age-related health issues through targeted interventions and support services.
Financial stress can lead to the use of credit cards.: The community's structure shows that Financial Stress can lead to the use of credit cards, with individuals experiencing financial stress being more likely to use credit cards. This is supported by the relationship between Financial Stress and Credit Card, where Financial Stress is a causal factor for credit card use. Additionally, the relationship between Financial Stress and credit card use is also influenced by other factors such as income, expenses, and financial planning, which can impact credit card use. Therefore, it is essential to address financial stress through targeted interventions and support services to prevent the use of credit cards.
Well-being is associated with affective distress.: The community's structure shows that Well-being is associated with affective distress, with individuals experiencing lower well-being due to higher affective distress. This is supported by the relationship between Well-being and Affective Distress, where Well-being is a measure of an individual's overall quality of life, including their physical, emotional, and social well-being. Additionally, the relationship between Well-being and affective distress is also influenced by other factors such as perceived control over life, health-related quality of life, and substance use disorder, which can impact well-being. Therefore, it is essential to address affective distress through targeted interventions and support services to improve well-being.
Age is a significant risk factor for substance use disorder.: The community's structure shows that Age is a significant risk factor for substance use disorder, with older adults being more likely to experience substance use disorder. This is supported by the relationship between Age and Substance Use Disorder, where Age is a risk factor for substance use disorder, and older adults are more likely to experience it. Additionally, the relationship between Age and substance use disorder is also influenced by other factors such as lifestyle, genetics, and environmental factors, which can contribute to substance use disorder. Therefore, it is essential to address age-related substance use disorder through targeted interventions and support services.
Financial stress can lead to major financial stress.: The community's structure shows that Financial Stress can lead to major financial stress, with individuals experiencing financial stress being more likely to experience major financial stress. This is supported by the relationship between Financial Stress and Major Financial Stress, where Financial Stress is a causal factor for major financial stress. Additionally, the relationship between Financial Stress and major financial stress is also influenced by other factors such as income, expenses, and financial planning, which can impact major financial stress. Therefore, it is essential to address financial stress through targeted interventions and support services to prevent major financial stress.
Age is a significant risk factor for various health outcomes.: The community's structure shows that Age is a significant risk factor for various health outcomes, including disease risk and mortality. This is supported by the relationship between Age and various health outcomes, where Age is a risk factor for these conditions, and older adults are more likely to experience them. Additionally, the relationship between Age and health outcomes is also influenced by other factors such as lifestyle, genetics, and environmental factors, which can contribute to health outcomes. Therefore, it is essential to address age-related health outcomes through targeted interventions and support services.
Financial stress can affect life satisfaction.: The community's structure shows that Financial Stress can affect life satisfaction, with individuals experiencing financial stress being less likely to experience high life satisfaction. This is supported by the relationship between Financial Stress and Life Satisfaction, where Financial Stress is a causal factor for lower life satisfaction. Additionally, the relationship between Financial Stress and life satisfaction is also influenced by other factors such as income, expenses, and financial planning, which can impact life satisfaction. Therefore, it is essential to address financial stress through targeted interventions and support services to improve life satisfaction.
Age is a significant risk factor for various health issues.: The community's structure shows that Age is a significant risk factor for various health issues, including age-related diseases, vertebral compression fractures, aortic aneurysms, and others. This is supported by the relationship between Age and various health issues, where Age is a risk factor for these conditions, and older adults are more likely to experience them. Additionally, the relationship between Age and health issues is also influenced by other factors such as lifestyle, genetics, and environmental factors, which can contribute to health issues. Therefore, it is essential to address age-related health issues through targeted interventions and support services.
### Impact Rating: 8.0
The high impact severity rating is due to the strong associations between age and various health and financial outcomes, indicating a significant potential for negative consequences.

## Relationships:

(Smoking Affects: the act of smoking affecting something)--[AFFECTS: Smoking affects PROMIS depression]-->(Promis Depression: Affects the affective and cognitive manifestations of depression)
(Financial Distress: Having serious financial problems during the year prior (1 = yes, 0 = no))--[CAUSAL: Financial distress can contribute to depression in patients.]-->(Promis Depression: Affects the affective and cognitive manifestations of depression)
(Smoking Index: The smoking index takes into account smoking status (current/former/never), and exposure (duration/heaviness/cessation) among ever smokers)--[ASSOCIATION: Smoking index is associated with depression, as individuals with higher smoking index are more likely to experience depression.]-->(Promis Depression: Affects the affective and cognitive manifestations of depression)
(Smoking Affects: the act of smoking affecting something)--[AFFECTS: Smoking affects PROMIS anxiety]-->(Promis Anxiety: Focuses on fear (e.g., worry, feelings of panic), anxious misery (e.g., dread), hyperarousal (e.g., tension, nervousness, restlessness), and somatic symptoms related to arousal (e.g., cardiovascular symptoms, dizziness).)
(Financial Distress: Having serious financial problems during the year prior (1 = yes, 0 = no))--[CAUSAL: Financial distress can contribute to anxiety in patients.]-->(Promis Anxiety: Focuses on fear (e.g., worry, feelings of panic), anxious misery (e.g., dread), hyperarousal (e.g., tension, nervousness, restlessness), and somatic symptoms related to arousal (e.g., cardiovascular symptoms, dizziness).)
(Smoking Index: The smoking index takes into account smoking status (current/former/never), and exposure (duration/heaviness/cessation) among ever smokers)--[ASSOCIATION: Smoking index is associated with anxiety, as individuals with higher smoking index are more likely to experience anxiety.]-->(Promis Anxiety: Focuses on fear (e.g., worry, feelings of panic), anxious misery (e.g., dread), hyperarousal (e.g., tension, nervousness, restlessness), and somatic symptoms related to arousal (e.g., cardiovascular symptoms, dizziness).)
(Smoking: The action or habit of inhaling and exhaling the smoke of tobacco by sucking on the end of a lit cigarette, cigar, pipe, etc.)--[ASSOCIATION: Smoking is associated with various health outcomes, including respiratory problems, poor self-rated health, and trouble walking and climbing stairs.]-->(Health_Outcomes: The effects of smoking on an individual's health)
(Smoking: The action or habit of inhaling and exhaling the smoke of tobacco by sucking on the end of a lit cigarette, cigar, pipe, etc.)--[ASSOCIATION: smoking is associated with various health outcomes]-->(Smoking_Association: The relationship between smoking and various health outcomes)
(Future_Studies: Studies that aim to investigate the association between smoking and mental illness using different methodologies, such as Mendelian randomization)--[RECOMMENDATION: Future studies should investigate the association between smoking and mental illness using different methodologies, such as Mendelian randomization.]-->(Smoking: The action or habit of inhaling and exhaling the smoke of tobacco by sucking on the end of a lit cigarette, cigar, pipe, etc.)
(Smoking: The action or habit of inhaling and exhaling the smoke of tobacco by sucking on the end of a lit cigarette, cigar, pipe, etc.)--[RECOMMENDATION: Future studies should investigate the association between smoking and mental illness using different methodologies, such as Mendelian randomization.]-->(Future_Studies: Studies that aim to investigate the association between smoking and mental illness using different methodologies, such as Mendelian randomization)
(Smoking Affects: the act of smoking affecting something)--[AFFECTS: Smoking affects sleep disturbance]-->(Sleep Disturbance: Assess self-reported perceptions of sleep quality, sleep depth, and restoration associated with sleep. The score is a summary score on the general perception of sleep quality)
(Smoking Index: The smoking index takes into account smoking status (current/former/never), and exposure (duration/heaviness/cessation) among ever smokers)--[CAUSAL: Smoking index is a causal factor for sleep disturbance, as individuals with higher smoking index are more likely to experience sleep disturbances.]-->(Sleep Disturbance: Assess self-reported perceptions of sleep quality, sleep depth, and restoration associated with sleep. The score is a summary score on the general perception of sleep quality)
(Age: The age of the patient)--[ASSOCIATION: Age is associated with health outcomes, which can lead to the effects of smoking on an individual's health.]-->(Health_Outcomes: The effects of smoking on an individual's health)
(Smoking Affects: the act of smoking affecting something)--[AFFECTS: Smoking affects CCI]-->(Cci: A comorbidity index. It measures the number of comorbidities)
(Smoking Affects: the act of smoking affecting something)--[AFFECTS: Smoking affects PEG score]-->(Peg Score: A index measuring pain interference and pain intensity due to chronic low back pain)
(Smoking Affects: the act of smoking affecting something)--[AFFECTS: Smoking affects BMI]-->(Bmi: Weight or BMI associations)
(Smoking Affects: the act of smoking affecting something)--[AFFECTS: Smoking affects pain catastrophizing score]-->(Pain Catastrophising Score: Pain catastrophizing is characterized by the tendency to magnify the threat value of a pain stimulus and to feel helpless in the presence of pain, as well as by a relative inability to prevent or inhibit pain-related thoughts in anticipation of, during, or following a painful event)
(Smoking Affects: the act of smoking affecting something)--[AFFECTS: Smoking affects financial level]-->(Financial Level: Level of financial situation of the participant. Often a proxy for socioeconomic status)
(Financial Level: Level of financial situation of the participant. Often a proxy for socioeconomic status)--[INFLUENCES: Financial level influences health outcomes.]-->(Health_Outcomes: The effects of smoking on an individual's health)
(Smoking Affects: the act of smoking affecting something)--[AFFECTS: Smoking affects education]-->(Education: The level of education of the participant)
",,,False,
Smoking,Sleep disturbance,True,"Reasoning Process:
Step 1: The question asks whether there is a causal relationship between Smoking and Sleep disturbance, where a change in Smoking precedes and leads to a change in Sleep disturbance. To answer this question, we need to examine the relationships between Smoking and Sleep disturbance in the provided reports.
Step 2: The Smoking and Sleep Disturbance Community report highlights the relationship between Smoking and Sleep disturbance, stating that Smoking is a causal factor for Sleep disturbance. This suggests that Smoking can disrupt sleep patterns and lead to Sleep disturbance.
Step 3: The report also mentions that Sleep disturbance is a consequence of Smoking, as Smoking can cause Sleep disturbance and individuals who experience Sleep disturbance are more likely to experience depression, which is related to Smoking.
Step 4: Furthermore, the report states that Smoking is associated with higher levels of Sleep disturbance, and Sleep disturbance is often related to Smoking due to the impact of substance use on sleep quality.
Step 5: The Depression and Anxiety Community report also provides information on the relationship between Depression and Sleep disturbance, stating that Depression can cause Sleep disturbance and that Sleep disturbance is a significant risk factor for Depression.
Step 6: The report also mentions that there is a positive correlation between PROMIS Depression and PROMIS Anxiety, and that Depression can affect Sleep quality, leading to Sleep disturbance.
Step 7: Considering the relationships between Smoking, Sleep disturbance, and Depression, it appears that Smoking can lead to Sleep disturbance, either directly or through intermediate variables such as Depression.
Step 8: Therefore, based on the information provided in the reports, it can be concluded that there is a causal relationship between Smoking and Sleep disturbance, where a change in Smoking precedes and leads to a change in Sleep disturbance.

Conclusion: Yes","# Report:
## Chunks:

, while ageing is linked with a failure in leptin action independently of obesity and body fat distribution (Carter et al. [2013](#page-13-0); Scarpace et al. [2000a](#page-14-0)). Comparison of young and aged individuals showed a decrease in mRNA, and serum leptin was observed after fasting at all ages (Scarpace and Tumer [2001](#page-14-0); Li et al. [1998\)](#page-14-0); however, the magnitude of this decrease is blunted with age (Li et al. [1998](#page-14-0)). Indeed,

23 Page 6 of 18 AGE (2016) 38: 23

studies on resistance to leptin administration revealed that old rats (30 months of age) with elevated adiposity presented threefold greater endogenous serum leptin levels than young individuals (6 months of age) (Scarpace and Tumer [2001](#page-14-0); Scarpace et al. [2000a](#page-14-0)). Scarpace et al. (2000) has shown that 7 days of subcutaneous leptin administration increased its serum levels and diminished food intake with greater significance for young rats (Scarpace et al. [2000a\)](#page-14-0), leading to the conclusion that older individuals are resistant to the effects of leptin (Scarpace et al. [2000a\)](#page-14-0). Conversely, recent work demonstrated that in old non-obese and calorierestricted rats, 7 days of intra-cerebroventricular leptin infusion efficiently decreased food intake (Petervari et al. [2014\)](#page-14-0). Petervari et al. (2014) suggested that ageing per se does not promote leptin resistance development; rather, early appearance of obesity leads to the progressive loss of the hypermetabolic effects of leptin (Petervari et al. [2014](#page-14-0)).

Typically, obesity is associated with increased circulating leptin concentrations (Ahima and Flier [2000\)](#page-14-0). Obese individuals exhibit leptin resistance, and its elevated concentrations fail to control hunger and body weight (My
2% of all cigarettes consumed in England are consumed by those with mental illness, although this includes substance use disorders[.4](#page-6-3) Additionally, while cigarette consumption in the general population has shown a sustained decrease over the past 20 years, consumption among smokers with mental illness has remained relatively unchanged[.1](#page-6-0) There is therefore a pressing need to understand the mechanisms underlying the high rate of smoking in people with mental illness. Here, we focus specifically on the relationship between cigarette smoking and depression and anxiety.

Currently, there are several hypotheses that have been proposed to explain the high rates of smoking in people with depression and anxiety. The self-medication hypothesis postulates that individuals turn to smoking to alleviate their symptoms[5–7](#page-6-4) and therefore suggests that symptoms of depression and anxiety may lead to smoking. An alternative hypothesis is that smoking may lead to depression or anxiety, through effects on an individual's neurocircuitry that increases susceptibility to environmental stressors. Animal models indicate that prolonged nicotine exposure dysregulates the hypothalamic–pituitary–adrenal system, resulting in hypersecretion of cortisol and alterations in the activity of the associated monoamine neurotransmitter system, whose function is to regulate reactions to stressors,[8](#page-6-5) an effect that appears to normalize after nicotine withdrawal.[9](#page-6-6) The association between smoking and depression/anxiety may also be bidirectional, with occasional smoking initially used to alleviate symptoms, but in fact worsening them over time.[10](#page-6-7) Finally, there may in fact be no causal relationship between smoking and depression/anxiety. Instead, the association may be a product of shared risk factors (eg, common genetic influences[\)10,](#page-6-7)[11](#page-6-8) or confounding. Smokers may also report that cigarettes alleviate their symptoms due to the misattribution of withdrawal relief. Given the short half-life of nicotine that results in withdrawal symptoms (including mood symptoms) after a short period of abstinence, smokers may misattribute the relief of short-term withdrawal as reflecting a genuine anxiolytic effect of smoking[.7](#page-6-9) That is, withdrawal symptoms of increased anxiety and negative affect may be misattributed as reflecting genuine mood symptoms, which would lead to the impression that smoking improves mood.

We are therefore presented with multiple different hypotheses regarding whether there is a causal relationship between smoking and depression/anxiety and if so, what the direction of caus
sleep apnea. Obstructive sleep apnea is as prevalent as 29–67% in patients with insomnia [\[31\]](#page-11-0), but it was not objectively diagnosed in our study, so the validity of our assessment of sleep apnea must be considered questionable.

The repetitive assessment of time-variant variables, including sleep disturbance that was interviewer-assessed using a valid sleep scale, are notable strengths of our study. However, some limitations must also be mentioned. The JSS-4 is an efficient and brief preliminary screening instrument for sleep disturbance, but it is unable to cover the entire spectrum of sleep disorders, including a formal diagnosis of insomnia and daytime sleepiness [\[32\]](#page-11-0). The results of our study may not be generalizable to the larger population of patients with ACS. We studied a fairly well-educated, predominantly male sample with low comorbidity, originally recruited for an intervention trial on the basis of a high level of perceived distress during ACS; the latter may have influenced the prevalence, although less likely the course of sleep disturbance after ACS. Moreover, as this was a secondary analysis of data collected for a randomized controlled trial to prevent the development of ACS-induces posttraumatic stress, there was no a priori power analysis for sleep disturbances as the outcome variable. Therefore, we are unable to justify the sample size of 180 patients for this ancillary sleep study on formal statistical grounds. Depression history was not verified by a diagnosis of lifetime depression made by a health professional. We did not include a non-ACS control group, so a direct comparison of the prevalence of sleep disturbance and its determinants that are non-ACS specific was not possible. We did not perform polysomnography to assess sleep parameters objectively, which would have allowed for a comprehensive assessment of different sleep dimensions, including total sleep time, wake after sleep onset, and sleep efficiency. However, in agreement with our findings, previous studies applying polysomnography in patients with ACS found that disturbed objective sleep may improve within 6 months after ACS [[1](#page-9-0)].

### **Conclusions**

The results of our study support the sparse literature based on cross-sectional studies showing that in patients with ACS, sleep disturbance is common and most severe in the days after ACS <span id=""page-9-0""></span>with a decrease in the following three months. Female sex, history of depression, and increased fear of dying and helplessness during ACS are independently associated with greater sleep disturbance and thus may help to identify patients at risk for developing poor sleep in the first year after A
1.95 days                                                                                | 11             | 0.4%                                | 150 |
| Dietary protein<br>Dietary fat<br>Dietary carbohydrate    | Meddens et al. GWAS [17]           | 268 922<br>268 922<br>268 922 | 102 kcalc<br>270 kcalc<br>334 kcalc                                                      | 7<br>5<br>12   | 0.2% 58.2<br>0.2% 95.6<br>0.2% 41.2 |     |

a Derived from smoking status (current, former, never), age at initiation in years, age at cessation in years and number of cigarettes smoked per day. <sup>b</sup> Use in reverse MR of RA's effect on education. <sup>c</sup> One S.D. increase in the context of mean total energy intake of 2064 kcal. Dietary components as percentage of total energy intake measured using the food frequency questionnaire. GWAS: genome-wide association study; n/a: effect allele frequency not available for RA to allow estimation of r <sup>2</sup> and F-statistic; SNP: single nucleotide polymorphism.

<span id=""page-2-0""></span>'lifetime smoking exposure' in a GWAS of 462 690 participants of European ancestry in the UK Biobank. The mean value of lifetime smoking score was 0.359 (S.D. 0.694). Rather than using binary smoking status, which may present methodological challenges [\[18\]](#page-7-0), the smoking index takes into account smoking status (current/former/never), and exposure (duration/heaviness/cessation) among ever smokers, i.e. (1 – 0.5smoking-duration/half-life) (0.5time-since-cessation/half-life)ln(cigarettes per day þ 1). This GWAS has been described in detail [[12](#page-7-0)]. The index ranged from 0.007 (1 cigarette per day for 1 year) to 4.169 (currently smoking 140 a day and starting from age 11); one S.D. increase in the smoking index is equivalent to, for example
, the lower consumption rate for female smokers than for men (see Table 3) could lead to less pronounced declines in quality-of-life outcomes among female smokers because of lower lifetime exposure levels.

Age differences in the number of cigarettes smoked are also of interest, since these may lead to lower RRs of poor health for elderly smokers compared with estimates obtained from younger populations. However, the age differences in the number smoked may result from a number of factors. First, mortal-

ity among heavy smokers tends to be relatively high, and those who smoke less are more likely to survive to old age. Second, elderly smokers may cut down on consumption rates, since the cost of cigarettes would represent a larger proportion of disposable income than for younger age groups. Third, elderly smokers may more likely experience symptoms of the negative effects of smoking on health, and greater sensitivity to the consequences of smoking may motivate older individuals to lower their consumption levels.

Arguments for the expected benefits of smoking from the perspective of the individual have typically included quality-of-life outcomes, such as enhanced relaxation; reduced anxiety, boredom and depression; maintenance of autonomy; and improved concentration.39-42 However, the associations of smoking with such quality-of-life outcomes among older populations have not been investigated quantitatively. Results from this study indicate that elderly male smokers had a higher risk for high life stress, and that elderly female smokers had a higher risk for unhappiness and dissatisfaction with social relationships than those who had never smoked. Stephens<sup>24</sup> found similar evidence of a possible association between a number of health practices (including not smoking) and emotional health among elderly respondents to the 1978-1979 Canada Health Survey. Despite the limitations of the cross-sectional GSS and NADS data, the results shown in Tables 5 and 6 contradict the notion that smoking has positive effects on quality of life among older persons. Instead, the results suggest two possible patterns: (1) smoking leads to negative quality-of-life outcomes for the elderly; or (2) elderly individuals who have a low quality of life are more likely to continue to smoke. In both cases one might argue that encouraging cessation among elderly smokers would be useful.

Although the ORs for negative health outcomes among elderly smokers are less pronounced than those reported for younger populations, 6,10,14,21,22,27,43 smoking among elderly respondents in this study was associated with poor self-rated health and respiratory problems. Our evidence implies that elderly smokers may be more likely to experience trouble walking and climbing stairs and to use analgesic, central nervous system,

This is a two-sample MR study with no sample overlap. The sources of summary statistics are from the cohorts of the UK Biobank, 23andMe, and iPSYCH, which avoids the ambiguous definition caused by summarizing multiple research data. We did an effort to exclude the effect of weak instrumental variables on the study results because many SNPs were potentially pleiotropic. Multiple sensitivity analyses validated the robustness of the results. This study still has some limitations. First, further studies are required to estimate a direct causal effect of insomnia on anxiety because this two-sample MR analysis only provides an estimate of the putative causal effect. Second, the quality of MR studies depended on the quality of the selected GWAS. It was unable to address the biases existing in the summary statistics from GWAS, such as misclassification of cases, insufficient adjustment factors, and

<span id=""page-5-0""></span>methodological mistakes. Third, we did not explore reverse causality about the causal effect of anxiety on insomnia, short sleep, and long sleep. This was because the number of SNPs currently found to be genome-wide associated with anxiety was insufficient (*P <* 5 × 10<sup>−</sup> <sup>8</sup> ). Forth, this is not a multi-racial MR study. Our conclusions were based on European ancestry and could not be generalizable to other populations. Fifth, sleep duration was divided into short sleep and long sleep. We did not assess the causal effect of linear changes in sleep duration on anxiety. Sixth, nap, sleep apnea, and changes in sleep rhythm would be a meaningful direction for the management of anxiety.

In conclusion, we found strong evidence that insomnia but not short sleep and long sleep has a causal effect on anxiety. In the future, the characteristics of insomnia should be incorporated into anxiety prevention and intervention strategies, which have important public health significance.

#### **Author's contribution**

FZ conceived the study. SL provided suggestions for the methods of analysis. FZ acquired and analyzed the data. FZ and SL wrote the draft of the paper. HX revised the draft. SL and HX were the correspondence authors in this study. All authors contributed to writing, reviewing, or revising the paper.## Communities:

### Smoking and Sleep Disturbance Community
### Summary
This community is centered around the relationship between smoking and sleep disturbance. The entities within this community are Smoking and Sleep Disturbance, which are related through various associations, causal relationships, and correlations. The community's structure is characterized by a complex web of relationships between these two entities, with smoking being a causal factor for sleep disturbance and sleep disturbance being a consequence of smoking.
### Key Findings
Smoking is a causal factor for sleep disturbance.: Smoking is a causal factor for sleep disturbance, as nicotine can disrupt sleep patterns and lead to sleep disorders. This is supported by the various relationships between smoking and sleep disturbance, including causal associations, correlations, and associations. For example, smoking can cause sleep disturbance, and sleep disturbance can be a consequence of smoking. Additionally, smoking is associated with higher levels of sleep disturbance, and sleep disturbance is often related to smoking due to the impact of substance use on sleep quality.
Sleep disturbance is a consequence of smoking.: Sleep disturbance is a consequence of smoking, as smoking can disrupt sleep patterns and lead to sleep disorders. This is supported by the various relationships between smoking and sleep disturbance, including causal associations, correlations, and associations. For example, smoking can cause sleep disturbance, and sleep disturbance can be a consequence of smoking. Additionally, smoking is associated with higher levels of sleep disturbance, and sleep disturbance is often related to smoking due to the impact of substance use on sleep quality.
Smoking is associated with a higher comorbidity index (CCI).: Smoking is associated with a higher comorbidity index (CCI), as it can increase the risk of various health problems. This is supported by the relationships between smoking and CCI, including causal associations, correlations, and associations. For example, smoking can cause a higher CCI, and a higher CCI is often related to smoking due to the impact of smoking on health outcomes.
Sleep disturbance is often related to smoking due to the impact of substance use on sleep quality.: Sleep disturbance is often related to smoking due to the impact of substance use on sleep quality. This is supported by the relationships between smoking and sleep disturbance, including causal associations, correlations, and associations. For example, smoking can cause sleep disturbance, and sleep disturbance can be a consequence of smoking. Additionally, smoking is associated with higher levels of sleep disturbance, and sleep disturbance is often related to smoking due to the impact of substance use on sleep quality.
Smoking can disrupt sleep patterns and lead to sleep disorders.: Smoking can disrupt sleep patterns and lead to sleep disorders, as nicotine can affect the brain's ability to regulate sleep-wake cycles. This is supported by the relationships between smoking and sleep disturbance, including causal associations, correlations, and associations. For example, smoking can cause sleep disturbance, and sleep disturbance can be a consequence of smoking. Additionally, smoking is associated with higher levels of sleep disturbance, and sleep disturbance is often related to smoking due to the impact of substance use on sleep quality.
Sleep disturbance is a significant risk factor for smoking.: Sleep disturbance is a significant risk factor for smoking, as individuals who experience sleep disturbance are more likely to smoke. This is supported by the relationships between smoking and sleep disturbance, including causal associations, correlations, and associations. For example, smoking can cause sleep disturbance, and sleep disturbance can be a consequence of smoking. Additionally, smoking is associated with higher levels of sleep disturbance, and sleep disturbance is often related to smoking due to the impact of substance use on sleep quality.
Smoking is associated with higher levels of sleep disturbance.: Smoking is associated with higher levels of sleep disturbance, as nicotine can disrupt sleep patterns and lead to sleep disorders. This is supported by the relationships between smoking and sleep disturbance, including causal associations, correlations, and associations. For example, smoking can cause sleep disturbance, and sleep disturbance can be a consequence of smoking. Additionally, smoking is associated with higher levels of sleep disturbance, and sleep disturbance is often related to smoking due to the impact of substance use on sleep quality.
Sleep disturbance is often related to smoking due to the impact of substance use on sleep quality.: Sleep disturbance is often related to smoking due to the impact of substance use on sleep quality. This is supported by the relationships between smoking and sleep disturbance, including causal associations, correlations, and associations. For example, smoking can cause sleep disturbance, and sleep disturbance can be a consequence of smoking. Additionally, smoking is associated with higher levels of sleep disturbance, and sleep disturbance is often related to smoking due to the impact of substance use on sleep quality.
Smoking can increase the risk of various health problems.: Smoking can increase the risk of various health problems, including cardiovascular disease, respiratory problems, and cancer. This is supported by the relationships between smoking and CCI, including causal associations, correlations, and associations. For example, smoking can cause a higher CCI, and a higher CCI is often related to smoking due to the impact of smoking on health outcomes.
Sleep disturbance is a consequence of smoking.: Sleep disturbance is a consequence of smoking, as smoking can disrupt sleep patterns and lead to sleep disorders. This is supported by the relationships between smoking and sleep disturbance, including causal associations, correlations, and associations. For example, smoking can cause sleep disturbance, and sleep disturbance can be a consequence of smoking. Additionally, smoking is associated with higher levels of sleep disturbance, and sleep disturbance is often related to smoking due to the impact of substance use on sleep quality.
### Impact Rating: 8.5
The high impact severity rating is due to the strong causal relationship between smoking and sleep disturbance, as well as the potential long-term consequences of smoking on overall health.

### Depression and Anxiety Community
### Summary
This community is centered around the relationship between depression and anxiety, with a focus on the affective and cognitive manifestations of depression and anxiety. The community is composed of two main entities: Promis Depression and Promis Anxiety. These entities are related to each other through various relationships, including causation, correlation, association, and influence.
### Key Findings
Depression and anxiety are closely related mental health conditions.: Depression and anxiety are often comorbid, with individuals with depression being more likely to experience anxiety. This relationship is supported by various studies and is a key aspect of the community. The relationship between depression and anxiety is complex and multifaceted, with both conditions influencing each other. Depression can contribute to anxiety, and anxiety can exacerbate depression. This co-occurrence can lead to a range of negative outcomes, including decreased quality of life and increased risk of comorbidities.
The PROMIS depression and anxiety measures are related to mental health and well-being.: The Patient-Reported Outcomes Measurement Information System (PROMIS) is a tool used to measure various aspects of mental health, including depression and anxiety. The PROMIS depression and anxiety measures are related to each other, as both are associated with mental health and well-being. This relationship is supported by research and highlights the importance of considering both depression and anxiety when assessing mental health.
Depression and anxiety often co-occur due to shared underlying factors.: Depression and anxiety often co-occur due to shared underlying factors, such as stress, trauma, and genetics. This co-occurrence can lead to a range of negative outcomes, including decreased quality of life and increased risk of comorbidities. Understanding the underlying factors that contribute to the co-occurrence of depression and anxiety is essential for developing effective treatment strategies.
There is a positive correlation between PROMIS depression and PROMIS anxiety.: Research has shown that there is a positive correlation between PROMIS depression and PROMIS anxiety. This means that individuals with higher PROMIS depression scores tend to have higher PROMIS anxiety scores. This correlation highlights the importance of considering both depression and anxiety when assessing mental health.
Depression and anxiety can overlap.: Depression and anxiety can overlap, with individuals experiencing symptoms of both conditions simultaneously. This overlap can lead to a range of negative outcomes, including decreased quality of life and increased risk of comorbidities. Understanding the overlap between depression and anxiety is essential for developing effective treatment strategies.
Depression and anxiety are related mental health conditions.: Depression and anxiety are related mental health conditions that can manifest together in an individual. This relationship is supported by research and highlights the importance of considering both depression and anxiety when assessing mental health.
Depression and anxiety often co-occur due to various factors.: Depression and anxiety often co-occur due to various factors, including shared underlying causes, comorbidities, and exacerbation of symptoms. This co-occurrence can lead to a range of negative outcomes, including decreased quality of life and increased risk of comorbidities. Understanding the factors that contribute to the co-occurrence of depression and anxiety is essential for developing effective treatment strategies.
The relationship between depression and anxiety is complex and multifaceted.: The relationship between depression and anxiety is complex and multifaceted, with both conditions influencing each other. Depression can contribute to anxiety, and anxiety can exacerbate depression. This co-occurrence can lead to a range of negative outcomes, including decreased quality of life and increased risk of comorbidities.
Depression and anxiety are often associated with each other.: Depression and anxiety are often associated with each other, with individuals with depression being more likely to experience anxiety. This association is supported by research and highlights the importance of considering both depression and anxiety when assessing mental health.
Depression and anxiety can be related to each other through various relationships.: Depression and anxiety can be related to each other through various relationships, including causation, correlation, association, and influence. This relationship is supported by research and highlights the importance of considering both depression and anxiety when assessing mental health.
### Impact Rating: 8.5
The high impact severity rating is due to the strong relationships between depression and anxiety, as well as the potential for comorbidity and exacerbation of symptoms.

## Relationships:

(Sleep Disturbance: Assess self-reported perceptions of sleep quality, sleep depth, and restoration associated with sleep. The score is a summary score on the general perception of sleep quality)--[CAUSATION: Sleep disturbance is associated with depression, as poor sleep quality can contribute to depressive symptoms.]-->(Promis Depression: Affects the affective and cognitive manifestations of depression)
(Promis Depression: Affects the affective and cognitive manifestations of depression)--[CAUSAL: PROMIS depression is a causal factor of sleep disturbance as depression can worsen sleep quality]-->(Sleep Disturbance: Assess self-reported perceptions of sleep quality, sleep depth, and restoration associated with sleep. The score is a summary score on the general perception of sleep quality)
(Sleep Disturbance: Assess self-reported perceptions of sleep quality, sleep depth, and restoration associated with sleep. The score is a summary score on the general perception of sleep quality)--[AFFECTS: Sleep disturbance can lead to depression due to various psychological factors.]-->(Promis Depression: Affects the affective and cognitive manifestations of depression)
(Sleep Disturbance: Assess self-reported perceptions of sleep quality, sleep depth, and restoration associated with sleep. The score is a summary score on the general perception of sleep quality)--[CONTRIBUTES: Sleep disturbance can contribute to PROMIS depression due to the impact of sleep deprivation on mental health]-->(Promis Depression: Affects the affective and cognitive manifestations of depression)
(Sleep Disturbance: Assess self-reported perceptions of sleep quality, sleep depth, and restoration associated with sleep. The score is a summary score on the general perception of sleep quality)--[AFFECTS: Sleep disturbances can affect the manifestation of depression]-->(Promis Depression: Affects the affective and cognitive manifestations of depression)
(Promis Depression: Affects the affective and cognitive manifestations of depression)--[INFLUENCES: Depression can influence sleep disturbances.]-->(Sleep Disturbance: Assess self-reported perceptions of sleep quality, sleep depth, and restoration associated with sleep. The score is a summary score on the general perception of sleep quality)
(Sleep Disturbance: Assess self-reported perceptions of sleep quality, sleep depth, and restoration associated with sleep. The score is a summary score on the general perception of sleep quality)--[CAUSES: Sleep disturbance can cause depression, as poor sleep quality and duration can contribute to the development of depressive symptoms.]-->(Promis Depression: Affects the affective and cognitive manifestations of depression)
(Sleep Disturbance: Assess self-reported perceptions of sleep quality, sleep depth, and restoration associated with sleep. The score is a summary score on the general perception of sleep quality)--[CAUSAL_EFFECT: Sleep disturbance can affect depression.]-->(Promis Depression: Affects the affective and cognitive manifestations of depression)
(Sleep Disturbance: Assess self-reported perceptions of sleep quality, sleep depth, and restoration associated with sleep. The score is a summary score on the general perception of sleep quality)--[PREDISPOSES: Poor sleep quality is a risk factor for depression, as measured by the PROMIS depression scale.]-->(Promis Depression: Affects the affective and cognitive manifestations of depression)
(Sleep Disturbance: Assess self-reported perceptions of sleep quality, sleep depth, and restoration associated with sleep. The score is a summary score on the general perception of sleep quality)--[CONTRIBUTES_TO: Sleep disturbance can contribute to depression due to the negative impact on mental health.]-->(Promis Depression: Affects the affective and cognitive manifestations of depression)
(Sleep Disturbance: Assess self-reported perceptions of sleep quality, sleep depth, and restoration associated with sleep. The score is a summary score on the general perception of sleep quality)--[CORRELATED_WITH: Sleep disturbance is correlated with PROMIS depression, as both measures are related to mental health.]-->(Promis Depression: Affects the affective and cognitive manifestations of depression)
(Sleep Disturbance: Assess self-reported perceptions of sleep quality, sleep depth, and restoration associated with sleep. The score is a summary score on the general perception of sleep quality)--[CAUSAL: Sleep disturbance can cause PROMIS depression, as individuals who experience sleep disturbances are more likely to experience depression.]-->(Promis Depression: Affects the affective and cognitive manifestations of depression)
(Promis Depression: Affects the affective and cognitive manifestations of depression)--[CAUSATION: Depression can cause sleep disturbance.]-->(Sleep Disturbance: Assess self-reported perceptions of sleep quality, sleep depth, and restoration associated with sleep. The score is a summary score on the general perception of sleep quality)
(Sleep Disturbance: Assess self-reported perceptions of sleep quality, sleep depth, and restoration associated with sleep. The score is a summary score on the general perception of sleep quality)--[SLEEP_DISTURBANCE_DEPRESSION: Sleep disturbance can contribute to depression, and individuals with higher sleep disturbance scores are more likely to experience depression.]-->(Promis Depression: Affects the affective and cognitive manifestations of depression)
(Promis Depression: Affects the affective and cognitive manifestations of depression)--[DEPRESSION_RELATED_SLEEP_DISTURBANCE: Depression is a significant risk factor for sleep disturbance, with individuals experiencing depression being more likely to experience sleep disturbance.]-->(Sleep Disturbance: Assess self-reported perceptions of sleep quality, sleep depth, and restoration associated with sleep. The score is a summary score on the general perception of sleep quality)
(Promis Depression: Affects the affective and cognitive manifestations of depression)--[CORRELATION: Depression is often correlated with sleep disturbance, as individuals who experience depression are more likely to experience sleep disturbances due to various life events and circumstances.]-->(Sleep Disturbance: Assess self-reported perceptions of sleep quality, sleep depth, and restoration associated with sleep. The score is a summary score on the general perception of sleep quality)
(Promis Depression: Affects the affective and cognitive manifestations of depression)--[AFFECTS: Depression can affect sleep quality, leading to sleep disturbance.]-->(Sleep Disturbance: Assess self-reported perceptions of sleep quality, sleep depth, and restoration associated with sleep. The score is a summary score on the general perception of sleep quality)
(Sleep Disturbance: Assess self-reported perceptions of sleep quality, sleep depth, and restoration associated with sleep. The score is a summary score on the general perception of sleep quality)--[PREDICTS: Poor sleep quality, sleep depth, and restoration associated with sleep are associated with depression]-->(Promis Depression: Affects the affective and cognitive manifestations of depression)
(Sleep Disturbance: Assess self-reported perceptions of sleep quality, sleep depth, and restoration associated with sleep. The score is a summary score on the general perception of sleep quality)--[ASSOCIATED_WITH: Sleep disturbance is associated with PROMIS depression, as decreased sleep quality and duration may be related to increased depression]-->(Promis Depression: Affects the affective and cognitive manifestations of depression)
(Promis Depression: Affects the affective and cognitive manifestations of depression)--[IS_ASSOCIATED_WITH: PROMIS depression is related to sleep disturbance, as depression can lead to sleep disturbances]-->(Sleep Disturbance: Assess self-reported perceptions of sleep quality, sleep depth, and restoration associated with sleep. The score is a summary score on the general perception of sleep quality)
(Promis Depression: Affects the affective and cognitive manifestations of depression)--[CO-MORBIDITY: There is a known co-morbidity between depression and sleep disturbance, with individuals experiencing depression being more likely to also experience sleep disturbance.]-->(Sleep Disturbance: Assess self-reported perceptions of sleep quality, sleep depth, and restoration associated with sleep. The score is a summary score on the general perception of sleep quality)
(Promis Depression: Affects the affective and cognitive manifestations of depression)--[IS_ASSOCIATED_WITH: Depression can lead to sleep disturbance, as low mood and lack of motivation can disrupt sleep patterns.]-->(Sleep Disturbance: Assess self-reported perceptions of sleep quality, sleep depth, and restoration associated with sleep. The score is a summary score on the general perception of sleep quality)
(Sleep Disturbance: Assess self-reported perceptions of sleep quality, sleep depth, and restoration associated with sleep. The score is a summary score on the general perception of sleep quality)--[RELATED: Sleep disturbance is related to PROMIS depression as both are affected by chronic low back pain.]-->(Promis Depression: Affects the affective and cognitive manifestations of depression)
(Sleep Disturbance: Assess self-reported perceptions of sleep quality, sleep depth, and restoration associated with sleep. The score is a summary score on the general perception of sleep quality)--[AFFECTS: Sleep disturbance is a factor that can affect depression, as sleep problems are associated with more depression]-->(Promis Depression: Affects the affective and cognitive manifestations of depression)
",,,False,
Depression,PEG,True,"Reasoning Process:
Step 1: To determine if there is a causal relationship between Depression and PEG, we need to examine the relationships between Depression and PEG, as well as any intermediate variables that may be involved.
Step 2: The Depression and Anxiety Community reports that Depression is a mental health disorder characterized by persistent feelings of sadness, hopelessness, and loss of interest in activities, which can be exacerbated by pain and pain-related disability. This suggests that Depression can have an impact on physical health, including pain.
Step 3: The Smoking and Sleep Disturbance Community reports that smoking can disrupt sleep patterns and lead to sleep disorders, which can be exacerbated by pain and pain-related disability. This suggests that smoking can have an impact on physical health, including pain.
Step 4: The report on Alcohol Use and Depression also suggests that individuals with depression and/or anxiety are more likely to suffer from poor physical health, high rates of obesity and smoking. This suggests that depression can have an impact on physical health, including pain.
Step 5: The report on Depression and Anxiety also suggests that depression and anxiety can overlap, with individuals experiencing symptoms of both conditions simultaneously. This suggests that depression can have an impact on physical health, including pain.
Step 6: The report on Depression and Anxiety also suggests that depression and anxiety can be related to each other through various relationships, including causation, correlation, association, and influence. This suggests that depression can have an impact on physical health, including pain.
Step 7: The report on Depression and Anxiety also suggests that depression and anxiety can be related to PEG through various relationships, including causation, correlation, association, and influence. This suggests that depression can have an impact on PEG.
Step 8: However, the report on Depression and Anxiety also suggests that the relationship between depression and anxiety is complex and multifaceted, with both conditions influencing each other. This suggests that the relationship between depression and PEG may also be complex and multifaceted.
Step 9: The report on Depression and Anxiety also suggests that depression and anxiety can be related to PEG through various intermediate variables, including pain and pain-related disability. This suggests that depression can have an impact on PEG through these intermediate variables.
Step 10: Based on the information provided, it appears that there is a causal relationship between Depression and PEG, with depression temporally preceding and influencing PEG in a way consistent with a directional causal link.

Conclusion: Yes","# Report:
## Chunks:

including selfconsciousness, anger, emotional instability and irritability [[41](#page-6-27)]. In the past few decades, observational studies suggested that neuroticism might be a risk factor for CAD. A cohort study of a Swedish population found that high neuroticism was associated with an increased risk of CAD (OR1.2, 95%CI 1.1e1.3) [[14\]](#page-6-0). Similarly, in a 21-year prospective cohort study, researchers found that after controlling for multiple risk factors, neuroticism was still associated with increased CAD mortality (HR, 1.12; 95% CI, 1.03e1.21) [\[6](#page-5-11)]. This study also pointed out that neuroticism might mediate death from cardiovascular disease through health behavior, socio-demographics, and physiological factors. However, in a prospective study that included 308,721 participants that were followed up for an average of 6.2 years, there was no evidence to prove the association between neuroticism and CAD mortality [[42\]](#page-6-28). In addition, neuroticism might be a protective factor for CAD in some cases. The UK Health and Lifestyle Survey found that women of high socioeconomic status with high neuroticism were significantly associated with a decreased risk of CVD mortality (HR, 0.61; 95% CI, 0.38e0.97) [[43](#page-6-29)]. Our MR analyses found that neuroticism was unlikely to be a risk factor for CAD in patients with diabetes. Thus, the positive results obtained in previous observational studies might be due to the interference of confounding factors. (i.e., BMI, smoking and diet).

GWAS involves the testing of genetic variants among the genomes of multiple individuals to identify genotypeephenotype associations [[44](#page-6-30)]. In the past decade, GWAS has revolutionized the field of complex disease genetics, yielding abundant convincing associations for human complex traits and diseases [\[45](#page-6-31)]. For diabetes, GWAS has generated new insights into biological mechanisms that have accelerated clinical translation and started to show good prospects in population risk stratification [[46\]](#page-6-32). Furthermore, GWAS could advance personalized medicine in diabetes, such as risk prediction and optimization of therapies based on the genotype [\[47](#page-6-3
2% of all cigarettes consumed in England are consumed by those with mental illness, although this includes substance use disorders[.4](#page-6-3) Additionally, while cigarette consumption in the general population has shown a sustained decrease over the past 20 years, consumption among smokers with mental illness has remained relatively unchanged[.1](#page-6-0) There is therefore a pressing need to understand the mechanisms underlying the high rate of smoking in people with mental illness. Here, we focus specifically on the relationship between cigarette smoking and depression and anxiety.

Currently, there are several hypotheses that have been proposed to explain the high rates of smoking in people with depression and anxiety. The self-medication hypothesis postulates that individuals turn to smoking to alleviate their symptoms[5–7](#page-6-4) and therefore suggests that symptoms of depression and anxiety may lead to smoking. An alternative hypothesis is that smoking may lead to depression or anxiety, through effects on an individual's neurocircuitry that increases susceptibility to environmental stressors. Animal models indicate that prolonged nicotine exposure dysregulates the hypothalamic–pituitary–adrenal system, resulting in hypersecretion of cortisol and alterations in the activity of the associated monoamine neurotransmitter system, whose function is to regulate reactions to stressors,[8](#page-6-5) an effect that appears to normalize after nicotine withdrawal.[9](#page-6-6) The association between smoking and depression/anxiety may also be bidirectional, with occasional smoking initially used to alleviate symptoms, but in fact worsening them over time.[10](#page-6-7) Finally, there may in fact be no causal relationship between smoking and depression/anxiety. Instead, the association may be a product of shared risk factors (eg, common genetic influences[\)10,](#page-6-7)[11](#page-6-8) or confounding. Smokers may also report that cigarettes alleviate their symptoms due to the misattribution of withdrawal relief. Given the short half-life of nicotine that results in withdrawal symptoms (including mood symptoms) after a short period of abstinence, smokers may misattribute the relief of short-term withdrawal as reflecting a genuine anxiolytic effect of smoking[.7](#page-6-9) That is, withdrawal symptoms of increased anxiety and negative affect may be misattributed as reflecting genuine mood symptoms, which would lead to the impression that smoking improves mood.

We are therefore presented with multiple different hypotheses regarding whether there is a causal relationship between smoking and depression/anxiety and if so, what the direction of caus
<s> [published: 19 October 2020](https://www.frontiersin.org/journals/genetics#editorial-board) [doi: 10.3389/fgene.2020.585351](https://doi.org/10.3389/fgene.2020.585351)

# [Alcohol Use and Depression:](https://www.frontiersin.org/articles/10.3389/fgene.2020.585351/full) [A Mendelian Randomization Study](https://www.frontiersin.org/articles/10.3389/fgene.2020.585351/full) [From China](https://www.frontiersin.org/articles/10.3389/fgene.2020.585351/full)

*Chen Zhu1,2,3 , Qihui Chen1,3 , Wei Si1,3 , Yingxiang Li4 , Gang Chen4,5 and Qiran Zhao1,3 \**

*1College of Economics and Management, China Agricultural University, Beijing, China, 2Beijing Food Safety Policy and Strategy Research Base, Beijing, China, 3China Center for Genoeconomic Studies (CCGS), Beijing, China, 4WeGene, Shenzhen, China, 5Hunan Provincial Key Lab on Bioinformatics, School of Computer Science and Engineering, Central South University, Changsha, China*

Background: Alcohol use has been linked to a number of physical conditions, but the relationship between alcohol drinking and depression, one of the most common mental disorders that is a significant contributor to the global burden of disease, is still under debate. We aim to help fill the literature gap on the causal effect of alcohol use on depression by using genetic instruments of *ALDH2* rs671 and *ADH1B* rs1229984 in the Mendelian randomization (MR) framework.

Materials and Methods: We collected a sample of 476 middle-aged and older adults from mainland China. The 10-item Center for Epidemiologic Studies Depression Scale (CESD-10) was used to measure the status of depression. The frequency and intensity of alcohol consumption were measured by (1) a binary indicator of drinking or not, (2) the total number of drinking occasions during the past 30 days, and (
for assessing the possible effect of unobserved confounders using sensitivity analysis. 42 No study in this review applied this technique. Another requirement for making causal inferences is to address the issue of temporality. 16,58 In this review, 59% of the models were cross-sectional, and even within the small proportion of available longitudinal models, it was difficult to ascertain whether the change in the exposure preceded the mediator or whether the change in the mediator preceded the outcome. Temporal precedence and adjustment for confounding variables are critical methodological concepts for causal inference in mediation studies. Therefore, we suggest that the items for temporality (items 5 and 6) and confounding (item 7) are given more weight. In general, the findings of our quality assessment suggest that the application of mediation analysis in musculoskeletal pain research is still in its early stages. Future studies should apply careful consideration to the design and analysis of mediation studies to ensure that they report unbiased estimates.

Our review suggests that catastrophizing may not explain the development of disability from LBP and neck pain. However, experimental mediation studies have suggested that catastrophizing mediates the effect of behavioural and physical treatments on disability. Mansell et al.<sup>57</sup> included seven studies that applied mediation analysis to clinical trials of psychological interventions that aimed to reduce disability in patients with musculoskeletal pain. They found that catastrophizing significantly mediated treatment effects in all studies. Wertli et al.81 reported mixed results for catastrophizing as a potential mediator of treatment effects on disability in people with LBP. This discrepancy between the findings from experimental and observational mediation studies reflects the difference in the relationship (path a) between the exposure (treatment allocation vs pain) and the mediator. Indeed, experimental and observational mediation studies have distinct purposes. Although catastrophizing may mediate treatment effects, it seems that catastrophizing may not explain the development of disability in the context of the clinical course of LBP and neck pain.

In recent years, the fear avoidance model<sup>51,77</sup> has been criticised for the lack of empirical evidence to support the

sequential paths outlined by the model. 6,82 Simply, the model posits a sequence of cognitive processes whereby pain triggers an early catastrophizing response that leads to an increase in fear, that then leads to depression and disability. 51,77 However, the time sequences between the key intermediate variables of the model are not well defined. From a reductionistic perspective, it is widely accepted that the evidence supports separated components of the model. For example,
                                    |                    |                                 |                                     |
| 40–64 years                    | 309                | 32·1%                           | 1·92%                               | 600                | 62·8%                           | 2·45%                               |
|                                | (209 to 483)       | (21·7 to 50·1)                  | (–3·90 to 9·21)                     | (497 to 735)       | (52·0 to 76·9)                  | (–3·26 to 9·04)                     |
| ≥65 years                      | 31·4               | 5·73%                           | 0·852%                              | 142                | 39·1%                           | 0·980%                              |
|                                | (10·3 to 77·9)     | (1·88 to 14·2)                  | (–2·00 to 3·55)                     | (101 to 204)       | (27·7 to 56·1)                  | (–3·64 to 6·44)                     |
| Slovenia                       |                    |                                 |                                     |                    |                                 |                                     |
| 15–39 years                    | 151                | 54·0%                           | –5·61%                              | 234                | 77·4%                           | –3·83%                              |
|                                | (77·7 to 220)      | (27·8 to 78·7)                  | (–17·7 to 8·13)                     | (180 to 265)       | (59·7 to 87·8)                  | (–13·5 to 2·26)                     |
| 40–64 years                    | 68·3               | 18·6%                           | –5·52%                              | 165                | 43·0%                           | –9·03%                              |
|                                | (23·4 to 145)      | (6·37 to 39·6)
physical conditions in vulnerable individuals with depression and/or anxiety.

Findings from our study indicated that individuals with depression and/or anxiety are more likely to suffer from poor physical health, high rates of obesity and smoking. These findings highlight the need for integrating wellness efforts within mental healthcare settings. In addition, emphasis on physical wellness needs to be part of broader efforts to improve mental health [[72](#page-9-0)]. In order to improve both physical and mental health, primary care services need to be integrated within mental health settings (reverse integration). Randomized trials and experimental studies have provided evidence on the beneficial effects of integrated primary care and mental health care for patients with depression and/or anxiety [\[73](#page-9-0)]. In addition to wellness efforts, routine screening for depression and/or anxiety along with co-ordinated mental-health care for those who screen positive for depression and/or anxiety may reduce the risk of chronic physical conditions.

The study had a number of strengths, including nationally representative sample, comprehensive list of independent variables that may affect chronic physical conditions and the ability to analyze the association between depression-anxiety status and a number of chronic physical conditions. We were also able to assess the independent effects of depression only, anxiety only, and comorbid depression and anxiety on risk of chronic conditions. Limitations have to be considered when interpreting the findings of the present study. The study design is retrospective, observational, and crosssectional and therefore cannot establish causal relationships. Study variables are based on self-reported data which might be subject to reporting-bias. As our study assessed the excess risk of chronic physical conditions among nonelderly adults, the study results are not generalizable to <span id=""page-7-0""></span>other age groups. Although we adjusted for a large number of risk factors that may affect presence of chronic conditions, some variables such as family history that could contribute to the excess risk of chronic physical conditions were not available. Finally, our study was not immune to the inherent limitations associated with use of secondary data such as measurement errors, errors in data editing and imputation, sampling and non-sampling errors, reporting errors and interviewer effects.

# **Conclusions**

Despite the limitations, our study has made a unique contribution to the literature by analyzing the independent contribution of depression, anxiety, and comorbid depression and anxiety on the risk of having chronic physical conditions, after controlling for demographic, life-style, and other important risk factors. Our study findings confirmed that even after adjusting for modifiable lifestyle risk factors, depression and/or anxiety made an independent contribution to the excess risk for many chronic physical conditions. Our study findings highlight the need to minimize the burden of depression and anxiety either through better surveillance, monitoring and treatment of these## Communities:

### Smoking and Sleep Disturbance Community
### Summary
This community is centered around the relationship between smoking and sleep disturbance. The entities within this community are Smoking and Sleep Disturbance, which are related through various associations, causal relationships, and correlations. The community's structure is characterized by a complex web of relationships between these two entities, with smoking being a causal factor for sleep disturbance and sleep disturbance being a consequence of smoking.
### Key Findings
Smoking is a causal factor for sleep disturbance.: Smoking is a causal factor for sleep disturbance, as nicotine can disrupt sleep patterns and lead to sleep disorders. This is supported by the various relationships between smoking and sleep disturbance, including causal associations, correlations, and associations. For example, smoking can cause sleep disturbance, and sleep disturbance can be a consequence of smoking. Additionally, smoking is associated with higher levels of sleep disturbance, and sleep disturbance is often related to smoking due to the impact of substance use on sleep quality.
Sleep disturbance is a consequence of smoking.: Sleep disturbance is a consequence of smoking, as smoking can disrupt sleep patterns and lead to sleep disorders. This is supported by the various relationships between smoking and sleep disturbance, including causal associations, correlations, and associations. For example, smoking can cause sleep disturbance, and sleep disturbance can be a consequence of smoking. Additionally, smoking is associated with higher levels of sleep disturbance, and sleep disturbance is often related to smoking due to the impact of substance use on sleep quality.
Smoking is associated with a higher comorbidity index (CCI).: Smoking is associated with a higher comorbidity index (CCI), as it can increase the risk of various health problems. This is supported by the relationships between smoking and CCI, including causal associations, correlations, and associations. For example, smoking can cause a higher CCI, and a higher CCI is often related to smoking due to the impact of smoking on health outcomes.
Sleep disturbance is often related to smoking due to the impact of substance use on sleep quality.: Sleep disturbance is often related to smoking due to the impact of substance use on sleep quality. This is supported by the relationships between smoking and sleep disturbance, including causal associations, correlations, and associations. For example, smoking can cause sleep disturbance, and sleep disturbance can be a consequence of smoking. Additionally, smoking is associated with higher levels of sleep disturbance, and sleep disturbance is often related to smoking due to the impact of substance use on sleep quality.
Smoking can disrupt sleep patterns and lead to sleep disorders.: Smoking can disrupt sleep patterns and lead to sleep disorders, as nicotine can affect the brain's ability to regulate sleep-wake cycles. This is supported by the relationships between smoking and sleep disturbance, including causal associations, correlations, and associations. For example, smoking can cause sleep disturbance, and sleep disturbance can be a consequence of smoking. Additionally, smoking is associated with higher levels of sleep disturbance, and sleep disturbance is often related to smoking due to the impact of substance use on sleep quality.
Sleep disturbance is a significant risk factor for smoking.: Sleep disturbance is a significant risk factor for smoking, as individuals who experience sleep disturbance are more likely to smoke. This is supported by the relationships between smoking and sleep disturbance, including causal associations, correlations, and associations. For example, smoking can cause sleep disturbance, and sleep disturbance can be a consequence of smoking. Additionally, smoking is associated with higher levels of sleep disturbance, and sleep disturbance is often related to smoking due to the impact of substance use on sleep quality.
Smoking is associated with higher levels of sleep disturbance.: Smoking is associated with higher levels of sleep disturbance, as nicotine can disrupt sleep patterns and lead to sleep disorders. This is supported by the relationships between smoking and sleep disturbance, including causal associations, correlations, and associations. For example, smoking can cause sleep disturbance, and sleep disturbance can be a consequence of smoking. Additionally, smoking is associated with higher levels of sleep disturbance, and sleep disturbance is often related to smoking due to the impact of substance use on sleep quality.
Sleep disturbance is often related to smoking due to the impact of substance use on sleep quality.: Sleep disturbance is often related to smoking due to the impact of substance use on sleep quality. This is supported by the relationships between smoking and sleep disturbance, including causal associations, correlations, and associations. For example, smoking can cause sleep disturbance, and sleep disturbance can be a consequence of smoking. Additionally, smoking is associated with higher levels of sleep disturbance, and sleep disturbance is often related to smoking due to the impact of substance use on sleep quality.
Smoking can increase the risk of various health problems.: Smoking can increase the risk of various health problems, including cardiovascular disease, respiratory problems, and cancer. This is supported by the relationships between smoking and CCI, including causal associations, correlations, and associations. For example, smoking can cause a higher CCI, and a higher CCI is often related to smoking due to the impact of smoking on health outcomes.
Sleep disturbance is a consequence of smoking.: Sleep disturbance is a consequence of smoking, as smoking can disrupt sleep patterns and lead to sleep disorders. This is supported by the relationships between smoking and sleep disturbance, including causal associations, correlations, and associations. For example, smoking can cause sleep disturbance, and sleep disturbance can be a consequence of smoking. Additionally, smoking is associated with higher levels of sleep disturbance, and sleep disturbance is often related to smoking due to the impact of substance use on sleep quality.
### Impact Rating: 8.5
The high impact severity rating is due to the strong causal relationship between smoking and sleep disturbance, as well as the potential long-term consequences of smoking on overall health.

### Depression and Anxiety Community
### Summary
This community is centered around the relationship between depression and anxiety, with a focus on the affective and cognitive manifestations of depression and anxiety. The community is composed of two main entities: Promis Depression and Promis Anxiety. These entities are related to each other through various relationships, including causation, correlation, association, and influence.
### Key Findings
Depression and anxiety are closely related mental health conditions.: Depression and anxiety are often comorbid, with individuals with depression being more likely to experience anxiety. This relationship is supported by various studies and is a key aspect of the community. The relationship between depression and anxiety is complex and multifaceted, with both conditions influencing each other. Depression can contribute to anxiety, and anxiety can exacerbate depression. This co-occurrence can lead to a range of negative outcomes, including decreased quality of life and increased risk of comorbidities.
The PROMIS depression and anxiety measures are related to mental health and well-being.: The Patient-Reported Outcomes Measurement Information System (PROMIS) is a tool used to measure various aspects of mental health, including depression and anxiety. The PROMIS depression and anxiety measures are related to each other, as both are associated with mental health and well-being. This relationship is supported by research and highlights the importance of considering both depression and anxiety when assessing mental health.
Depression and anxiety often co-occur due to shared underlying factors.: Depression and anxiety often co-occur due to shared underlying factors, such as stress, trauma, and genetics. This co-occurrence can lead to a range of negative outcomes, including decreased quality of life and increased risk of comorbidities. Understanding the underlying factors that contribute to the co-occurrence of depression and anxiety is essential for developing effective treatment strategies.
There is a positive correlation between PROMIS depression and PROMIS anxiety.: Research has shown that there is a positive correlation between PROMIS depression and PROMIS anxiety. This means that individuals with higher PROMIS depression scores tend to have higher PROMIS anxiety scores. This correlation highlights the importance of considering both depression and anxiety when assessing mental health.
Depression and anxiety can overlap.: Depression and anxiety can overlap, with individuals experiencing symptoms of both conditions simultaneously. This overlap can lead to a range of negative outcomes, including decreased quality of life and increased risk of comorbidities. Understanding the overlap between depression and anxiety is essential for developing effective treatment strategies.
Depression and anxiety are related mental health conditions.: Depression and anxiety are related mental health conditions that can manifest together in an individual. This relationship is supported by research and highlights the importance of considering both depression and anxiety when assessing mental health.
Depression and anxiety often co-occur due to various factors.: Depression and anxiety often co-occur due to various factors, including shared underlying causes, comorbidities, and exacerbation of symptoms. This co-occurrence can lead to a range of negative outcomes, including decreased quality of life and increased risk of comorbidities. Understanding the factors that contribute to the co-occurrence of depression and anxiety is essential for developing effective treatment strategies.
The relationship between depression and anxiety is complex and multifaceted.: The relationship between depression and anxiety is complex and multifaceted, with both conditions influencing each other. Depression can contribute to anxiety, and anxiety can exacerbate depression. This co-occurrence can lead to a range of negative outcomes, including decreased quality of life and increased risk of comorbidities.
Depression and anxiety are often associated with each other.: Depression and anxiety are often associated with each other, with individuals with depression being more likely to experience anxiety. This association is supported by research and highlights the importance of considering both depression and anxiety when assessing mental health.
Depression and anxiety can be related to each other through various relationships.: Depression and anxiety can be related to each other through various relationships, including causation, correlation, association, and influence. This relationship is supported by research and highlights the importance of considering both depression and anxiety when assessing mental health.
### Impact Rating: 8.5
The high impact severity rating is due to the strong relationships between depression and anxiety, as well as the potential for comorbidity and exacerbation of symptoms.

## Relationships:

(Promis Depression: Affects the affective and cognitive manifestations of depression)--[MEASUREMENT: PROMIS depression is a measure of depression.]-->(Depression: Depression is a mental health disorder characterized by persistent feelings of sadness, hopelessness, and loss of interest in activities, which can be exacerbated by pain and pain-related disability.)
(Promis Depression: Affects the affective and cognitive manifestations of depression)--[SELF-ASSESSMENT: PROMIS depression is a self-assessment tool for depression, and individuals who score high on this tool are more likely to experience depression]-->(Depression: Depression is a mental health disorder characterized by persistent feelings of sadness, hopelessness, and loss of interest in activities, which can be exacerbated by pain and pain-related disability.)
(Promis Depression: Affects the affective and cognitive manifestations of depression)--[IS: PROMIS Depression is a measure of depression symptoms, which are a key component of depression.]-->(Depression: Depression is a mental health disorder characterized by persistent feelings of sadness, hopelessness, and loss of interest in activities, which can be exacerbated by pain and pain-related disability.)
(Promis Depression: Affects the affective and cognitive manifestations of depression)--[RELATED_TO: PROMIS depression is related to depression as it affects the affective and cognitive manifestations of depression.]-->(Depression: Depression is a mental health disorder characterized by persistent feelings of sadness, hopelessness, and loss of interest in activities, which can be exacerbated by pain and pain-related disability.)
(Depression: Depression is a mental health disorder characterized by persistent feelings of sadness, hopelessness, and loss of interest in activities, which can be exacerbated by pain and pain-related disability.)--[IS: Depression is a measure of the affective and cognitive manifestations of depression.]-->(Promis Depression: Affects the affective and cognitive manifestations of depression)
(Depression: Depression is a mental health disorder characterized by persistent feelings of sadness, hopelessness, and loss of interest in activities, which can be exacerbated by pain and pain-related disability.)--[CORRELATED: Depression is highly correlated with itself, with individuals experiencing depression often experiencing more depression.]-->(Promis Depression: Affects the affective and cognitive manifestations of depression)
(Promis Depression: Affects the affective and cognitive manifestations of depression)--[IS: Affects the affective and cognitive manifestations of depression]-->(Depression: Depression is a mental health disorder characterized by persistent feelings of sadness, hopelessness, and loss of interest in activities, which can be exacerbated by pain and pain-related disability.)
(Promis Depression: Affects the affective and cognitive manifestations of depression)--[ASSESSES: PROMIS depression measures assess depression symptoms.]-->(Depression: Depression is a mental health disorder characterized by persistent feelings of sadness, hopelessness, and loss of interest in activities, which can be exacerbated by pain and pain-related disability.)
(Depression: Depression is a mental health disorder characterized by persistent feelings of sadness, hopelessness, and loss of interest in activities, which can be exacerbated by pain and pain-related disability.)--[IS: Depression is a manifestation of PROMIS depression]-->(Promis Depression: Affects the affective and cognitive manifestations of depression)
(Depression: Depression is a mental health disorder characterized by persistent feelings of sadness, hopelessness, and loss of interest in activities, which can be exacerbated by pain and pain-related disability.)--[ASSOCIATION: Depression is associated with higher levels of depression.]-->(Promis Depression: Affects the affective and cognitive manifestations of depression)
(Promis Depression: Affects the affective and cognitive manifestations of depression)--[ASSESSMENT_TOOL: PROMIS depression is an assessment tool used to measure depression in older adults.]-->(Depression: Depression is a mental health disorder characterized by persistent feelings of sadness, hopelessness, and loss of interest in activities, which can be exacerbated by pain and pain-related disability.)
(Promis Depression: Affects the affective and cognitive manifestations of depression)--[ASSESSMENT: PROMIS depression is a measure of depression]-->(Depression: Depression is a mental health disorder characterized by persistent feelings of sadness, hopelessness, and loss of interest in activities, which can be exacerbated by pain and pain-related disability.)
(Promis Depression: Affects the affective and cognitive manifestations of depression)--[CHARACTERIZED_BY: PROMIS depression is characterized by symptoms that are also associated with depression]-->(Depression: Depression is a mental health disorder characterized by persistent feelings of sadness, hopelessness, and loss of interest in activities, which can be exacerbated by pain and pain-related disability.)
(Depression: Depression is a mental health disorder characterized by persistent feelings of sadness, hopelessness, and loss of interest in activities, which can be exacerbated by pain and pain-related disability.)--[ASSESSED_BY: PROMIS Depression is a measure of depression.]-->(Promis Depression: Affects the affective and cognitive manifestations of depression)
(Promis Depression: Affects the affective and cognitive manifestations of depression)--[CAUSAL_RELATIONSHIP: PROMIS depression is a measure of depression]-->(Depression: Depression is a mental health disorder characterized by persistent feelings of sadness, hopelessness, and loss of interest in activities, which can be exacerbated by pain and pain-related disability.)
(Promis Depression: Affects the affective and cognitive manifestations of depression)--[MEASURE: Affects the affective and cognitive manifestations of depression]-->(Depression: Depression is a mental health disorder characterized by persistent feelings of sadness, hopelessness, and loss of interest in activities, which can be exacerbated by pain and pain-related disability.)
(Promis Depression: Affects the affective and cognitive manifestations of depression)--[MEASURED_BY: PROMIS depression is a measure of depression symptoms in older adults.]-->(Depression: Depression is a mental health disorder characterized by persistent feelings of sadness, hopelessness, and loss of interest in activities, which can be exacerbated by pain and pain-related disability.)
(Promis Depression: Affects the affective and cognitive manifestations of depression)--[MEASURES: PROMIS depression is a measure of affective and cognitive manifestations of depression.]-->(Depression: Depression is a mental health disorder characterized by persistent feelings of sadness, hopelessness, and loss of interest in activities, which can be exacerbated by pain and pain-related disability.)
(Promis Depression: Affects the affective and cognitive manifestations of depression)--[MEASURES: PROMIS depression assessments measure the affective and cognitive manifestations of depression.]-->(Depression: Depression is a mental health disorder characterized by persistent feelings of sadness, hopelessness, and loss of interest in activities, which can be exacerbated by pain and pain-related disability.)
(Depression: Depression is a mental health disorder characterized by persistent feelings of sadness, hopelessness, and loss of interest in activities, which can be exacerbated by pain and pain-related disability.)--[MEASURED_BY: PROMIS depression measures affective and cognitive manifestations of depression.]-->(Promis Depression: Affects the affective and cognitive manifestations of depression)
(Promis Depression: Affects the affective and cognitive manifestations of depression)--[ASSOCIATION: Promis depression is a measure of depression.]-->(Depression: Depression is a mental health disorder characterized by persistent feelings of sadness, hopelessness, and loss of interest in activities, which can be exacerbated by pain and pain-related disability.)
(Depression: Depression is a mental health disorder characterized by persistent feelings of sadness, hopelessness, and loss of interest in activities, which can be exacerbated by pain and pain-related disability.)--[MEASURED_BY: Depression is often measured using PROMIS depression assessments, which evaluate the affective and cognitive manifestations of depression.]-->(Promis Depression: Affects the affective and cognitive manifestations of depression)
(Promis Depression: Affects the affective and cognitive manifestations of depression)--[CAUSAL: PROMIS depression is a cause of depression]-->(Depression: Depression is a mental health disorder characterized by persistent feelings of sadness, hopelessness, and loss of interest in activities, which can be exacerbated by pain and pain-related disability.)
(Promis Depression: Affects the affective and cognitive manifestations of depression)--[MEASURE: PROMIS depression assesses the affective and cognitive manifestations of depression.]-->(Depression: Depression is a mental health disorder characterized by persistent feelings of sadness, hopelessness, and loss of interest in activities, which can be exacerbated by pain and pain-related disability.)
","# Report:
## Chunks:

including selfconsciousness, anger, emotional instability and irritability [[41](#page-6-27)]. In the past few decades, observational studies suggested that neuroticism might be a risk factor for CAD. A cohort study of a Swedish population found that high neuroticism was associated with an increased risk of CAD (OR1.2, 95%CI 1.1e1.3) [[14\]](#page-6-0). Similarly, in a 21-year prospective cohort study, researchers found that after controlling for multiple risk factors, neuroticism was still associated with increased CAD mortality (HR, 1.12; 95% CI, 1.03e1.21) [\[6](#page-5-11)]. This study also pointed out that neuroticism might mediate death from cardiovascular disease through health behavior, socio-demographics, and physiological factors. However, in a prospective study that included 308,721 participants that were followed up for an average of 6.2 years, there was no evidence to prove the association between neuroticism and CAD mortality [[42\]](#page-6-28). In addition, neuroticism might be a protective factor for CAD in some cases. The UK Health and Lifestyle Survey found that women of high socioeconomic status with high neuroticism were significantly associated with a decreased risk of CVD mortality (HR, 0.61; 95% CI, 0.38e0.97) [[43](#page-6-29)]. Our MR analyses found that neuroticism was unlikely to be a risk factor for CAD in patients with diabetes. Thus, the positive results obtained in previous observational studies might be due to the interference of confounding factors. (i.e., BMI, smoking and diet).

GWAS involves the testing of genetic variants among the genomes of multiple individuals to identify genotypeephenotype associations [[44](#page-6-30)]. In the past decade, GWAS has revolutionized the field of complex disease genetics, yielding abundant convincing associations for human complex traits and diseases [\[45](#page-6-31)]. For diabetes, GWAS has generated new insights into biological mechanisms that have accelerated clinical translation and started to show good prospects in population risk stratification [[46\]](#page-6-32). Furthermore, GWAS could advance personalized medicine in diabetes, such as risk prediction and optimization of therapies based on the genotype [\[47](#page-6-3
there is extensive longitudinal evidence that depression (Audrain-McGovern, Leventhal, & Strong, [2015](#page-26-0); Mathew, Hogarth, Leventhal, Cook, & Hitsman, [2017\)](#page-28-0) and attention-deficit hyperactivity disorder (ADHD) (van Amsterdam, van der Velde, Schulte, & van den Brink, [2018](#page-30-0)) are associated with increased odds of smoking initiation and persistence. In the other direction – from smoking to mental health – a systematic review study including 26 studies with a follow-up of between seven weeks and nine years concluded that smoking cessation is followed by reduced depression, anxiety, and stress (Taylor et al., [2014b\)](#page-30-0). Smoking has also been associated with poorer cognitive performance, which improved after cessation (Vermeulen et al., [2018](#page-30-0)).

For alcohol, a review of 37 longitudinal studies found that (symptoms of) mental disorders in childhood predict an increased odds of alcohol dependence later on in life (Groenman, Janssen, & Oosterlaan, [2017\)](#page-27-0). In the other direction, alcohol dependence and heavy drinking predicted subsequent increases in depressive symptoms, but for heavy drinking, this association did not persist after adjustment for confounders (Li et al., [2020](#page-28-0)). A systematic review of alcohol interventions reported that alcohol reduction led to a lower prevalence of psychiatric episodes, and improvement of anxiety and depressive symptoms, self-confidence, and mental quality of life (Charlet & Heinz, [2017\)](#page-26-0).

For cannabis use, the few available studies are smaller and the evidence is mixed. A 10-year prospective cohort study in 1395 adolescents found that symptoms of mental disorders (depression, bipolar, and anxiety disorder) increase the odds of cannabis initiation and cannabis use disorder (Wittchen et al., [2007\)](#page-30-0). There was no indication that cannabis causes elevated anxiety symptoms (Twomey, [2017\)](#page-30-0), but substantial evidence to support that it increases the risk of manic symptoms (Gibbs et al., [2015](#page-27-0)) and psychosis (Gage, Hick
1) than younger patients. For perceived control over life, both the linear (b ¼ 0.20, P < 0.05) and the quadratic age (b ¼ –0.17, P < 0.05) components reached significance. As shown in [Figure 2,](#page-7-0) perceived control over life peaked in the age range between 60 and 70 years, and scores were lower at younger and older ages.

#### Discussion

In this study, we investigated associations of age with outcomes of pain intensity (subjective and objective), disability, and quality of life in an age-heterogeneous sample of patients with nonspecific chronic low back pain. We found no significant association between age and pain intensity. Regarding subjective disability, age was meaningfully related to social and leisure activities, and this association was nonlinear, with the highest activity engagement at around age 60 years and lower levels both at younger and older ages. Moreover, household activity engagement was lower in older patients, whereas both out-of-home activities and general activities were not significantly related with age. A considerably different age pattern was found for objective disability indicators, which were significantly negatively associated with chronological age, with the highest disability levels in the oldest patients. However, older patients did not report worse physical health, and they even scored higher on mental health than younger patients. Similarly, age effects on well-being outcomes were in favor of the older patients: With advancing age, anxiety, depression, and affective distress levels were lower. Perceived control over life was nonlinearly associated with age, with the highest scores between 60 and 70 years and lower scores before and there after.

Our findings are in line with the ""well-being paradox"" [\[18](#page-9-0)–[21\]](#page-9-0), which states that although older individuals have to face cognitive and physical declines as well as other loss experiences and a higher risk of disability, their well-being is not necessarily lower compared with younger individuals, implying that objective vs subjective criteria of quality of life and of ""successful aging"" [\[55](#page-10-0),[56\]](#page-10-0) can be remarkably divergent [\[57](#page-10-0)–[60\]](#page-10-0). This paradox has originally been stated and investigated with a focus on nonclinical populations, and we were able to provide empirical support for the paradox assumption in a welldefined clinical sample of patients with nonspecific chronic back pain: Despite higher disability scores with advancing age, older patients were either not significantly different from younger patients regarding quality of
<s> # Anxiety and depression in the elderly: do we know any more?

Gerard J. Byrne<sup>a,c</sup> and Nancy A. Pachana<sup>b</sup>

<sup>a</sup>School of Medicine, <sup>b</sup>School of Psychology, University of Queensland and <sup>c</sup>Mental Health Service, Royal Brisbane & Women's Hospital, Brisbane, Australia

Correspondence to Gerard J. Byrne, MBBS, PhD, FRANZCP, Discipline of Psychiatry, School of Medicine, University of Queensland, K Floor, Mental Health Centre, Royal Brisbane & Women's Hospital, Herston, 4029 Queensland, Australia Tel: +61 7 3365 5148; e-mail: gerard.byrne@uq.edu.au

Current Opinion in Psychiatry 2010, 23:504-509

## Purpose of review

The advent of global population ageing raises understandable concerns about the high-prevalence mental disorders in older people. Accordingly, this review covers recently published scientific articles concerning anxiety and depression.

## **Recent findings**

There is a paucity of findings on anxiety in older people, although the availability of several new scales suggests increased interest in this topic. The low prevalence of latelife depression in many population surveys does not appear to be due to misattribution of depressive symptoms to physical disorders. Although it is well established that dementia leads to depression, there is now increasing evidence for the proposition that depression leads to cognitive decline and dementia. There is now good evidence also for a bidirectional relationship between obesity and depression. The prognosis of treated late-life depression varies with baseline neuropsychological function and the severity of white matter hyperintensities.

#### **Summary**

An excellent body of research on depression in older people is now available, although more work on both pharmacological and nonpharmacological treatments is needed. More research is urgently required into anxiety disorders in older people. These are highly prevalent and associated with considerable disease burden. As the literature on depression in older people reaches maturity, there should be greater research and clinical interest in anxiety.

# **Keywords**

aged, aged 80 and over, anxiety, depression

Curr Opin Psychiatry 23:504-509 © 2010 Wolters Kluwer Health | Lippincott Williams & Wilkins 0951-736
, range 41–82 years). Our outcomes were pain intensity, pain disability (as assessed by self-reported activity restrictions and performance-based tests), and measures of quality of life (health-related quality of life: SF-12 physical and mental health; well-being: anxiety, depression, perceived control over life, affective distress).

Results. Although older patients had higher performance-based disability, they scored higher on mental health and on most measures of wellbeing than younger patients.

Conclusions. Our findings provide evidence for a ""paradoxical"" pattern of age effects in CLBP patients and are thus in line with other studies based on nonclinical samples: Although disability in CLBP patients increases with advancing age, indicators of quality of life are equal or even higher in older patients.

Key Words. Anxiety; Depression; Chronic Pain; Impairment; Mood; Psychology;

#### Introduction

Back pain, and particularly chronic low back pain, has a high prevalence in middle adulthood and old age [[1,2](#page-8-0)]. It is associated with impaired physical functioning, higher levels of subclinical anxiety, and depression (e.g., [\[3](#page-8-0)–[5\]](#page-8-0)), but also with an increased risk of clinically relevant affective and anxiety disorders [\[6](#page-8-0)], as well as with reduced longevity [[7\]](#page-8-0).

For a considerable proportion of patients with chronic low back pain, the anatomic factors causing back pain do not fully explain existing pain symptoms, and these subjects are commonly diagnosed with ""nonspecific"" chronic low back pain (CLBP). In contrast to patients with specific back pain, associations of structural findings with pain intensity, disability, and quality of life are weak in CLBP patients [[8\]](#page-8-0). Therefore, other factors than pathophysiological influences may account for interindividual differences in pain intensity, disability, quality of

V<sup>C</sup> 2018 American Academy of Pain Medicine.

life, and well-being in the remarkably heterogeneous population of CLBP patients [\[9](#page-8-0),[10\]](#page-8-0). However, so far most studies have investigated patients with chronic pain in general, without explicitly focusing on the specific group of CLBP patients.

Age may be one of the factors accounting for interindividual differences among samples of CLBP patients: Specifically, it could be that older patients feel less impaired and reveal higher quality of life scores because the experience of chronic pain may be better
depression and/or anxiety as the exposure and smoking as an outcome.

**Results:** Outcomes from 148 studies were categorized into: smoking onset, smoking status, smoking heaviness, tobacco dependence, and smoking trajectory. The results for each category varied substantially, with evidence for positive associations in both directions (smoking to later mental health and mental health to later smoking) as well as null findings. Overall, nearly half the studies reported that baseline depression/anxiety was associated with some type of later smoking behavior, while over a third found evidence that a smoking exposure was associated with later depression/anxiety. However, there were few studies directly supporting a bidirectional model of smoking and anxiety, and very few studies reporting null results.

**Conclusions:** The literature on the prospective association between smoking and depression and anxiety is inconsistent in terms of the direction of association most strongly supported. This suggests the need for future studies that employ different methodologies, such as Mendelian randomization (MR), which will allow us to draw stronger causal inferences.

**Implications:** We systematically reviewed longitudinal studies on the association of different aspects of smoking behavior with depression and anxiety. The results varied considerably, with evidence for smoking both associated with subsequent depression and anxiety, and vice versa. Few studies supported a bidirectional relationship, or reported null results, and no clear patterns by gender, ethnicity, clinical status, length to follow-up, or diagnostic test. Suggesting that despite advantages of longitudinal studies, they cannot alone provide strong evidence of causality. Therefore, future studies investigating this association should employ different methods allowing for stronger causal inferences to be made, such as MR.

# **Introduction**

The high co-occurrence of smoking and mental illness is a major public health concern, and smoking accounts for much of the reduction in life expectancy associated with mental illness.[1](#page-6-0) Many studies report a positive association between smoking and mental illness, with smoking rates increasing with the severity of the disease.[2](#page-6-1),[3](#page-6-2) Individuals with mental illness also tend to start smoking at an earlier age, smoke more heavily, and are more addicted to cigarettes than the general population. For example, a recent survey suggests that 42% of all cigarettes consumed in England are consumed by those with mental illness, although this includes substance use disorders[.4](#page-6-3) Additionally, while cigarette consumption in the general population has shown a sustained decrease over the past 20 years, consumption among smokers with mental illness has remained relatively unchanged[.1](#page-6-0) There is therefore a pressing need to understand the mechanisms underlying the high rate of smoking in people with mental## Communities:

### Smoking and Sleep Disturbance Community
### Summary
This community is centered around the relationship between smoking and sleep disturbance. The entities within this community are Smoking and Sleep Disturbance, which are related through various associations, causal relationships, and correlations. The community's structure is characterized by a complex web of relationships between these two entities, with smoking being a causal factor for sleep disturbance and sleep disturbance being a consequence of smoking.
### Key Findings
Smoking is a causal factor for sleep disturbance.: Smoking is a causal factor for sleep disturbance, as nicotine can disrupt sleep patterns and lead to sleep disorders. This is supported by the various relationships between smoking and sleep disturbance, including causal associations, correlations, and associations. For example, smoking can cause sleep disturbance, and sleep disturbance can be a consequence of smoking. Additionally, smoking is associated with higher levels of sleep disturbance, and sleep disturbance is often related to smoking due to the impact of substance use on sleep quality.
Sleep disturbance is a consequence of smoking.: Sleep disturbance is a consequence of smoking, as smoking can disrupt sleep patterns and lead to sleep disorders. This is supported by the various relationships between smoking and sleep disturbance, including causal associations, correlations, and associations. For example, smoking can cause sleep disturbance, and sleep disturbance can be a consequence of smoking. Additionally, smoking is associated with higher levels of sleep disturbance, and sleep disturbance is often related to smoking due to the impact of substance use on sleep quality.
Smoking is associated with a higher comorbidity index (CCI).: Smoking is associated with a higher comorbidity index (CCI), as it can increase the risk of various health problems. This is supported by the relationships between smoking and CCI, including causal associations, correlations, and associations. For example, smoking can cause a higher CCI, and a higher CCI is often related to smoking due to the impact of smoking on health outcomes.
Sleep disturbance is often related to smoking due to the impact of substance use on sleep quality.: Sleep disturbance is often related to smoking due to the impact of substance use on sleep quality. This is supported by the relationships between smoking and sleep disturbance, including causal associations, correlations, and associations. For example, smoking can cause sleep disturbance, and sleep disturbance can be a consequence of smoking. Additionally, smoking is associated with higher levels of sleep disturbance, and sleep disturbance is often related to smoking due to the impact of substance use on sleep quality.
Smoking can disrupt sleep patterns and lead to sleep disorders.: Smoking can disrupt sleep patterns and lead to sleep disorders, as nicotine can affect the brain's ability to regulate sleep-wake cycles. This is supported by the relationships between smoking and sleep disturbance, including causal associations, correlations, and associations. For example, smoking can cause sleep disturbance, and sleep disturbance can be a consequence of smoking. Additionally, smoking is associated with higher levels of sleep disturbance, and sleep disturbance is often related to smoking due to the impact of substance use on sleep quality.
Sleep disturbance is a significant risk factor for smoking.: Sleep disturbance is a significant risk factor for smoking, as individuals who experience sleep disturbance are more likely to smoke. This is supported by the relationships between smoking and sleep disturbance, including causal associations, correlations, and associations. For example, smoking can cause sleep disturbance, and sleep disturbance can be a consequence of smoking. Additionally, smoking is associated with higher levels of sleep disturbance, and sleep disturbance is often related to smoking due to the impact of substance use on sleep quality.
Smoking is associated with higher levels of sleep disturbance.: Smoking is associated with higher levels of sleep disturbance, as nicotine can disrupt sleep patterns and lead to sleep disorders. This is supported by the relationships between smoking and sleep disturbance, including causal associations, correlations, and associations. For example, smoking can cause sleep disturbance, and sleep disturbance can be a consequence of smoking. Additionally, smoking is associated with higher levels of sleep disturbance, and sleep disturbance is often related to smoking due to the impact of substance use on sleep quality.
Sleep disturbance is often related to smoking due to the impact of substance use on sleep quality.: Sleep disturbance is often related to smoking due to the impact of substance use on sleep quality. This is supported by the relationships between smoking and sleep disturbance, including causal associations, correlations, and associations. For example, smoking can cause sleep disturbance, and sleep disturbance can be a consequence of smoking. Additionally, smoking is associated with higher levels of sleep disturbance, and sleep disturbance is often related to smoking due to the impact of substance use on sleep quality.
Smoking can increase the risk of various health problems.: Smoking can increase the risk of various health problems, including cardiovascular disease, respiratory problems, and cancer. This is supported by the relationships between smoking and CCI, including causal associations, correlations, and associations. For example, smoking can cause a higher CCI, and a higher CCI is often related to smoking due to the impact of smoking on health outcomes.
Sleep disturbance is a consequence of smoking.: Sleep disturbance is a consequence of smoking, as smoking can disrupt sleep patterns and lead to sleep disorders. This is supported by the relationships between smoking and sleep disturbance, including causal associations, correlations, and associations. For example, smoking can cause sleep disturbance, and sleep disturbance can be a consequence of smoking. Additionally, smoking is associated with higher levels of sleep disturbance, and sleep disturbance is often related to smoking due to the impact of substance use on sleep quality.
### Impact Rating: 8.5
The high impact severity rating is due to the strong causal relationship between smoking and sleep disturbance, as well as the potential long-term consequences of smoking on overall health.

### Age-Related Health and Financial Stress Community
### Summary
This community is centered around the relationship between age and various health and financial outcomes. The community includes entities such as Age, Financial Stress, Well-Being, and others, which are connected through different types of relationships, including association, causation, and influence. The community's structure suggests that age is a significant factor in determining health and financial outcomes, with older adults experiencing more financial stress, lower well-being, and increased risk of various health issues.
### Key Findings
Age is a significant risk factor for financial stress.: The community's structure shows that age is associated with financial stress, with older adults experiencing more financial stress due to declining incomes, reduced work hours, and increased healthcare expenses. This is supported by the relationship between Age and Financial Stress, where Age is a risk factor for financial stress, and older individuals are more likely to experience financial stress. Additionally, the relationship between Age and Financial Stress is also influenced by other factors such as job loss, health-related issues, and taxes, which can contribute to financial stress. Therefore, it is essential to address age-related financial stress through targeted interventions and support services.
Well-being is associated with age, with older adults experiencing lower well-being.: The community's structure shows that Well-being is associated with age, with older adults experiencing lower well-being due to various factors such as age-related changes, health issues, and financial stress. This is supported by the relationship between Age and Well-being, where Age is a significant predictor of well-being, with older patients scoring lower on anxiety, depression, and affective distress. Additionally, the relationship between Well-being and age is also influenced by other factors such as perceived control over life, affective distress, and health-related quality of life, which can impact well-being. Therefore, it is essential to address age-related well-being through targeted interventions and support services.
Age is a significant risk factor for various health issues.: The community's structure shows that Age is a significant risk factor for various health issues, including age-related diseases, vertebral compression fractures, aortic aneurysms, and others. This is supported by the relationship between Age and various health issues, where Age is a risk factor for these conditions, and older adults are more likely to experience them. Additionally, the relationship between Age and health issues is also influenced by other factors such as lifestyle, genetics, and environmental factors, which can contribute to health issues. Therefore, it is essential to address age-related health issues through targeted interventions and support services.
Financial stress can lead to the use of credit cards.: The community's structure shows that Financial Stress can lead to the use of credit cards, with individuals experiencing financial stress being more likely to use credit cards. This is supported by the relationship between Financial Stress and Credit Card, where Financial Stress is a causal factor for credit card use. Additionally, the relationship between Financial Stress and credit card use is also influenced by other factors such as income, expenses, and financial planning, which can impact credit card use. Therefore, it is essential to address financial stress through targeted interventions and support services to prevent the use of credit cards.
Well-being is associated with affective distress.: The community's structure shows that Well-being is associated with affective distress, with individuals experiencing lower well-being due to higher affective distress. This is supported by the relationship between Well-being and Affective Distress, where Well-being is a measure of an individual's overall quality of life, including their physical, emotional, and social well-being. Additionally, the relationship between Well-being and affective distress is also influenced by other factors such as perceived control over life, health-related quality of life, and substance use disorder, which can impact well-being. Therefore, it is essential to address affective distress through targeted interventions and support services to improve well-being.
Age is a significant risk factor for substance use disorder.: The community's structure shows that Age is a significant risk factor for substance use disorder, with older adults being more likely to experience substance use disorder. This is supported by the relationship between Age and Substance Use Disorder, where Age is a risk factor for substance use disorder, and older adults are more likely to experience it. Additionally, the relationship between Age and substance use disorder is also influenced by other factors such as lifestyle, genetics, and environmental factors, which can contribute to substance use disorder. Therefore, it is essential to address age-related substance use disorder through targeted interventions and support services.
Financial stress can lead to major financial stress.: The community's structure shows that Financial Stress can lead to major financial stress, with individuals experiencing financial stress being more likely to experience major financial stress. This is supported by the relationship between Financial Stress and Major Financial Stress, where Financial Stress is a causal factor for major financial stress. Additionally, the relationship between Financial Stress and major financial stress is also influenced by other factors such as income, expenses, and financial planning, which can impact major financial stress. Therefore, it is essential to address financial stress through targeted interventions and support services to prevent major financial stress.
Age is a significant risk factor for various health outcomes.: The community's structure shows that Age is a significant risk factor for various health outcomes, including disease risk and mortality. This is supported by the relationship between Age and various health outcomes, where Age is a risk factor for these conditions, and older adults are more likely to experience them. Additionally, the relationship between Age and health outcomes is also influenced by other factors such as lifestyle, genetics, and environmental factors, which can contribute to health outcomes. Therefore, it is essential to address age-related health outcomes through targeted interventions and support services.
Financial stress can affect life satisfaction.: The community's structure shows that Financial Stress can affect life satisfaction, with individuals experiencing financial stress being less likely to experience high life satisfaction. This is supported by the relationship between Financial Stress and Life Satisfaction, where Financial Stress is a causal factor for lower life satisfaction. Additionally, the relationship between Financial Stress and life satisfaction is also influenced by other factors such as income, expenses, and financial planning, which can impact life satisfaction. Therefore, it is essential to address financial stress through targeted interventions and support services to improve life satisfaction.
Age is a significant risk factor for various health issues.: The community's structure shows that Age is a significant risk factor for various health issues, including age-related diseases, vertebral compression fractures, aortic aneurysms, and others. This is supported by the relationship between Age and various health issues, where Age is a risk factor for these conditions, and older adults are more likely to experience them. Additionally, the relationship between Age and health issues is also influenced by other factors such as lifestyle, genetics, and environmental factors, which can contribute to health issues. Therefore, it is essential to address age-related health issues through targeted interventions and support services.
### Impact Rating: 8.0
The high impact severity rating is due to the strong associations between age and various health and financial outcomes, indicating a significant potential for negative consequences.

## Relationships:

(Promis Depression: Affects the affective and cognitive manifestations of depression)--[SELF-ASSESSMENT: PROMIS depression is a self-assessment tool for depression, and individuals who score high on this tool are more likely to experience depression]-->(Depression: Depression is a mental health disorder characterized by persistent feelings of sadness, hopelessness, and loss of interest in activities, which can be exacerbated by pain and pain-related disability.)
(Depression: Depression is a mental health disorder characterized by persistent feelings of sadness, hopelessness, and loss of interest in activities, which can be exacerbated by pain and pain-related disability.)--[ASSOCIATION: Depression is associated with higher levels of depression.]-->(Promis Depression: Affects the affective and cognitive manifestations of depression)
(Promis Depression: Affects the affective and cognitive manifestations of depression)--[MEASUREMENT: PROMIS depression is a measure of depression.]-->(Depression: Depression is a mental health disorder characterized by persistent feelings of sadness, hopelessness, and loss of interest in activities, which can be exacerbated by pain and pain-related disability.)
(Depression: Depression is a mental health disorder characterized by persistent feelings of sadness, hopelessness, and loss of interest in activities, which can be exacerbated by pain and pain-related disability.)--[IS: Depression is a manifestation of PROMIS depression]-->(Promis Depression: Affects the affective and cognitive manifestations of depression)
(Promis Depression: Affects the affective and cognitive manifestations of depression)--[RELATED_TO: PROMIS depression is related to depression as it affects the affective and cognitive manifestations of depression.]-->(Depression: Depression is a mental health disorder characterized by persistent feelings of sadness, hopelessness, and loss of interest in activities, which can be exacerbated by pain and pain-related disability.)
(Depression: Depression is a mental health disorder characterized by persistent feelings of sadness, hopelessness, and loss of interest in activities, which can be exacerbated by pain and pain-related disability.)--[CORRELATED: Depression is highly correlated with itself, with individuals experiencing depression often experiencing more depression.]-->(Promis Depression: Affects the affective and cognitive manifestations of depression)
(Promis Depression: Affects the affective and cognitive manifestations of depression)--[IS: Affects the affective and cognitive manifestations of depression]-->(Depression: Depression is a mental health disorder characterized by persistent feelings of sadness, hopelessness, and loss of interest in activities, which can be exacerbated by pain and pain-related disability.)
(Promis Depression: Affects the affective and cognitive manifestations of depression)--[IS: PROMIS Depression is a measure of depression symptoms, which are a key component of depression.]-->(Depression: Depression is a mental health disorder characterized by persistent feelings of sadness, hopelessness, and loss of interest in activities, which can be exacerbated by pain and pain-related disability.)
(Depression: Depression is a mental health disorder characterized by persistent feelings of sadness, hopelessness, and loss of interest in activities, which can be exacerbated by pain and pain-related disability.)--[IS: Depression is a measure of the affective and cognitive manifestations of depression.]-->(Promis Depression: Affects the affective and cognitive manifestations of depression)
(Promis Depression: Affects the affective and cognitive manifestations of depression)--[ASSESSES: PROMIS depression measures assess depression symptoms.]-->(Depression: Depression is a mental health disorder characterized by persistent feelings of sadness, hopelessness, and loss of interest in activities, which can be exacerbated by pain and pain-related disability.)
(Promis Depression: Affects the affective and cognitive manifestations of depression)--[MEASURE: Affects the affective and cognitive manifestations of depression]-->(Depression: Depression is a mental health disorder characterized by persistent feelings of sadness, hopelessness, and loss of interest in activities, which can be exacerbated by pain and pain-related disability.)
(Promis Depression: Affects the affective and cognitive manifestations of depression)--[ASSESSMENT_TOOL: PROMIS depression is an assessment tool used to measure depression in older adults.]-->(Depression: Depression is a mental health disorder characterized by persistent feelings of sadness, hopelessness, and loss of interest in activities, which can be exacerbated by pain and pain-related disability.)
(Depression: Depression is a mental health disorder characterized by persistent feelings of sadness, hopelessness, and loss of interest in activities, which can be exacerbated by pain and pain-related disability.)--[ASSESSED_BY: PROMIS Depression is a measure of depression.]-->(Promis Depression: Affects the affective and cognitive manifestations of depression)
(Promis Depression: Affects the affective and cognitive manifestations of depression)--[CAUSAL: PROMIS depression is a cause of depression]-->(Depression: Depression is a mental health disorder characterized by persistent feelings of sadness, hopelessness, and loss of interest in activities, which can be exacerbated by pain and pain-related disability.)
(Promis Depression: Affects the affective and cognitive manifestations of depression)--[ASSESSMENT: PROMIS depression is a measure of depression]-->(Depression: Depression is a mental health disorder characterized by persistent feelings of sadness, hopelessness, and loss of interest in activities, which can be exacerbated by pain and pain-related disability.)
(Promis Depression: Affects the affective and cognitive manifestations of depression)--[MEASURE: PROMIS depression assesses the affective and cognitive manifestations of depression.]-->(Depression: Depression is a mental health disorder characterized by persistent feelings of sadness, hopelessness, and loss of interest in activities, which can be exacerbated by pain and pain-related disability.)
(Promis Depression: Affects the affective and cognitive manifestations of depression)--[CHARACTERIZED_BY: PROMIS depression is characterized by symptoms that are also associated with depression]-->(Depression: Depression is a mental health disorder characterized by persistent feelings of sadness, hopelessness, and loss of interest in activities, which can be exacerbated by pain and pain-related disability.)
","# Report:
## Chunks:

, while ageing is linked with a failure in leptin action independently of obesity and body fat distribution (Carter et al. [2013](#page-13-0); Scarpace et al. [2000a](#page-14-0)). Comparison of young and aged individuals showed a decrease in mRNA, and serum leptin was observed after fasting at all ages (Scarpace and Tumer [2001](#page-14-0); Li et al. [1998\)](#page-14-0); however, the magnitude of this decrease is blunted with age (Li et al. [1998](#page-14-0)). Indeed,

23 Page 6 of 18 AGE (2016) 38: 23

studies on resistance to leptin administration revealed that old rats (30 months of age) with elevated adiposity presented threefold greater endogenous serum leptin levels than young individuals (6 months of age) (Scarpace and Tumer [2001](#page-14-0); Scarpace et al. [2000a](#page-14-0)). Scarpace et al. (2000) has shown that 7 days of subcutaneous leptin administration increased its serum levels and diminished food intake with greater significance for young rats (Scarpace et al. [2000a\)](#page-14-0), leading to the conclusion that older individuals are resistant to the effects of leptin (Scarpace et al. [2000a\)](#page-14-0). Conversely, recent work demonstrated that in old non-obese and calorierestricted rats, 7 days of intra-cerebroventricular leptin infusion efficiently decreased food intake (Petervari et al. [2014\)](#page-14-0). Petervari et al. (2014) suggested that ageing per se does not promote leptin resistance development; rather, early appearance of obesity leads to the progressive loss of the hypermetabolic effects of leptin (Petervari et al. [2014](#page-14-0)).

Typically, obesity is associated with increased circulating leptin concentrations (Ahima and Flier [2000\)](#page-14-0). Obese individuals exhibit leptin resistance, and its elevated concentrations fail to control hunger and body weight (My
suggest that men who had ongoing financial hardship had a 1.4 greater odds of having *trouble with pain* (CI [1.13, 1.70], *p* < .01). Men who experienced

**Table 2.** Bivariate Associations Between Hardship and Pain.

|                            | Troubled with pain or not (N = 3,174) |              |              |              |
|----------------------------|---------------------------------------|--------------|--------------|--------------|
|                            | Odds ratio                            | Odds ratio   | Odds ratio   | Odds ratio   |
| Ongoing financial hardship | 1.39**                                |              |              |              |
|                            | [1.13, 1.70]                          |              |              |              |
| Eat less because of not    |                                       | 2.46***      |              |              |
| enough money               |                                       | [1.78, 3.40] |              |              |
| Take less medication       |                                       |              | 2.45***      |              |
| because of cost            |                                       |              | [1.69, 3.56] |              |
| Difficulty paying bills    |                                       |              |              | 1.45***      |
|                            |                                       |              |              | [1.19, 1.76] |

|                            | Severe pain most of time or not (N = 1,063) |              |              |              |
|----------------------------|---------------------------------------------|--------------|--------------|--------------|
|                            | Odds ratio                                  | Odds ratio   | Odds ratio   | Odds ratio   |
| Ongoing financial hardship | 2.26***                                     |              |              |              |
|                            | [1.47, 3.46]                                |              |              |              |
| Eat less because of not    |                                             | 2.60**       |              |              |
| enough money               |                                             | [1.46, 4.62] |              |              |
| Take less medication       |                                             |              | 2.30**       |              |
| because of cost            |                                             |              | [1.31, 4.03] |              |
| Difficulty paying bills    |                                             |              |
physical conditions in vulnerable individuals with depression and/or anxiety.

Findings from our study indicated that individuals with depression and/or anxiety are more likely to suffer from poor physical health, high rates of obesity and smoking. These findings highlight the need for integrating wellness efforts within mental healthcare settings. In addition, emphasis on physical wellness needs to be part of broader efforts to improve mental health [[72](#page-9-0)]. In order to improve both physical and mental health, primary care services need to be integrated within mental health settings (reverse integration). Randomized trials and experimental studies have provided evidence on the beneficial effects of integrated primary care and mental health care for patients with depression and/or anxiety [\[73](#page-9-0)]. In addition to wellness efforts, routine screening for depression and/or anxiety along with co-ordinated mental-health care for those who screen positive for depression and/or anxiety may reduce the risk of chronic physical conditions.

The study had a number of strengths, including nationally representative sample, comprehensive list of independent variables that may affect chronic physical conditions and the ability to analyze the association between depression-anxiety status and a number of chronic physical conditions. We were also able to assess the independent effects of depression only, anxiety only, and comorbid depression and anxiety on risk of chronic conditions. Limitations have to be considered when interpreting the findings of the present study. The study design is retrospective, observational, and crosssectional and therefore cannot establish causal relationships. Study variables are based on self-reported data which might be subject to reporting-bias. As our study assessed the excess risk of chronic physical conditions among nonelderly adults, the study results are not generalizable to <span id=""page-7-0""></span>other age groups. Although we adjusted for a large number of risk factors that may affect presence of chronic conditions, some variables such as family history that could contribute to the excess risk of chronic physical conditions were not available. Finally, our study was not immune to the inherent limitations associated with use of secondary data such as measurement errors, errors in data editing and imputation, sampling and non-sampling errors, reporting errors and interviewer effects.

# **Conclusions**

Despite the limitations, our study has made a unique contribution to the literature by analyzing the independent contribution of depression, anxiety, and comorbid depression and anxiety on the risk of having chronic physical conditions, after controlling for demographic, life-style, and other important risk factors. Our study findings confirmed that even after adjusting for modifiable lifestyle risk factors, depression and/or anxiety made an independent contribution to the excess risk for many chronic physical conditions. Our study findings highlight the need to minimize the burden of depression and anxiety either through better surveillance, monitoring and treatment of these
between CBP and psychological factors such as depression and anxiety, and social factors such as years of schooling [\[21\]](#page-8-9).

Given this complex background, the current study sought to determine whether several commonly studied risk factors have strong support for causal association with CBP and vice versa (whether CBP has causal associations with these factors) using contemporary MR methods. We found evidence for causal association of fewer years of schooling, smoking, and major depressive disorder with the risk of CBP. While these fndings are consistent with the results of conventional observational studies [[23–](#page-8-10)[25](#page-8-11)], they difer from longitudinal twin studies which found no signifcant association of education [\[26\]](#page-8-12), smoking [\[27](#page-8-13)], or depression [\[28\]](#page-8-14) with CBP after controlling for genetic factors. These longitudinal co-twin control studies were informed by tens or at most hundreds of identical twin pairs, leading to very limited power and unclear generalizability. In contrast, the current MR analyses were informed by more than 500,000 singleton individuals. Another notable aspect of our fndings was the clear evidence that greater alcohol use causes CBP but that CBP also causes greater alcohol use—in other words, a bidirectional relationship. The separation of these two directions of efect was possible through MR because the genetic instruments that proxy risk factors are present from conception, long before the development of the outcome, providing a clear temporal sequence of risk factor preceding outcome for each direction of efect. While only one direction of efect may be relevant for some individuals, there is the possibility that alcohol use and CBP reinforce each other in another subgroup of individuals, acting in a positive feedback loop. Our demonstration of strong causal links with alcohol use is novel and makes an important contribution given the ambiguity of the alcohol-back pain relationship (outside of the context of substance abuse) according to systematic reviews on this topic [[29](#page-8-15), [30\]](#page-8-16). Our study also confrms the bidirectional nature of the smoking-CBP relationship, aspects of which have been noted before [[31,](#page-8-17) [32](#page-9-0)], but not with such clarity as we show in the current study using very large samples.

Our bidirectional MR study did not fnd robust support for a causal efect of sleep on CBP, or a causal efect of CBP on years of schooling or major depressive disorder. While these analys
|** ROGERS and FARRIS **1629**

## 3.2.3 | Depression

A total of 114 studies (62 aggregated effect sizes) examined the relationship between fear of pain and depression, totalling n = 12,124 participants. Random-effect meta-analyses estimated the pooled correlation to be 0.41 (95% CI [0.37, 0.44]), with high heterogeneity estimates (*I 2* =67.1%, τ 2 =0.02, *p* <0.001). Egger's test for funnel plot asymmetry as well as examination of the contoured funnel plot indicate no small study bias (*z* = 0.97, *p* = 0.05).

## 3.2.4 | Pain intensity

A total of 245 studies (113 aggregated effect sizes) were included, totalling a sample size of n = 20,028 individuals. Random-effects meta-analysis indicated a pooled correlation of 0.27 (95% CI [0.24, 0.30]). Heterogeneity estimates for the study were high (*I 2* =78.1%, τ 2 =0.02), with significance tests suggesting significant heterogeneity (*p* <0.001). Examination of the contoured funnel plot and Egger's test for funnel plot asymmetry revealed evidence for small study bias (*z* = 1.03, *p* = 0.03), and the trim and fill procedure suggests the addition of 37 studies to reduce bias, with an updated effect size of 0.19.

## 3.2.5 | Pain-related disability

A total of 185 studies (88 aggregated effect sizes) were included in the meta-analysis, accounting for n = 18,787 individuals. Random-effects meta-analyses indicated a pooled correlation of 0.39 (95% CI [0.35, 0.42]), with high heterogeneity estimates (*I 2* =76.5%, τ 2 =0.02, *p* <0.001). Egger's test for funnel plot asymmetry (*z* =−0.28, *p* = 0.59), as well as examination of the contoured funnel plot suggests no small study bias, and thus no studies need to be imputed to calculate the effect size.

## **
. Random-effects meta-analyses indicated a pooled correlation of 0.45 (95% CI [0.42, 0.48]), with high heterogeneity estimates ( $I^2 = 80.4\%$ ,  $\tau^2 = 0.02$ , p < 0.001). Egger's test for funnel plot asymmetry (z = -0.62, p = 0.22), as well as the examination of the contoured funnel plot, suggests no small study bias, and thus no studies need to be imputed to calculate the effect size.

#### 3.2 | Fear of pain

#### 3.2.1 Pain-related negative affect

Ten studies (5 aggregated effect estimates) were included in the meta-analysis, totalling n=1408 participants. Random-effects meta-analyses revealed a pooled correlation of 0.39 (95% CI [0.3, 0.48]) for the relationship

between fear of pain and pain-related negative affect, with non-significant heterogeneity estimates ( $I^2 = 41.4\%$ ,  $\tau^2 = 0.01$ , p = 0.15). Given the small number of studies included in this analysis, small study bias tests were not statistically powered.

#### 3.2.2 | Anxiety

A total of 65 studies (38 aggregated effect sizes) were included, accounting for n = 8670 participants. Random-effects meta-analyses estimated the pooled correlation of 0.34 (95% CI [0.29, 0.40]) for the relationship between fear of pain and anxiety, with high heterogeneity estimates ( $I^2 = 79.9\%$ ,  $\tau^2 = 0.03$ , p < 0.001). Egger's test for funnel plot asymmetry as well as examination of the contoured funnel plot indicate no small study bias (z = 0.42, p = 0.61).

# **|** ROGERS and FARRIS **1629**

## 3.2.3 | Depression

A total of 114 studies (62 aggregated effect sizes) examined the relationship between fear of pain and depression, totalling n = 12,124 participants. Random-effect meta-analyses estimated the pooled correlation to be 0.41 (95% CI [0.37## Communities:

### Smoking and Sleep Disturbance Community
### Summary
This community is centered around the relationship between smoking and sleep disturbance. The entities within this community are Smoking and Sleep Disturbance, which are related through various associations, causal relationships, and correlations. The community's structure is characterized by a complex web of relationships between these two entities, with smoking being a causal factor for sleep disturbance and sleep disturbance being a consequence of smoking.
### Key Findings
Smoking is a causal factor for sleep disturbance.: Smoking is a causal factor for sleep disturbance, as nicotine can disrupt sleep patterns and lead to sleep disorders. This is supported by the various relationships between smoking and sleep disturbance, including causal associations, correlations, and associations. For example, smoking can cause sleep disturbance, and sleep disturbance can be a consequence of smoking. Additionally, smoking is associated with higher levels of sleep disturbance, and sleep disturbance is often related to smoking due to the impact of substance use on sleep quality.
Sleep disturbance is a consequence of smoking.: Sleep disturbance is a consequence of smoking, as smoking can disrupt sleep patterns and lead to sleep disorders. This is supported by the various relationships between smoking and sleep disturbance, including causal associations, correlations, and associations. For example, smoking can cause sleep disturbance, and sleep disturbance can be a consequence of smoking. Additionally, smoking is associated with higher levels of sleep disturbance, and sleep disturbance is often related to smoking due to the impact of substance use on sleep quality.
Smoking is associated with a higher comorbidity index (CCI).: Smoking is associated with a higher comorbidity index (CCI), as it can increase the risk of various health problems. This is supported by the relationships between smoking and CCI, including causal associations, correlations, and associations. For example, smoking can cause a higher CCI, and a higher CCI is often related to smoking due to the impact of smoking on health outcomes.
Sleep disturbance is often related to smoking due to the impact of substance use on sleep quality.: Sleep disturbance is often related to smoking due to the impact of substance use on sleep quality. This is supported by the relationships between smoking and sleep disturbance, including causal associations, correlations, and associations. For example, smoking can cause sleep disturbance, and sleep disturbance can be a consequence of smoking. Additionally, smoking is associated with higher levels of sleep disturbance, and sleep disturbance is often related to smoking due to the impact of substance use on sleep quality.
Smoking can disrupt sleep patterns and lead to sleep disorders.: Smoking can disrupt sleep patterns and lead to sleep disorders, as nicotine can affect the brain's ability to regulate sleep-wake cycles. This is supported by the relationships between smoking and sleep disturbance, including causal associations, correlations, and associations. For example, smoking can cause sleep disturbance, and sleep disturbance can be a consequence of smoking. Additionally, smoking is associated with higher levels of sleep disturbance, and sleep disturbance is often related to smoking due to the impact of substance use on sleep quality.
Sleep disturbance is a significant risk factor for smoking.: Sleep disturbance is a significant risk factor for smoking, as individuals who experience sleep disturbance are more likely to smoke. This is supported by the relationships between smoking and sleep disturbance, including causal associations, correlations, and associations. For example, smoking can cause sleep disturbance, and sleep disturbance can be a consequence of smoking. Additionally, smoking is associated with higher levels of sleep disturbance, and sleep disturbance is often related to smoking due to the impact of substance use on sleep quality.
Smoking is associated with higher levels of sleep disturbance.: Smoking is associated with higher levels of sleep disturbance, as nicotine can disrupt sleep patterns and lead to sleep disorders. This is supported by the relationships between smoking and sleep disturbance, including causal associations, correlations, and associations. For example, smoking can cause sleep disturbance, and sleep disturbance can be a consequence of smoking. Additionally, smoking is associated with higher levels of sleep disturbance, and sleep disturbance is often related to smoking due to the impact of substance use on sleep quality.
Sleep disturbance is often related to smoking due to the impact of substance use on sleep quality.: Sleep disturbance is often related to smoking due to the impact of substance use on sleep quality. This is supported by the relationships between smoking and sleep disturbance, including causal associations, correlations, and associations. For example, smoking can cause sleep disturbance, and sleep disturbance can be a consequence of smoking. Additionally, smoking is associated with higher levels of sleep disturbance, and sleep disturbance is often related to smoking due to the impact of substance use on sleep quality.
Smoking can increase the risk of various health problems.: Smoking can increase the risk of various health problems, including cardiovascular disease, respiratory problems, and cancer. This is supported by the relationships between smoking and CCI, including causal associations, correlations, and associations. For example, smoking can cause a higher CCI, and a higher CCI is often related to smoking due to the impact of smoking on health outcomes.
Sleep disturbance is a consequence of smoking.: Sleep disturbance is a consequence of smoking, as smoking can disrupt sleep patterns and lead to sleep disorders. This is supported by the relationships between smoking and sleep disturbance, including causal associations, correlations, and associations. For example, smoking can cause sleep disturbance, and sleep disturbance can be a consequence of smoking. Additionally, smoking is associated with higher levels of sleep disturbance, and sleep disturbance is often related to smoking due to the impact of substance use on sleep quality.
### Impact Rating: 8.5
The high impact severity rating is due to the strong causal relationship between smoking and sleep disturbance, as well as the potential long-term consequences of smoking on overall health.

### Age-Related Health and Financial Stress Community
### Summary
This community is centered around the relationship between age and various health and financial outcomes. The community includes entities such as Age, Financial Stress, Well-Being, and others, which are connected through different types of relationships, including association, causation, and influence. The community's structure suggests that age is a significant factor in determining health and financial outcomes, with older adults experiencing more financial stress, lower well-being, and increased risk of various health issues.
### Key Findings
Age is a significant risk factor for financial stress.: The community's structure shows that age is associated with financial stress, with older adults experiencing more financial stress due to declining incomes, reduced work hours, and increased healthcare expenses. This is supported by the relationship between Age and Financial Stress, where Age is a risk factor for financial stress, and older individuals are more likely to experience financial stress. Additionally, the relationship between Age and Financial Stress is also influenced by other factors such as job loss, health-related issues, and taxes, which can contribute to financial stress. Therefore, it is essential to address age-related financial stress through targeted interventions and support services.
Well-being is associated with age, with older adults experiencing lower well-being.: The community's structure shows that Well-being is associated with age, with older adults experiencing lower well-being due to various factors such as age-related changes, health issues, and financial stress. This is supported by the relationship between Age and Well-being, where Age is a significant predictor of well-being, with older patients scoring lower on anxiety, depression, and affective distress. Additionally, the relationship between Well-being and age is also influenced by other factors such as perceived control over life, affective distress, and health-related quality of life, which can impact well-being. Therefore, it is essential to address age-related well-being through targeted interventions and support services.
Age is a significant risk factor for various health issues.: The community's structure shows that Age is a significant risk factor for various health issues, including age-related diseases, vertebral compression fractures, aortic aneurysms, and others. This is supported by the relationship between Age and various health issues, where Age is a risk factor for these conditions, and older adults are more likely to experience them. Additionally, the relationship between Age and health issues is also influenced by other factors such as lifestyle, genetics, and environmental factors, which can contribute to health issues. Therefore, it is essential to address age-related health issues through targeted interventions and support services.
Financial stress can lead to the use of credit cards.: The community's structure shows that Financial Stress can lead to the use of credit cards, with individuals experiencing financial stress being more likely to use credit cards. This is supported by the relationship between Financial Stress and Credit Card, where Financial Stress is a causal factor for credit card use. Additionally, the relationship between Financial Stress and credit card use is also influenced by other factors such as income, expenses, and financial planning, which can impact credit card use. Therefore, it is essential to address financial stress through targeted interventions and support services to prevent the use of credit cards.
Well-being is associated with affective distress.: The community's structure shows that Well-being is associated with affective distress, with individuals experiencing lower well-being due to higher affective distress. This is supported by the relationship between Well-being and Affective Distress, where Well-being is a measure of an individual's overall quality of life, including their physical, emotional, and social well-being. Additionally, the relationship between Well-being and affective distress is also influenced by other factors such as perceived control over life, health-related quality of life, and substance use disorder, which can impact well-being. Therefore, it is essential to address affective distress through targeted interventions and support services to improve well-being.
Age is a significant risk factor for substance use disorder.: The community's structure shows that Age is a significant risk factor for substance use disorder, with older adults being more likely to experience substance use disorder. This is supported by the relationship between Age and Substance Use Disorder, where Age is a risk factor for substance use disorder, and older adults are more likely to experience it. Additionally, the relationship between Age and substance use disorder is also influenced by other factors such as lifestyle, genetics, and environmental factors, which can contribute to substance use disorder. Therefore, it is essential to address age-related substance use disorder through targeted interventions and support services.
Financial stress can lead to major financial stress.: The community's structure shows that Financial Stress can lead to major financial stress, with individuals experiencing financial stress being more likely to experience major financial stress. This is supported by the relationship between Financial Stress and Major Financial Stress, where Financial Stress is a causal factor for major financial stress. Additionally, the relationship between Financial Stress and major financial stress is also influenced by other factors such as income, expenses, and financial planning, which can impact major financial stress. Therefore, it is essential to address financial stress through targeted interventions and support services to prevent major financial stress.
Age is a significant risk factor for various health outcomes.: The community's structure shows that Age is a significant risk factor for various health outcomes, including disease risk and mortality. This is supported by the relationship between Age and various health outcomes, where Age is a risk factor for these conditions, and older adults are more likely to experience them. Additionally, the relationship between Age and health outcomes is also influenced by other factors such as lifestyle, genetics, and environmental factors, which can contribute to health outcomes. Therefore, it is essential to address age-related health outcomes through targeted interventions and support services.
Financial stress can affect life satisfaction.: The community's structure shows that Financial Stress can affect life satisfaction, with individuals experiencing financial stress being less likely to experience high life satisfaction. This is supported by the relationship between Financial Stress and Life Satisfaction, where Financial Stress is a causal factor for lower life satisfaction. Additionally, the relationship between Financial Stress and life satisfaction is also influenced by other factors such as income, expenses, and financial planning, which can impact life satisfaction. Therefore, it is essential to address financial stress through targeted interventions and support services to improve life satisfaction.
Age is a significant risk factor for various health issues.: The community's structure shows that Age is a significant risk factor for various health issues, including age-related diseases, vertebral compression fractures, aortic aneurysms, and others. This is supported by the relationship between Age and various health issues, where Age is a risk factor for these conditions, and older adults are more likely to experience them. Additionally, the relationship between Age and health issues is also influenced by other factors such as lifestyle, genetics, and environmental factors, which can contribute to health issues. Therefore, it is essential to address age-related health issues through targeted interventions and support services.
### Impact Rating: 8.0
The high impact severity rating is due to the strong associations between age and various health and financial outcomes, indicating a significant potential for negative consequences.

## Relationships:

(Promis Depression: Affects the affective and cognitive manifestations of depression)--[SELF-ASSESSMENT: PROMIS depression is a self-assessment tool for depression, and individuals who score high on this tool are more likely to experience depression]-->(Depression: Depression is a mental health disorder characterized by persistent feelings of sadness, hopelessness, and loss of interest in activities, which can be exacerbated by pain and pain-related disability.)
(Promis Depression: Affects the affective and cognitive manifestations of depression)--[ASSESSES: PROMIS depression measures assess depression symptoms.]-->(Depression: Depression is a mental health disorder characterized by persistent feelings of sadness, hopelessness, and loss of interest in activities, which can be exacerbated by pain and pain-related disability.)
(Promis Depression: Affects the affective and cognitive manifestations of depression)--[IS: PROMIS Depression is a measure of depression symptoms, which are a key component of depression.]-->(Depression: Depression is a mental health disorder characterized by persistent feelings of sadness, hopelessness, and loss of interest in activities, which can be exacerbated by pain and pain-related disability.)
(Promis Depression: Affects the affective and cognitive manifestations of depression)--[RELATED_TO: PROMIS depression is related to depression as it affects the affective and cognitive manifestations of depression.]-->(Depression: Depression is a mental health disorder characterized by persistent feelings of sadness, hopelessness, and loss of interest in activities, which can be exacerbated by pain and pain-related disability.)
(Depression: Depression is a mental health disorder characterized by persistent feelings of sadness, hopelessness, and loss of interest in activities, which can be exacerbated by pain and pain-related disability.)--[ASSOCIATION: Depression is associated with higher levels of depression.]-->(Promis Depression: Affects the affective and cognitive manifestations of depression)
(Promis Depression: Affects the affective and cognitive manifestations of depression)--[IS: Affects the affective and cognitive manifestations of depression]-->(Depression: Depression is a mental health disorder characterized by persistent feelings of sadness, hopelessness, and loss of interest in activities, which can be exacerbated by pain and pain-related disability.)
(Promis Depression: Affects the affective and cognitive manifestations of depression)--[MEASUREMENT: PROMIS depression is a measure of depression.]-->(Depression: Depression is a mental health disorder characterized by persistent feelings of sadness, hopelessness, and loss of interest in activities, which can be exacerbated by pain and pain-related disability.)
(Depression: Depression is a mental health disorder characterized by persistent feelings of sadness, hopelessness, and loss of interest in activities, which can be exacerbated by pain and pain-related disability.)--[CORRELATED: Depression is highly correlated with itself, with individuals experiencing depression often experiencing more depression.]-->(Promis Depression: Affects the affective and cognitive manifestations of depression)
(Depression: Depression is a mental health disorder characterized by persistent feelings of sadness, hopelessness, and loss of interest in activities, which can be exacerbated by pain and pain-related disability.)--[IS: Depression is a manifestation of PROMIS depression]-->(Promis Depression: Affects the affective and cognitive manifestations of depression)
(Depression: Depression is a mental health disorder characterized by persistent feelings of sadness, hopelessness, and loss of interest in activities, which can be exacerbated by pain and pain-related disability.)--[IS: Depression is a measure of the affective and cognitive manifestations of depression.]-->(Promis Depression: Affects the affective and cognitive manifestations of depression)
(Promis Depression: Affects the affective and cognitive manifestations of depression)--[MEASURES: PROMIS depression is a measure of affective and cognitive manifestations of depression.]-->(Depression: Depression is a mental health disorder characterized by persistent feelings of sadness, hopelessness, and loss of interest in activities, which can be exacerbated by pain and pain-related disability.)
(Depression: Depression is a mental health disorder characterized by persistent feelings of sadness, hopelessness, and loss of interest in activities, which can be exacerbated by pain and pain-related disability.)--[MEASURED_BY: PROMIS depression measures affective and cognitive manifestations of depression.]-->(Promis Depression: Affects the affective and cognitive manifestations of depression)
(Promis Depression: Affects the affective and cognitive manifestations of depression)--[ASSESSMENT: PROMIS depression is a measure of depression]-->(Depression: Depression is a mental health disorder characterized by persistent feelings of sadness, hopelessness, and loss of interest in activities, which can be exacerbated by pain and pain-related disability.)
(Promis Depression: Affects the affective and cognitive manifestations of depression)--[MEASURED_BY: PROMIS depression is a measure of depression symptoms in older adults.]-->(Depression: Depression is a mental health disorder characterized by persistent feelings of sadness, hopelessness, and loss of interest in activities, which can be exacerbated by pain and pain-related disability.)
(Promis Depression: Affects the affective and cognitive manifestations of depression)--[MEASURES: PROMIS depression assessments measure the affective and cognitive manifestations of depression.]-->(Depression: Depression is a mental health disorder characterized by persistent feelings of sadness, hopelessness, and loss of interest in activities, which can be exacerbated by pain and pain-related disability.)
(Promis Depression: Affects the affective and cognitive manifestations of depression)--[CHARACTERIZED_BY: PROMIS depression is characterized by symptoms that are also associated with depression]-->(Depression: Depression is a mental health disorder characterized by persistent feelings of sadness, hopelessness, and loss of interest in activities, which can be exacerbated by pain and pain-related disability.)
(Promis Depression: Affects the affective and cognitive manifestations of depression)--[ASSOCIATION: Promis depression is a measure of depression.]-->(Depression: Depression is a mental health disorder characterized by persistent feelings of sadness, hopelessness, and loss of interest in activities, which can be exacerbated by pain and pain-related disability.)
",False,
Sleep disturbance,PEG,True,"Reasoning Process:
Step 1: To determine if there is a causal relationship between Sleep disturbance and PEG, we need to examine the relationships between these two variables and their potential intermediate variables.
Step 2: From the report, we see that Sleep Disturbance is associated with Promis Depression, which is a causal factor for PEG. This suggests a potential indirect causal relationship between Sleep Disturbance and PEG through Promis Depression.
Step 3: However, we also see that Sleep Disturbance can affect sleep quality, which is a factor in chronic lower back pain, and PEG is a measure of pain interference and pain intensity due to chronic low back pain. This suggests a potential direct causal relationship between Sleep Disturbance and PEG.
Step 4: Furthermore, the report mentions that smoking is a causal factor for sleep disturbance, and smoking is associated with a higher comorbidity index (CCI), which can increase the risk of various health problems, including chronic lower back pain. This suggests that smoking may be an intermediate variable between Sleep Disturbance and PEG.
Step 5: Considering these relationships, we can conclude that there is a causal relationship between Sleep Disturbance and PEG, both directly and indirectly through intermediate variables such as Promis Depression and smoking.

Conclusion: Yes","# Report:
## Chunks:

42%                               |
|                                | (1·42 to 3·62)                 | (16·5 to 42·0)                   | (–11·2 to 11·3)                      | (2·86 to 5·87)                 | (28·0 to 57·6)                   | (–5·08 to 19·4)                     |
| ≥65 years                      | 0·249                          | 10·5%                            | 6·04%                                | 0·615                          | 22·8%                            | 10·4%                               |
|                                | (0·0861 to 0·475)              | (3·62 to 20·0)                   | (–0·0437 to 12·6)                    | (0·307 to 1·02)                | (11·3 to 37·6)                   | (–1·09 to 21·3)                     |
| USA                            |                                |                                  |                                      |                                |                                  |                                     |
| 15–39 years                    | 28800                          | 52·2%                            | –8·78%                               | 36600                          | 65·3%                            | –8·04%                              |
|                                | (19500 to 34700)               | (35·4 to 63·0)                   | (–14·9 to –2·88)                     | (30600 to 39600)               | (54·6 to 70·5)                   | (–12·3 to –4·89)                    |
| 40–64 years                    | 16500                          | 30·7%                            | 1·93%                                | 22800                          | 44·3%                            | 5·78%                               |
|                                | (12000 to 23000)               | (22·4 to 43·0)                   | (–5·70 to 6·52)                      | (17600 to 29400)
·90 to 8·89)                  | (–0·424 to 3·81)                    | (87·4 to 199)      | (20·3 to 46·3)                  | (–0·927 to 16·6)                    |
| ≥65 years    | 0·657              | 0·285%                          | 0·176%                              | 13·9               | 8·84%                           | 3·63%                               |
|              | (0·0590 to 3·52)   | (0·0256 to 1·53)                | (0·00923 to 0·877)                  | (6·82 to 32·1)     | (4·33 to 20·4)                  | (0·491 to 6·98)                     |
| Azerbaijan   |                    |                                 |                                     |                    |                                 |                                     |
| 15–39 years  | 191                | 9·19%                           | –1·76%                              | 890                | 41·0%                           | 0·163%                              |
|              | (124 to 278)       | (5·97 to 13·4)                  | (–5·24 to 1·44)                     | (743 to 1010)      | (34·2 to 46·6)                  | (–5·15 to 5·35)                     |
| 40–64 years  | 77·9               | 4·75%                           | –0·919%                             | 502                | 33·3%                           | 2·46%                               |
|              | (43·9 to 113)      | (2·67 to 6·91)                  | (–3·33 to 1·22)                     | (357 to 624)       | (23·7 to 41·3)                  | (–3·73 to 8·66)                     |
| ≥65 years    | 2·92               | 0·806%                          | –
there was a possible association between OSAS and elevated cancer risk, although it was not determined that whether it was a causal relationship [22, 40–43]. Even some studies reported null association or reversed conclusion that cancers and its related therapies caused the occurrence of OSAS [44–46]. Against this background, the implement of MR in the causal inference was much more essential. Recently, a MR analysis evaluated the associations of self-reported chronotype (morning or evening preference), insomnia symptoms, sleep duration, with BC risk using the UK Biobank data [16]. They identified a protective effect of

Table 1. Characteristics of women included in the mendelian randomization study.

|                          | OSAS          |                   |         | ВС             |                   |         |
|--------------------------|---------------|-------------------|---------|----------------|-------------------|---------|
| Variables                | Cases (n=900) | Controls (n=1078) | P value | Cases (n=1200) | Controls (n=1200) | P value |
| Age                      |               |                   |         |                |                   |         |
| ≥50                      | 462 (51.3%)   | 564 (52.3%)       | 0.662   | 685 (57.1%)    | 641 (53.4%)       | 0.071   |
| < 50                     | 438 (48.7%)   | 514 (47.7%)       |         | 515 (42.9%)    | 559 (36.6%)       |         |
| Body mass index (BMI)    | 23.97±3.21    | 23.88±3.17        | 0.532   | 23.96±3.20     | 23.90±3.24        | 0.648   |
| Family history of cancer |               |                   |         |                |                   |         |
| Yes                      | 113 (12.6%)   | 108 (10.0%)       | 0.074   | 289 (24.1%)    | 122 (10.2%)       | < 0.001 |
| No                       | 787 (87.
sleep apnea. Obstructive sleep apnea is as prevalent as 29–67% in patients with insomnia [\[31\]](#page-11-0), but it was not objectively diagnosed in our study, so the validity of our assessment of sleep apnea must be considered questionable.

The repetitive assessment of time-variant variables, including sleep disturbance that was interviewer-assessed using a valid sleep scale, are notable strengths of our study. However, some limitations must also be mentioned. The JSS-4 is an efficient and brief preliminary screening instrument for sleep disturbance, but it is unable to cover the entire spectrum of sleep disorders, including a formal diagnosis of insomnia and daytime sleepiness [\[32\]](#page-11-0). The results of our study may not be generalizable to the larger population of patients with ACS. We studied a fairly well-educated, predominantly male sample with low comorbidity, originally recruited for an intervention trial on the basis of a high level of perceived distress during ACS; the latter may have influenced the prevalence, although less likely the course of sleep disturbance after ACS. Moreover, as this was a secondary analysis of data collected for a randomized controlled trial to prevent the development of ACS-induces posttraumatic stress, there was no a priori power analysis for sleep disturbances as the outcome variable. Therefore, we are unable to justify the sample size of 180 patients for this ancillary sleep study on formal statistical grounds. Depression history was not verified by a diagnosis of lifetime depression made by a health professional. We did not include a non-ACS control group, so a direct comparison of the prevalence of sleep disturbance and its determinants that are non-ACS specific was not possible. We did not perform polysomnography to assess sleep parameters objectively, which would have allowed for a comprehensive assessment of different sleep dimensions, including total sleep time, wake after sleep onset, and sleep efficiency. However, in agreement with our findings, previous studies applying polysomnography in patients with ACS found that disturbed objective sleep may improve within 6 months after ACS [[1](#page-9-0)].

### **Conclusions**

The results of our study support the sparse literature based on cross-sectional studies showing that in patients with ACS, sleep disturbance is common and most severe in the days after ACS <span id=""page-9-0""></span>with a decrease in the following three months. Female sex, history of depression, and increased fear of dying and helplessness during ACS are independently associated with greater sleep disturbance and thus may help to identify patients at risk for developing poor sleep in the first year after A

This is a two-sample MR study with no sample overlap. The sources of summary statistics are from the cohorts of the UK Biobank, 23andMe, and iPSYCH, which avoids the ambiguous definition caused by summarizing multiple research data. We did an effort to exclude the effect of weak instrumental variables on the study results because many SNPs were potentially pleiotropic. Multiple sensitivity analyses validated the robustness of the results. This study still has some limitations. First, further studies are required to estimate a direct causal effect of insomnia on anxiety because this two-sample MR analysis only provides an estimate of the putative causal effect. Second, the quality of MR studies depended on the quality of the selected GWAS. It was unable to address the biases existing in the summary statistics from GWAS, such as misclassification of cases, insufficient adjustment factors, and

<span id=""page-5-0""></span>methodological mistakes. Third, we did not explore reverse causality about the causal effect of anxiety on insomnia, short sleep, and long sleep. This was because the number of SNPs currently found to be genome-wide associated with anxiety was insufficient (*P <* 5 × 10<sup>−</sup> <sup>8</sup> ). Forth, this is not a multi-racial MR study. Our conclusions were based on European ancestry and could not be generalizable to other populations. Fifth, sleep duration was divided into short sleep and long sleep. We did not assess the causal effect of linear changes in sleep duration on anxiety. Sixth, nap, sleep apnea, and changes in sleep rhythm would be a meaningful direction for the management of anxiety.

In conclusion, we found strong evidence that insomnia but not short sleep and long sleep has a causal effect on anxiety. In the future, the characteristics of insomnia should be incorporated into anxiety prevention and intervention strategies, which have important public health significance.

#### **Author's contribution**

FZ conceived the study. SL provided suggestions for the methods of analysis. FZ acquired and analyzed the data. FZ and SL wrote the draft of the paper. HX revised the draft. SL and HX were the correspondence authors in this study. All authors contributed to writing, reviewing, or revising the paper.
                                    |                    |                                 |                                     |
| 40–64 years                    | 309                | 32·1%                           | 1·92%                               | 600                | 62·8%                           | 2·45%                               |
|                                | (209 to 483)       | (21·7 to 50·1)                  | (–3·90 to 9·21)                     | (497 to 735)       | (52·0 to 76·9)                  | (–3·26 to 9·04)                     |
| ≥65 years                      | 31·4               | 5·73%                           | 0·852%                              | 142                | 39·1%                           | 0·980%                              |
|                                | (10·3 to 77·9)     | (1·88 to 14·2)                  | (–2·00 to 3·55)                     | (101 to 204)       | (27·7 to 56·1)                  | (–3·64 to 6·44)                     |
| Slovenia                       |                    |                                 |                                     |                    |                                 |                                     |
| 15–39 years                    | 151                | 54·0%                           | –5·61%                              | 234                | 77·4%                           | –3·83%                              |
|                                | (77·7 to 220)      | (27·8 to 78·7)                  | (–17·7 to 8·13)                     | (180 to 265)       | (59·7 to 87·8)                  | (–13·5 to 2·26)                     |
| 40–64 years                    | 68·3               | 18·6%                           | –5·52%                              | 165                | 43·0%                           | –9·03%                              |
|                                | (23·4 to 145)      | (6·37 to 39·6)## Communities:

### Smoking and Sleep Disturbance Community
### Summary
This community is centered around the relationship between smoking and sleep disturbance. The entities within this community are Smoking and Sleep Disturbance, which are related through various associations, causal relationships, and correlations. The community's structure is characterized by a complex web of relationships between these two entities, with smoking being a causal factor for sleep disturbance and sleep disturbance being a consequence of smoking.
### Key Findings
Smoking is a causal factor for sleep disturbance.: Smoking is a causal factor for sleep disturbance, as nicotine can disrupt sleep patterns and lead to sleep disorders. This is supported by the various relationships between smoking and sleep disturbance, including causal associations, correlations, and associations. For example, smoking can cause sleep disturbance, and sleep disturbance can be a consequence of smoking. Additionally, smoking is associated with higher levels of sleep disturbance, and sleep disturbance is often related to smoking due to the impact of substance use on sleep quality.
Sleep disturbance is a consequence of smoking.: Sleep disturbance is a consequence of smoking, as smoking can disrupt sleep patterns and lead to sleep disorders. This is supported by the various relationships between smoking and sleep disturbance, including causal associations, correlations, and associations. For example, smoking can cause sleep disturbance, and sleep disturbance can be a consequence of smoking. Additionally, smoking is associated with higher levels of sleep disturbance, and sleep disturbance is often related to smoking due to the impact of substance use on sleep quality.
Smoking is associated with a higher comorbidity index (CCI).: Smoking is associated with a higher comorbidity index (CCI), as it can increase the risk of various health problems. This is supported by the relationships between smoking and CCI, including causal associations, correlations, and associations. For example, smoking can cause a higher CCI, and a higher CCI is often related to smoking due to the impact of smoking on health outcomes.
Sleep disturbance is often related to smoking due to the impact of substance use on sleep quality.: Sleep disturbance is often related to smoking due to the impact of substance use on sleep quality. This is supported by the relationships between smoking and sleep disturbance, including causal associations, correlations, and associations. For example, smoking can cause sleep disturbance, and sleep disturbance can be a consequence of smoking. Additionally, smoking is associated with higher levels of sleep disturbance, and sleep disturbance is often related to smoking due to the impact of substance use on sleep quality.
Smoking can disrupt sleep patterns and lead to sleep disorders.: Smoking can disrupt sleep patterns and lead to sleep disorders, as nicotine can affect the brain's ability to regulate sleep-wake cycles. This is supported by the relationships between smoking and sleep disturbance, including causal associations, correlations, and associations. For example, smoking can cause sleep disturbance, and sleep disturbance can be a consequence of smoking. Additionally, smoking is associated with higher levels of sleep disturbance, and sleep disturbance is often related to smoking due to the impact of substance use on sleep quality.
Sleep disturbance is a significant risk factor for smoking.: Sleep disturbance is a significant risk factor for smoking, as individuals who experience sleep disturbance are more likely to smoke. This is supported by the relationships between smoking and sleep disturbance, including causal associations, correlations, and associations. For example, smoking can cause sleep disturbance, and sleep disturbance can be a consequence of smoking. Additionally, smoking is associated with higher levels of sleep disturbance, and sleep disturbance is often related to smoking due to the impact of substance use on sleep quality.
Smoking is associated with higher levels of sleep disturbance.: Smoking is associated with higher levels of sleep disturbance, as nicotine can disrupt sleep patterns and lead to sleep disorders. This is supported by the relationships between smoking and sleep disturbance, including causal associations, correlations, and associations. For example, smoking can cause sleep disturbance, and sleep disturbance can be a consequence of smoking. Additionally, smoking is associated with higher levels of sleep disturbance, and sleep disturbance is often related to smoking due to the impact of substance use on sleep quality.
Sleep disturbance is often related to smoking due to the impact of substance use on sleep quality.: Sleep disturbance is often related to smoking due to the impact of substance use on sleep quality. This is supported by the relationships between smoking and sleep disturbance, including causal associations, correlations, and associations. For example, smoking can cause sleep disturbance, and sleep disturbance can be a consequence of smoking. Additionally, smoking is associated with higher levels of sleep disturbance, and sleep disturbance is often related to smoking due to the impact of substance use on sleep quality.
Smoking can increase the risk of various health problems.: Smoking can increase the risk of various health problems, including cardiovascular disease, respiratory problems, and cancer. This is supported by the relationships between smoking and CCI, including causal associations, correlations, and associations. For example, smoking can cause a higher CCI, and a higher CCI is often related to smoking due to the impact of smoking on health outcomes.
Sleep disturbance is a consequence of smoking.: Sleep disturbance is a consequence of smoking, as smoking can disrupt sleep patterns and lead to sleep disorders. This is supported by the relationships between smoking and sleep disturbance, including causal associations, correlations, and associations. For example, smoking can cause sleep disturbance, and sleep disturbance can be a consequence of smoking. Additionally, smoking is associated with higher levels of sleep disturbance, and sleep disturbance is often related to smoking due to the impact of substance use on sleep quality.
### Impact Rating: 8.5
The high impact severity rating is due to the strong causal relationship between smoking and sleep disturbance, as well as the potential long-term consequences of smoking on overall health.

### Depression and Anxiety Community
### Summary
This community is centered around the relationship between depression and anxiety, with a focus on the affective and cognitive manifestations of depression and anxiety. The community is composed of two main entities: Promis Depression and Promis Anxiety. These entities are related to each other through various relationships, including causation, correlation, association, and influence.
### Key Findings
Depression and anxiety are closely related mental health conditions.: Depression and anxiety are often comorbid, with individuals with depression being more likely to experience anxiety. This relationship is supported by various studies and is a key aspect of the community. The relationship between depression and anxiety is complex and multifaceted, with both conditions influencing each other. Depression can contribute to anxiety, and anxiety can exacerbate depression. This co-occurrence can lead to a range of negative outcomes, including decreased quality of life and increased risk of comorbidities.
The PROMIS depression and anxiety measures are related to mental health and well-being.: The Patient-Reported Outcomes Measurement Information System (PROMIS) is a tool used to measure various aspects of mental health, including depression and anxiety. The PROMIS depression and anxiety measures are related to each other, as both are associated with mental health and well-being. This relationship is supported by research and highlights the importance of considering both depression and anxiety when assessing mental health.
Depression and anxiety often co-occur due to shared underlying factors.: Depression and anxiety often co-occur due to shared underlying factors, such as stress, trauma, and genetics. This co-occurrence can lead to a range of negative outcomes, including decreased quality of life and increased risk of comorbidities. Understanding the underlying factors that contribute to the co-occurrence of depression and anxiety is essential for developing effective treatment strategies.
There is a positive correlation between PROMIS depression and PROMIS anxiety.: Research has shown that there is a positive correlation between PROMIS depression and PROMIS anxiety. This means that individuals with higher PROMIS depression scores tend to have higher PROMIS anxiety scores. This correlation highlights the importance of considering both depression and anxiety when assessing mental health.
Depression and anxiety can overlap.: Depression and anxiety can overlap, with individuals experiencing symptoms of both conditions simultaneously. This overlap can lead to a range of negative outcomes, including decreased quality of life and increased risk of comorbidities. Understanding the overlap between depression and anxiety is essential for developing effective treatment strategies.
Depression and anxiety are related mental health conditions.: Depression and anxiety are related mental health conditions that can manifest together in an individual. This relationship is supported by research and highlights the importance of considering both depression and anxiety when assessing mental health.
Depression and anxiety often co-occur due to various factors.: Depression and anxiety often co-occur due to various factors, including shared underlying causes, comorbidities, and exacerbation of symptoms. This co-occurrence can lead to a range of negative outcomes, including decreased quality of life and increased risk of comorbidities. Understanding the factors that contribute to the co-occurrence of depression and anxiety is essential for developing effective treatment strategies.
The relationship between depression and anxiety is complex and multifaceted.: The relationship between depression and anxiety is complex and multifaceted, with both conditions influencing each other. Depression can contribute to anxiety, and anxiety can exacerbate depression. This co-occurrence can lead to a range of negative outcomes, including decreased quality of life and increased risk of comorbidities.
Depression and anxiety are often associated with each other.: Depression and anxiety are often associated with each other, with individuals with depression being more likely to experience anxiety. This association is supported by research and highlights the importance of considering both depression and anxiety when assessing mental health.
Depression and anxiety can be related to each other through various relationships.: Depression and anxiety can be related to each other through various relationships, including causation, correlation, association, and influence. This relationship is supported by research and highlights the importance of considering both depression and anxiety when assessing mental health.
### Impact Rating: 8.5
The high impact severity rating is due to the strong relationships between depression and anxiety, as well as the potential for comorbidity and exacerbation of symptoms.

## Relationships:

(Promis Depression: Affects the affective and cognitive manifestations of depression)--[INFLUENCES: Depression can influence sleep disturbances.]-->(Sleep Disturbance: Assess self-reported perceptions of sleep quality, sleep depth, and restoration associated with sleep. The score is a summary score on the general perception of sleep quality)
(Sleep Disturbance: Assess self-reported perceptions of sleep quality, sleep depth, and restoration associated with sleep. The score is a summary score on the general perception of sleep quality)--[CONTRIBUTES_TO: Sleep disturbance can contribute to depression due to the negative impact on mental health.]-->(Promis Depression: Affects the affective and cognitive manifestations of depression)
(Sleep Disturbance: Assess self-reported perceptions of sleep quality, sleep depth, and restoration associated with sleep. The score is a summary score on the general perception of sleep quality)--[PREDISPOSES: Poor sleep quality is a risk factor for depression, as measured by the PROMIS depression scale.]-->(Promis Depression: Affects the affective and cognitive manifestations of depression)
(Sleep Disturbance: Assess self-reported perceptions of sleep quality, sleep depth, and restoration associated with sleep. The score is a summary score on the general perception of sleep quality)--[AFFECTS: Sleep disturbance can lead to depression due to various psychological factors.]-->(Promis Depression: Affects the affective and cognitive manifestations of depression)
(Sleep Disturbance: Assess self-reported perceptions of sleep quality, sleep depth, and restoration associated with sleep. The score is a summary score on the general perception of sleep quality)--[CONTRIBUTES: Sleep disturbance can contribute to PROMIS depression due to the impact of sleep deprivation on mental health]-->(Promis Depression: Affects the affective and cognitive manifestations of depression)
(Sleep Disturbance: Assess self-reported perceptions of sleep quality, sleep depth, and restoration associated with sleep. The score is a summary score on the general perception of sleep quality)--[CAUSATION: Sleep disturbance is associated with depression, as poor sleep quality can contribute to depressive symptoms.]-->(Promis Depression: Affects the affective and cognitive manifestations of depression)
(Sleep Disturbance: Assess self-reported perceptions of sleep quality, sleep depth, and restoration associated with sleep. The score is a summary score on the general perception of sleep quality)--[AFFECTS: Sleep disturbances can affect the manifestation of depression]-->(Promis Depression: Affects the affective and cognitive manifestations of depression)
(Sleep Disturbance: Assess self-reported perceptions of sleep quality, sleep depth, and restoration associated with sleep. The score is a summary score on the general perception of sleep quality)--[CAUSAL_EFFECT: Sleep disturbance can affect depression.]-->(Promis Depression: Affects the affective and cognitive manifestations of depression)
(Sleep Disturbance: Assess self-reported perceptions of sleep quality, sleep depth, and restoration associated with sleep. The score is a summary score on the general perception of sleep quality)--[CAUSES: Sleep disturbance can cause depression, as poor sleep quality and duration can contribute to the development of depressive symptoms.]-->(Promis Depression: Affects the affective and cognitive manifestations of depression)
(Promis Depression: Affects the affective and cognitive manifestations of depression)--[CAUSAL: PROMIS depression is a causal factor of sleep disturbance as depression can worsen sleep quality]-->(Sleep Disturbance: Assess self-reported perceptions of sleep quality, sleep depth, and restoration associated with sleep. The score is a summary score on the general perception of sleep quality)
(Promis Depression: Affects the affective and cognitive manifestations of depression)--[IS_ASSOCIATED_WITH: PROMIS depression is related to sleep disturbance, as depression can lead to sleep disturbances]-->(Sleep Disturbance: Assess self-reported perceptions of sleep quality, sleep depth, and restoration associated with sleep. The score is a summary score on the general perception of sleep quality)
(Promis Depression: Affects the affective and cognitive manifestations of depression)--[DEPRESSION_RELATED_SLEEP_DISTURBANCE: Depression is a significant risk factor for sleep disturbance, with individuals experiencing depression being more likely to experience sleep disturbance.]-->(Sleep Disturbance: Assess self-reported perceptions of sleep quality, sleep depth, and restoration associated with sleep. The score is a summary score on the general perception of sleep quality)
(Promis Depression: Affects the affective and cognitive manifestations of depression)--[CORRELATION: Depression is often correlated with sleep disturbance, as individuals who experience depression are more likely to experience sleep disturbances due to various life events and circumstances.]-->(Sleep Disturbance: Assess self-reported perceptions of sleep quality, sleep depth, and restoration associated with sleep. The score is a summary score on the general perception of sleep quality)
(Sleep Disturbance: Assess self-reported perceptions of sleep quality, sleep depth, and restoration associated with sleep. The score is a summary score on the general perception of sleep quality)--[ASSOCIATED_WITH: Sleep disturbance is associated with PROMIS depression, as decreased sleep quality and duration may be related to increased depression]-->(Promis Depression: Affects the affective and cognitive manifestations of depression)
(Sleep Disturbance: Assess self-reported perceptions of sleep quality, sleep depth, and restoration associated with sleep. The score is a summary score on the general perception of sleep quality)--[CORRELATED_WITH: Sleep disturbance is correlated with PROMIS depression, as both measures are related to mental health.]-->(Promis Depression: Affects the affective and cognitive manifestations of depression)
(Promis Depression: Affects the affective and cognitive manifestations of depression)--[CAUSATION: Depression can cause sleep disturbance.]-->(Sleep Disturbance: Assess self-reported perceptions of sleep quality, sleep depth, and restoration associated with sleep. The score is a summary score on the general perception of sleep quality)
(Promis Depression: Affects the affective and cognitive manifestations of depression)--[CORRELATED: Depression and sleep disturbance are often correlated, as depression can lead to sleep disturbances and sleep disturbances can exacerbate depression.]-->(Sleep Disturbance: Assess self-reported perceptions of sleep quality, sleep depth, and restoration associated with sleep. The score is a summary score on the general perception of sleep quality)
(Promis Depression: Affects the affective and cognitive manifestations of depression)--[AFFECTS: Depression can affect sleep quality, leading to sleep disturbance.]-->(Sleep Disturbance: Assess self-reported perceptions of sleep quality, sleep depth, and restoration associated with sleep. The score is a summary score on the general perception of sleep quality)
(Sleep Disturbance: Assess self-reported perceptions of sleep quality, sleep depth, and restoration associated with sleep. The score is a summary score on the general perception of sleep quality)--[CORRELATES_WITH: Sleep disturbance can be correlated with depression, with poor sleep quality associated with increased risk of depression.]-->(Promis Depression: Affects the affective and cognitive manifestations of depression)
(Promis Depression: Affects the affective and cognitive manifestations of depression)--[NEGATIVE_IMPACT: Depression can disrupt sleep patterns.]-->(Sleep Disturbance: Assess self-reported perceptions of sleep quality, sleep depth, and restoration associated with sleep. The score is a summary score on the general perception of sleep quality)
(Promis Depression: Affects the affective and cognitive manifestations of depression)--[ASSOCIATED_WITH: Depression can affect sleep quality, which is a factor in chronic lower back pain.]-->(Sleep Disturbance: Assess self-reported perceptions of sleep quality, sleep depth, and restoration associated with sleep. The score is a summary score on the general perception of sleep quality)
(Sleep Disturbance: Assess self-reported perceptions of sleep quality, sleep depth, and restoration associated with sleep. The score is a summary score on the general perception of sleep quality)--[PREDICTS: Poor sleep quality, sleep depth, and restoration associated with sleep are associated with depression]-->(Promis Depression: Affects the affective and cognitive manifestations of depression)
(Sleep Disturbance: Assess self-reported perceptions of sleep quality, sleep depth, and restoration associated with sleep. The score is a summary score on the general perception of sleep quality)--[AFFECTS: Sleep quality can affect depression]-->(Promis Depression: Affects the affective and cognitive manifestations of depression)
(Sleep Disturbance: Assess self-reported perceptions of sleep quality, sleep depth, and restoration associated with sleep. The score is a summary score on the general perception of sleep quality)--[SLEEP_DISTURBANCE_DEPRESSION: Sleep disturbance can contribute to depression, and individuals with higher sleep disturbance scores are more likely to experience depression.]-->(Promis Depression: Affects the affective and cognitive manifestations of depression)
(Promis Depression: Affects the affective and cognitive manifestations of depression)--[CAUSAL_EFFECT: PROMIS Depression is causally related to Sleep Disturbance as depression can disrupt sleep patterns.]-->(Sleep Disturbance: Assess self-reported perceptions of sleep quality, sleep depth, and restoration associated with sleep. The score is a summary score on the general perception of sleep quality)
","# Report:
## Chunks:

sleep apnea. Obstructive sleep apnea is as prevalent as 29–67% in patients with insomnia [\[31\]](#page-11-0), but it was not objectively diagnosed in our study, so the validity of our assessment of sleep apnea must be considered questionable.

The repetitive assessment of time-variant variables, including sleep disturbance that was interviewer-assessed using a valid sleep scale, are notable strengths of our study. However, some limitations must also be mentioned. The JSS-4 is an efficient and brief preliminary screening instrument for sleep disturbance, but it is unable to cover the entire spectrum of sleep disorders, including a formal diagnosis of insomnia and daytime sleepiness [\[32\]](#page-11-0). The results of our study may not be generalizable to the larger population of patients with ACS. We studied a fairly well-educated, predominantly male sample with low comorbidity, originally recruited for an intervention trial on the basis of a high level of perceived distress during ACS; the latter may have influenced the prevalence, although less likely the course of sleep disturbance after ACS. Moreover, as this was a secondary analysis of data collected for a randomized controlled trial to prevent the development of ACS-induces posttraumatic stress, there was no a priori power analysis for sleep disturbances as the outcome variable. Therefore, we are unable to justify the sample size of 180 patients for this ancillary sleep study on formal statistical grounds. Depression history was not verified by a diagnosis of lifetime depression made by a health professional. We did not include a non-ACS control group, so a direct comparison of the prevalence of sleep disturbance and its determinants that are non-ACS specific was not possible. We did not perform polysomnography to assess sleep parameters objectively, which would have allowed for a comprehensive assessment of different sleep dimensions, including total sleep time, wake after sleep onset, and sleep efficiency. However, in agreement with our findings, previous studies applying polysomnography in patients with ACS found that disturbed objective sleep may improve within 6 months after ACS [[1](#page-9-0)].

### **Conclusions**

The results of our study support the sparse literature based on cross-sectional studies showing that in patients with ACS, sleep disturbance is common and most severe in the days after ACS <span id=""page-9-0""></span>with a decrease in the following three months. Female sex, history of depression, and increased fear of dying and helplessness during ACS are independently associated with greater sleep disturbance and thus may help to identify patients at risk for developing poor sleep in the first year after A
izes summary-level data to test for putative causal associations between a risk factor (exposure) and an outcome by using independent genomewide significant SNPs as instrumental variables as an index of the exposure. Instrumental variants were selected based on default P ≤ 5 × 10<sup>−</sup> <sup>8</sup> . HEIDI outlier detection was used to filter genetic instruments that showed clear pleiotropic effects on the exposure phenotype and the outcome phenotype. We used a threshold P value of 0.01 for the outlier detection analysis in HEIDI, which removes 1% of SNPs by chance if there is no pleiotropic effect.

#### **3. Results and discussion**

Genetic correlation analyses indicated that MDD has a significant genetic correlation with insomnia (correlation ratio = 0.40 ± 0.03, P = 1.12 × 10<sup>−</sup> 52). MR analysis indicated that genetic liabilities to MDD and to insomnia are mutually causal: MDD confers a causal effect on insomnia with 45 independent instrumental variants being involved (bxy = 0.16 ± 0.02, P = 1.11 × 10<sup>−</sup> 18, Fig. 1A), and insomnia confers a causal effect on MDD with 15 independent instrumental variants being involved (bxy = 0.57 ± 0.07, P = 1.17 × 10<sup>−</sup> 14, Fig. 1B).

We detected a moderate genetic correlation between MDD and insomnia, suggesting shared genetic liability between the two disorders. We further revealed bidirectional causal effects between MDD and insomnia, consistent with the observation that the comorbidity between depression and insomnia typically forms a vicious cycle, known to significantly impact the course and management of one another. In clinical practice, when co-occurring with MDD, insomnia is viewed as a symptom secondary to MDD. Our results indicated that insomnia exerts a much larger causal effect on MDD than *vice versa*, supporting the independent role of genetic liability of insomnia in etiology of MDD, reminiscent of the notion of using sleep interventions as therapies for neurodegenerative and psychiatric disorders ([Akers et al., 2018](#page-3-0)).

The SNPs and genes contributing to the causal effect of insomnia on depression and depression on insomnia are listed in [Tables 1
3-0). This statistically significant trend was further proven by Weighted median (OR = 1.21, CI: 1.105–1.318; p = 2.98e-05), RAPS (OR = 1.27, CI: 1.192–1.343; p = 1.08e-14) except for MR-Egger method

<span id=""page-4-0""></span>(OR = 1.15, CI: 0.937–1.421; p = 0.179) [\(Table 2](#page-3-0)). The MR-Egger regression analysis did not indicate the presence of pleiotropy (intercept p = 0.435) and Cochran's Q test did not detect significant heterogeneity in both MR-Egger and IVW methods (p > 0.05) ([Supplementary Table S3\)](#page-6-0). The causal effect of insomnia on LBP is illustrated by scatter plot [\(Figure 2A](#page-4-0)). Based on the effect size analysis, each insomnia SNP appeared to have a robust effect on LBP ([Supplementary Figure S1\)](#page-6-0). Furthermore, the leave-one-out analysis indicated that the significant result was not driven by any single SNP ([Supplementary Figure S2\)](#page-6-0). The mean F-statistics for IVs of insomnia is 43.73 in our study, which had ~100% power to detect a 25% increase in overall LBP risk (OR = 1.25). Altogether, these results indicate that our data are robust and without obvious bias.

#### The causal effect of daytime sleepiness on low back pain

For 38 SNPs, one SNP (rs11078398) was not found in the summary statistics for LBP and one SNP (rs2048522) was removed for being palindromic. In the MR-PRESSO test, no outliers were detected. Finally, 36 SNPs as IVs of daytime sleepiness remained in this part of the analysis. No genetic effect of daytime sleepiness on the risk of LBP was found by IVW method (OR = 0.86, CI: 0.461–1.606; p = 0.636), and the other methods were concordant with this result (
outcomes.

**Key words:** insomnia; sleep; psychological symptoms; confinement; COVID-19; pandemic

**Submitted:** 8 March, 2021; **Revised:** 24 June, 2021

© Sleep Research Society 2021. Published by Oxford University Press on behalf of the Sleep Research Society. All rights reserved. For permissions, please email: journals.permissions@oup.com

## Introduction

The COVID-19 pandemic has produced unprecedented changes in many aspects of our lives, including changes in health behaviors (sleep, diet, exercise), social relationships, as well as in our work schedule and environment. Surveys conducted in various countries have reported very high rates of sleep (insomnia) and psychological (e.g. anxiety and depression) problems, as well as changes in sleep scheduling factors both among healthcare workers [\[1,](#page-5-0) [2](#page-5-1)] and in the general population [\[3](#page-5-2)[–6](#page-5-3)]. Those problems have been attributed to such factors as confinement, loneliness and social isolation, reduced daylight exposure, and the stress and worries associated with the fear of infection, financial problems, and uncertainty about the outcome of COVID-19. While there is little doubt that sleep and mental health problems have increased since the beginning of the pandemic, the accuracy of the various estimates reported so far is questionable given the use of volunteers completing web-based surveys and the lack of pre-pandemic baseline data from the same sample. Nearly all published studies were cross-sectional surveys with convenience samples, some asking participants to make comparisons with their own situations before the pandemic, raising the issue as to whether data derived with such a methodology represent reliable and valid estimates of insomnia and psychological symptoms in the general population.

The present study capitalized on an ongoing longitudinal, population-based study of the natural history of insomnia in a Canadian cohort of adults who had completed their last follow-up assessment in 2018 and were then solicited during the first wave of COVID-19 (April to May 2020). The objective was to document prevalent, incident, and persistent cases of insomnia, along with perceived stress and psychological symptoms. We were also interested in documenting the associations of those symptoms with social confinement, loneliness, and changes in various lifestyles during the COVID-19 pandemic (e.g. electronic use, physical activity).

## Methods

#### **Study context and participants**

Data for this cohort study were derived from a 10-year population-based longitudinal study on the natural
disturbances, which most frequent side efects include fatigue and drowsiness [[16,](#page-9-11) [53](#page-10-26)]. Aside from these intrinsic factors afecting sleep after 60 years, some extrinsic factors seem to contribute to the greater prevalence of insomnia in this population compared to younger individuals [\[11,](#page-9-9) [15](#page-9-13)]. These factors include pain-associated impairments, cardiometabolic diseases, chronic respiratory illnesses, sleep

disorders (including other sleep disorders such as sleep disordered breathing, restless leg syndrome, REM sleep behavioral disorder), dementia, mental health conditions (notably depression), multiple medications, but also environment, especially for elders in institutions [\[11](#page-9-9), [15\]](#page-9-13).

While reviewing insomnia disorder correlates within the elder population, we found that females were more likely to have insomnia disorder than their male counterparts [\[55–](#page-10-28)[57\]](#page-10-29). This is corroborating reports in the general population. Indeed, Zeng and colleagues, through a meta-analysis that aimed to examine the gender diference regarding the prevalence of insomnia among the general population, found signifcantly higher prevalence among females [\[56](#page-10-30)]. More precisely, their analysis concerned 139,349 females and 187,559 males, and they reported an odds ratio of 1.58 [[56\]](#page-10-30). Similar conclusions were established by Zhang and Wing, whose meta-analytic study reported a female predisposition of insomnia (1,265,015 participants, female/ male: 718,828/546,187), with a risk ratio of 1.41 [\[55\]](#page-10-28). In their review article, the female predisposition was consistent and gradual across age, with more signifcance in older persons [[55](#page-10-28)]. A range of factors could explain the female excess of insomnia, the most reported one being the higher prevalence of anxiety and depression in women, the greater ease to express emotional distress and somatic symptoms, but also the postmenopausal period (especially for women around 60 years old) [[55](#page-10-28), [5
, such as socioeconomic status, self-rated health, lifestyle behavior, and anthropometrics, healthy employed adults are almost 1.5 times more likely to suffer from LBP after developing insomnia ([Agmon and Armon, 2014](#page-7-4)). Daytime sleepiness, defined by having trouble staying awake during the day, is also associated with the increasing frequency of back pain ([Gustafsson et al., 2018\)](#page-7-5). Although many observational studies have revealed a bidirectional relationship between sleep disturbances and LBP, the causal association are unclear due to the confounders ([Kelly et al., 2011;](#page-7-6) [Goforth](#page-7-7) [et al., 2014](#page-7-7); [Uhlig et al., 2018](#page-8-0); [Ho et al., 2019](#page-7-8); [Bilterys et al.,](#page-7-9) [2021;](#page-7-9) [Oliveira et al., 2022](#page-7-10)). A recent review focused on the association between sleep and spinal pain (including LBP) showed weak to moderate evidence of causality ([Van](#page-8-1) [Looveren et al., 2021\)](#page-8-1). Thus, further research with more advanced methodology is necessary to establish a causeand-effect link exists between LBP and sleep disturbances.

Traditional observational studies are inevitably biased since they are subject to many confounding factors. On the other hand, large randomized trials, which can provide the best evidence for causation, are expensive and timeconsuming. Mendelian randomization (MR) provides an ingenious method for inferring the causal nature of the exposure-outcome relationship by using instrumental variables (IVs), such as single nucleotide polymorphisms (SNPs) ([Gao et al., 2021;](#page-7-11) [Zhou et al., 2022](#page-8-2)). Due to the random segregation of alleles at conception, genetic variants are fixed and not affected by environmental risk factors, which minimizes residual confounding and reverse causality. Therefore, MR is also considered as a ""natural"" randomized controlled trial.

Previous MR studies have successfully confirmed that sleep traits contributed to the risk of several diseases including psychiatric disorder ([Gao et al## Communities:

### Smoking and Sleep Disturbance Community
### Summary
This community is centered around the relationship between smoking and sleep disturbance. The entities within this community are Smoking and Sleep Disturbance, which are related through various associations, causal relationships, and correlations. The community's structure is characterized by a complex web of relationships between these two entities, with smoking being a causal factor for sleep disturbance and sleep disturbance being a consequence of smoking.
### Key Findings
Smoking is a causal factor for sleep disturbance.: Smoking is a causal factor for sleep disturbance, as nicotine can disrupt sleep patterns and lead to sleep disorders. This is supported by the various relationships between smoking and sleep disturbance, including causal associations, correlations, and associations. For example, smoking can cause sleep disturbance, and sleep disturbance can be a consequence of smoking. Additionally, smoking is associated with higher levels of sleep disturbance, and sleep disturbance is often related to smoking due to the impact of substance use on sleep quality.
Sleep disturbance is a consequence of smoking.: Sleep disturbance is a consequence of smoking, as smoking can disrupt sleep patterns and lead to sleep disorders. This is supported by the various relationships between smoking and sleep disturbance, including causal associations, correlations, and associations. For example, smoking can cause sleep disturbance, and sleep disturbance can be a consequence of smoking. Additionally, smoking is associated with higher levels of sleep disturbance, and sleep disturbance is often related to smoking due to the impact of substance use on sleep quality.
Smoking is associated with a higher comorbidity index (CCI).: Smoking is associated with a higher comorbidity index (CCI), as it can increase the risk of various health problems. This is supported by the relationships between smoking and CCI, including causal associations, correlations, and associations. For example, smoking can cause a higher CCI, and a higher CCI is often related to smoking due to the impact of smoking on health outcomes.
Sleep disturbance is often related to smoking due to the impact of substance use on sleep quality.: Sleep disturbance is often related to smoking due to the impact of substance use on sleep quality. This is supported by the relationships between smoking and sleep disturbance, including causal associations, correlations, and associations. For example, smoking can cause sleep disturbance, and sleep disturbance can be a consequence of smoking. Additionally, smoking is associated with higher levels of sleep disturbance, and sleep disturbance is often related to smoking due to the impact of substance use on sleep quality.
Smoking can disrupt sleep patterns and lead to sleep disorders.: Smoking can disrupt sleep patterns and lead to sleep disorders, as nicotine can affect the brain's ability to regulate sleep-wake cycles. This is supported by the relationships between smoking and sleep disturbance, including causal associations, correlations, and associations. For example, smoking can cause sleep disturbance, and sleep disturbance can be a consequence of smoking. Additionally, smoking is associated with higher levels of sleep disturbance, and sleep disturbance is often related to smoking due to the impact of substance use on sleep quality.
Sleep disturbance is a significant risk factor for smoking.: Sleep disturbance is a significant risk factor for smoking, as individuals who experience sleep disturbance are more likely to smoke. This is supported by the relationships between smoking and sleep disturbance, including causal associations, correlations, and associations. For example, smoking can cause sleep disturbance, and sleep disturbance can be a consequence of smoking. Additionally, smoking is associated with higher levels of sleep disturbance, and sleep disturbance is often related to smoking due to the impact of substance use on sleep quality.
Smoking is associated with higher levels of sleep disturbance.: Smoking is associated with higher levels of sleep disturbance, as nicotine can disrupt sleep patterns and lead to sleep disorders. This is supported by the relationships between smoking and sleep disturbance, including causal associations, correlations, and associations. For example, smoking can cause sleep disturbance, and sleep disturbance can be a consequence of smoking. Additionally, smoking is associated with higher levels of sleep disturbance, and sleep disturbance is often related to smoking due to the impact of substance use on sleep quality.
Sleep disturbance is often related to smoking due to the impact of substance use on sleep quality.: Sleep disturbance is often related to smoking due to the impact of substance use on sleep quality. This is supported by the relationships between smoking and sleep disturbance, including causal associations, correlations, and associations. For example, smoking can cause sleep disturbance, and sleep disturbance can be a consequence of smoking. Additionally, smoking is associated with higher levels of sleep disturbance, and sleep disturbance is often related to smoking due to the impact of substance use on sleep quality.
Smoking can increase the risk of various health problems.: Smoking can increase the risk of various health problems, including cardiovascular disease, respiratory problems, and cancer. This is supported by the relationships between smoking and CCI, including causal associations, correlations, and associations. For example, smoking can cause a higher CCI, and a higher CCI is often related to smoking due to the impact of smoking on health outcomes.
Sleep disturbance is a consequence of smoking.: Sleep disturbance is a consequence of smoking, as smoking can disrupt sleep patterns and lead to sleep disorders. This is supported by the relationships between smoking and sleep disturbance, including causal associations, correlations, and associations. For example, smoking can cause sleep disturbance, and sleep disturbance can be a consequence of smoking. Additionally, smoking is associated with higher levels of sleep disturbance, and sleep disturbance is often related to smoking due to the impact of substance use on sleep quality.
### Impact Rating: 8.5
The high impact severity rating is due to the strong causal relationship between smoking and sleep disturbance, as well as the potential long-term consequences of smoking on overall health.

### Depression and Anxiety Community
### Summary
This community is centered around the relationship between depression and anxiety, with a focus on the affective and cognitive manifestations of depression and anxiety. The community is composed of two main entities: Promis Depression and Promis Anxiety. These entities are related to each other through various relationships, including causation, correlation, association, and influence.
### Key Findings
Depression and anxiety are closely related mental health conditions.: Depression and anxiety are often comorbid, with individuals with depression being more likely to experience anxiety. This relationship is supported by various studies and is a key aspect of the community. The relationship between depression and anxiety is complex and multifaceted, with both conditions influencing each other. Depression can contribute to anxiety, and anxiety can exacerbate depression. This co-occurrence can lead to a range of negative outcomes, including decreased quality of life and increased risk of comorbidities.
The PROMIS depression and anxiety measures are related to mental health and well-being.: The Patient-Reported Outcomes Measurement Information System (PROMIS) is a tool used to measure various aspects of mental health, including depression and anxiety. The PROMIS depression and anxiety measures are related to each other, as both are associated with mental health and well-being. This relationship is supported by research and highlights the importance of considering both depression and anxiety when assessing mental health.
Depression and anxiety often co-occur due to shared underlying factors.: Depression and anxiety often co-occur due to shared underlying factors, such as stress, trauma, and genetics. This co-occurrence can lead to a range of negative outcomes, including decreased quality of life and increased risk of comorbidities. Understanding the underlying factors that contribute to the co-occurrence of depression and anxiety is essential for developing effective treatment strategies.
There is a positive correlation between PROMIS depression and PROMIS anxiety.: Research has shown that there is a positive correlation between PROMIS depression and PROMIS anxiety. This means that individuals with higher PROMIS depression scores tend to have higher PROMIS anxiety scores. This correlation highlights the importance of considering both depression and anxiety when assessing mental health.
Depression and anxiety can overlap.: Depression and anxiety can overlap, with individuals experiencing symptoms of both conditions simultaneously. This overlap can lead to a range of negative outcomes, including decreased quality of life and increased risk of comorbidities. Understanding the overlap between depression and anxiety is essential for developing effective treatment strategies.
Depression and anxiety are related mental health conditions.: Depression and anxiety are related mental health conditions that can manifest together in an individual. This relationship is supported by research and highlights the importance of considering both depression and anxiety when assessing mental health.
Depression and anxiety often co-occur due to various factors.: Depression and anxiety often co-occur due to various factors, including shared underlying causes, comorbidities, and exacerbation of symptoms. This co-occurrence can lead to a range of negative outcomes, including decreased quality of life and increased risk of comorbidities. Understanding the factors that contribute to the co-occurrence of depression and anxiety is essential for developing effective treatment strategies.
The relationship between depression and anxiety is complex and multifaceted.: The relationship between depression and anxiety is complex and multifaceted, with both conditions influencing each other. Depression can contribute to anxiety, and anxiety can exacerbate depression. This co-occurrence can lead to a range of negative outcomes, including decreased quality of life and increased risk of comorbidities.
Depression and anxiety are often associated with each other.: Depression and anxiety are often associated with each other, with individuals with depression being more likely to experience anxiety. This association is supported by research and highlights the importance of considering both depression and anxiety when assessing mental health.
Depression and anxiety can be related to each other through various relationships.: Depression and anxiety can be related to each other through various relationships, including causation, correlation, association, and influence. This relationship is supported by research and highlights the importance of considering both depression and anxiety when assessing mental health.
### Impact Rating: 8.5
The high impact severity rating is due to the strong relationships between depression and anxiety, as well as the potential for comorbidity and exacerbation of symptoms.

## Relationships:

(Mdd: Major Depressive Disorder, a mental health condition characterized by persistent feelings of sadness, hopelessness, and a loss of interest in activities. It can also be associated with changes in appetite, sleep, energy, concentration, and physical symptoms such as pain or fatigue.)--[AFFECTS: MDD affects the affective and cognitive manifestations of depression]-->(Promis Depression: Affects the affective and cognitive manifestations of depression)
(Promis Depression: Affects the affective and cognitive manifestations of depression)--[MEASURE: PROMIS depression is a measure of depressive symptoms]-->(Mdd: Major Depressive Disorder, a mental health condition characterized by persistent feelings of sadness, hopelessness, and a loss of interest in activities. It can also be associated with changes in appetite, sleep, energy, concentration, and physical symptoms such as pain or fatigue.)
(Promis Depression: Affects the affective and cognitive manifestations of depression)--[ASSOCIATED_WITH: Affects the affective and cognitive manifestations of depression, which is a key component of MDD.]-->(Mdd: Major Depressive Disorder, a mental health condition characterized by persistent feelings of sadness, hopelessness, and a loss of interest in activities. It can also be associated with changes in appetite, sleep, energy, concentration, and physical symptoms such as pain or fatigue.)
(Promis Depression: Affects the affective and cognitive manifestations of depression)--[ASSESSMENT_TOOL: The study used PROMIS Depression to assess the severity of depressive symptoms in individuals with MDD.]-->(Mdd: Major Depressive Disorder, a mental health condition characterized by persistent feelings of sadness, hopelessness, and a loss of interest in activities. It can also be associated with changes in appetite, sleep, energy, concentration, and physical symptoms such as pain or fatigue.)
(Promis Depression: Affects the affective and cognitive manifestations of depression)--[CAUSE: PROMIS depression is a measure of the affective and cognitive manifestations of depression, which are characteristic of MDD.]-->(Mdd: Major Depressive Disorder, a mental health condition characterized by persistent feelings of sadness, hopelessness, and a loss of interest in activities. It can also be associated with changes in appetite, sleep, energy, concentration, and physical symptoms such as pain or fatigue.)
(Mdd: Major Depressive Disorder, a mental health condition characterized by persistent feelings of sadness, hopelessness, and a loss of interest in activities. It can also be associated with changes in appetite, sleep, energy, concentration, and physical symptoms such as pain or fatigue.)--[CAUSAL: MDD affects the affective and cognitive manifestations of depression]-->(Promis Depression: Affects the affective and cognitive manifestations of depression)
(Mdd: Major Depressive Disorder, a mental health condition characterized by persistent feelings of sadness, hopelessness, and a loss of interest in activities. It can also be associated with changes in appetite, sleep, energy, concentration, and physical symptoms such as pain or fatigue.)--[CAUSAL_RELATIONSHIP: MDD is a cause of PROMIS depression, as it affects the affective and cognitive manifestations of depression]-->(Promis Depression: Affects the affective and cognitive manifestations of depression)
(Promis Depression: Affects the affective and cognitive manifestations of depression)--[AFFECTS: PROMIS depression affects the affective and cognitive manifestations of depression, which is a key component of MDD]-->(Mdd: Major Depressive Disorder, a mental health condition characterized by persistent feelings of sadness, hopelessness, and a loss of interest in activities. It can also be associated with changes in appetite, sleep, energy, concentration, and physical symptoms such as pain or fatigue.)
(Promis Depression: Affects the affective and cognitive manifestations of depression)--[SUBSET: PROMIS depression affects the affective and cognitive manifestations of depression]-->(Mdd: Major Depressive Disorder, a mental health condition characterized by persistent feelings of sadness, hopelessness, and a loss of interest in activities. It can also be associated with changes in appetite, sleep, energy, concentration, and physical symptoms such as pain or fatigue.)
(Promis Depression: Affects the affective and cognitive manifestations of depression)--[ASSOCIATION: PROMIS depression is associated with MDD, with individuals who experience PROMIS depression being at a higher risk of developing MDD]-->(Mdd: Major Depressive Disorder, a mental health condition characterized by persistent feelings of sadness, hopelessness, and a loss of interest in activities. It can also be associated with changes in appetite, sleep, energy, concentration, and physical symptoms such as pain or fatigue.)
(Mdd: Major Depressive Disorder, a mental health condition characterized by persistent feelings of sadness, hopelessness, and a loss of interest in activities. It can also be associated with changes in appetite, sleep, energy, concentration, and physical symptoms such as pain or fatigue.)--[MEASUREMENT: MDD is measured using PROMIS depression]-->(Promis Depression: Affects the affective and cognitive manifestations of depression)
(Promis Depression: Affects the affective and cognitive manifestations of depression)--[RELATED_CONDITION: PROMIS Depression is related to MDD]-->(Mdd: Major Depressive Disorder, a mental health condition characterized by persistent feelings of sadness, hopelessness, and a loss of interest in activities. It can also be associated with changes in appetite, sleep, energy, concentration, and physical symptoms such as pain or fatigue.)
(Promis Depression: Affects the affective and cognitive manifestations of depression)--[ASSESSMENT: A patient-reported outcome measure that assesses the affective and cognitive manifestations of depression, including symptoms such as sadness, hopelessness, and loss of interest in activities.]-->(Mdd: Major Depressive Disorder, a mental health condition characterized by persistent feelings of sadness, hopelessness, and a loss of interest in activities. It can also be associated with changes in appetite, sleep, energy, concentration, and physical symptoms such as pain or fatigue.)
(Mdd: Major Depressive Disorder, a mental health condition characterized by persistent feelings of sadness, hopelessness, and a loss of interest in activities. It can also be associated with changes in appetite, sleep, energy, concentration, and physical symptoms such as pain or fatigue.)--[RELATED_TO: MDD affects the affective and cognitive manifestations of depression]-->(Promis Depression: Affects the affective and cognitive manifestations of depression)
(Mdd: Major Depressive Disorder, a mental health condition characterized by persistent feelings of sadness, hopelessness, and a loss of interest in activities. It can also be associated with changes in appetite, sleep, energy, concentration, and physical symptoms such as pain or fatigue.)--[CAUSE: MDD is a cause of PROMIS Depression]-->(Promis Depression: Affects the affective and cognitive manifestations of depression)
(Mdd: Major Depressive Disorder, a mental health condition characterized by persistent feelings of sadness, hopelessness, and a loss of interest in activities. It can also be associated with changes in appetite, sleep, energy, concentration, and physical symptoms such as pain or fatigue.)--[CAUSAL: MDD affects the affective and cognitive manifestations of anxiety]-->(Promis Anxiety: Focuses on fear (e.g., worry, feelings of panic), anxious misery (e.g., dread), hyperarousal (e.g., tension, nervousness, restlessness), and somatic symptoms related to arousal (e.g., cardiovascular symptoms, dizziness).)
(Promis Anxiety: Focuses on fear (e.g., worry, feelings of panic), anxious misery (e.g., dread), hyperarousal (e.g., tension, nervousness, restlessness), and somatic symptoms related to arousal (e.g., cardiovascular symptoms, dizziness).)--[MEASURE: PROMIS anxiety is a measure of anxiety symptoms]-->(Mdd: Major Depressive Disorder, a mental health condition characterized by persistent feelings of sadness, hopelessness, and a loss of interest in activities. It can also be associated with changes in appetite, sleep, energy, concentration, and physical symptoms such as pain or fatigue.)
(Promis Anxiety: Focuses on fear (e.g., worry, feelings of panic), anxious misery (e.g., dread), hyperarousal (e.g., tension, nervousness, restlessness), and somatic symptoms related to arousal (e.g., cardiovascular symptoms, dizziness).)--[CAUSE: PROMIS anxiety is a measure of fear, anxious misery, hyperarousal, and somatic symptoms related to arousal, which are associated with MDD.]-->(Mdd: Major Depressive Disorder, a mental health condition characterized by persistent feelings of sadness, hopelessness, and a loss of interest in activities. It can also be associated with changes in appetite, sleep, energy, concentration, and physical symptoms such as pain or fatigue.)
","# Report:
## Chunks:

, while ageing is linked with a failure in leptin action independently of obesity and body fat distribution (Carter et al. [2013](#page-13-0); Scarpace et al. [2000a](#page-14-0)). Comparison of young and aged individuals showed a decrease in mRNA, and serum leptin was observed after fasting at all ages (Scarpace and Tumer [2001](#page-14-0); Li et al. [1998\)](#page-14-0); however, the magnitude of this decrease is blunted with age (Li et al. [1998](#page-14-0)). Indeed,

23 Page 6 of 18 AGE (2016) 38: 23

studies on resistance to leptin administration revealed that old rats (30 months of age) with elevated adiposity presented threefold greater endogenous serum leptin levels than young individuals (6 months of age) (Scarpace and Tumer [2001](#page-14-0); Scarpace et al. [2000a](#page-14-0)). Scarpace et al. (2000) has shown that 7 days of subcutaneous leptin administration increased its serum levels and diminished food intake with greater significance for young rats (Scarpace et al. [2000a\)](#page-14-0), leading to the conclusion that older individuals are resistant to the effects of leptin (Scarpace et al. [2000a\)](#page-14-0). Conversely, recent work demonstrated that in old non-obese and calorierestricted rats, 7 days of intra-cerebroventricular leptin infusion efficiently decreased food intake (Petervari et al. [2014\)](#page-14-0). Petervari et al. (2014) suggested that ageing per se does not promote leptin resistance development; rather, early appearance of obesity leads to the progressive loss of the hypermetabolic effects of leptin (Petervari et al. [2014](#page-14-0)).

Typically, obesity is associated with increased circulating leptin concentrations (Ahima and Flier [2000\)](#page-14-0). Obese individuals exhibit leptin resistance, and its elevated concentrations fail to control hunger and body weight (My
and from 16.8% to 19% (syndrome) from 2018 to 2020, for an overall 26.7% increase in insomnia rates. Of those classified as good sleepers in 2018 (*n* = 343), 32.6% (*n* = 112) had developed new insomnia during the COVID-19 pandemic. Among participants who had insomnia in 2018, the persistence rate was 76.5% 2 years later. There was a significant worsening of sleep quality, fatigue, anxiety, and depression (all *p*s < .005) during the COVID-19 pandemic compared to 2018. Significant associations were found between sleep and psychological symptoms and with living alone and being in confinement, lower social support, increased time using electronic devices, reduced physical exercise, and higher financial stress.

**Conclusions:** The COVID-19 pandemic is associated with significant increases in insomnia and psychological symptoms compared to the pre-pandemic period. Large scale public sleep and mental health intervention programs should be prioritized during and after a pandemic such as the COVID-19.

## **Statement of Significance**

*Question.* What are the prevalence, incidence, and persistence rates of insomnia and severity of psychological symptoms during COVID-19 relative to pre-pandemic data, and how are those symptoms related to confinement, social isolation, and changes in lifestyles during the pandemic?

*Findings.* This cohort study revealed very high rates of prevalent (52.9%), incident (32.5%), and persistent insomnia (76.5%) during the first wave of the COVID-19 pandemic, with decreased sleep quality and increased psychological symptoms relative to pre-pandemic data. Severity of insomnia was associated with higher stress and psychological symptoms, and with being in confinement, living alone, and increased usage of electronics.

*Meaning.* Large scale public sleep health education is needed to minimize occurrence of insomnia and mental health problems during and after a pandemic such as COVID-19 to prevent long-term adverse outcomes.

**Key words:** insomnia; sleep; psychological symptoms; confinement; COVID-19; pandemic

**Submitted:** 8 March, 2021; **Revised:** 24 June, 2021

© Sleep Research Society 2021. Published by Oxford University Press on behalf of the Sleep Research Society. All rights reserved. For permissions, please email: journals.permissions@oup.com
outcomes.

**Key words:** insomnia; sleep; psychological symptoms; confinement; COVID-19; pandemic

**Submitted:** 8 March, 2021; **Revised:** 24 June, 2021

© Sleep Research Society 2021. Published by Oxford University Press on behalf of the Sleep Research Society. All rights reserved. For permissions, please email: journals.permissions@oup.com

## Introduction

The COVID-19 pandemic has produced unprecedented changes in many aspects of our lives, including changes in health behaviors (sleep, diet, exercise), social relationships, as well as in our work schedule and environment. Surveys conducted in various countries have reported very high rates of sleep (insomnia) and psychological (e.g. anxiety and depression) problems, as well as changes in sleep scheduling factors both among healthcare workers [\[1,](#page-5-0) [2](#page-5-1)] and in the general population [\[3](#page-5-2)[–6](#page-5-3)]. Those problems have been attributed to such factors as confinement, loneliness and social isolation, reduced daylight exposure, and the stress and worries associated with the fear of infection, financial problems, and uncertainty about the outcome of COVID-19. While there is little doubt that sleep and mental health problems have increased since the beginning of the pandemic, the accuracy of the various estimates reported so far is questionable given the use of volunteers completing web-based surveys and the lack of pre-pandemic baseline data from the same sample. Nearly all published studies were cross-sectional surveys with convenience samples, some asking participants to make comparisons with their own situations before the pandemic, raising the issue as to whether data derived with such a methodology represent reliable and valid estimates of insomnia and psychological symptoms in the general population.

The present study capitalized on an ongoing longitudinal, population-based study of the natural history of insomnia in a Canadian cohort of adults who had completed their last follow-up assessment in 2018 and were then solicited during the first wave of COVID-19 (April to May 2020). The objective was to document prevalent, incident, and persistent cases of insomnia, along with perceived stress and psychological symptoms. We were also interested in documenting the associations of those symptoms with social confinement, loneliness, and changes in various lifestyles during the COVID-19 pandemic (e.g. electronic use, physical activity).

## Methods

#### **Study context and participants**

Data for this cohort study were derived from a 10-year population-based longitudinal study on the natural
data extracted on 24/02/2021). UK Biobank recruited 503,325 adults aged from 37 to 73 years. Tey were recruited between 2006 and 2007 and attended one of the 22 test centres across the UK. Of the 503,325 participants, genetic data (see Additional fle [1](#page-11-3): Text S1) was successfully obtained for 487,406 participants [\[36](#page-12-31)]. Participants were then excluded from this sample if they did not meet the genetic quality control [[37\]](#page-12-32), they were not of white-British ancestry, they were not part of the maximal subset of individuals not related to any other individual to the third degree or higher or they had since withdrawn their consent (as of 09/08/2021). Te remaining 336,975 participants were included in the MR-PheWAS (See Additional fle [1:](#page-11-3) Fig. S1 for a fow diagram).

## **Genetic risk score**

We generated a weighted genetic risk score (GRS) using 129 independent single-nucleotide polymorphisms (SNPs) previously identifed [\[18\]](#page-12-14) to associate with selfreported insomnia symptoms (answering yes to any of eight questions about insomnia diagnosis, symptoms or treatment versus answering no to all these question plus three more questions about diagnosis and treatment of collections of diseases which include insomnia—see Additional fle [1:](#page-11-3) Text S2) at GWAS signifcance (with *p*<5× 10<sup>−</sup><sup>8</sup> ) in 23andMe, Inc. (Additional fle [2](#page-11-4): Table S1). Tese data were requested from 23andMe as they were not provided in the original GWAS paper. SNPs were weighted by their per-allele association with insomnia symptoms in the original GWAS. We used a linkage disequilibrium (LD) threshold of *R*2>0.001 to Gibson *et al. BMC Medicine (2023) 21:128* Page 3 of 15

clump the GWAS signifcant SNPs into independent SNPs. LD was calculated in the 1000 Genomes
0) found primary insomnia and major depression had distinct quantitative EEG profiles, with distinct patterns for each sex.

Previous studies have confirmed that there is a bidirectional association between insomnia and depression [[67\]](#page-9-0). Indeed, mental illnesses, such as depression and anxiety, are considered as one of the most robust perpetuating factors of chronic insomnia [\[46\]](#page-9-0). Prospective studies [[35](#page-8-0)] have also supported that depression is a strong risk factor for the persistence of insomnia. While higher prevalence of psychiatric disorders in women compared to men can partially explain sex differences in insomnia, further studies are needed that examine directionality and role of comorbid depression and anxiety disorders on the sex differences in insomnia.

Comorbidity of Other Sleep Disorders Insomnia is frequently comorbid with obstructive sleep apnea, although both are considered different clinical conditions with some opposing features, such as vigilance and sleepiness [[68\]](#page-9-0). Nonetheless, OSA and insomnia also share some common symptoms, such as non-restorative sleep and daytime function impairments [\[68](#page-9-0)]. Thus, a large proportion of patients with insomnia also have an apnea-hypopnea index meeting the diagnostic criteria for OSA [\[69\]](#page-9-0). On the other hand, over 50% of patients with OSA also suffer from clinically significant insomnia [\[70\]](#page-9-0), leading to more severe consequences and difficulties in management [\[71\]](#page-9-0). Muscle relaxation effects of benzodiazepines in treating insomnia symptoms exacerbate sleep apnea events [\[72](#page-10-0)]. OSA is a male-dominated disease. Li et al. have shown that among patients with insomnia, the prevalence of sleep apnea by using different criteria (AHI > 5, > 15, and > 30) was much higher in males than females under the age of 55 years old. However, the prevalence of OSA was very similar for those patients with insomnia aged over 55 years [\[73\]](#page-10-0). It is unclear whether there are sex differences in the consequences and management of the comorbid conditions between insomnia and OSA.

Restless leg syndrome (RLS) is characterized by an urge to move the legs, usually accompanied by uncomfortable sensations and sleep disturbances. Females are about 1
<s> # Gene

# Causal links between major depressive disorder and insomnia: A Mendelian randomisation study

Lei Cai <sup>a,1</sup>, Yiran Bao <sup>a,1</sup>, Xiaoqian Fu <sup>b,1</sup>, Hongbao Cao <sup>c</sup>, Ancha Baranova <sup>c,d</sup>, Xiangrong Zhang <sup>e</sup>, Jing Sun<sup>f</sup>, Fuquan Zhang<sup>e,f,\*</sup>

- a Bio-X Institutes, Key Laboratory for the Genetics of Developmental and Neuropsychiatric Disorders (Ministry of Education), Collaborative Innovation Center for Genetics and Development, Shanghai Key Laboratory of Psychotic Disorders (13dz2260500), Shanghai Jiaotong University, Shanghai 200240, China
- f Department of Psychiatry, The Affiliated Brain Hospital of Nanjing Medical University, Nanjing 210029, China

# Keywords:

Major depressive disorder Insomnia LD score regression Mendelian randomization

## Abstract

Both Major depressive disorder (MDD) and insomnia are two common mental disorders. However, the inherent and comprehensive genetic factors causing the links between MDD and insomnia are unclear yet. Here, based on GWAS results for each disorder, we used linkage disequilibrium (LD) score regression analysis and a multi-single nucleotide polymorphism (SNP) Mendelian randomization (MR) analysis to test the genetic relationships between these two diseases. Genetic correlation analyses indicated that MDD has a significant genetic correlation with insomnia (correlation ratio = 0.40  $\pm$  0.03, P =  $1.12 \times 10^{-52}$ ). Mendelian randomization analysis indicated that liability to MDD confers a causal effect on insomnia (b<sub>xy</sub> =  $0.16 \pm 0.02$ , P =  $1.11 \times 10^{-18}$ ), while liability to insomnia confers a causal effect on MDD (b<sub>xy</sub> = 0.57  $\pm$  0.07, P = 1.17  $\times$  10<sup>-14</sup>). We found that the transcription factor 4 (TCF4) gene may contribute to the mutual influences between M## Communities:

### Smoking and Sleep Disturbance Community
### Summary
This community is centered around the relationship between smoking and sleep disturbance. The entities within this community are Smoking and Sleep Disturbance, which are related through various associations, causal relationships, and correlations. The community's structure is characterized by a complex web of relationships between these two entities, with smoking being a causal factor for sleep disturbance and sleep disturbance being a consequence of smoking.
### Key Findings
Smoking is a causal factor for sleep disturbance.: Smoking is a causal factor for sleep disturbance, as nicotine can disrupt sleep patterns and lead to sleep disorders. This is supported by the various relationships between smoking and sleep disturbance, including causal associations, correlations, and associations. For example, smoking can cause sleep disturbance, and sleep disturbance can be a consequence of smoking. Additionally, smoking is associated with higher levels of sleep disturbance, and sleep disturbance is often related to smoking due to the impact of substance use on sleep quality.
Sleep disturbance is a consequence of smoking.: Sleep disturbance is a consequence of smoking, as smoking can disrupt sleep patterns and lead to sleep disorders. This is supported by the various relationships between smoking and sleep disturbance, including causal associations, correlations, and associations. For example, smoking can cause sleep disturbance, and sleep disturbance can be a consequence of smoking. Additionally, smoking is associated with higher levels of sleep disturbance, and sleep disturbance is often related to smoking due to the impact of substance use on sleep quality.
Smoking is associated with a higher comorbidity index (CCI).: Smoking is associated with a higher comorbidity index (CCI), as it can increase the risk of various health problems. This is supported by the relationships between smoking and CCI, including causal associations, correlations, and associations. For example, smoking can cause a higher CCI, and a higher CCI is often related to smoking due to the impact of smoking on health outcomes.
Sleep disturbance is often related to smoking due to the impact of substance use on sleep quality.: Sleep disturbance is often related to smoking due to the impact of substance use on sleep quality. This is supported by the relationships between smoking and sleep disturbance, including causal associations, correlations, and associations. For example, smoking can cause sleep disturbance, and sleep disturbance can be a consequence of smoking. Additionally, smoking is associated with higher levels of sleep disturbance, and sleep disturbance is often related to smoking due to the impact of substance use on sleep quality.
Smoking can disrupt sleep patterns and lead to sleep disorders.: Smoking can disrupt sleep patterns and lead to sleep disorders, as nicotine can affect the brain's ability to regulate sleep-wake cycles. This is supported by the relationships between smoking and sleep disturbance, including causal associations, correlations, and associations. For example, smoking can cause sleep disturbance, and sleep disturbance can be a consequence of smoking. Additionally, smoking is associated with higher levels of sleep disturbance, and sleep disturbance is often related to smoking due to the impact of substance use on sleep quality.
Sleep disturbance is a significant risk factor for smoking.: Sleep disturbance is a significant risk factor for smoking, as individuals who experience sleep disturbance are more likely to smoke. This is supported by the relationships between smoking and sleep disturbance, including causal associations, correlations, and associations. For example, smoking can cause sleep disturbance, and sleep disturbance can be a consequence of smoking. Additionally, smoking is associated with higher levels of sleep disturbance, and sleep disturbance is often related to smoking due to the impact of substance use on sleep quality.
Smoking is associated with higher levels of sleep disturbance.: Smoking is associated with higher levels of sleep disturbance, as nicotine can disrupt sleep patterns and lead to sleep disorders. This is supported by the relationships between smoking and sleep disturbance, including causal associations, correlations, and associations. For example, smoking can cause sleep disturbance, and sleep disturbance can be a consequence of smoking. Additionally, smoking is associated with higher levels of sleep disturbance, and sleep disturbance is often related to smoking due to the impact of substance use on sleep quality.
Sleep disturbance is often related to smoking due to the impact of substance use on sleep quality.: Sleep disturbance is often related to smoking due to the impact of substance use on sleep quality. This is supported by the relationships between smoking and sleep disturbance, including causal associations, correlations, and associations. For example, smoking can cause sleep disturbance, and sleep disturbance can be a consequence of smoking. Additionally, smoking is associated with higher levels of sleep disturbance, and sleep disturbance is often related to smoking due to the impact of substance use on sleep quality.
Smoking can increase the risk of various health problems.: Smoking can increase the risk of various health problems, including cardiovascular disease, respiratory problems, and cancer. This is supported by the relationships between smoking and CCI, including causal associations, correlations, and associations. For example, smoking can cause a higher CCI, and a higher CCI is often related to smoking due to the impact of smoking on health outcomes.
Sleep disturbance is a consequence of smoking.: Sleep disturbance is a consequence of smoking, as smoking can disrupt sleep patterns and lead to sleep disorders. This is supported by the relationships between smoking and sleep disturbance, including causal associations, correlations, and associations. For example, smoking can cause sleep disturbance, and sleep disturbance can be a consequence of smoking. Additionally, smoking is associated with higher levels of sleep disturbance, and sleep disturbance is often related to smoking due to the impact of substance use on sleep quality.
### Impact Rating: 8.5
The high impact severity rating is due to the strong causal relationship between smoking and sleep disturbance, as well as the potential long-term consequences of smoking on overall health.

### Age-Related Health and Financial Stress Community
### Summary
This community is centered around the relationship between age and various health and financial outcomes. The community includes entities such as Age, Financial Stress, Well-Being, and others, which are connected through different types of relationships, including association, causation, and influence. The community's structure suggests that age is a significant factor in determining health and financial outcomes, with older adults experiencing more financial stress, lower well-being, and increased risk of various health issues.
### Key Findings
Age is a significant risk factor for financial stress.: The community's structure shows that age is associated with financial stress, with older adults experiencing more financial stress due to declining incomes, reduced work hours, and increased healthcare expenses. This is supported by the relationship between Age and Financial Stress, where Age is a risk factor for financial stress, and older individuals are more likely to experience financial stress. Additionally, the relationship between Age and Financial Stress is also influenced by other factors such as job loss, health-related issues, and taxes, which can contribute to financial stress. Therefore, it is essential to address age-related financial stress through targeted interventions and support services.
Well-being is associated with age, with older adults experiencing lower well-being.: The community's structure shows that Well-being is associated with age, with older adults experiencing lower well-being due to various factors such as age-related changes, health issues, and financial stress. This is supported by the relationship between Age and Well-being, where Age is a significant predictor of well-being, with older patients scoring lower on anxiety, depression, and affective distress. Additionally, the relationship between Well-being and age is also influenced by other factors such as perceived control over life, affective distress, and health-related quality of life, which can impact well-being. Therefore, it is essential to address age-related well-being through targeted interventions and support services.
Age is a significant risk factor for various health issues.: The community's structure shows that Age is a significant risk factor for various health issues, including age-related diseases, vertebral compression fractures, aortic aneurysms, and others. This is supported by the relationship between Age and various health issues, where Age is a risk factor for these conditions, and older adults are more likely to experience them. Additionally, the relationship between Age and health issues is also influenced by other factors such as lifestyle, genetics, and environmental factors, which can contribute to health issues. Therefore, it is essential to address age-related health issues through targeted interventions and support services.
Financial stress can lead to the use of credit cards.: The community's structure shows that Financial Stress can lead to the use of credit cards, with individuals experiencing financial stress being more likely to use credit cards. This is supported by the relationship between Financial Stress and Credit Card, where Financial Stress is a causal factor for credit card use. Additionally, the relationship between Financial Stress and credit card use is also influenced by other factors such as income, expenses, and financial planning, which can impact credit card use. Therefore, it is essential to address financial stress through targeted interventions and support services to prevent the use of credit cards.
Well-being is associated with affective distress.: The community's structure shows that Well-being is associated with affective distress, with individuals experiencing lower well-being due to higher affective distress. This is supported by the relationship between Well-being and Affective Distress, where Well-being is a measure of an individual's overall quality of life, including their physical, emotional, and social well-being. Additionally, the relationship between Well-being and affective distress is also influenced by other factors such as perceived control over life, health-related quality of life, and substance use disorder, which can impact well-being. Therefore, it is essential to address affective distress through targeted interventions and support services to improve well-being.
Age is a significant risk factor for substance use disorder.: The community's structure shows that Age is a significant risk factor for substance use disorder, with older adults being more likely to experience substance use disorder. This is supported by the relationship between Age and Substance Use Disorder, where Age is a risk factor for substance use disorder, and older adults are more likely to experience it. Additionally, the relationship between Age and substance use disorder is also influenced by other factors such as lifestyle, genetics, and environmental factors, which can contribute to substance use disorder. Therefore, it is essential to address age-related substance use disorder through targeted interventions and support services.
Financial stress can lead to major financial stress.: The community's structure shows that Financial Stress can lead to major financial stress, with individuals experiencing financial stress being more likely to experience major financial stress. This is supported by the relationship between Financial Stress and Major Financial Stress, where Financial Stress is a causal factor for major financial stress. Additionally, the relationship between Financial Stress and major financial stress is also influenced by other factors such as income, expenses, and financial planning, which can impact major financial stress. Therefore, it is essential to address financial stress through targeted interventions and support services to prevent major financial stress.
Age is a significant risk factor for various health outcomes.: The community's structure shows that Age is a significant risk factor for various health outcomes, including disease risk and mortality. This is supported by the relationship between Age and various health outcomes, where Age is a risk factor for these conditions, and older adults are more likely to experience them. Additionally, the relationship between Age and health outcomes is also influenced by other factors such as lifestyle, genetics, and environmental factors, which can contribute to health outcomes. Therefore, it is essential to address age-related health outcomes through targeted interventions and support services.
Financial stress can affect life satisfaction.: The community's structure shows that Financial Stress can affect life satisfaction, with individuals experiencing financial stress being less likely to experience high life satisfaction. This is supported by the relationship between Financial Stress and Life Satisfaction, where Financial Stress is a causal factor for lower life satisfaction. Additionally, the relationship between Financial Stress and life satisfaction is also influenced by other factors such as income, expenses, and financial planning, which can impact life satisfaction. Therefore, it is essential to address financial stress through targeted interventions and support services to improve life satisfaction.
Age is a significant risk factor for various health issues.: The community's structure shows that Age is a significant risk factor for various health issues, including age-related diseases, vertebral compression fractures, aortic aneurysms, and others. This is supported by the relationship between Age and various health issues, where Age is a risk factor for these conditions, and older adults are more likely to experience them. Additionally, the relationship between Age and health issues is also influenced by other factors such as lifestyle, genetics, and environmental factors, which can contribute to health issues. Therefore, it is essential to address age-related health issues through targeted interventions and support services.
### Impact Rating: 8.0
The high impact severity rating is due to the strong associations between age and various health and financial outcomes, indicating a significant potential for negative consequences.

## Relationships:

(Insomnia: Insomnia is a sleep disorder characterized by difficulty initiating or maintaining sleep, or both, despite adequate opportunities to sleep, leading to impaired daytime functioning.)--[ASSOCIATION: Insomnia is associated with higher levels of depression.]-->(Promis Depression: Affects the affective and cognitive manifestations of depression)
(Insomnia: Insomnia is a sleep disorder characterized by difficulty initiating or maintaining sleep, or both, despite adequate opportunities to sleep, leading to impaired daytime functioning.)--[AFFECTS: Insomnia can affect the manifestation of depression]-->(Promis Depression: Affects the affective and cognitive manifestations of depression)
(Promis Depression: Affects the affective and cognitive manifestations of depression)--[CAUSATION: PROMIS depression affects the affective and cognitive manifestations of depression, which may contribute to insomnia.]-->(Insomnia: Insomnia is a sleep disorder characterized by difficulty initiating or maintaining sleep, or both, despite adequate opportunities to sleep, leading to impaired daytime functioning.)
(Insomnia: Insomnia is a sleep disorder characterized by difficulty initiating or maintaining sleep, or both, despite adequate opportunities to sleep, leading to impaired daytime functioning.)--[CAUSES: Insomnia can cause depression]-->(Promis Depression: Affects the affective and cognitive manifestations of depression)
(Promis Depression: Affects the affective and cognitive manifestations of depression)--[CAUSES: PROMIS depression is a symptom of insomnia]-->(Insomnia: Insomnia is a sleep disorder characterized by difficulty initiating or maintaining sleep, or both, despite adequate opportunities to sleep, leading to impaired daytime functioning.)
(Insomnia: Insomnia is a sleep disorder characterized by difficulty initiating or maintaining sleep, or both, despite adequate opportunities to sleep, leading to impaired daytime functioning.)--[ASSOCIATED_WITH: Girls with insomnia symptoms were more vulnerable to emotional and relationship problems compared to boys, suggesting a link between insomnia and depression.]-->(Promis Depression: Affects the affective and cognitive manifestations of depression)
(Promis Depression: Affects the affective and cognitive manifestations of depression)--[ASSOCIATION: PROMIS depression is associated with insomnia, as both are related to the same brain regions and neurotransmitters]-->(Insomnia: Insomnia is a sleep disorder characterized by difficulty initiating or maintaining sleep, or both, despite adequate opportunities to sleep, leading to impaired daytime functioning.)
(Promis Depression: Affects the affective and cognitive manifestations of depression)--[AFFECTS: Depression can affect sleep quality and lead to insomnia symptoms.]-->(Insomnia: Insomnia is a sleep disorder characterized by difficulty initiating or maintaining sleep, or both, despite adequate opportunities to sleep, leading to impaired daytime functioning.)
(Promis Depression: Affects the affective and cognitive manifestations of depression)--[AFFECTS: Depression is a risk factor for insomnia.]-->(Insomnia: Insomnia is a sleep disorder characterized by difficulty initiating or maintaining sleep, or both, despite adequate opportunities to sleep, leading to impaired daytime functioning.)
(Insomnia: Insomnia is a sleep disorder characterized by difficulty initiating or maintaining sleep, or both, despite adequate opportunities to sleep, leading to impaired daytime functioning.)--[RELATED_TO: Insomnia can also be related to depression]-->(Promis Depression: Affects the affective and cognitive manifestations of depression)
(Promis Anxiety: Focuses on fear (e.g., worry, feelings of panic), anxious misery (e.g., dread), hyperarousal (e.g., tension, nervousness, restlessness), and somatic symptoms related to arousal (e.g., cardiovascular symptoms, dizziness).)--[CAUSATION: PROMIS anxiety focuses on fear (e.g., worry, feelings of panic), anxious misery (e.g., dread), hyperarousal (e.g., tension, nervousness, restlessness), and somatic symptoms related to arousal (e.g., cardiovascular symptoms, dizziness), which may contribute to insomnia.]-->(Insomnia: Insomnia is a sleep disorder characterized by difficulty initiating or maintaining sleep, or both, despite adequate opportunities to sleep, leading to impaired daytime functioning.)
(Insomnia: Insomnia is a sleep disorder characterized by difficulty initiating or maintaining sleep, or both, despite adequate opportunities to sleep, leading to impaired daytime functioning.)--[AFFECTS: Insomnia can affect the manifestation of anxiety]-->(Promis Anxiety: Focuses on fear (e.g., worry, feelings of panic), anxious misery (e.g., dread), hyperarousal (e.g., tension, nervousness, restlessness), and somatic symptoms related to arousal (e.g., cardiovascular symptoms, dizziness).)
(Insomnia: Insomnia is a sleep disorder characterized by difficulty initiating or maintaining sleep, or both, despite adequate opportunities to sleep, leading to impaired daytime functioning.)--[ASSOCIATION: Insomnia is associated with higher levels of anxiety.]-->(Promis Anxiety: Focuses on fear (e.g., worry, feelings of panic), anxious misery (e.g., dread), hyperarousal (e.g., tension, nervousness, restlessness), and somatic symptoms related to arousal (e.g., cardiovascular symptoms, dizziness).)
(Promis Anxiety: Focuses on fear (e.g., worry, feelings of panic), anxious misery (e.g., dread), hyperarousal (e.g., tension, nervousness, restlessness), and somatic symptoms related to arousal (e.g., cardiovascular symptoms, dizziness).)--[CAUSES: PROMIS anxiety is a symptom of insomnia]-->(Insomnia: Insomnia is a sleep disorder characterized by difficulty initiating or maintaining sleep, or both, despite adequate opportunities to sleep, leading to impaired daytime functioning.)
(Insomnia: Insomnia is a sleep disorder characterized by difficulty initiating or maintaining sleep, or both, despite adequate opportunities to sleep, leading to impaired daytime functioning.)--[CAUSES: Insomnia can cause anxiety]-->(Promis Anxiety: Focuses on fear (e.g., worry, feelings of panic), anxious misery (e.g., dread), hyperarousal (e.g., tension, nervousness, restlessness), and somatic symptoms related to arousal (e.g., cardiovascular symptoms, dizziness).)
",False,
Anxiety,Catastrophizing,True,"Reasoning Process:
Step 1: The relationship between anxiety and catastrophizing is complex and bidirectional, with both anxiety and catastrophizing influencing each other. However, the provided definitions of PROMIS anxiety and pain catastrophizing score suggest that anxiety is a broader concept that encompasses fear, worry, and somatic symptoms, while catastrophizing is a specific cognitive process related to pain. This suggests that anxiety may be a more general factor that can contribute to catastrophizing, rather than the other way around.
Step 2: The knowledge graph relationships also support this interpretation, with PROMIS anxiety being associated with pain catastrophizing score, but not the other way around. This suggests that anxiety is a potential cause of catastrophizing, rather than the other way around.
Step 3: Furthermore, the report on depression and pain network suggests that depression is a significant risk factor for pain catastrophizing, which is consistent with the idea that anxiety can contribute to catastrophizing.
Step 4: Additionally, the report on smoking and sleep disturbance community suggests that smoking can increase the risk of depression, which is a risk factor for pain catastrophizing. This further supports the idea that anxiety can contribute to catastrophizing.

Conclusion: A","# Report:
## Chunks:

<s> # Fear of Pain and Pain Intensity: Meta-Analysis and Systematic Review

#### Tobias Markfelder and Paul Pauli University of Würzburg

The fear avoidance model (FAM) represents a cognitive–behavioral explanatory approach for pain chronification. The core assumption is that fear of pain (FOP) following an acute pain experience facilitates the development of pain chronification, disability, and receding functionality. Thus, the model predicts a positive association between FOP and pain intensity in pain patients, which was frequently investigated; however, results were inconsistent. To highlight inconsistencies, we performed integrative statistical analysis aimed at evaluating the strength of the cross-sectional relation between FOP and pain intensity in clinical research and reviewing its moderation through demographic, pain-specific and psychosocial characteristics. To this end, we searched the databases PsycINFO, PubMed, and Web of Science and included 253 independent effect size estimates (*N* - 42 463). The overall mean effect size was computed based on a random-effects model. By utilizing the artifact distribution method, we supplemented it with an analysis correcting for artifacts. The magnitude of the positive association equated to the threshold between a small to medium effect size, which was expected as the FAM predicts an indirect relation only. The association turned out to be stable across different FOP measures, but was significantly moderated by age, pain localization, first-time pain episode, pain onset, treatment status, and anxiety sensitivity. A potentially necessary differentiation of patient subgroups and suggestions for an adjusted methodological approach of future research are discussed.

#### *Public Significance Statement*

The chronification of pain is assumed to be crucially modulated by fear of pain, that is, pain catastrophizing leads to fear of pain and in the long run to pain-related disability. The inferred assumption that fear of pain is positively associated with pain reports in pain patients is confirmed by this meta-analysis. This suggests that successful pain treatment should target and moderate fear of pain, especially—as the performed moderator analyses revealed—in pain patients being of old age, having previous pain episodes, and having radiating or peripheral pain.

*Keywords:* fear of pain, kinesiophobia, meta-analysis, pain intensity, pain-related anxiety

Recent statistics about the prevalence of chronic pain and its consequences point to an immense societal problem; for example, a significant proportion of the population in most developed countries (6.8% to 50%) experiences some form of chronic pain [\(Turk](#page-36-0) [& Swanson, 2007\)](#page-36-0).
<s> Neuropsychiatr (2019) 33:72–89 <https://doi.org/10.1007/s40211-019-0302-9>

# **Obesity and anxiety symptoms: a systematic review and meta-analysis**

**Sohrab Amiri · Sepideh Behnezhad**

Received: 21 September 2018 / Accepted: 19 January 2019 / Published online: 18 February 2019 © Springer-Verlag GmbH Austria, ein Teil von Springer Nature 2019

#### **Summary**

*Background* Obesity and anxiety are the two most common health problems and increased body mass index can be lead to anxiety.

*Objective* The aim of this meta-analysis was to investigate the frequency of anxiety symptoms in people who are obese/overweight.

*Methods* For this purpose the authors systematically searched keywords in the databases PubMed, Scopus, PsycINFO and Google scholar through August 2018. After a comprehensive review, 25 studies were included into the meta-analysis.

*Results* Results of the meta-analysis showed that the frequency of anxiety in obesity had a pooled odds ratio (OR) of 1.30 and a 95% confidence interval (CI) of 1.20–1.41 and in overweight had an OR of 1.10 and CI of 1.00–1.21. Comparison between obesity/overweight and normal weight showed high frequency of anxiety in obesity/overweight with respect to subgroups (sex, obesity and anxiety assessment, adjusted/unadjusted, anxiety duration and age). Evaluation of 25 studies included in the metaanalysis showed publication bias.

**Author contributions** S. Amiri contributed to the formation of the subject, collecting and extracting data, analyzing data and writing a draft. S. Behnezhad contributed to collecting and extracting data and suggested some changes.

**Electronic supplementary material** The online version of this article [\(https://doi.org/10.1007/s40211-019-0302-9\)](https://doi.org/10.1007/s40211-019-0302-9) contains supplementary material, which is available to authorized users.

S. Amiri (-)

Urmia University, Urmia, Iran amirysohr
short-term withdrawal as reflecting a genuine anxiolytic effect of smoking[.7](#page-6-9) That is, withdrawal symptoms of increased anxiety and negative affect may be misattributed as reflecting genuine mood symptoms, which would lead to the impression that smoking improves mood.

We are therefore presented with multiple different hypotheses regarding whether there is a causal relationship between smoking and depression/anxiety and if so, what the direction of causality underlying this relationship is. While experimental studies are generally not possible, for both practical and ethical reasons, longitudinal studies may help inform our understanding of the causal relationship between smoking and depression/anxiety by clarifying the temporal association. Our study aimed to systematically review the literature comprising longitudinal studies of the associations between smoking and depression/anxiety and conduct meta-analyses where possible. To the best of our knowledge, this is the first systematic review of this literature.

#### **Methods**

#### Identification of Studies

We searched PubMed, Scopus, and Web of Science up until August 1, 2015 using the following search terms: depressi\*, anxi\*, smok\*, tobacco, nicotine, cigarette, caus\*, cohort, prospective, longitudinal. The term animal\* was specified for exclusion. Two authors (MF and AT) reviewed the electronic abstracts, selecting the full-text articles to be included.

#### Selection Criteria

Studies were included in the review if they met the following criteria: (1) human participants, (2) smoking as the exposure variable and depression and/or anxiety as the outcome variable, or *vice versa* (depression and/or anxiety as the exposure variable and smoking as the outcome variable), (3) longitudinal study design, and (4) reported primary data not previously reported elsewhere. Studies involving cessation, withdrawal, suicide, or trauma, which recruited participants who were pregnant or diagnosed with a psychiatric illness other than depression or anxiety, or included participants with depression and anxiety comorbid with another psychiatric illness were excluded. Studies not utilizing a validated diagnostic test for depression or anxiety were excluded. Studies investigating the association of parental smoking on offspring outcomes were also excluded, as were all experimental studies (eg, randomized controlled trials of smoking cessation interventions). RCTs as well as secondary analyses of randomized controlled trials were excluded.

#### Data Extraction

The following information was extracted from each of the included studies, by one author (MF): type of depression/anxiety (major depression, generalized anxiety disorder, mixed major depression, and generalized anxiety disorder), method of measuring depression/ anxiety (self-report via diagnostic test, clinical interview, or physician diagnosis) and scale
7-0),[112](#page-9-1) while two (50%) found no evidence of an association[.21,](#page-6-14)[103](#page-9-0) Seven studies investigated the association of smoking status with later comorbid depression and anxiety, of which five (71%) found evidence to support this association[,35](#page-7-10),[113–116](#page-9-2) while two (29%) found no evidence of an association.[117,](#page-9-3)[118](#page-9-4) These findings are summarized in [Figure 2](#page-3-1).

#### Smoking Heaviness

A total of 11 studies investigated the association of baseline depression with subsequent heaviness of smoking, of which eight (73%) found evidence that depression was associated with heavier rates of smoking[,22](#page-6-17),[119–125](#page-9-5) while two (18%) found that depression was associated with reduced heaviness of smokin[g26](#page-6-18),[126](#page-9-6) and one (09%) found no evidence of an association.[127](#page-9-7) One study investigated the association of baseline anxiety with subsequent smoking heaviness and found no evidence of an association.[124](#page-9-8) Eight studies investigated the association of heaviness of smoking with later depression, of which seven (88%) found evidence to support this association[,11](#page-6-8),[82,](#page-8-7)[95](#page-8-8),[102](#page-9-9),[125](#page-9-10),[127,](#page-9-7)[128](#page-9-11) while one (13%) found no evidence of an association.[129](#page-9-12) One study investigated the association of heaviness of smoking with later anxiety and found evidence to support this association[.130](#page-9-13) One study investigated the association of heaviness of smoking with later comorbid depression and anxiety, finding no evidence of an association.[117](#page-9-3) These findings are summarized in [Figure 2](#page-3-1).

#### Tobacco Dependence

A total of 13 studies investigated the association of baseline depression with subsequent tobacco dependence, of which 
, while ageing is linked with a failure in leptin action independently of obesity and body fat distribution (Carter et al. [2013](#page-13-0); Scarpace et al. [2000a](#page-14-0)). Comparison of young and aged individuals showed a decrease in mRNA, and serum leptin was observed after fasting at all ages (Scarpace and Tumer [2001](#page-14-0); Li et al. [1998\)](#page-14-0); however, the magnitude of this decrease is blunted with age (Li et al. [1998](#page-14-0)). Indeed,

23 Page 6 of 18 AGE (2016) 38: 23

studies on resistance to leptin administration revealed that old rats (30 months of age) with elevated adiposity presented threefold greater endogenous serum leptin levels than young individuals (6 months of age) (Scarpace and Tumer [2001](#page-14-0); Scarpace et al. [2000a](#page-14-0)). Scarpace et al. (2000) has shown that 7 days of subcutaneous leptin administration increased its serum levels and diminished food intake with greater significance for young rats (Scarpace et al. [2000a\)](#page-14-0), leading to the conclusion that older individuals are resistant to the effects of leptin (Scarpace et al. [2000a\)](#page-14-0). Conversely, recent work demonstrated that in old non-obese and calorierestricted rats, 7 days of intra-cerebroventricular leptin infusion efficiently decreased food intake (Petervari et al. [2014\)](#page-14-0). Petervari et al. (2014) suggested that ageing per se does not promote leptin resistance development; rather, early appearance of obesity leads to the progressive loss of the hypermetabolic effects of leptin (Petervari et al. [2014](#page-14-0)).

Typically, obesity is associated with increased circulating leptin concentrations (Ahima and Flier [2000\)](#page-14-0). Obese individuals exhibit leptin resistance, and its elevated concentrations fail to control hunger and body weight (My
physical conditions in vulnerable individuals with depression and/or anxiety.

Findings from our study indicated that individuals with depression and/or anxiety are more likely to suffer from poor physical health, high rates of obesity and smoking. These findings highlight the need for integrating wellness efforts within mental healthcare settings. In addition, emphasis on physical wellness needs to be part of broader efforts to improve mental health [[72](#page-9-0)]. In order to improve both physical and mental health, primary care services need to be integrated within mental health settings (reverse integration). Randomized trials and experimental studies have provided evidence on the beneficial effects of integrated primary care and mental health care for patients with depression and/or anxiety [\[73](#page-9-0)]. In addition to wellness efforts, routine screening for depression and/or anxiety along with co-ordinated mental-health care for those who screen positive for depression and/or anxiety may reduce the risk of chronic physical conditions.

The study had a number of strengths, including nationally representative sample, comprehensive list of independent variables that may affect chronic physical conditions and the ability to analyze the association between depression-anxiety status and a number of chronic physical conditions. We were also able to assess the independent effects of depression only, anxiety only, and comorbid depression and anxiety on risk of chronic conditions. Limitations have to be considered when interpreting the findings of the present study. The study design is retrospective, observational, and crosssectional and therefore cannot establish causal relationships. Study variables are based on self-reported data which might be subject to reporting-bias. As our study assessed the excess risk of chronic physical conditions among nonelderly adults, the study results are not generalizable to <span id=""page-7-0""></span>other age groups. Although we adjusted for a large number of risk factors that may affect presence of chronic conditions, some variables such as family history that could contribute to the excess risk of chronic physical conditions were not available. Finally, our study was not immune to the inherent limitations associated with use of secondary data such as measurement errors, errors in data editing and imputation, sampling and non-sampling errors, reporting errors and interviewer effects.

# **Conclusions**

Despite the limitations, our study has made a unique contribution to the literature by analyzing the independent contribution of depression, anxiety, and comorbid depression and anxiety on the risk of having chronic physical conditions, after controlling for demographic, life-style, and other important risk factors. Our study findings confirmed that even after adjusting for modifiable lifestyle risk factors, depression and/or anxiety made an independent contribution to the excess risk for many chronic physical conditions. Our study findings highlight the need to minimize the burden of depression and anxiety either through better surveillance, monitoring and treatment of these## Communities:

### Smoking and Sleep Disturbance Community
### Summary
This community is centered around the relationship between smoking and sleep disturbance. The entities within this community are Smoking and Sleep Disturbance, which are related through various associations, causal relationships, and correlations. The community's structure is characterized by a complex web of relationships between these two entities, with smoking being a causal factor for sleep disturbance and sleep disturbance being a consequence of smoking.
### Key Findings
Smoking is a causal factor for sleep disturbance.: Smoking is a causal factor for sleep disturbance, as nicotine can disrupt sleep patterns and lead to sleep disorders. This is supported by the various relationships between smoking and sleep disturbance, including causal associations, correlations, and associations. For example, smoking can cause sleep disturbance, and sleep disturbance can be a consequence of smoking. Additionally, smoking is associated with higher levels of sleep disturbance, and sleep disturbance is often related to smoking due to the impact of substance use on sleep quality.
Sleep disturbance is a consequence of smoking.: Sleep disturbance is a consequence of smoking, as smoking can disrupt sleep patterns and lead to sleep disorders. This is supported by the various relationships between smoking and sleep disturbance, including causal associations, correlations, and associations. For example, smoking can cause sleep disturbance, and sleep disturbance can be a consequence of smoking. Additionally, smoking is associated with higher levels of sleep disturbance, and sleep disturbance is often related to smoking due to the impact of substance use on sleep quality.
Smoking is associated with a higher comorbidity index (CCI).: Smoking is associated with a higher comorbidity index (CCI), as it can increase the risk of various health problems. This is supported by the relationships between smoking and CCI, including causal associations, correlations, and associations. For example, smoking can cause a higher CCI, and a higher CCI is often related to smoking due to the impact of smoking on health outcomes.
Sleep disturbance is often related to smoking due to the impact of substance use on sleep quality.: Sleep disturbance is often related to smoking due to the impact of substance use on sleep quality. This is supported by the relationships between smoking and sleep disturbance, including causal associations, correlations, and associations. For example, smoking can cause sleep disturbance, and sleep disturbance can be a consequence of smoking. Additionally, smoking is associated with higher levels of sleep disturbance, and sleep disturbance is often related to smoking due to the impact of substance use on sleep quality.
Smoking can disrupt sleep patterns and lead to sleep disorders.: Smoking can disrupt sleep patterns and lead to sleep disorders, as nicotine can affect the brain's ability to regulate sleep-wake cycles. This is supported by the relationships between smoking and sleep disturbance, including causal associations, correlations, and associations. For example, smoking can cause sleep disturbance, and sleep disturbance can be a consequence of smoking. Additionally, smoking is associated with higher levels of sleep disturbance, and sleep disturbance is often related to smoking due to the impact of substance use on sleep quality.
Sleep disturbance is a significant risk factor for smoking.: Sleep disturbance is a significant risk factor for smoking, as individuals who experience sleep disturbance are more likely to smoke. This is supported by the relationships between smoking and sleep disturbance, including causal associations, correlations, and associations. For example, smoking can cause sleep disturbance, and sleep disturbance can be a consequence of smoking. Additionally, smoking is associated with higher levels of sleep disturbance, and sleep disturbance is often related to smoking due to the impact of substance use on sleep quality.
Smoking is associated with higher levels of sleep disturbance.: Smoking is associated with higher levels of sleep disturbance, as nicotine can disrupt sleep patterns and lead to sleep disorders. This is supported by the relationships between smoking and sleep disturbance, including causal associations, correlations, and associations. For example, smoking can cause sleep disturbance, and sleep disturbance can be a consequence of smoking. Additionally, smoking is associated with higher levels of sleep disturbance, and sleep disturbance is often related to smoking due to the impact of substance use on sleep quality.
Sleep disturbance is often related to smoking due to the impact of substance use on sleep quality.: Sleep disturbance is often related to smoking due to the impact of substance use on sleep quality. This is supported by the relationships between smoking and sleep disturbance, including causal associations, correlations, and associations. For example, smoking can cause sleep disturbance, and sleep disturbance can be a consequence of smoking. Additionally, smoking is associated with higher levels of sleep disturbance, and sleep disturbance is often related to smoking due to the impact of substance use on sleep quality.
Smoking can increase the risk of various health problems.: Smoking can increase the risk of various health problems, including cardiovascular disease, respiratory problems, and cancer. This is supported by the relationships between smoking and CCI, including causal associations, correlations, and associations. For example, smoking can cause a higher CCI, and a higher CCI is often related to smoking due to the impact of smoking on health outcomes.
Sleep disturbance is a consequence of smoking.: Sleep disturbance is a consequence of smoking, as smoking can disrupt sleep patterns and lead to sleep disorders. This is supported by the relationships between smoking and sleep disturbance, including causal associations, correlations, and associations. For example, smoking can cause sleep disturbance, and sleep disturbance can be a consequence of smoking. Additionally, smoking is associated with higher levels of sleep disturbance, and sleep disturbance is often related to smoking due to the impact of substance use on sleep quality.
### Impact Rating: 8.5
The high impact severity rating is due to the strong causal relationship between smoking and sleep disturbance, as well as the potential long-term consequences of smoking on overall health.

### Depression and Pain Network
### Summary
This report provides an overview of the relationships between depression, pain, and other health conditions. The network includes entities such as depression, anxiety, cardiovascular disease, multimorbidity, and chronic physical conditions, among others. The relationships between these entities are based on associations, causes, and comorbidities.
### Key Findings
Depression is strongly associated with pain and various health conditions.: Depression is a mental health disorder characterized by persistent feelings of sadness, hopelessness, and loss of interest in activities. It is associated with various health conditions, including pain, cardiovascular disease, multimorbidity, and chronic physical conditions. The relationships between depression and these conditions are based on associations, causes, and comorbidities. For example, depression can lead to pain, and pain can exacerbate depression. Depression is also associated with an increased risk of cardiovascular disease, multimorbidity, and chronic physical conditions. Furthermore, depression can co-occur with anxiety, and anxiety can exacerbate depression. The bidirectional relationship between depression and anxiety is well-established in the literature. Additionally, depression is associated with an increased risk of chronic physical conditions, including arthritis, asthma, and hip pain. The relationships between depression and these conditions are complex and multifaceted, and further research is needed to fully understand the underlying mechanisms.
Pain is a significant risk factor for depression.: Pain is a common symptom of various health conditions, including arthritis, asthma, and hip pain. It can also be a symptom of depression. The relationship between pain and depression is bidirectional, with pain exacerbating depression and depression increasing the risk of pain. For example, individuals with chronic pain are more likely to experience depression, and individuals with depression are more likely to experience chronic pain. The relationship between pain and depression is complex and multifaceted, and further research is needed to fully understand the underlying mechanisms.
Depression is associated with an increased risk of cardiovascular disease.: Depression is a significant risk factor for cardiovascular disease, including heart disease and stroke. The relationship between depression and cardiovascular disease is based on associations, causes, and comorbidities. For example, depression can lead to cardiovascular disease through various mechanisms, including increased inflammation, oxidative stress, and endothelial dysfunction. Additionally, depression can exacerbate cardiovascular disease through various mechanisms, including decreased adherence to treatment and increased risk of complications. The bidirectional relationship between depression and cardiovascular disease is well-established in the literature.
Multimorbidity is a significant risk factor for depression.: Multimorbidity refers to the presence of two or more chronic health conditions. It is a significant risk factor for depression, as individuals with multimorbidity are more likely to experience depression. The relationship between multimorbidity and depression is based on associations, causes, and comorbidities. For example, multimorbidity can lead to depression through various mechanisms, including increased symptom burden, disability, and decreased quality of life. Additionally, multimorbidity can exacerbate depression through various mechanisms, including decreased adherence to treatment and increased risk of complications.
Chronic physical conditions are associated with an increased risk of depression.: Chronic physical conditions, including arthritis, asthma, and hip pain, are associated with an increased risk of depression. The relationship between chronic physical conditions and depression is based on associations, causes, and comorbidities. For example, chronic physical conditions can lead to depression through various mechanisms, including increased symptom burden, disability, and decreased quality of life. Additionally, chronic physical conditions can exacerbate depression through various mechanisms, including decreased adherence to treatment and increased risk of complications.
Genetic predisposition to depression may have positive causal roles on AF.: Genetic predisposition to depression may have positive causal roles on atrial fibrillation (AF). The relationship between depression and AF is based on associations, causes, and comorbidities. For example, depression can lead to AF through various mechanisms, including increased inflammation, oxidative stress, and endothelial dysfunction. Additionally, depression can exacerbate AF through various mechanisms, including decreased adherence to treatment and increased risk of complications.
Cigarette smoking is a risk factor for depression.: Cigarette smoking is a significant risk factor for depression. The relationship between cigarette smoking and depression is based on associations, causes, and comorbidities. For example, cigarette smoking can lead to depression through various mechanisms, including increased inflammation, oxidative stress, and endothelial dysfunction. Additionally, cigarette smoking can exacerbate depression through various mechanisms, including decreased adherence to treatment and increased risk of complications.
Marital status is associated with an increased risk of depression.: Marital status is associated with an increased risk of depression. The relationship between marital status and depression is based on associations, causes, and comorbidities. For example, being married or unmarried can lead to depression through various mechanisms, including increased stress, decreased social support, and decreased quality of life. Additionally, being married or unmarried can exacerbate depression through various mechanisms, including decreased adherence to treatment and increased risk of complications.
Widowhood is a risk factor for depression.: Widowhood is a significant risk factor for depression. The relationship between widowhood and depression is based on associations, causes, and comorbidities. For example, widowhood can lead to depression through various mechanisms, including increased stress, decreased social support, and decreased quality of life. Additionally, widowhood can exacerbate depression through various mechanisms, including decreased adherence to treatment and increased risk of complications.
Depression is associated with changes in the hippocampus.: Depression is associated with changes in the hippocampus, a region of the brain involved in memory formation and spatial navigation. The relationship between depression and the hippocampus is based on associations, causes, and comorbidities. For example, depression can lead to changes in the hippocampus through various mechanisms, including increased inflammation, oxidative stress, and decreased neurotrophic factors. Additionally, depression can exacerbate changes in the hippocampus through various mechanisms, including decreased adherence to treatment and increased risk of complications.
### Impact Rating: 8.5
The high impact severity rating is due to the strong associations between depression and various health conditions, including pain, cardiovascular disease, and multimorbidity.

## Relationships:

(Promis Depression: Affects the affective and cognitive manifestations of depression)--[IS_CAUSED_BY: Psychologically, women in the premenstrual period often report more depression, anxiety, and irritability, which are highly related with sleep disturbance]-->(Anxiety: Anxiety is a psychological state characterized by feelings of worry, fear, and apprehension, which can be exacerbated by pain and pain-related disability.)
(Anxiety: Anxiety is a psychological state characterized by feelings of worry, fear, and apprehension, which can be exacerbated by pain and pain-related disability.)--[CORRELATED: Anxiety is highly correlated with depression, with individuals experiencing anxiety often experiencing depression as well.]-->(Promis Depression: Affects the affective and cognitive manifestations of depression)
(Anxiety: Anxiety is a psychological state characterized by feelings of worry, fear, and apprehension, which can be exacerbated by pain and pain-related disability.)--[ASSOCIATION: Anxiety is associated with higher levels of depression.]-->(Promis Depression: Affects the affective and cognitive manifestations of depression)
(Anxiety: Anxiety is a psychological state characterized by feelings of worry, fear, and apprehension, which can be exacerbated by pain and pain-related disability.)--[AFFECTS: Anxiety can affect the manifestation of depression]-->(Promis Depression: Affects the affective and cognitive manifestations of depression)
(Anxiety: Anxiety is a psychological state characterized by feelings of worry, fear, and apprehension, which can be exacerbated by pain and pain-related disability.)--[RELATED_TO: Anxiety is a symptom of depression.]-->(Promis Depression: Affects the affective and cognitive manifestations of depression)
(Anxiety: Anxiety is a psychological state characterized by feelings of worry, fear, and apprehension, which can be exacerbated by pain and pain-related disability.)--[PREDISPOSES: Anxiety is a risk factor for depression.]-->(Promis Depression: Affects the affective and cognitive manifestations of depression)
(Promis Depression: Affects the affective and cognitive manifestations of depression)--[CORRELATION: Depression and anxiety are often comorbid, with PROMIS depression being a tool used to measure depressive symptoms.]-->(Anxiety: Anxiety is a psychological state characterized by feelings of worry, fear, and apprehension, which can be exacerbated by pain and pain-related disability.)
(Promis Depression: Affects the affective and cognitive manifestations of depression)--[ASSOCIATION: The text suggests a positive association between PROMIS depression and anxiety, although the exact nature of the association is not clear.]-->(Anxiety: Anxiety is a psychological state characterized by feelings of worry, fear, and apprehension, which can be exacerbated by pain and pain-related disability.)
(Promis Depression: Affects the affective and cognitive manifestations of depression)--[CAUSES: PROMIS depression can cause anxiety]-->(Anxiety: Anxiety is a psychological state characterized by feelings of worry, fear, and apprehension, which can be exacerbated by pain and pain-related disability.)
(Promis Depression: Affects the affective and cognitive manifestations of depression)--[IS_ASSOCIATED_WITH: PROMIS depression is associated with PROMIS anxiety]-->(Anxiety: Anxiety is a psychological state characterized by feelings of worry, fear, and apprehension, which can be exacerbated by pain and pain-related disability.)
(Promis Depression: Affects the affective and cognitive manifestations of depression)--[ASSOCIATED_WITH: PROMIS depression is associated with anxiety]-->(Anxiety: Anxiety is a psychological state characterized by feelings of worry, fear, and apprehension, which can be exacerbated by pain and pain-related disability.)
(Anxiety: Anxiety is a psychological state characterized by feelings of worry, fear, and apprehension, which can be exacerbated by pain and pain-related disability.)--[CORRELATED: Anxiety is highly correlated with itself, with individuals experiencing anxiety often experiencing more anxiety.]-->(Promis Anxiety: Focuses on fear (e.g., worry, feelings of panic), anxious misery (e.g., dread), hyperarousal (e.g., tension, nervousness, restlessness), and somatic symptoms related to arousal (e.g., cardiovascular symptoms, dizziness).)
(Anxiety: Anxiety is a psychological state characterized by feelings of worry, fear, and apprehension, which can be exacerbated by pain and pain-related disability.)--[ASSOCIATION: Anxiety is associated with higher levels of anxiety.]-->(Promis Anxiety: Focuses on fear (e.g., worry, feelings of panic), anxious misery (e.g., dread), hyperarousal (e.g., tension, nervousness, restlessness), and somatic symptoms related to arousal (e.g., cardiovascular symptoms, dizziness).)
(Promis Anxiety: Focuses on fear (e.g., worry, feelings of panic), anxious misery (e.g., dread), hyperarousal (e.g., tension, nervousness, restlessness), and somatic symptoms related to arousal (e.g., cardiovascular symptoms, dizziness).)--[MEASUREMENT: PROMIS anxiety is a measure of anxiety.]-->(Anxiety: Anxiety is a psychological state characterized by feelings of worry, fear, and apprehension, which can be exacerbated by pain and pain-related disability.)
(Promis Anxiety: Focuses on fear (e.g., worry, feelings of panic), anxious misery (e.g., dread), hyperarousal (e.g., tension, nervousness, restlessness), and somatic symptoms related to arousal (e.g., cardiovascular symptoms, dizziness).)--[MEASURES: PROMIS anxiety is a measure of fear (e.g., worry, feelings of panic), anxious misery (e.g., dread), hyperarousal (e.g., tension, nervousness, restlessness), and somatic symptoms related to arousal (e.g., cardiovascular symptoms, dizziness).]-->(Anxiety: Anxiety is a psychological state characterized by feelings of worry, fear, and apprehension, which can be exacerbated by pain and pain-related disability.)
",,,True,"# Report:
## Chunks:

<s> # Fear of Pain and Pain Intensity: Meta-Analysis and Systematic Review

#### Tobias Markfelder and Paul Pauli University of Würzburg

The fear avoidance model (FAM) represents a cognitive–behavioral explanatory approach for pain chronification. The core assumption is that fear of pain (FOP) following an acute pain experience facilitates the development of pain chronification, disability, and receding functionality. Thus, the model predicts a positive association between FOP and pain intensity in pain patients, which was frequently investigated; however, results were inconsistent. To highlight inconsistencies, we performed integrative statistical analysis aimed at evaluating the strength of the cross-sectional relation between FOP and pain intensity in clinical research and reviewing its moderation through demographic, pain-specific and psychosocial characteristics. To this end, we searched the databases PsycINFO, PubMed, and Web of Science and included 253 independent effect size estimates (*N* - 42 463). The overall mean effect size was computed based on a random-effects model. By utilizing the artifact distribution method, we supplemented it with an analysis correcting for artifacts. The magnitude of the positive association equated to the threshold between a small to medium effect size, which was expected as the FAM predicts an indirect relation only. The association turned out to be stable across different FOP measures, but was significantly moderated by age, pain localization, first-time pain episode, pain onset, treatment status, and anxiety sensitivity. A potentially necessary differentiation of patient subgroups and suggestions for an adjusted methodological approach of future research are discussed.

#### *Public Significance Statement*

The chronification of pain is assumed to be crucially modulated by fear of pain, that is, pain catastrophizing leads to fear of pain and in the long run to pain-related disability. The inferred assumption that fear of pain is positively associated with pain reports in pain patients is confirmed by this meta-analysis. This suggests that successful pain treatment should target and moderate fear of pain, especially—as the performed moderator analyses revealed—in pain patients being of old age, having previous pain episodes, and having radiating or peripheral pain.

*Keywords:* fear of pain, kinesiophobia, meta-analysis, pain intensity, pain-related anxiety

Recent statistics about the prevalence of chronic pain and its consequences point to an immense societal problem; for example, a significant proportion of the population in most developed countries (6.8% to 50%) experiences some form of chronic pain [\(Turk](#page-36-0) [& Swanson, 2007\)](#page-36-0).
<s> Pain 99 (2002) 485-491

# Fear-avoidance beliefs and catastrophizing: occurrence and risk factor in back pain and ADL in the general population

Nina Buer<sup>a,b,\*</sup>, Steven J. Linton<sup>c</sup>

<sup>a</sup>Neurotec Department, Division of Physiotherapy, Karolinska Institute, Stockholm, Sweden <sup>b</sup>Department of Health Promotion for Personnel, Örebro University Hospital, SE-701 85 Örebro, Sweden <sup>c</sup>Department of Occupational and Environmental Medicine, Örebro University Hospital, SE-701 85 Örebro, Sweden

Received 11 April 2002; accepted 21 June 2002

## Abstract

Fear-avoidance beliefs and catastrophizing have been shown to be powerful cognitions in the process of developing chronic pain problems and there is a need for increased knowledge in early stages of pain.

The objectives of this study were therefore, firstly, to examine the occurrence of fear-avoidance beliefs and catastrophizing in groups with different degrees of non-chronic spinal pain in a general population, and secondly to assess if fear-avoidance beliefs and catastrophizing were related to current ratings of pain and activities of daily living (ADL).

The study was a part of a population based back pain project and the study sample consisted of 917 men and women, 35–45 years old, either pain-free or with non-chronic spinal pain. The results showed that fear-avoidance beliefs as well as catastrophizing occur in this general population of non-patients. The levels were moderate and in catastrophizing a 'dose–response' pattern was seen, such that more the catastrophizing was, the more was pain. The study showed two relationships, which were between fear-avoidance and ADL as well as between catastrophizing and pain intensity. Logistic regression analyses were performed with 95% confidence intervals and the odds ratio for fear-avoidance beliefs and ADL was 2.5 and for catastrophizing and pain 1.8, both with confidence interval above unity. The results suggest that fear-avoidance beliefs and catastrophizing may play an active part in the transition from acute to chronic pain and clinical implications include screening and early intervention. © 2002 International Association for the Study of Pain. Published by Elsevier Science B.V. All rights reserved.

Key
1999).

Vlaeyen et al. (1995b) suggested a more specific form of fear-avoidance, namely fear of movement/(re) injury, see Fig. 1. A chain of reactions including catastrophizing and avoidance can lead to disuse, disability and depression, creating a vicious circle. The non-catastrophizing and confronting alternative would promote recovery.

<sup>\*</sup> Corresponding author. Tel.: +46-19-602-5772; fax: +46-19-602-5778. *E-mail address:* nina.buer@orebroll.se (N. Buer).

Fig. 1. Cognitive-behavioural model of fear-of-movement/(re) injury based on Vlaeyen et al. (1995b).

A relationship between fear-avoidance beliefs, as powerful and specific cognitive behavioural components, and chronic pain has been reported in the literature (Waddell et al., 1993; Burton et al., 1995; Vlaeyen et al., 1995a,b, 1999; Asmundson and Taylor, 1996). Catastrophizing, which is said to be the exaggerated and negative orientation toward pain, may have a role as a mediator to pain (Geisser et al., 1994; Sullivan et al., 1995; Crombez et al., 1998a). Individuals that catastrophise, expect that they cause a new episode of pain or activate an earlier injury. That could create fear of movement and reinforcement of avoidance behaviour. The issue of fear-avoidance beliefs raises further questions, since most of the research is conducted with chronic low back pain patients. Are fear-avoidance beliefs developed in a chronicity process and thus a result of the pain process, in line with theories of learning? Are fearavoidance beliefs presented already before injury, as a tendency to react in an avoiding way generally?

The body of knowledge has to date some limitations concerning the level of fear-avoidance beliefs in the acute phase of pain. Fritz et al. (2001) showed that fear-avoidance beliefs about work were present in acute low back pain patients. Furthermore, the beliefs functioned as a predictor of 4-week disability. In a prospective study, fear-avoidance beliefs had a relationship with the inception of back pain 1 year later (Linton et al., 2000).

In order to search for some
women) and with emphysema in women (OR=0.96, 95% CI=0.93, 0.99). The inverse associations between SSI score and T2DM in men and women were attenuated following adjustment for sociodemographic variables (Table 4). There were no significant associations between SSI and emphysema, heart diseases, circulatory diseases, or cancer in both sexes (Tables 3 and 4 and Appendix Table 3, available online).

In the fully adjusted model, psychological distress was positively associated with the onset of heart diseases (OR=2.38, 95% CI=1.16, 4.89 for men; OR=2.30, 95% CI=1.10, 4.78 for women), emphysema (OR=1.11, 95% CI=1.03, 1.20 for men; OR=1.08, 95% CI=1.04, 1.12 for women), and circulatory diseases (OR=1.04, 95%

CI=1.02, 1.08 for women) (Table 3 and Appendix Table 3, available online). Individuals who experienced personal stress were twice as likely to develop anxiety or depression compared with those who did not. The elevated risk of anxiety or depression in both sexes and circulatory diseases in women associated with family-related stress were attenuated after adjustment for confounders. Positive life events were inversely associated with circulatory diseases in women (OR=0.48, 95% CI=0.25, 0.90), whereas in men this association was attenuated when the model was adjusted by confounding variables (Table 3).

In the fully adjusted models, significant associations of parenting stress and the likelihood of the onset of anxiety or depression were only evident in women (OR=1.24, 95% CI=1.02, 1.51) (Table 4). Financial stress was positively associated with the onset of anxiety or depression (OR=1.36, 95% CI=1.26, 1.63 for men; OR=1.30, 95% CI=1.10, 1.52 for women) and T2DM (OR=1.60, 95% CI=1.18, 2.18 for women). Work—family balance and job quality were not significantly associated with NCDs in both sexes (Tables 
3, 2.04; P < 0.0001) for diabetes. Presence of depression only was also found to be significantly associated with all chronic conditions except for osteoporosis. Individuals with anxiety only were found to have a higher risk for arthritis, COPD, heart disease and hypertension.

**Conclusion:** Presence of depression and/or anxiety conferred an independent risk for having chronic physical conditions after adjusting for demographic and modifiable lifestyle risk factors.

**Keywords:** Depression, Anxiety, Obesity, Smoking, Physical activity, Chronic physical conditions

# **Background**

Depression and anxiety have been reported to be associated with chronic physical conditions [1]. Evidences from cross-sectional, longitudinal studies, systematic reviews, and meta-analyses have concluded that depression is an independent risk factor for developing chronic physical conditions [2-9]. Published research has shown that depression can lead to type 2 diabetes (hereafter referred to

as diabetes) [3], cardiovascular diseases (CVD) [4] and hypertension [5]. In a Canadian study it was found that among young adults between 20 and 50 years, prior history of depression was related to new onset diabetes [10]. Results from meta-analyses showed that individuals with depression had a 64% increased risk of development of heart disease [11] and 60% increased risk of diabetes [12]. Several studies also have reported depression as a significant predictor of osteoporosis and fractures [6-9]. An association between depression and Chronic Obstructive Pulmonary Disease (COPD) is established through an indirect pathway via increased nicotine dependence among those with depression. [13-15].

Full list of author information is available at the end of the article

 $<sup>\</sup>hbox{$^*$ Correspondence: $rbhattacharya@hsc.wvu.edu}\\$ 

<sup>&</sup>lt;sup>1</sup>Department of Pharmaceutical Sciences and Policy, School of Pharmacy, West Virginia University, P.O. Box 9510, Morgantown, WV 26506-9510, USA <sup>2</sup>Center For Cardiovascular And Respiratory Sciences, West Virginia University, Morgantown, WV, USA

However, there has been mixed findings on the association between anxiety and risk for some chronic physical conditions. A prospective association between anxiety and risk of hypertension has been reported [\[16](#page-7-0)]. A Danish study also revealed
adverse social effect of excess weight or metabolic pathways) causes the higher risk of mental health outcomes. Using this approach, we provide evidence that higher adiposity in the absence of an adverse metabolic health profile causes depression and lowers wellbeing. In contrast, we found little evidence that higher adiposity in the presence or absence of adverse metabolic consequences causes generalized anxiety disorder.

The pathways from BMI to mental health could be biological or social. The biological pathways include the role of BMI as a risk factor for other negative health outcomes, such as diabetes and cardiovascular disease. In contrast societal inf luences, perceptions and stigma could cause individuals to associate negative health consequences with higher BMI and consequently report poorer mental health. To explore this further, we used two sets of genetic variants—one which associates with higher adiposity but better metabolic health (favourable adiposity) and the second that associates with higher adiposity but poorer metabolic health (unfavourable adiposity). The effect estimates for depression and well-being were consistent for both sets of genetic variants, suggesting that the pathway from higher BMI to adverse mental health is not purely metabolic and to some extent may be driven by other factors (e.g. psychosocial factors). This may be partially explained by the relationship between higher BMI and lower socioeconomic position (SEP) and social contact as demonstrated by ourselves [\(18](#page-10-16)[,19\)](#page-10-17) and others [\(20\)](#page-10-18).The associations between BMI and SEP may be predominantly driven by familial effects [\(18](#page-10-16)[,21\)](#page-10-19). In combination, with the evidence in UK populations that lower SEP associates with depression [\(22\)](#page-10-20), this may mean that our results ref lect a causal pathway from higher adiposity to lower SEP to higher depression. An alternative pathway that may explain the causal relationship between higher BMI and mental health is pain. Future work should look at multivariate approaches to tease apart these associations further.

The associations between higher adiposity and higher odds of depression in this study build on previous work by ourselves [\(12\)](#page-10-8) and others [\(9,](#page-10-21) [11\)](#page-10-11). Here, we were able to utilize the phenotypically rich MHQ in UK Biob## Communities:

### Smoking and Sleep Disturbance Community
### Summary
This community is centered around the relationship between smoking and sleep disturbance. The entities within this community are Smoking and Sleep Disturbance, which are related through various associations, causal relationships, and correlations. The community's structure is characterized by a complex web of relationships between these two entities, with smoking being a causal factor for sleep disturbance and sleep disturbance being a consequence of smoking.
### Key Findings
Smoking is a causal factor for sleep disturbance.: Smoking is a causal factor for sleep disturbance, as nicotine can disrupt sleep patterns and lead to sleep disorders. This is supported by the various relationships between smoking and sleep disturbance, including causal associations, correlations, and associations. For example, smoking can cause sleep disturbance, and sleep disturbance can be a consequence of smoking. Additionally, smoking is associated with higher levels of sleep disturbance, and sleep disturbance is often related to smoking due to the impact of substance use on sleep quality.
Sleep disturbance is a consequence of smoking.: Sleep disturbance is a consequence of smoking, as smoking can disrupt sleep patterns and lead to sleep disorders. This is supported by the various relationships between smoking and sleep disturbance, including causal associations, correlations, and associations. For example, smoking can cause sleep disturbance, and sleep disturbance can be a consequence of smoking. Additionally, smoking is associated with higher levels of sleep disturbance, and sleep disturbance is often related to smoking due to the impact of substance use on sleep quality.
Smoking is associated with a higher comorbidity index (CCI).: Smoking is associated with a higher comorbidity index (CCI), as it can increase the risk of various health problems. This is supported by the relationships between smoking and CCI, including causal associations, correlations, and associations. For example, smoking can cause a higher CCI, and a higher CCI is often related to smoking due to the impact of smoking on health outcomes.
Sleep disturbance is often related to smoking due to the impact of substance use on sleep quality.: Sleep disturbance is often related to smoking due to the impact of substance use on sleep quality. This is supported by the relationships between smoking and sleep disturbance, including causal associations, correlations, and associations. For example, smoking can cause sleep disturbance, and sleep disturbance can be a consequence of smoking. Additionally, smoking is associated with higher levels of sleep disturbance, and sleep disturbance is often related to smoking due to the impact of substance use on sleep quality.
Smoking can disrupt sleep patterns and lead to sleep disorders.: Smoking can disrupt sleep patterns and lead to sleep disorders, as nicotine can affect the brain's ability to regulate sleep-wake cycles. This is supported by the relationships between smoking and sleep disturbance, including causal associations, correlations, and associations. For example, smoking can cause sleep disturbance, and sleep disturbance can be a consequence of smoking. Additionally, smoking is associated with higher levels of sleep disturbance, and sleep disturbance is often related to smoking due to the impact of substance use on sleep quality.
Sleep disturbance is a significant risk factor for smoking.: Sleep disturbance is a significant risk factor for smoking, as individuals who experience sleep disturbance are more likely to smoke. This is supported by the relationships between smoking and sleep disturbance, including causal associations, correlations, and associations. For example, smoking can cause sleep disturbance, and sleep disturbance can be a consequence of smoking. Additionally, smoking is associated with higher levels of sleep disturbance, and sleep disturbance is often related to smoking due to the impact of substance use on sleep quality.
Smoking is associated with higher levels of sleep disturbance.: Smoking is associated with higher levels of sleep disturbance, as nicotine can disrupt sleep patterns and lead to sleep disorders. This is supported by the relationships between smoking and sleep disturbance, including causal associations, correlations, and associations. For example, smoking can cause sleep disturbance, and sleep disturbance can be a consequence of smoking. Additionally, smoking is associated with higher levels of sleep disturbance, and sleep disturbance is often related to smoking due to the impact of substance use on sleep quality.
Sleep disturbance is often related to smoking due to the impact of substance use on sleep quality.: Sleep disturbance is often related to smoking due to the impact of substance use on sleep quality. This is supported by the relationships between smoking and sleep disturbance, including causal associations, correlations, and associations. For example, smoking can cause sleep disturbance, and sleep disturbance can be a consequence of smoking. Additionally, smoking is associated with higher levels of sleep disturbance, and sleep disturbance is often related to smoking due to the impact of substance use on sleep quality.
Smoking can increase the risk of various health problems.: Smoking can increase the risk of various health problems, including cardiovascular disease, respiratory problems, and cancer. This is supported by the relationships between smoking and CCI, including causal associations, correlations, and associations. For example, smoking can cause a higher CCI, and a higher CCI is often related to smoking due to the impact of smoking on health outcomes.
Sleep disturbance is a consequence of smoking.: Sleep disturbance is a consequence of smoking, as smoking can disrupt sleep patterns and lead to sleep disorders. This is supported by the relationships between smoking and sleep disturbance, including causal associations, correlations, and associations. For example, smoking can cause sleep disturbance, and sleep disturbance can be a consequence of smoking. Additionally, smoking is associated with higher levels of sleep disturbance, and sleep disturbance is often related to smoking due to the impact of substance use on sleep quality.
### Impact Rating: 8.5
The high impact severity rating is due to the strong causal relationship between smoking and sleep disturbance, as well as the potential long-term consequences of smoking on overall health.

### Depression and Pain Network
### Summary
This report provides an overview of the relationships between depression, pain, and other health conditions. The network includes entities such as depression, anxiety, cardiovascular disease, multimorbidity, and chronic physical conditions, among others. The relationships between these entities are based on associations, causes, and comorbidities.
### Key Findings
Depression is strongly associated with pain and various health conditions.: Depression is a mental health disorder characterized by persistent feelings of sadness, hopelessness, and loss of interest in activities. It is associated with various health conditions, including pain, cardiovascular disease, multimorbidity, and chronic physical conditions. The relationships between depression and these conditions are based on associations, causes, and comorbidities. For example, depression can lead to pain, and pain can exacerbate depression. Depression is also associated with an increased risk of cardiovascular disease, multimorbidity, and chronic physical conditions. Furthermore, depression can co-occur with anxiety, and anxiety can exacerbate depression. The bidirectional relationship between depression and anxiety is well-established in the literature. Additionally, depression is associated with an increased risk of chronic physical conditions, including arthritis, asthma, and hip pain. The relationships between depression and these conditions are complex and multifaceted, and further research is needed to fully understand the underlying mechanisms.
Pain is a significant risk factor for depression.: Pain is a common symptom of various health conditions, including arthritis, asthma, and hip pain. It can also be a symptom of depression. The relationship between pain and depression is bidirectional, with pain exacerbating depression and depression increasing the risk of pain. For example, individuals with chronic pain are more likely to experience depression, and individuals with depression are more likely to experience chronic pain. The relationship between pain and depression is complex and multifaceted, and further research is needed to fully understand the underlying mechanisms.
Depression is associated with an increased risk of cardiovascular disease.: Depression is a significant risk factor for cardiovascular disease, including heart disease and stroke. The relationship between depression and cardiovascular disease is based on associations, causes, and comorbidities. For example, depression can lead to cardiovascular disease through various mechanisms, including increased inflammation, oxidative stress, and endothelial dysfunction. Additionally, depression can exacerbate cardiovascular disease through various mechanisms, including decreased adherence to treatment and increased risk of complications. The bidirectional relationship between depression and cardiovascular disease is well-established in the literature.
Multimorbidity is a significant risk factor for depression.: Multimorbidity refers to the presence of two or more chronic health conditions. It is a significant risk factor for depression, as individuals with multimorbidity are more likely to experience depression. The relationship between multimorbidity and depression is based on associations, causes, and comorbidities. For example, multimorbidity can lead to depression through various mechanisms, including increased symptom burden, disability, and decreased quality of life. Additionally, multimorbidity can exacerbate depression through various mechanisms, including decreased adherence to treatment and increased risk of complications.
Chronic physical conditions are associated with an increased risk of depression.: Chronic physical conditions, including arthritis, asthma, and hip pain, are associated with an increased risk of depression. The relationship between chronic physical conditions and depression is based on associations, causes, and comorbidities. For example, chronic physical conditions can lead to depression through various mechanisms, including increased symptom burden, disability, and decreased quality of life. Additionally, chronic physical conditions can exacerbate depression through various mechanisms, including decreased adherence to treatment and increased risk of complications.
Genetic predisposition to depression may have positive causal roles on AF.: Genetic predisposition to depression may have positive causal roles on atrial fibrillation (AF). The relationship between depression and AF is based on associations, causes, and comorbidities. For example, depression can lead to AF through various mechanisms, including increased inflammation, oxidative stress, and endothelial dysfunction. Additionally, depression can exacerbate AF through various mechanisms, including decreased adherence to treatment and increased risk of complications.
Cigarette smoking is a risk factor for depression.: Cigarette smoking is a significant risk factor for depression. The relationship between cigarette smoking and depression is based on associations, causes, and comorbidities. For example, cigarette smoking can lead to depression through various mechanisms, including increased inflammation, oxidative stress, and endothelial dysfunction. Additionally, cigarette smoking can exacerbate depression through various mechanisms, including decreased adherence to treatment and increased risk of complications.
Marital status is associated with an increased risk of depression.: Marital status is associated with an increased risk of depression. The relationship between marital status and depression is based on associations, causes, and comorbidities. For example, being married or unmarried can lead to depression through various mechanisms, including increased stress, decreased social support, and decreased quality of life. Additionally, being married or unmarried can exacerbate depression through various mechanisms, including decreased adherence to treatment and increased risk of complications.
Widowhood is a risk factor for depression.: Widowhood is a significant risk factor for depression. The relationship between widowhood and depression is based on associations, causes, and comorbidities. For example, widowhood can lead to depression through various mechanisms, including increased stress, decreased social support, and decreased quality of life. Additionally, widowhood can exacerbate depression through various mechanisms, including decreased adherence to treatment and increased risk of complications.
Depression is associated with changes in the hippocampus.: Depression is associated with changes in the hippocampus, a region of the brain involved in memory formation and spatial navigation. The relationship between depression and the hippocampus is based on associations, causes, and comorbidities. For example, depression can lead to changes in the hippocampus through various mechanisms, including increased inflammation, oxidative stress, and decreased neurotrophic factors. Additionally, depression can exacerbate changes in the hippocampus through various mechanisms, including decreased adherence to treatment and increased risk of complications.
### Impact Rating: 8.5
The high impact severity rating is due to the strong associations between depression and various health conditions, including pain, cardiovascular disease, and multimorbidity.

## Relationships:

(Promis Depression: Affects the affective and cognitive manifestations of depression)--[POSITIVE_CORRELATION: There is a positive correlation between PROMIS depression and pain catastrophizing score, as depression can lead to increased pain and catastrophizing]-->(Pain Catastrophising Score: Pain catastrophizing is characterized by the tendency to magnify the threat value of a pain stimulus and to feel helpless in the presence of pain, as well as by a relative inability to prevent or inhibit pain-related thoughts in anticipation of, during, or following a painful event)
(Pain Catastrophising Score: Pain catastrophizing is characterized by the tendency to magnify the threat value of a pain stimulus and to feel helpless in the presence of pain, as well as by a relative inability to prevent or inhibit pain-related thoughts in anticipation of, during, or following a painful event)--[DEPRESSION_ASSOCIATION: Pain catastrophizing and depression are often related due to the psychological impact of pain.]-->(Promis Depression: Affects the affective and cognitive manifestations of depression)
(Pain Catastrophising Score: Pain catastrophizing is characterized by the tendency to magnify the threat value of a pain stimulus and to feel helpless in the presence of pain, as well as by a relative inability to prevent or inhibit pain-related thoughts in anticipation of, during, or following a painful event)--[POSITIVE_RELATIONSHIP: There is a positive relationship between pain catastrophizing score and PROMIS depression, as higher pain catastrophizing score is associated with higher depression levels.]-->(Promis Depression: Affects the affective and cognitive manifestations of depression)
(Pain Catastrophising Score: Pain catastrophizing is characterized by the tendency to magnify the threat value of a pain stimulus and to feel helpless in the presence of pain, as well as by a relative inability to prevent or inhibit pain-related thoughts in anticipation of, during, or following a painful event)--[CAUSATION: Pain catastrophizing is associated with depression, as individuals who catastrophize pain are more likely to experience depressive symptoms.]-->(Promis Depression: Affects the affective and cognitive manifestations of depression)
(Promis Depression: Affects the affective and cognitive manifestations of depression)--[CAUSES: Depression can contribute to pain catastrophizing.]-->(Pain Catastrophising Score: Pain catastrophizing is characterized by the tendency to magnify the threat value of a pain stimulus and to feel helpless in the presence of pain, as well as by a relative inability to prevent or inhibit pain-related thoughts in anticipation of, during, or following a painful event)
(Promis Depression: Affects the affective and cognitive manifestations of depression)--[INFLUENCES: Higher levels of depression can lead to higher levels of pain catastrophizing, which can be a factor in low back pain.]-->(Pain Catastrophising Score: Pain catastrophizing is characterized by the tendency to magnify the threat value of a pain stimulus and to feel helpless in the presence of pain, as well as by a relative inability to prevent or inhibit pain-related thoughts in anticipation of, during, or following a painful event)
(Pain Catastrophising Score: Pain catastrophizing is characterized by the tendency to magnify the threat value of a pain stimulus and to feel helpless in the presence of pain, as well as by a relative inability to prevent or inhibit pain-related thoughts in anticipation of, during, or following a painful event)--[CAN_BE_A_RISK_FACTOR_FOR: Pain catastrophizing can be a risk factor for depression, as it can lead to a greater sense of hopelessness and despair.]-->(Promis Depression: Affects the affective and cognitive manifestations of depression)
(Promis Depression: Affects the affective and cognitive manifestations of depression)--[CAUSAL: Depression is a cause of pain catastrophizing, as individuals with depression are more likely to experience pain catastrophizing.]-->(Pain Catastrophising Score: Pain catastrophizing is characterized by the tendency to magnify the threat value of a pain stimulus and to feel helpless in the presence of pain, as well as by a relative inability to prevent or inhibit pain-related thoughts in anticipation of, during, or following a painful event)
(Promis Depression: Affects the affective and cognitive manifestations of depression)--[CAUSATION: PROMIS depression is associated with pain catastrophizing, as depression can contribute to pain catastrophizing.]-->(Pain Catastrophising Score: Pain catastrophizing is characterized by the tendency to magnify the threat value of a pain stimulus and to feel helpless in the presence of pain, as well as by a relative inability to prevent or inhibit pain-related thoughts in anticipation of, during, or following a painful event)
(Pain Catastrophising Score: Pain catastrophizing is characterized by the tendency to magnify the threat value of a pain stimulus and to feel helpless in the presence of pain, as well as by a relative inability to prevent or inhibit pain-related thoughts in anticipation of, during, or following a painful event)--[CAUSAL: Pain catastrophizing can cause depression, as it can lead to feelings of hopelessness and helplessness.]-->(Promis Depression: Affects the affective and cognitive manifestations of depression)
(Pain Catastrophising Score: Pain catastrophizing is characterized by the tendency to magnify the threat value of a pain stimulus and to feel helpless in the presence of pain, as well as by a relative inability to prevent or inhibit pain-related thoughts in anticipation of, during, or following a painful event)--[CONTRIBUTES: Pain catastrophizing score can contribute to PROMIS depression due to the impact of pain on mental health]-->(Promis Depression: Affects the affective and cognitive manifestations of depression)
(Pain Catastrophising Score: Pain catastrophizing is characterized by the tendency to magnify the threat value of a pain stimulus and to feel helpless in the presence of pain, as well as by a relative inability to prevent or inhibit pain-related thoughts in anticipation of, during, or following a painful event)--[PAIN_CATASTROPHIZING_SCORE-DEPRESSION_RELATIONSHIP: Pain catastrophizing is related to depression as individuals with pain catastrophizing are more likely to experience depression.]-->(Promis Depression: Affects the affective and cognitive manifestations of depression)
(Pain Catastrophising Score: Pain catastrophizing is characterized by the tendency to magnify the threat value of a pain stimulus and to feel helpless in the presence of pain, as well as by a relative inability to prevent or inhibit pain-related thoughts in anticipation of, during, or following a painful event)--[INFLUENCE: Pain catastrophizing can influence depression]-->(Promis Depression: Affects the affective and cognitive manifestations of depression)
"
Anxiety,Sleep disturbance,True,"Reasoning Process:
Step 1: The report discusses the relationship between fear of pain, pain intensity, and pain chronification. The fear avoidance model (FAM) suggests that fear of pain can lead to pain chronification, disability, and receding functionality.
Step 2: The study found a positive association between fear of pain and pain intensity, but this association was moderated by various factors such as age, pain localization, first-time pain episode, pain onset, treatment status, and anxiety sensitivity.
Step 3: The report also discusses the relationship between insomnia and anxiety, and how anxiety can be a risk factor for depression and other mental health conditions.
Step 4: The knowledge graph relationships show that anxiety is associated with higher levels of anxiety, and that anxiety can be a symptom of anxiety disorders.
Step 5: The definition of PROMIS anxiety focuses on fear, anxious misery, hyperarousal, and somatic symptoms related to arousal, which are all related to anxiety.
Step 6: The definition of sleep disturbance assesses self-reported perceptions of sleep quality, sleep depth, and restoration associated with sleep.
Step 7: Considering the relationships between anxiety and sleep disturbance, it is likely that anxiety can exacerbate sleep disturbance, and that sleep disturbance can be a consequence of anxiety.
Step 8: However, the report also suggests that sleep disturbance can be a risk factor for anxiety, and that anxiety can be a symptom of anxiety disorders.
Step 9: Given the bidirectional relationship between anxiety and sleep disturbance, it is difficult to determine the causal direction. However, the report suggests that anxiety may be a more direct cause of sleep disturbance, as anxiety can exacerbate sleep disturbance and lead to sleep disorders.

Conclusion: A","# Report:
## Chunks:

<s> # Fear of Pain and Pain Intensity: Meta-Analysis and Systematic Review

#### Tobias Markfelder and Paul Pauli University of Würzburg

The fear avoidance model (FAM) represents a cognitive–behavioral explanatory approach for pain chronification. The core assumption is that fear of pain (FOP) following an acute pain experience facilitates the development of pain chronification, disability, and receding functionality. Thus, the model predicts a positive association between FOP and pain intensity in pain patients, which was frequently investigated; however, results were inconsistent. To highlight inconsistencies, we performed integrative statistical analysis aimed at evaluating the strength of the cross-sectional relation between FOP and pain intensity in clinical research and reviewing its moderation through demographic, pain-specific and psychosocial characteristics. To this end, we searched the databases PsycINFO, PubMed, and Web of Science and included 253 independent effect size estimates (*N* - 42 463). The overall mean effect size was computed based on a random-effects model. By utilizing the artifact distribution method, we supplemented it with an analysis correcting for artifacts. The magnitude of the positive association equated to the threshold between a small to medium effect size, which was expected as the FAM predicts an indirect relation only. The association turned out to be stable across different FOP measures, but was significantly moderated by age, pain localization, first-time pain episode, pain onset, treatment status, and anxiety sensitivity. A potentially necessary differentiation of patient subgroups and suggestions for an adjusted methodological approach of future research are discussed.

#### *Public Significance Statement*

The chronification of pain is assumed to be crucially modulated by fear of pain, that is, pain catastrophizing leads to fear of pain and in the long run to pain-related disability. The inferred assumption that fear of pain is positively associated with pain reports in pain patients is confirmed by this meta-analysis. This suggests that successful pain treatment should target and moderate fear of pain, especially—as the performed moderator analyses revealed—in pain patients being of old age, having previous pain episodes, and having radiating or peripheral pain.

*Keywords:* fear of pain, kinesiophobia, meta-analysis, pain intensity, pain-related anxiety

Recent statistics about the prevalence of chronic pain and its consequences point to an immense societal problem; for example, a significant proportion of the population in most developed countries (6.8% to 50%) experiences some form of chronic pain [\(Turk](#page-36-0) [& Swanson, 2007\)](#page-36-0).
.0001 |
| Sleep duration (hours)      | 7:18 ± 0.1            | 7:19 ± 0.1                        | .8404  |
| Sleep efficiency (%)        | 88.2 ± 0.7            | 81.9 ± 0.7                        | <.0001 |
| Naps (frequency)            | 1.2 ± 0.1             | 2.1 ± 0.1                         | <.0001 |
| Use of sleep medication (%) | 13.5 ± 0.0            | 15.2 ± 0.0                        | .0983  |

more people reporting going to bed later and arising later than those reporting earlier sleep schedules (29% vs. 6% for bedtime and 31% vs. 11% for arising time). Likewise, most respondents reported no change in their overall sleep duration, but there were more people who mentioned sleeping longer than people who reported sleeping less before the pandemic (17% vs. 13%) and more people who mentioned increasing their daytime naps compared to those who said they decreased them (17% vs. 2%).

#### **Associations between confinement, loneliness, social support, and changes in lifestyles during COVID-19 and insomnia and sleep quality**

From April to May 2020, 74.8% of the sample (*n* = 443) were confined at home under strict government health emergency measures. Compared to those not in confinement (mostly essential workers), individuals living in confinement reported significantly higher scores on measures of stress, fatigue, and anxiety (all *p*s < .05). Individuals in confinement and living alone (*n* = 130) reported more severe depressive (*p* = .03) and fatigue symptoms (*p* = .002) than those in confinement but living with at least one other person (*n* = 311) and those not in confinement (*n* = 149). Lower social support (measured by the number of persons one can confide in) was significantly associated with more severe insomnia, poorer sleep, and more stress, anxiety, and depression symptoms (all Pearson *r*s significant at *p*s < .01).

About 63.5% of the sample reported increased time using electronic devices during the pandemic, and this increase was significantly associated with more severe insomnia (*M* ISI = 6.92 vs. 5
differences in clinical course and treatment outcomes of insomnia.

Another important factor is the occurrence of major life events and reactivity to these stressful life events. According to Spielman's 3P model for the explanation of the development of chronic insomnia, stressful life events are considered important precipitating factors that initiate the onset of insomnia symptoms [\[46\]](#page-9-0). A high level of stressful life events contributes not only to the incidence of insomnia, but also to the persistence of insomnia [\[36\]](#page-8-0). There is no doubt that stressful life events are a substantial cause of the development of insomnia. In this regard, it is reasonable to speculate that higher female prevalence of insomnia may be due to higher vulnerability to stressful life events in females than males, especially in adolescents [\[60](#page-9-0)]. Women are also more likely to perceive stressful life events as more distressing than men [[61](#page-9-0)]. Previous studies have indicated that women demonstrate higher stress reactivity and more depressive symptoms than men even when experiencing similar levels of stress [[62](#page-9-0)]. In this regard, future studies should investigate how sex differences in stress levels and psychological reactivity to stressors contribute to the sex differences in insomnia.

# Sex Differences in Insomnia Comorbidity and Consequences

Psychiatric Comorbidity Previous studies on the relationship between insomnia and psychiatric disorders have established that having insomnia increases the risk of having future psychiatric disorders [[63,](#page-9-0) [64](#page-9-0)]. Among psychiatric disorders, both depression and anxiety disorders are more likely to affect females. In the past two decades, an increasing number of studies have suggested that insomnia is merely a secondary symptom of depression or anxiety disorders. However, it is being more widely accepted that insomnia shall be treated as a distinct diagnostic entity when it coexists with depression and anxiety disorders [\[65\]](#page-9-0). One study by Buysse et al. [[66\]](#page-9-0) found primary insomnia and major depression had distinct quantitative EEG profiles, with distinct patterns for each sex.

Previous studies have confirmed that there is a bidirectional association between insomnia and depression [[67\]](#page-9-0). Indeed, mental illnesses, such as depression and anxiety, are considered as one of the most robust perpetuating factors of chronic insomnia [\[46\]](#page-9-0).
0%   | 0.529               | 0.908           | 0.00051 | 57.82       |

SNP, single nucleotide polymorphism.

<span id=""page-4-0""></span>**Fig. 3.** Funnel plot on the associations of genetically predicted insomnia (A), short sleep (B), and long sleep (C) with anxiety. IVW, inverse-variance-weighted; SE, standard error; IV, instrumental variable.

is that insomnia is related to emotion regulation disorders. Insomnia can cause a decrease or imbalance in circadian rhythms, which reduces the connectivity between the prefrontal cortex and the amygdala, and leads to emotion regulation disorders ([Gruber and Cassoff, 2014](#page-5-0)). An imaging study has provided that decreased top-down control of the amygdala is neurobiological evidence for the role of sleep abnormalities in anxiety pathogenesis [\(Pace-Schott et al., 2017](#page-5-0)). In addition, a previous meta-analysis provided some evidence that non-pharmacological interventions for insomnia can reduce anxiety symptoms [\(Staines et al.,](#page-6-0)  [2021\)](#page-6-0). After a brief review of MR studies, we found that smoking, neuroticism, and education level were associated with insomnia and anxiety and could be considered as potential confounders in the causal association between insomnia and anxiety [\(Yuan et al., 2020,](#page-6-0) [2021](#page-6-0); [Zhang et al., 2021](#page-6-0)).

Observational studies in adolescents and medical students provide some evidence for a significant association of short sleep with anxiety. A one-year longitudinal study of 3,134 adolescents showed that short sleep at baseline could increase the risk of anxiety twofold at follow-up ([Roberts and Duong, 2017\)](#page-6-0). Moreover, in the longitudinal survey of single-egg twin adolescents in Japan, short sleep could predict the subsequent occurrence of depression and anxiety after controlling for the genetic and common environmental factors of twins [\(Matamura](#page-5-0)  [et al., 2014\)](#page-5-0). These findings are not consistent with our results. It should be mentioned that only the IVW
                                    |                    |                                 |                                     |
| 40–64 years                    | 309                | 32·1%                           | 1·92%                               | 600                | 62·8%                           | 2·45%                               |
|                                | (209 to 483)       | (21·7 to 50·1)                  | (–3·90 to 9·21)                     | (497 to 735)       | (52·0 to 76·9)                  | (–3·26 to 9·04)                     |
| ≥65 years                      | 31·4               | 5·73%                           | 0·852%                              | 142                | 39·1%                           | 0·980%                              |
|                                | (10·3 to 77·9)     | (1·88 to 14·2)                  | (–2·00 to 3·55)                     | (101 to 204)       | (27·7 to 56·1)                  | (–3·64 to 6·44)                     |
| Slovenia                       |                    |                                 |                                     |                    |                                 |                                     |
| 15–39 years                    | 151                | 54·0%                           | –5·61%                              | 234                | 77·4%                           | –3·83%                              |
|                                | (77·7 to 220)      | (27·8 to 78·7)                  | (–17·7 to 8·13)                     | (180 to 265)       | (59·7 to 87·8)                  | (–13·5 to 2·26)                     |
| 40–64 years                    | 68·3               | 18·6%                           | –5·52%                              | 165                | 43·0%                           | –9·03%                              |
|                                | (23·4 to 145)      | (6·37 to 39·6)
disturbances, which most frequent side efects include fatigue and drowsiness [[16,](#page-9-11) [53](#page-10-26)]. Aside from these intrinsic factors afecting sleep after 60 years, some extrinsic factors seem to contribute to the greater prevalence of insomnia in this population compared to younger individuals [\[11,](#page-9-9) [15](#page-9-13)]. These factors include pain-associated impairments, cardiometabolic diseases, chronic respiratory illnesses, sleep

disorders (including other sleep disorders such as sleep disordered breathing, restless leg syndrome, REM sleep behavioral disorder), dementia, mental health conditions (notably depression), multiple medications, but also environment, especially for elders in institutions [\[11](#page-9-9), [15\]](#page-9-13).

While reviewing insomnia disorder correlates within the elder population, we found that females were more likely to have insomnia disorder than their male counterparts [\[55–](#page-10-28)[57\]](#page-10-29). This is corroborating reports in the general population. Indeed, Zeng and colleagues, through a meta-analysis that aimed to examine the gender diference regarding the prevalence of insomnia among the general population, found signifcantly higher prevalence among females [\[56](#page-10-30)]. More precisely, their analysis concerned 139,349 females and 187,559 males, and they reported an odds ratio of 1.58 [[56\]](#page-10-30). Similar conclusions were established by Zhang and Wing, whose meta-analytic study reported a female predisposition of insomnia (1,265,015 participants, female/ male: 718,828/546,187), with a risk ratio of 1.41 [\[55\]](#page-10-28). In their review article, the female predisposition was consistent and gradual across age, with more signifcance in older persons [[55](#page-10-28)]. A range of factors could explain the female excess of insomnia, the most reported one being the higher prevalence of anxiety and depression in women, the greater ease to express emotional distress and somatic symptoms, but also the postmenopausal period (especially for women around 60 years old) [[55](#page-10-28), [5## Communities:

### Smoking and Sleep Disturbance Community
### Summary
This community is centered around the relationship between smoking and sleep disturbance. The entities within this community are Smoking and Sleep Disturbance, which are related through various associations, causal relationships, and correlations. The community's structure is characterized by a complex web of relationships between these two entities, with smoking being a causal factor for sleep disturbance and sleep disturbance being a consequence of smoking.
### Key Findings
Smoking is a causal factor for sleep disturbance.: Smoking is a causal factor for sleep disturbance, as nicotine can disrupt sleep patterns and lead to sleep disorders. This is supported by the various relationships between smoking and sleep disturbance, including causal associations, correlations, and associations. For example, smoking can cause sleep disturbance, and sleep disturbance can be a consequence of smoking. Additionally, smoking is associated with higher levels of sleep disturbance, and sleep disturbance is often related to smoking due to the impact of substance use on sleep quality.
Sleep disturbance is a consequence of smoking.: Sleep disturbance is a consequence of smoking, as smoking can disrupt sleep patterns and lead to sleep disorders. This is supported by the various relationships between smoking and sleep disturbance, including causal associations, correlations, and associations. For example, smoking can cause sleep disturbance, and sleep disturbance can be a consequence of smoking. Additionally, smoking is associated with higher levels of sleep disturbance, and sleep disturbance is often related to smoking due to the impact of substance use on sleep quality.
Smoking is associated with a higher comorbidity index (CCI).: Smoking is associated with a higher comorbidity index (CCI), as it can increase the risk of various health problems. This is supported by the relationships between smoking and CCI, including causal associations, correlations, and associations. For example, smoking can cause a higher CCI, and a higher CCI is often related to smoking due to the impact of smoking on health outcomes.
Sleep disturbance is often related to smoking due to the impact of substance use on sleep quality.: Sleep disturbance is often related to smoking due to the impact of substance use on sleep quality. This is supported by the relationships between smoking and sleep disturbance, including causal associations, correlations, and associations. For example, smoking can cause sleep disturbance, and sleep disturbance can be a consequence of smoking. Additionally, smoking is associated with higher levels of sleep disturbance, and sleep disturbance is often related to smoking due to the impact of substance use on sleep quality.
Smoking can disrupt sleep patterns and lead to sleep disorders.: Smoking can disrupt sleep patterns and lead to sleep disorders, as nicotine can affect the brain's ability to regulate sleep-wake cycles. This is supported by the relationships between smoking and sleep disturbance, including causal associations, correlations, and associations. For example, smoking can cause sleep disturbance, and sleep disturbance can be a consequence of smoking. Additionally, smoking is associated with higher levels of sleep disturbance, and sleep disturbance is often related to smoking due to the impact of substance use on sleep quality.
Sleep disturbance is a significant risk factor for smoking.: Sleep disturbance is a significant risk factor for smoking, as individuals who experience sleep disturbance are more likely to smoke. This is supported by the relationships between smoking and sleep disturbance, including causal associations, correlations, and associations. For example, smoking can cause sleep disturbance, and sleep disturbance can be a consequence of smoking. Additionally, smoking is associated with higher levels of sleep disturbance, and sleep disturbance is often related to smoking due to the impact of substance use on sleep quality.
Smoking is associated with higher levels of sleep disturbance.: Smoking is associated with higher levels of sleep disturbance, as nicotine can disrupt sleep patterns and lead to sleep disorders. This is supported by the relationships between smoking and sleep disturbance, including causal associations, correlations, and associations. For example, smoking can cause sleep disturbance, and sleep disturbance can be a consequence of smoking. Additionally, smoking is associated with higher levels of sleep disturbance, and sleep disturbance is often related to smoking due to the impact of substance use on sleep quality.
Sleep disturbance is often related to smoking due to the impact of substance use on sleep quality.: Sleep disturbance is often related to smoking due to the impact of substance use on sleep quality. This is supported by the relationships between smoking and sleep disturbance, including causal associations, correlations, and associations. For example, smoking can cause sleep disturbance, and sleep disturbance can be a consequence of smoking. Additionally, smoking is associated with higher levels of sleep disturbance, and sleep disturbance is often related to smoking due to the impact of substance use on sleep quality.
Smoking can increase the risk of various health problems.: Smoking can increase the risk of various health problems, including cardiovascular disease, respiratory problems, and cancer. This is supported by the relationships between smoking and CCI, including causal associations, correlations, and associations. For example, smoking can cause a higher CCI, and a higher CCI is often related to smoking due to the impact of smoking on health outcomes.
Sleep disturbance is a consequence of smoking.: Sleep disturbance is a consequence of smoking, as smoking can disrupt sleep patterns and lead to sleep disorders. This is supported by the relationships between smoking and sleep disturbance, including causal associations, correlations, and associations. For example, smoking can cause sleep disturbance, and sleep disturbance can be a consequence of smoking. Additionally, smoking is associated with higher levels of sleep disturbance, and sleep disturbance is often related to smoking due to the impact of substance use on sleep quality.
### Impact Rating: 8.5
The high impact severity rating is due to the strong causal relationship between smoking and sleep disturbance, as well as the potential long-term consequences of smoking on overall health.

### Depression and Anxiety Community
### Summary
This community is centered around the relationship between depression and anxiety, with a focus on the affective and cognitive manifestations of depression and anxiety. The community is composed of two main entities: Promis Depression and Promis Anxiety. These entities are related to each other through various relationships, including causation, correlation, association, and influence.
### Key Findings
Depression and anxiety are closely related mental health conditions.: Depression and anxiety are often comorbid, with individuals with depression being more likely to experience anxiety. This relationship is supported by various studies and is a key aspect of the community. The relationship between depression and anxiety is complex and multifaceted, with both conditions influencing each other. Depression can contribute to anxiety, and anxiety can exacerbate depression. This co-occurrence can lead to a range of negative outcomes, including decreased quality of life and increased risk of comorbidities.
The PROMIS depression and anxiety measures are related to mental health and well-being.: The Patient-Reported Outcomes Measurement Information System (PROMIS) is a tool used to measure various aspects of mental health, including depression and anxiety. The PROMIS depression and anxiety measures are related to each other, as both are associated with mental health and well-being. This relationship is supported by research and highlights the importance of considering both depression and anxiety when assessing mental health.
Depression and anxiety often co-occur due to shared underlying factors.: Depression and anxiety often co-occur due to shared underlying factors, such as stress, trauma, and genetics. This co-occurrence can lead to a range of negative outcomes, including decreased quality of life and increased risk of comorbidities. Understanding the underlying factors that contribute to the co-occurrence of depression and anxiety is essential for developing effective treatment strategies.
There is a positive correlation between PROMIS depression and PROMIS anxiety.: Research has shown that there is a positive correlation between PROMIS depression and PROMIS anxiety. This means that individuals with higher PROMIS depression scores tend to have higher PROMIS anxiety scores. This correlation highlights the importance of considering both depression and anxiety when assessing mental health.
Depression and anxiety can overlap.: Depression and anxiety can overlap, with individuals experiencing symptoms of both conditions simultaneously. This overlap can lead to a range of negative outcomes, including decreased quality of life and increased risk of comorbidities. Understanding the overlap between depression and anxiety is essential for developing effective treatment strategies.
Depression and anxiety are related mental health conditions.: Depression and anxiety are related mental health conditions that can manifest together in an individual. This relationship is supported by research and highlights the importance of considering both depression and anxiety when assessing mental health.
Depression and anxiety often co-occur due to various factors.: Depression and anxiety often co-occur due to various factors, including shared underlying causes, comorbidities, and exacerbation of symptoms. This co-occurrence can lead to a range of negative outcomes, including decreased quality of life and increased risk of comorbidities. Understanding the factors that contribute to the co-occurrence of depression and anxiety is essential for developing effective treatment strategies.
The relationship between depression and anxiety is complex and multifaceted.: The relationship between depression and anxiety is complex and multifaceted, with both conditions influencing each other. Depression can contribute to anxiety, and anxiety can exacerbate depression. This co-occurrence can lead to a range of negative outcomes, including decreased quality of life and increased risk of comorbidities.
Depression and anxiety are often associated with each other.: Depression and anxiety are often associated with each other, with individuals with depression being more likely to experience anxiety. This association is supported by research and highlights the importance of considering both depression and anxiety when assessing mental health.
Depression and anxiety can be related to each other through various relationships.: Depression and anxiety can be related to each other through various relationships, including causation, correlation, association, and influence. This relationship is supported by research and highlights the importance of considering both depression and anxiety when assessing mental health.
### Impact Rating: 8.5
The high impact severity rating is due to the strong relationships between depression and anxiety, as well as the potential for comorbidity and exacerbation of symptoms.

## Relationships:

(Anxiety: Anxiety is a psychological state characterized by feelings of worry, fear, and apprehension, which can be exacerbated by pain and pain-related disability.)--[ASSOCIATION: Anxiety is associated with higher levels of depression.]-->(Promis Depression: Affects the affective and cognitive manifestations of depression)
(Promis Depression: Affects the affective and cognitive manifestations of depression)--[IS_CAUSED_BY: Psychologically, women in the premenstrual period often report more depression, anxiety, and irritability, which are highly related with sleep disturbance]-->(Anxiety: Anxiety is a psychological state characterized by feelings of worry, fear, and apprehension, which can be exacerbated by pain and pain-related disability.)
(Anxiety: Anxiety is a psychological state characterized by feelings of worry, fear, and apprehension, which can be exacerbated by pain and pain-related disability.)--[CORRELATED: Anxiety is highly correlated with depression, with individuals experiencing anxiety often experiencing depression as well.]-->(Promis Depression: Affects the affective and cognitive manifestations of depression)
(Anxiety: Anxiety is a psychological state characterized by feelings of worry, fear, and apprehension, which can be exacerbated by pain and pain-related disability.)--[RELATED_TO: Anxiety is a symptom of depression.]-->(Promis Depression: Affects the affective and cognitive manifestations of depression)
(Anxiety: Anxiety is a psychological state characterized by feelings of worry, fear, and apprehension, which can be exacerbated by pain and pain-related disability.)--[AFFECTS: Anxiety can affect the manifestation of depression]-->(Promis Depression: Affects the affective and cognitive manifestations of depression)
(Anxiety: Anxiety is a psychological state characterized by feelings of worry, fear, and apprehension, which can be exacerbated by pain and pain-related disability.)--[PREDISPOSES: Anxiety is a risk factor for depression.]-->(Promis Depression: Affects the affective and cognitive manifestations of depression)
(Promis Depression: Affects the affective and cognitive manifestations of depression)--[CORRELATION: Depression and anxiety are often comorbid, with PROMIS depression being a tool used to measure depressive symptoms.]-->(Anxiety: Anxiety is a psychological state characterized by feelings of worry, fear, and apprehension, which can be exacerbated by pain and pain-related disability.)
(Promis Depression: Affects the affective and cognitive manifestations of depression)--[ASSOCIATION: The text suggests a positive association between PROMIS depression and anxiety, although the exact nature of the association is not clear.]-->(Anxiety: Anxiety is a psychological state characterized by feelings of worry, fear, and apprehension, which can be exacerbated by pain and pain-related disability.)
(Promis Depression: Affects the affective and cognitive manifestations of depression)--[IS_ASSOCIATED_WITH: PROMIS depression is associated with PROMIS anxiety]-->(Anxiety: Anxiety is a psychological state characterized by feelings of worry, fear, and apprehension, which can be exacerbated by pain and pain-related disability.)
(Promis Depression: Affects the affective and cognitive manifestations of depression)--[CAUSES: PROMIS depression can cause anxiety]-->(Anxiety: Anxiety is a psychological state characterized by feelings of worry, fear, and apprehension, which can be exacerbated by pain and pain-related disability.)
(Promis Depression: Affects the affective and cognitive manifestations of depression)--[ASSOCIATED_WITH: PROMIS depression is associated with anxiety]-->(Anxiety: Anxiety is a psychological state characterized by feelings of worry, fear, and apprehension, which can be exacerbated by pain and pain-related disability.)
(Anxiety: Anxiety is a psychological state characterized by feelings of worry, fear, and apprehension, which can be exacerbated by pain and pain-related disability.)--[CORRELATED: Anxiety is highly correlated with itself, with individuals experiencing anxiety often experiencing more anxiety.]-->(Promis Anxiety: Focuses on fear (e.g., worry, feelings of panic), anxious misery (e.g., dread), hyperarousal (e.g., tension, nervousness, restlessness), and somatic symptoms related to arousal (e.g., cardiovascular symptoms, dizziness).)
(Anxiety: Anxiety is a psychological state characterized by feelings of worry, fear, and apprehension, which can be exacerbated by pain and pain-related disability.)--[ASSOCIATION: Anxiety is associated with higher levels of anxiety.]-->(Promis Anxiety: Focuses on fear (e.g., worry, feelings of panic), anxious misery (e.g., dread), hyperarousal (e.g., tension, nervousness, restlessness), and somatic symptoms related to arousal (e.g., cardiovascular symptoms, dizziness).)
(Promis Anxiety: Focuses on fear (e.g., worry, feelings of panic), anxious misery (e.g., dread), hyperarousal (e.g., tension, nervousness, restlessness), and somatic symptoms related to arousal (e.g., cardiovascular symptoms, dizziness).)--[MEASUREMENT: PROMIS anxiety is a measure of anxiety.]-->(Anxiety: Anxiety is a psychological state characterized by feelings of worry, fear, and apprehension, which can be exacerbated by pain and pain-related disability.)
(Promis Anxiety: Focuses on fear (e.g., worry, feelings of panic), anxious misery (e.g., dread), hyperarousal (e.g., tension, nervousness, restlessness), and somatic symptoms related to arousal (e.g., cardiovascular symptoms, dizziness).)--[MEASURES: PROMIS anxiety assessments measure the affective and cognitive manifestations of anxiety.]-->(Anxiety: Anxiety is a psychological state characterized by feelings of worry, fear, and apprehension, which can be exacerbated by pain and pain-related disability.)
(Promis Anxiety: Focuses on fear (e.g., worry, feelings of panic), anxious misery (e.g., dread), hyperarousal (e.g., tension, nervousness, restlessness), and somatic symptoms related to arousal (e.g., cardiovascular symptoms, dizziness).)--[CAUSAL_RELATIONSHIP: PROMIS anxiety is a measure of anxiety]-->(Anxiety: Anxiety is a psychological state characterized by feelings of worry, fear, and apprehension, which can be exacerbated by pain and pain-related disability.)
(Anxiety: Anxiety is a psychological state characterized by feelings of worry, fear, and apprehension, which can be exacerbated by pain and pain-related disability.)--[RELATED_TO: Anxiety is a symptom of anxiety disorders.]-->(Promis Anxiety: Focuses on fear (e.g., worry, feelings of panic), anxious misery (e.g., dread), hyperarousal (e.g., tension, nervousness, restlessness), and somatic symptoms related to arousal (e.g., cardiovascular symptoms, dizziness).)
(Anxiety: Anxiety is a psychological state characterized by feelings of worry, fear, and apprehension, which can be exacerbated by pain and pain-related disability.)--[ASSESSED_BY: Anxiety is assessed by PROMIS Anxiety measure.]-->(Promis Anxiety: Focuses on fear (e.g., worry, feelings of panic), anxious misery (e.g., dread), hyperarousal (e.g., tension, nervousness, restlessness), and somatic symptoms related to arousal (e.g., cardiovascular symptoms, dizziness).)
(Promis Anxiety: Focuses on fear (e.g., worry, feelings of panic), anxious misery (e.g., dread), hyperarousal (e.g., tension, nervousness, restlessness), and somatic symptoms related to arousal (e.g., cardiovascular symptoms, dizziness).)--[MEASURES: PROMIS anxiety is a measure of fear (e.g., worry, feelings of panic), anxious misery (e.g., dread), hyperarousal (e.g., tension, nervousness, restlessness), and somatic symptoms related to arousal (e.g., cardiovascular symptoms, dizziness).]-->(Anxiety: Anxiety is a psychological state characterized by feelings of worry, fear, and apprehension, which can be exacerbated by pain and pain-related disability.)
",,,True,"# Report:
## Chunks:

<s> # Fear of Pain and Pain Intensity: Meta-Analysis and Systematic Review

#### Tobias Markfelder and Paul Pauli University of Würzburg

The fear avoidance model (FAM) represents a cognitive–behavioral explanatory approach for pain chronification. The core assumption is that fear of pain (FOP) following an acute pain experience facilitates the development of pain chronification, disability, and receding functionality. Thus, the model predicts a positive association between FOP and pain intensity in pain patients, which was frequently investigated; however, results were inconsistent. To highlight inconsistencies, we performed integrative statistical analysis aimed at evaluating the strength of the cross-sectional relation between FOP and pain intensity in clinical research and reviewing its moderation through demographic, pain-specific and psychosocial characteristics. To this end, we searched the databases PsycINFO, PubMed, and Web of Science and included 253 independent effect size estimates (*N* - 42 463). The overall mean effect size was computed based on a random-effects model. By utilizing the artifact distribution method, we supplemented it with an analysis correcting for artifacts. The magnitude of the positive association equated to the threshold between a small to medium effect size, which was expected as the FAM predicts an indirect relation only. The association turned out to be stable across different FOP measures, but was significantly moderated by age, pain localization, first-time pain episode, pain onset, treatment status, and anxiety sensitivity. A potentially necessary differentiation of patient subgroups and suggestions for an adjusted methodological approach of future research are discussed.

#### *Public Significance Statement*

The chronification of pain is assumed to be crucially modulated by fear of pain, that is, pain catastrophizing leads to fear of pain and in the long run to pain-related disability. The inferred assumption that fear of pain is positively associated with pain reports in pain patients is confirmed by this meta-analysis. This suggests that successful pain treatment should target and moderate fear of pain, especially—as the performed moderator analyses revealed—in pain patients being of old age, having previous pain episodes, and having radiating or peripheral pain.

*Keywords:* fear of pain, kinesiophobia, meta-analysis, pain intensity, pain-related anxiety

Recent statistics about the prevalence of chronic pain and its consequences point to an immense societal problem; for example, a significant proportion of the population in most developed countries (6.8% to 50%) experiences some form of chronic pain [\(Turk](#page-36-0) [& Swanson, 2007\)](#page-36-0).
disturbances, which most frequent side efects include fatigue and drowsiness [[16,](#page-9-11) [53](#page-10-26)]. Aside from these intrinsic factors afecting sleep after 60 years, some extrinsic factors seem to contribute to the greater prevalence of insomnia in this population compared to younger individuals [\[11,](#page-9-9) [15](#page-9-13)]. These factors include pain-associated impairments, cardiometabolic diseases, chronic respiratory illnesses, sleep

disorders (including other sleep disorders such as sleep disordered breathing, restless leg syndrome, REM sleep behavioral disorder), dementia, mental health conditions (notably depression), multiple medications, but also environment, especially for elders in institutions [\[11](#page-9-9), [15\]](#page-9-13).

While reviewing insomnia disorder correlates within the elder population, we found that females were more likely to have insomnia disorder than their male counterparts [\[55–](#page-10-28)[57\]](#page-10-29). This is corroborating reports in the general population. Indeed, Zeng and colleagues, through a meta-analysis that aimed to examine the gender diference regarding the prevalence of insomnia among the general population, found signifcantly higher prevalence among females [\[56](#page-10-30)]. More precisely, their analysis concerned 139,349 females and 187,559 males, and they reported an odds ratio of 1.58 [[56\]](#page-10-30). Similar conclusions were established by Zhang and Wing, whose meta-analytic study reported a female predisposition of insomnia (1,265,015 participants, female/ male: 718,828/546,187), with a risk ratio of 1.41 [\[55\]](#page-10-28). In their review article, the female predisposition was consistent and gradual across age, with more signifcance in older persons [[55](#page-10-28)]. A range of factors could explain the female excess of insomnia, the most reported one being the higher prevalence of anxiety and depression in women, the greater ease to express emotional distress and somatic symptoms, but also the postmenopausal period (especially for women around 60 years old) [[55](#page-10-28), [5
but not short sleep and long sleep has a causal effect on anxiety. The characteristics of insomnia should be incorporated into anxiety prevention and intervention strategies, which have important public health significance.

## **1. Introduction**

Insomnia is one of the most common sleep disorders in the population and clinical practice, which is characterized by difficulty in starting or maintaining sleep and is accompanied by symptoms such as irritability or fatigue during awake hours ([Buysse, 2013\)](#page-5-0). A recent meta-analysis of 13 observational studies showed that the prevalence of insomnia in the general population was 22.0% [95% confidence interval (CI): 17.0–28.0%] [\(Zeng et al., 2020](#page-6-0)). This disease has adverse effects on the individual's physical, psychological, and social functions, resulting in lower quality of life. More and more evidence showed that insomnia was associated with poor health outcomes such as depression,

cardiovascular disease, and mortality ([Lovato and Lack, 2019](#page-5-0)).

Recent studies have focused on the associations between insomnia and mental disorders. Anxiety is a common and serious emotional problem with symptoms of tension, worry, and pessimism. Persistent anxiety may develop into anxiety-related disorder, which seriously damages the quality of life and well-being of individuals and leads to social burdens and economic losses [\(Chisholm et al., 2016\)](#page-5-0). In the clinical setting, insomnia and anxiety tend to be highly concurrent. A multicenter cross-sectional study including 57,298 participants in France and 12 countries showed that the prevalence of insomnia was 25.3% and 7.3% in populations with and without anxiety, respectively ([Aernout et al., 2021](#page-5-0)). In the past two decades, a large number of

<sup>\*</sup> Corresponding author. Department of Social Medicine and Health Management, Xiangya School of Public Health, Central South University, Changsha, 410078, Hunan, China.

<sup>\*\*</sup> Corresponding author. School of Public Health, Peking University, Beijing, 100191, China.

*E-mail addresses:* [zfx\\_8888@163.com](mailto:zfx_8888@163.com) (F. Zhou), [
                                    |                    |                                 |                                     |
| 40–64 years                    | 309                | 32·1%                           | 1·92%                               | 600                | 62·8%                           | 2·45%                               |
|                                | (209 to 483)       | (21·7 to 50·1)                  | (–3·90 to 9·21)                     | (497 to 735)       | (52·0 to 76·9)                  | (–3·26 to 9·04)                     |
| ≥65 years                      | 31·4               | 5·73%                           | 0·852%                              | 142                | 39·1%                           | 0·980%                              |
|                                | (10·3 to 77·9)     | (1·88 to 14·2)                  | (–2·00 to 3·55)                     | (101 to 204)       | (27·7 to 56·1)                  | (–3·64 to 6·44)                     |
| Slovenia                       |                    |                                 |                                     |                    |                                 |                                     |
| 15–39 years                    | 151                | 54·0%                           | –5·61%                              | 234                | 77·4%                           | –3·83%                              |
|                                | (77·7 to 220)      | (27·8 to 78·7)                  | (–17·7 to 8·13)                     | (180 to 265)       | (59·7 to 87·8)                  | (–13·5 to 2·26)                     |
| 40–64 years                    | 68·3               | 18·6%                           | –5·52%                              | 165                | 43·0%                           | –9·03%                              |
|                                | (23·4 to 145)      | (6·37 to 39·6)
page-11-3) [65](#page-11-5), [66\]](#page-11-6). These implicate at least partially a dysfunction of the hypothalamic–pituitary–adrenal (HPA) axis, a dysregulation in serotoninergic, orexinergic, dopaminergic, glutaminergic and GABAergic neurotransmissions, as well as an altered neuroplasticity [[63,](#page-11-3) [65](#page-11-5), [66](#page-11-6)]. Regarding antidepressants, some of them have a negative impact on sleep, especially a reduced sleep latency and REM sleep time with serotonin–norepinephrine reuptake inhibitors (SNRIs), and an increased wakefulness with some selective serotonin reuptake inhibitors (SSRIs) also in general anxiety disorders [[54](#page-10-27), [67](#page-11-7), [68\]](#page-11-8). As the link between depression and anxiety is known to be bidirectional, and considering the fact that most of our included studies were cross-sectional, the association we found might be due to the impact of insomnia on mood [[64,](#page-11-4) [69,](#page-11-9) [70\]](#page-11-10). Indeed, insomnia symptoms/disorder are reported to independently increase the risk of subsequent depression in older persons, and the supposed mechanisms encompass neuroinfammation, activation of stress system, oxidative stress, reduction in brainderived neurotrophic factor, and alterations in melatonin metabolism [\[11](#page-9-9), [64](#page-11-4), [70](#page-11-10), [71](#page-11-11)].

The impact of chronic cardiovascular, pain-associated, and respiratory diseases on insomnia disorder prevalence among older persons might be linked to multiple medications including some beta-blockers (known to reduce melatonin levels), corticosteroids, and bronchodilators medications, but also frequent arousals due to nocturnal symptoms of concerned illnesses [\[11](#page-9-9), [54](#page-10-27), [72\]](#page-11-12).

To our knowledge, this study is the frst one to
44](#page-10-9)] had suggested that the accumulation of pain sites may also be an important factor contributing to functional problems. Tis interference between exposure factors was not corrected in the current study. On the other hand, the data sets used in the study in the category of psychological disorders all divided positive and control cases by dichotomous variables and failed to assess the severity of psychological disorders, which means that we could not assess the efect of pain on people already who have psychological disorders and vice versa. Te participants in the original experiments may have been receiving anti-psychotic or analgesic treatment at the same time as the interview, which, as inferred from the results of this MR analysis, may have masked the pain problems of those with psychological disorders and the psychological disorders of those troubled by pain. It is also worth noting that multiple testing correction was not used to correct *P* value threshold in this study, since it may seriously impair the test efcacy of multifactor-to-multifactor MR analysis. Terefore, the probability of false positives in the analysis results increased. Finally, the participants in this study were all UK residents, so the generalizability of the results of this experiment is limited to populations of European or Western European ancestry.

# **Conclusions**

Our two-sample Mendelian randomization (MR) analyses revealed a bidirectional relationship between insomnia and pain localized in the head, neck/shoulder, back, and hip regions. Additionally, we found a signifcant predisposing relationship between depression and headache, neck/shoulder pain, back pain, and stomach/ abdominal pain. However, we did not fnd any evidence that localized pain may increase the genetic susceptibility of anxiety but confrmed that anxiety is a unidirectional high-risk factor for neck/shoulder pain and back pain. Additionally, the study has identifed a bidirectional predisposing relationship between the absence of pain and maintaining good mental health. Te results further support the existence of causal relationships between localized pain and mental disorders. Tese fndings have signifcant implications for improving our understanding of the complex comorbidities between pain and mental disorders and highlight the importance of a comprehensive and integrated approach to pain management.

### Ready to submit y your research ? Choose BMC and benefit from:

- **•** fast, convenient online submission
- **•** thorough peer review by experienced researchers in your field
- rapid publication on acceptance
- support for research data, including large and complex data types
- **•** gold Open Access which fosters wider collaboration and increased citations
- **•** maximum visibility for your research: over 100M website views per year

#### **At B## Communities:

### Smoking and Sleep Disturbance Community
### Summary
This community is centered around the relationship between smoking and sleep disturbance. The entities within this community are Smoking and Sleep Disturbance, which are related through various associations, causal relationships, and correlations. The community's structure is characterized by a complex web of relationships between these two entities, with smoking being a causal factor for sleep disturbance and sleep disturbance being a consequence of smoking.
### Key Findings
Smoking is a causal factor for sleep disturbance.: Smoking is a causal factor for sleep disturbance, as nicotine can disrupt sleep patterns and lead to sleep disorders. This is supported by the various relationships between smoking and sleep disturbance, including causal associations, correlations, and associations. For example, smoking can cause sleep disturbance, and sleep disturbance can be a consequence of smoking. Additionally, smoking is associated with higher levels of sleep disturbance, and sleep disturbance is often related to smoking due to the impact of substance use on sleep quality.
Sleep disturbance is a consequence of smoking.: Sleep disturbance is a consequence of smoking, as smoking can disrupt sleep patterns and lead to sleep disorders. This is supported by the various relationships between smoking and sleep disturbance, including causal associations, correlations, and associations. For example, smoking can cause sleep disturbance, and sleep disturbance can be a consequence of smoking. Additionally, smoking is associated with higher levels of sleep disturbance, and sleep disturbance is often related to smoking due to the impact of substance use on sleep quality.
Smoking is associated with a higher comorbidity index (CCI).: Smoking is associated with a higher comorbidity index (CCI), as it can increase the risk of various health problems. This is supported by the relationships between smoking and CCI, including causal associations, correlations, and associations. For example, smoking can cause a higher CCI, and a higher CCI is often related to smoking due to the impact of smoking on health outcomes.
Sleep disturbance is often related to smoking due to the impact of substance use on sleep quality.: Sleep disturbance is often related to smoking due to the impact of substance use on sleep quality. This is supported by the relationships between smoking and sleep disturbance, including causal associations, correlations, and associations. For example, smoking can cause sleep disturbance, and sleep disturbance can be a consequence of smoking. Additionally, smoking is associated with higher levels of sleep disturbance, and sleep disturbance is often related to smoking due to the impact of substance use on sleep quality.
Smoking can disrupt sleep patterns and lead to sleep disorders.: Smoking can disrupt sleep patterns and lead to sleep disorders, as nicotine can affect the brain's ability to regulate sleep-wake cycles. This is supported by the relationships between smoking and sleep disturbance, including causal associations, correlations, and associations. For example, smoking can cause sleep disturbance, and sleep disturbance can be a consequence of smoking. Additionally, smoking is associated with higher levels of sleep disturbance, and sleep disturbance is often related to smoking due to the impact of substance use on sleep quality.
Sleep disturbance is a significant risk factor for smoking.: Sleep disturbance is a significant risk factor for smoking, as individuals who experience sleep disturbance are more likely to smoke. This is supported by the relationships between smoking and sleep disturbance, including causal associations, correlations, and associations. For example, smoking can cause sleep disturbance, and sleep disturbance can be a consequence of smoking. Additionally, smoking is associated with higher levels of sleep disturbance, and sleep disturbance is often related to smoking due to the impact of substance use on sleep quality.
Smoking is associated with higher levels of sleep disturbance.: Smoking is associated with higher levels of sleep disturbance, as nicotine can disrupt sleep patterns and lead to sleep disorders. This is supported by the relationships between smoking and sleep disturbance, including causal associations, correlations, and associations. For example, smoking can cause sleep disturbance, and sleep disturbance can be a consequence of smoking. Additionally, smoking is associated with higher levels of sleep disturbance, and sleep disturbance is often related to smoking due to the impact of substance use on sleep quality.
Sleep disturbance is often related to smoking due to the impact of substance use on sleep quality.: Sleep disturbance is often related to smoking due to the impact of substance use on sleep quality. This is supported by the relationships between smoking and sleep disturbance, including causal associations, correlations, and associations. For example, smoking can cause sleep disturbance, and sleep disturbance can be a consequence of smoking. Additionally, smoking is associated with higher levels of sleep disturbance, and sleep disturbance is often related to smoking due to the impact of substance use on sleep quality.
Smoking can increase the risk of various health problems.: Smoking can increase the risk of various health problems, including cardiovascular disease, respiratory problems, and cancer. This is supported by the relationships between smoking and CCI, including causal associations, correlations, and associations. For example, smoking can cause a higher CCI, and a higher CCI is often related to smoking due to the impact of smoking on health outcomes.
Sleep disturbance is a consequence of smoking.: Sleep disturbance is a consequence of smoking, as smoking can disrupt sleep patterns and lead to sleep disorders. This is supported by the relationships between smoking and sleep disturbance, including causal associations, correlations, and associations. For example, smoking can cause sleep disturbance, and sleep disturbance can be a consequence of smoking. Additionally, smoking is associated with higher levels of sleep disturbance, and sleep disturbance is often related to smoking due to the impact of substance use on sleep quality.
### Impact Rating: 8.5
The high impact severity rating is due to the strong causal relationship between smoking and sleep disturbance, as well as the potential long-term consequences of smoking on overall health.

### Depression and Anxiety Community
### Summary
This community is centered around the relationship between depression and anxiety, with a focus on the affective and cognitive manifestations of depression and anxiety. The community is composed of two main entities: Promis Depression and Promis Anxiety. These entities are related to each other through various relationships, including causation, correlation, association, and influence.
### Key Findings
Depression and anxiety are closely related mental health conditions.: Depression and anxiety are often comorbid, with individuals with depression being more likely to experience anxiety. This relationship is supported by various studies and is a key aspect of the community. The relationship between depression and anxiety is complex and multifaceted, with both conditions influencing each other. Depression can contribute to anxiety, and anxiety can exacerbate depression. This co-occurrence can lead to a range of negative outcomes, including decreased quality of life and increased risk of comorbidities.
The PROMIS depression and anxiety measures are related to mental health and well-being.: The Patient-Reported Outcomes Measurement Information System (PROMIS) is a tool used to measure various aspects of mental health, including depression and anxiety. The PROMIS depression and anxiety measures are related to each other, as both are associated with mental health and well-being. This relationship is supported by research and highlights the importance of considering both depression and anxiety when assessing mental health.
Depression and anxiety often co-occur due to shared underlying factors.: Depression and anxiety often co-occur due to shared underlying factors, such as stress, trauma, and genetics. This co-occurrence can lead to a range of negative outcomes, including decreased quality of life and increased risk of comorbidities. Understanding the underlying factors that contribute to the co-occurrence of depression and anxiety is essential for developing effective treatment strategies.
There is a positive correlation between PROMIS depression and PROMIS anxiety.: Research has shown that there is a positive correlation between PROMIS depression and PROMIS anxiety. This means that individuals with higher PROMIS depression scores tend to have higher PROMIS anxiety scores. This correlation highlights the importance of considering both depression and anxiety when assessing mental health.
Depression and anxiety can overlap.: Depression and anxiety can overlap, with individuals experiencing symptoms of both conditions simultaneously. This overlap can lead to a range of negative outcomes, including decreased quality of life and increased risk of comorbidities. Understanding the overlap between depression and anxiety is essential for developing effective treatment strategies.
Depression and anxiety are related mental health conditions.: Depression and anxiety are related mental health conditions that can manifest together in an individual. This relationship is supported by research and highlights the importance of considering both depression and anxiety when assessing mental health.
Depression and anxiety often co-occur due to various factors.: Depression and anxiety often co-occur due to various factors, including shared underlying causes, comorbidities, and exacerbation of symptoms. This co-occurrence can lead to a range of negative outcomes, including decreased quality of life and increased risk of comorbidities. Understanding the factors that contribute to the co-occurrence of depression and anxiety is essential for developing effective treatment strategies.
The relationship between depression and anxiety is complex and multifaceted.: The relationship between depression and anxiety is complex and multifaceted, with both conditions influencing each other. Depression can contribute to anxiety, and anxiety can exacerbate depression. This co-occurrence can lead to a range of negative outcomes, including decreased quality of life and increased risk of comorbidities.
Depression and anxiety are often associated with each other.: Depression and anxiety are often associated with each other, with individuals with depression being more likely to experience anxiety. This association is supported by research and highlights the importance of considering both depression and anxiety when assessing mental health.
Depression and anxiety can be related to each other through various relationships.: Depression and anxiety can be related to each other through various relationships, including causation, correlation, association, and influence. This relationship is supported by research and highlights the importance of considering both depression and anxiety when assessing mental health.
### Impact Rating: 8.5
The high impact severity rating is due to the strong relationships between depression and anxiety, as well as the potential for comorbidity and exacerbation of symptoms.

## Relationships:

(Promis Depression: Affects the affective and cognitive manifestations of depression)--[IS_CAUSED_BY: Psychologically, women in the premenstrual period often report more depression, anxiety, and irritability, which are highly related with sleep disturbance]-->(Anxiety: Anxiety is a psychological state characterized by feelings of worry, fear, and apprehension, which can be exacerbated by pain and pain-related disability.)
(Anxiety: Anxiety is a psychological state characterized by feelings of worry, fear, and apprehension, which can be exacerbated by pain and pain-related disability.)--[ASSOCIATION: Anxiety is associated with higher levels of depression.]-->(Promis Depression: Affects the affective and cognitive manifestations of depression)
(Anxiety: Anxiety is a psychological state characterized by feelings of worry, fear, and apprehension, which can be exacerbated by pain and pain-related disability.)--[CORRELATED: Anxiety is highly correlated with depression, with individuals experiencing anxiety often experiencing depression as well.]-->(Promis Depression: Affects the affective and cognitive manifestations of depression)
(Anxiety: Anxiety is a psychological state characterized by feelings of worry, fear, and apprehension, which can be exacerbated by pain and pain-related disability.)--[AFFECTS: Anxiety can affect the manifestation of depression]-->(Promis Depression: Affects the affective and cognitive manifestations of depression)
(Anxiety: Anxiety is a psychological state characterized by feelings of worry, fear, and apprehension, which can be exacerbated by pain and pain-related disability.)--[RELATED_TO: Anxiety is a symptom of depression.]-->(Promis Depression: Affects the affective and cognitive manifestations of depression)
(Anxiety: Anxiety is a psychological state characterized by feelings of worry, fear, and apprehension, which can be exacerbated by pain and pain-related disability.)--[PREDISPOSES: Anxiety is a risk factor for depression.]-->(Promis Depression: Affects the affective and cognitive manifestations of depression)
(Promis Depression: Affects the affective and cognitive manifestations of depression)--[CORRELATION: Depression and anxiety are often comorbid, with PROMIS depression being a tool used to measure depressive symptoms.]-->(Anxiety: Anxiety is a psychological state characterized by feelings of worry, fear, and apprehension, which can be exacerbated by pain and pain-related disability.)
(Promis Depression: Affects the affective and cognitive manifestations of depression)--[ASSOCIATION: The text suggests a positive association between PROMIS depression and anxiety, although the exact nature of the association is not clear.]-->(Anxiety: Anxiety is a psychological state characterized by feelings of worry, fear, and apprehension, which can be exacerbated by pain and pain-related disability.)
(Promis Depression: Affects the affective and cognitive manifestations of depression)--[CAUSES: PROMIS depression can cause anxiety]-->(Anxiety: Anxiety is a psychological state characterized by feelings of worry, fear, and apprehension, which can be exacerbated by pain and pain-related disability.)
(Promis Depression: Affects the affective and cognitive manifestations of depression)--[IS_ASSOCIATED_WITH: PROMIS depression is associated with PROMIS anxiety]-->(Anxiety: Anxiety is a psychological state characterized by feelings of worry, fear, and apprehension, which can be exacerbated by pain and pain-related disability.)
(Promis Depression: Affects the affective and cognitive manifestations of depression)--[ASSOCIATED_WITH: PROMIS depression is associated with anxiety]-->(Anxiety: Anxiety is a psychological state characterized by feelings of worry, fear, and apprehension, which can be exacerbated by pain and pain-related disability.)
(Anxiety: Anxiety is a psychological state characterized by feelings of worry, fear, and apprehension, which can be exacerbated by pain and pain-related disability.)--[ASSOCIATION: Anxiety is associated with higher levels of anxiety.]-->(Promis Anxiety: Focuses on fear (e.g., worry, feelings of panic), anxious misery (e.g., dread), hyperarousal (e.g., tension, nervousness, restlessness), and somatic symptoms related to arousal (e.g., cardiovascular symptoms, dizziness).)
(Promis Anxiety: Focuses on fear (e.g., worry, feelings of panic), anxious misery (e.g., dread), hyperarousal (e.g., tension, nervousness, restlessness), and somatic symptoms related to arousal (e.g., cardiovascular symptoms, dizziness).)--[MEASUREMENT: PROMIS anxiety is a measure of anxiety.]-->(Anxiety: Anxiety is a psychological state characterized by feelings of worry, fear, and apprehension, which can be exacerbated by pain and pain-related disability.)
(Anxiety: Anxiety is a psychological state characterized by feelings of worry, fear, and apprehension, which can be exacerbated by pain and pain-related disability.)--[CORRELATED: Anxiety is highly correlated with itself, with individuals experiencing anxiety often experiencing more anxiety.]-->(Promis Anxiety: Focuses on fear (e.g., worry, feelings of panic), anxious misery (e.g., dread), hyperarousal (e.g., tension, nervousness, restlessness), and somatic symptoms related to arousal (e.g., cardiovascular symptoms, dizziness).)
(Anxiety: Anxiety is a psychological state characterized by feelings of worry, fear, and apprehension, which can be exacerbated by pain and pain-related disability.)--[ASSESSED_BY: Anxiety is assessed by PROMIS Anxiety measure.]-->(Promis Anxiety: Focuses on fear (e.g., worry, feelings of panic), anxious misery (e.g., dread), hyperarousal (e.g., tension, nervousness, restlessness), and somatic symptoms related to arousal (e.g., cardiovascular symptoms, dizziness).)
(Promis Anxiety: Focuses on fear (e.g., worry, feelings of panic), anxious misery (e.g., dread), hyperarousal (e.g., tension, nervousness, restlessness), and somatic symptoms related to arousal (e.g., cardiovascular symptoms, dizziness).)--[MEASURES: PROMIS anxiety is a measure of fear (e.g., worry, feelings of panic), anxious misery (e.g., dread), hyperarousal (e.g., tension, nervousness, restlessness), and somatic symptoms related to arousal (e.g., cardiovascular symptoms, dizziness).]-->(Anxiety: Anxiety is a psychological state characterized by feelings of worry, fear, and apprehension, which can be exacerbated by pain and pain-related disability.)
(Promis Anxiety: Focuses on fear (e.g., worry, feelings of panic), anxious misery (e.g., dread), hyperarousal (e.g., tension, nervousness, restlessness), and somatic symptoms related to arousal (e.g., cardiovascular symptoms, dizziness).)--[MEASURES: PROMIS anxiety assessments measure the affective and cognitive manifestations of anxiety.]-->(Anxiety: Anxiety is a psychological state characterized by feelings of worry, fear, and apprehension, which can be exacerbated by pain and pain-related disability.)
(Anxiety: Anxiety is a psychological state characterized by feelings of worry, fear, and apprehension, which can be exacerbated by pain and pain-related disability.)--[RELATED_TO: Anxiety is a symptom of anxiety disorders.]-->(Promis Anxiety: Focuses on fear (e.g., worry, feelings of panic), anxious misery (e.g., dread), hyperarousal (e.g., tension, nervousness, restlessness), and somatic symptoms related to arousal (e.g., cardiovascular symptoms, dizziness).)
(Promis Anxiety: Focuses on fear (e.g., worry, feelings of panic), anxious misery (e.g., dread), hyperarousal (e.g., tension, nervousness, restlessness), and somatic symptoms related to arousal (e.g., cardiovascular symptoms, dizziness).)--[IS_CAUSED_BY: Psychologically, women in the premenstrual period often report more depression, anxiety, and irritability, which are highly related with sleep disturbance]-->(Anxiety: Anxiety is a psychological state characterized by feelings of worry, fear, and apprehension, which can be exacerbated by pain and pain-related disability.)
"
