Var1,Var2,Association,Association Reasoning,Association Report,Plausibility Report,Temporality Report,Direction_Resolved,Direction Report
Education,Anxiety,True,"Reasoning Process:
Step 1: To determine if there is an association between Education and Anxiety, we need to consider the nature of the variables and their potential relationship.
Step 2: Education is a categorical variable that represents the level of education of the participant, which can be considered as a proxy for socioeconomic status, cognitive ability, and access to resources.
Step 3: Anxiety, as measured by PROMIS anxiety, is a psychological construct that encompasses various aspects of anxiety, including fear, anxious misery, hyperarousal, and somatic symptoms.
Step 4: Given the nature of these variables, it is plausible that education level could influence anxiety levels, as individuals with higher education may have better coping mechanisms, access to resources, and a lower socioeconomic status, which can contribute to lower anxiety levels.
Step 5: However, the relationship between education and anxiety is complex and can be bidirectional. For instance, individuals with anxiety may be less likely to pursue higher education due to their mental health status.
Step 6: Therefore, it is reasonable to assume that there is a statistical association between Education and Anxiety, as knowledge of one variable can provide information about the other.

Conclusion: Yes",,,,False,
Education,Sleep disturbance,True,"Reasoning Process:
Step 1: To determine if there is an association between Education and Sleep disturbance, we need to consider the nature of the variables and their potential relationship.
Step 2: Education is a categorical variable representing the level of education of the participant, which can be considered as a predictor or independent variable.
Step 3: Sleep disturbance, on the other hand, is a continuous variable representing the self-reported perceptions of sleep quality, which can be considered as the outcome or dependent variable.
Step 4: Given the nature of these variables, we can hypothesize that there may be an association between Education and Sleep disturbance, as higher levels of education may be associated with better sleep quality or vice versa.
Step 5: However, to confirm this association, we would need to perform a statistical analysis, such as correlation analysis or regression analysis, to examine the relationship between the two variables.
Step 6: Since the question does not provide specific data or results from a statistical analysis, we cannot directly confirm the association between Education and Sleep disturbance.
Step 7: However, based on general knowledge, it is plausible that there may be an association between Education and Sleep disturbance, as education level has been linked to various health outcomes, including sleep quality.
Step 8: Therefore, considering the potential relationship between Education and Sleep disturbance, we can infer that there may be an association between the two variables.

Conclusion: Yes",,,,False,
Sex,Alcohol,True,"Reasoning Process:
Step 1: To determine if there is an association between Sex and Alcohol, we need to consider if there is a statistical dependency between the two variables. This means we are looking for a relationship where knowledge of one variable provides information about the other.
Step 2: Sex is a categorical variable that classifies individuals into two main categories: male and female. This variable is not numerical and does not have a natural order or ranking.
Step 3: Alcohol consumption, on the other hand, is a numerical variable that measures the number of drinks per week. This variable has a natural order or ranking, with higher values indicating more alcohol consumption.
Step 4: Given the nature of these variables, we can consider if there is a statistical dependency between them. For example, research has shown that, on average, men tend to consume more alcohol than women. This suggests a potential association between Sex and Alcohol.
Step 5: However, it's essential to note that this association may not be absolute and can be influenced by various factors such as cultural, social, and individual differences. Nonetheless, the existence of a general trend or pattern between the two variables indicates a statistical association.

Conclusion: Yes",,,,False,
Sex,Anxiety,True,"Reasoning Process:
Step 1: To determine if there is an association between Sex and Anxiety, we need to consider if there is a statistical dependency between the two variables. This means we are looking for a relationship where knowledge of the value of one variable provides information about the other.
Step 2: Sex is a categorical variable that classifies individuals as male or female based on their reproductive functions. Anxiety, on the other hand, is a psychological construct measured by PROMIS anxiety, which encompasses various aspects of anxiety, including fear, anxious misery, hyperarousal, and somatic symptoms.
Step 3: Given the definitions of Sex and Anxiety, we can consider whether there is a known relationship between the two. Research has shown that sex differences exist in the prevalence and expression of anxiety disorders, with women generally experiencing higher rates of anxiety than men.
Step 4: However, the relationship between Sex and Anxiety is complex and influenced by various factors, including hormonal differences, social and cultural expectations, and biological factors. While there may be a statistical association between the two variables, it is not a direct causal relationship.
Step 5: Therefore, based on the existing research and understanding of the relationship between Sex and Anxiety, we can conclude that there is an association between the two variables.

Conclusion: Yes",,,,False,
Sex,CCI,True,"Reasoning Process:
Step 1: To determine if there is an association between Sex and CCI, we need to consider the definition of association in statistics. Association refers to any statistical dependency between two variables, regardless of strength or directionality.
Step 2: Given the definitions of Sex and CCI, we can see that Sex is a categorical variable representing the two main categories of male and female, while CCI is a comorbidity index that measures the number of comorbidities.
Step 3: Since Sex is a categorical variable and CCI is a numerical variable, we can expect that there may be an association between the two variables. For example, certain comorbidities may be more prevalent in one sex over the other.
Step 4: However, the directionality of the association is not specified, and it is possible that there may be no association between the two variables.
Step 5: To confirm the association, we would need to examine the statistical data and perform a correlation analysis or regression analysis to determine if there is a significant relationship between Sex and CCI.
Step 6: However, based on the definitions alone, it is reasonable to assume that there may be an association between Sex and CCI, as certain comorbidities may be more prevalent in one sex over the other.

Conclusion: Yes",,,,False,
Sex,Catastrophizing,True,"Reasoning Process:
Step 1: To determine if there is an association between Sex and Catastrophizing, we need to consider whether there is a statistical dependency between the two variables. This means we are looking for a relationship where knowledge of one variable provides information about the other.
Step 2: Sex is a categorical variable that refers to the biological classification of individuals as male or female. Catastrophizing, on the other hand, is a psychological construct that refers to the tendency to magnify the threat value of a pain stimulus and feel helpless in the presence of pain.
Step 3: Given the definitions of Sex and Catastrophizing, we can consider whether there is a known relationship between the two. Research has shown that sex differences exist in pain perception and pain processing, with women generally reporting higher levels of pain and pain-related distress compared to men.
Step 4: Furthermore, studies have also found that women are more likely to exhibit catastrophizing behaviors in response to pain, which can exacerbate pain experiences. This suggests a potential association between sex and catastrophizing.
Step 5: However, it's essential to note that the relationship between sex and catastrophizing is complex and can be influenced by various factors, including cultural and social norms, individual differences, and the presence of other health conditions.
Step 6: Despite these complexities, the existing research suggests that there is a statistical association between sex and catastrophizing, with women being more likely to exhibit catastrophizing behaviors in response to pain.

Conclusion: Yes",,,,False,
Sex,Depression,True,"Reasoning Process:
Step 1: To determine if there is an association between Sex and Depression, we need to consider whether there is a statistical dependency between the two variables. This means we are looking for a relationship where knowledge of one variable provides information about the other.
Step 2: Sex is a categorical variable that classifies individuals as male or female based on their reproductive functions. Depression, on the other hand, is a complex psychological condition that encompasses affective and cognitive manifestations.
Step 3: Research has shown that there are sex differences in the prevalence and presentation of depression. For example, women are more likely to experience depression than men, and the symptoms of depression can vary between sexes.
Step 4: Given these differences, it is reasonable to conclude that there is a statistical association between Sex and Depression. Knowledge of an individual's sex can provide information about their likelihood of experiencing depression and the symptoms they may exhibit.

Conclusion: Yes",,,,False,
Sex,Education,True,"Reasoning Process:
Step 1: To determine if there is an association between Sex and Education, we need to consider whether knowledge of the value of one variable provides information about the other.
Step 2: Sex is a categorical variable that classifies individuals into male and female categories based on their reproductive functions.
Step 3: Education is also a categorical variable that represents the level of education of the participant.
Step 4: In general, there is a well-established association between Sex and Education, as there are differences in educational attainment between males and females in many societies.
Step 5: For example, in many countries, females tend to have higher levels of education than males, which suggests a statistical dependency between the two variables.
Step 6: However, the strength and direction of this association can vary across different populations and contexts.
Step 7: Despite this variability, the association between Sex and Education is generally considered to be statistically significant.

Conclusion: Yes",,,,False,
Sex,Financial_level,True,"Reasoning Process:
Step 1: To determine if there is an association between Sex and Financial_level, we need to consider whether knowledge of one variable provides information about the other.
Step 2: Sex is a biological characteristic that is not directly related to an individual's financial situation or socioeconomic status.
Step 3: However, there are societal and systemic factors that can influence both Sex and Financial_level, such as discrimination, unequal pay, and access to education and job opportunities.
Step 4: These factors can create a statistical association between Sex and Financial_level, as women are more likely to experience these systemic barriers and therefore may have a lower financial level on average.
Step 5: Additionally, there may be cultural and social norms that influence financial decisions and access to resources, which can also contribute to an association between Sex and Financial_level.
Step 6: Therefore, while the relationship between Sex and Financial_level is complex and influenced by multiple factors, there is a statistical association between the two variables.

Conclusion: Yes",,,,False,
Sex,Obesity,True,"Reasoning Process:
Step 1: Understanding the definitions of Sex and Obesity: Sex refers to the two main categories of humans and other living things based on reproductive functions, while Obesity is related to BMI or weight associations.
Step 2: Considering the definition of association, which refers to any statistical dependency between two variables, regardless of strength or directionality.
Step 3: Evaluating the relationship between Sex and Obesity: While Sex can influence the distribution of body fat and muscle mass, which in turn can affect BMI, there is a statistical association between the two variables.
Step 4: Considering the biological differences between males and females, such as hormonal differences and body composition, which can impact weight and BMI.
Step 5: Recognizing that while there may be individual variations, there is a general trend of sex differences in obesity rates, with females generally having a higher prevalence of obesity than males in many populations.
Step 6: Understanding that this trend is not absolute and can be influenced by various factors, including lifestyle, genetics, and socioeconomic status.
Step 7: Considering the existence of sex-specific obesity patterns, such as the higher prevalence of central obesity in males and the higher prevalence of overall obesity in females.
Step 8: Recognizing that these patterns are not absolute and can vary across different populations and age groups.

Conclusion: Yes",,,,False,
Sex,PEG,True,"Reasoning Process:
Step 1: To determine if there is an association between Sex and PEG, we need to consider whether knowledge of the value of one variable can provide information about the other. In this case, Sex is a categorical variable (male or female) and PEG is a numerical variable (index measuring pain interference and pain intensity).
Step 2: Since Sex is a categorical variable and PEG is a numerical variable, we need to consider whether there is a statistical relationship between the two. A statistical association can exist even if the relationship is not linear or direct.
Step 3: However, without specific data or research findings, it is difficult to determine the exact nature of the relationship between Sex and PEG. But, in general, sex can influence pain perception and chronic pain conditions, such as low back pain, which is measured by the PEG score.
Step 4: Therefore, it is plausible that there could be an association between Sex and PEG, as sex can influence pain perception and chronic pain conditions.

Conclusion: Yes",,,,False,
Sex,Smoking,True,"Reasoning Process:
Step 1: To determine if there is an association between Sex and Smoking, we need to consider if there is a statistical dependency between the two variables. This means we need to examine if knowledge of the value of one variable (Sex) gives information about the other variable (Smoking).
Step 2: Sex is a categorical variable that classifies individuals into two main categories: male and female. This classification is based on reproductive functions.
Step 3: Smoking is also a categorical variable that represents the action or habit of inhaling and exhaling tobacco smoke. It is not directly related to the reproductive functions of an individual.
Step 4: However, there is a well-established relationship between Sex and Smoking. Research has shown that, on average, men are more likely to smoke than women. This is due to various social, cultural, and biological factors.
Step 5: Given this relationship, knowledge of an individual's Sex can provide information about their likelihood of smoking. For example, if we know an individual is male, we can infer that they are more likely to smoke compared to a female individual.
Step 6: Therefore, there is a statistical association between Sex and Smoking, as knowledge of one variable (Sex) gives information about the other variable (Smoking).
Step 7: This association is not necessarily causal, but rather a correlation that can be observed in the population.

Conclusion: Yes",,,,False,
Age,Alcohol,True,"Reasoning Process:
Step 1: To determine if there is an association between Age and Alcohol, we need to consider whether knowledge of one variable provides information about the other. In this context, Age and Alcohol are two distinct variables that can be measured or recorded.
Step 2: Age is a demographic variable that can influence various health outcomes, including the likelihood of alcohol consumption. As people age, their drinking habits may change due to factors such as life experiences, social pressures, or health concerns.
Step 3: Alcohol consumption, on the other hand, is a behavior that can be influenced by various factors, including age. For instance, younger individuals may be more likely to engage in heavy drinking due to peer pressure or social norms, while older individuals may reduce their drinking as they age due to health concerns or social responsibilities.
Step 4: Given that Age can influence Alcohol consumption and vice versa, it is reasonable to conclude that there is a statistical association between the two variables. This association can be observed in various studies that have investigated the relationship between age and drinking habits.

Conclusion: Yes",,,,False,
Age,Anxiety,True,"Reasoning Process:
Step 1: To determine if there is an association between Age and Anxiety, we need to consider the nature of the variables and their potential relationship.
Step 2: Age is a continuous variable that represents a patient's age, which can be measured in years. Anxiety, as defined by PROMIS anxiety, is a psychological construct that encompasses various symptoms related to fear, anxious misery, hyperarousal, and somatic symptoms.
Step 3: Given the definitions of Age and Anxiety, we can consider the potential relationship between the two variables. Age is a demographic variable that can influence various aspects of a person's life, including their mental health. Anxiety, on the other hand, is a psychological state that can be influenced by various factors, including age.
Step 4: Research has shown that anxiety can change across the lifespan, with certain age groups being more prone to anxiety disorders. For example, adolescents and young adults may experience anxiety related to social pressures, while older adults may experience anxiety related to health concerns or loss of loved ones.
Step 5: Additionally, age can also influence the manifestation and expression of anxiety symptoms. For instance, older adults may be more likely to experience somatic symptoms related to anxiety, such as cardiovascular symptoms, whereas younger adults may experience more psychological symptoms, such as worry and fear.
Step 6: Considering these points, it is reasonable to conclude that there is a statistical association between Age and Anxiety. Knowledge of a patient's age can provide information about their potential anxiety symptoms and their manifestation.

Conclusion: Yes",,,,False,
Age,CCI,True,"Reasoning Process:
Step 1: To determine if there is an association between Age and CCI, we need to consider the definition of association in statistics. Association refers to any statistical dependency between two variables, regardless of strength or directionality.
Step 2: Given the definitions of Age and CCI, Age is a variable that can be measured in years and represents the age of the patient, while CCI is a comorbidity index that measures the number of comorbidities. Comorbidities are pre-existing medical conditions that a patient has in addition to the primary condition for which they are receiving treatment.
Step 3: As Age increases, the likelihood of developing comorbidities also increases. This is because older individuals are more likely to have a higher number of comorbidities due to the accumulation of health conditions over time.
Step 4: Therefore, there is a logical and statistical dependency between Age and CCI, as knowledge of the value of one variable (Age) can provide information about the value of the other variable (CCI).
Step 5: This dependency is not necessarily causal, but rather a correlation, as older individuals are more likely to have a higher CCI due to the natural aging process and the accumulation of health conditions.

Conclusion: Yes",,,,False,
Age,Catastrophizing,True,"Reasoning Process:
Step 1: To determine if there is an association between Age and Catastrophizing, we need to consider the nature of the variables and their potential relationship.
Step 2: Age is a demographic variable that can influence various aspects of a person's life, including their physical and mental health. It is a quantitative variable that can be measured in years.
Step 3: Catastrophizing, on the other hand, is a psychological construct that refers to a person's tendency to think negatively about their pain and feel helpless in the face of it. It is a qualitative variable that can be measured using standardized questionnaires.
Step 4: While Age can influence a person's risk of developing certain health conditions, such as chronic pain, it does not directly determine their catastrophizing behavior. Catastrophizing is a complex psychological phenomenon that is influenced by a variety of factors, including past experiences, personality traits, and coping mechanisms.
Step 5: However, research has shown that older adults may be more likely to experience catastrophizing due to factors such as decreased physical function, increased pain sensitivity, and social isolation. This suggests that there may be a statistical association between Age and Catastrophizing.
Step 6: Furthermore, studies have found that older adults with chronic pain are more likely to exhibit catastrophizing behaviors, which can exacerbate their pain and worsen their quality of life. This association highlights the complex interplay between Age, pain, and catastrophizing.
Step 7: In conclusion, while Age does not directly cause catastrophizing, there is evidence to suggest that there is a statistical association between the two variables. This association is likely due to the complex interplay of factors that influence catastrophizing in older adults.

Conclusion: Yes",,,,False,
Age,Depression,True,"Reasoning Process:
Step 1: To determine if there is an association between Age and Depression, we need to consider the relationship between the two variables. Association refers to any statistical dependency between two variables, regardless of strength or directionality.
Step 2: Age is a variable that can be measured in years and represents the chronological age of the patient. It is a quantitative variable.
Step 3: Depression, as defined by PROMIS depression, is a measure of the affective and cognitive manifestations of depression. It is a quantitative variable that can be measured on a scale.
Step 4: Research has shown that there is a well-established relationship between age and depression. Studies have consistently found that older adults are at a higher risk of developing depression compared to younger adults.
Step 5: This relationship is often attributed to various factors such as social isolation, loss of loved ones, chronic health conditions, and cognitive decline, which are more common in older age groups.
Step 6: Therefore, knowing a person's age can provide information about their risk of developing depression, indicating a statistical association between the two variables.

Conclusion: Yes",,,,False,
Age,Education,True,"Reasoning Process:
Step 1: To determine if there is an association between Age and Education, we need to consider the definition of association in statistics. Association refers to any statistical dependency between two variables, regardless of strength or directionality.
Step 2: Given the definition, we can infer that association can be observed in various forms, such as a positive correlation, negative correlation, or even a non-linear relationship between the variables.
Step 3: However, the question does not specify the strength or directionality of the association, nor does it provide any specific data or context about the relationship between Age and Education.
Step 4: Despite the lack of specific information, we can still consider the general relationship between Age and Education. Typically, as people get older, they tend to have higher levels of education, as they have had more time to pursue educational opportunities.
Step 5: This suggests a positive association between Age and Education, where knowledge of one variable (Age) can provide information about the other (Education).
Step 6: Therefore, based on the general understanding of the relationship between Age and Education, it is reasonable to conclude that there is an association between the two variables.

Conclusion: Yes",,,,False,
Age,Fear_avoidance,True,"Reasoning Process:
Step 1: To determine if there is an association between Age and Fear_avoidance, we need to consider whether knowledge of one variable provides information about the other. In this case, Age and Fear_avoidance are two distinct variables with different domains: Age is a demographic characteristic, while Fear_avoidance is a psychological construct related to a patient's beliefs and behaviors.
Step 2: Age can influence Fear_avoidance, as older adults may have different levels of fear avoidance due to various factors such as decreased physical function, increased health concerns, or life experiences. For instance, an older patient may be more likely to avoid physical activity due to concerns about exacerbating existing health conditions or experiencing a fall.
Step 3: However, the relationship between Age and Fear_avoidance is not necessarily a direct cause-and-effect relationship. Instead, it is a complex interplay of various factors, including but not limited to, physical and psychological changes that occur with aging.
Step 4: Furthermore, Fear_avoidance can also influence Age-related behaviors, such as physical activity levels, which in turn can impact overall health and well-being. For example, a patient with high Fear_avoidance may be less likely to engage in regular physical activity, potentially leading to decreased mobility and increased risk of age-related health issues.
Step 5: Considering these bidirectional relationships, it is reasonable to conclude that there is an association between Age and Fear_avoidance, as knowledge of one variable can provide information about the other.

Conclusion: Yes",,,,False,
Age,Financial_level,True,"Reasoning Process:
Step 1: To determine if there is an association between Age and Financial_level, we need to consider the definition of association in the context of statistics. Association refers to any statistical dependency between two variables, regardless of strength or directionality.
Step 2: Given the definitions of Age and Financial_level, we can infer that Age is a demographic variable that can be influenced by various factors, including socioeconomic status, which is often proxied by Financial_level. This suggests that there may be a relationship between the two variables.
Step 3: However, the directionality of the relationship is not specified. It is possible that older individuals may have a higher financial level due to accumulated wealth, or that individuals with a higher financial level may be more likely to invest in health-promoting behaviors that increase their lifespan.
Step 4: Regardless of the directionality, the fact that Age and Financial_level are related to each other through a common underlying factor (socioeconomic status) suggests that there is a statistical association between the two variables.
Step 5: Therefore, based on the definitions of the variables and the concept of association in statistics, we can conclude that there is an association between Age and Financial_level.

Conclusion: Yes",,,,False,
Age,Obesity,True,"Reasoning Process:
Step 1: Understanding the concept of association: An association refers to any statistical dependency between two variables, regardless of strength or directionality. This means that if knowing the value of one variable provides information about the other, they are said to be associated.
Step 2: Considering the definitions of the variables: Age is defined as the age of the patient, and Obesity is defined as BMI or being overweight, which is associated with weight or BMI. This suggests a potential relationship between the two variables.
Step 3: Analyzing the relationship between Age and Obesity: As individuals age, their weight and BMI often increase due to various factors such as muscle mass loss, hormonal changes, and decreased physical activity. This natural progression suggests a positive association between Age and Obesity.
Step 4: Considering the directionality of the association: The association between Age and Obesity is not bidirectional. Knowing a person's age does not necessarily determine their obesity status, but knowing a person's obesity status can provide information about their age.
Step 5: Evaluating the strength of the association: The association between Age and Obesity is generally considered to be moderate to strong, as older adults are more likely to experience weight gain and obesity due to various age-related factors.
Step 6: Conclusion: Based on the analysis, there is a statistical association between Age and Obesity, as knowing a person's age can provide information about their likelihood of being obese.
Step 7: Final Conclusion: The association between Age and Obesity is indeed present, and it is a well-established relationship in the field of medicine and public health.
Step 8: Final Answer: True

Conclusion: Yes",,,,False,
Age,PEG,True,"Reasoning Process:
Step 1: To determine if there is an association between Age and PEG, we need to consider the nature of the variables. Age is a demographic variable that can be measured in years, while PEG score is a quantitative index measuring pain interference and pain intensity due to chronic low back pain.
Step 2: Given that Age is a demographic variable and PEG score is a quantitative index, it is plausible that there could be a statistical association between the two variables. For instance, older adults may experience more chronic low back pain, which could be reflected in a higher PEG score.
Step 3: However, the direction and strength of the association between Age and PEG score are not specified. It is possible that younger individuals may experience more severe chronic low back pain, or that the relationship is non-linear.
Step 4: Despite the uncertainty in the direction and strength of the association, the fact remains that knowledge of a patient's Age could potentially provide information about their PEG score, and vice versa. This is the definition of an association in statistics.
Step 5: Therefore, based on the definition of association in statistics, it is reasonable to conclude that there is an association between Age and PEG score.
Step 6: This association may be due to various factors, such as the natural aging process, lifestyle changes, or underlying health conditions that affect both Age and PEG score.
Step 7: In conclusion, the association between Age and PEG score is a statistical dependency between the two variables, regardless of the strength or directionality.
Step 8: Therefore, the answer to the question is: True.

Conclusion: Yes",,,,False,
Age,Sleep disturbance,True,"Reasoning Process:
Step 1: To determine if there is an association between Age and Sleep disturbance, we need to consider the nature of the variables and their potential relationship.
Step 2: Age is a continuous variable that represents a patient's age, which can be measured and quantified. It is a characteristic of the patient that can be influenced by various factors such as genetics, lifestyle, and environment.
Step 3: Sleep disturbance, on the other hand, is a self-reported measure of sleep quality, which can be influenced by various factors such as age, health status, and lifestyle. It is a subjective measure that can be affected by individual perceptions and experiences.
Step 4: Given that age is a potential influencing factor on sleep quality, it is plausible that there is a relationship between the two variables. As people age, their sleep patterns can change, and they may experience more sleep disturbances due to various age-related health issues.
Step 5: Furthermore, research has shown that sleep disturbances are more common among older adults, suggesting a potential association between age and sleep disturbance.
Step 6: Therefore, based on the nature of the variables and existing research, it is reasonable to conclude that there is an association between Age and Sleep disturbance.

Conclusion: Yes",,,,False,
Age,Smoking,True,"Reasoning Process:
Step 1: To determine if there is an association between Age and Smoking, we need to consider whether knowledge of one variable provides information about the other. In this case, Age and Smoking are two distinct variables that can be measured or observed.
Step 2: Age is a variable that can be measured in years and is a characteristic of an individual. Smoking, on the other hand, is a behavior or habit that can be observed or reported by the individual. These two variables are not inherently linked in a cause-and-effect manner.
Step 3: However, research has shown that there is a statistical association between Age and Smoking. As people get older, the likelihood of smoking increases, and the duration of smoking also tends to increase with age. This is because younger individuals are more likely to start smoking, and as they age, they continue to smoke.
Step 4: Additionally, studies have found that older individuals are more likely to have a longer smoking history, which can lead to a higher risk of smoking-related health problems. This association is not necessarily causal, but it does indicate a statistical dependency between the two variables.
Step 5: Therefore, based on the available evidence, there is a statistical association between Age and Smoking, as knowledge of one variable (Age) can provide information about the other (Smoking).
Step 6: This association is not necessarily causal, but it does indicate a statistical dependency between the two variables.
Step 7: In conclusion, the association between Age and Smoking is supported by research and observational data, indicating that there is a statistical association between the two variables.
Step 8: Therefore, the final answer to the question is: True.

Conclusion: Yes",,,,False,
Alcohol,PEG,True,"Reasoning Process:
Step 1: To determine if there is an association between Alcohol and PEG, we need to consider whether there is a statistical dependency between the two variables, regardless of the strength or directionality of the relationship.
Step 2: Alcohol consumption (Variable 1) and PEG score (Variable 2) are two distinct variables with different measurement scales and units. Alcohol consumption is typically measured in the number of drinks per week, while PEG score is an index measuring pain interference and pain intensity due to chronic low back pain.
Step 3: Although the measurement scales and units of the two variables are different, it is still possible for them to be associated. For example, research has shown that individuals with chronic pain, such as those with high PEG scores, may be more likely to consume alcohol as a coping mechanism or to self-medicate their pain.
Step 4: Therefore, there is a plausible biological and psychological mechanism by which knowledge of the value of one variable (Alcohol) could provide information about the other variable (PEG), and vice versa.
Step 5: Given the potential for a biological and psychological mechanism linking the two variables, it is reasonable to conclude that there may be an association between Alcohol and PEG.

Conclusion: Yes",,,,False,
Anxiety,PEG,True,"Reasoning Process:
Step 1: To determine if there is an association between Anxiety and PEG, we need to consider the definitions of both variables. Anxiety, as defined by PROMIS, encompasses various aspects such as fear, anxious misery, hyperarousal, and somatic symptoms related to arousal. PEG, on the other hand, is an index measuring pain interference and pain intensity due to chronic low back pain.
Step 2: Given the definitions, we can infer that Anxiety and PEG are related to different constructs. Anxiety is a psychological and emotional state, while PEG is a measure of pain intensity and interference. However, it is possible that there could be an association between the two variables, as anxiety can often exacerbate or be exacerbated by chronic pain.
Step 3: Furthermore, research has shown that individuals with chronic pain often experience higher levels of anxiety, and that anxiety can worsen the perception of pain. This suggests that there may be a bidirectional relationship between Anxiety and PEG, where anxiety can affect pain perception and vice versa.
Step 4: Considering the potential bidirectional relationship and the fact that anxiety can impact pain perception, it is reasonable to conclude that there is an association between Anxiety and PEG.

Conclusion: Yes",,,,False,
CCI,PEG,True,"Reasoning Process:
Step 1: To determine if there is an association between CCI and PEG, we need to consider the nature of both variables. CCI is a comorbidity index, which measures the number of comorbidities a patient has. PEG score, on the other hand, measures pain interference and pain intensity due to chronic low back pain.
Step 2: Given the definitions of CCI and PEG, it is plausible that there could be a relationship between the two variables. Comorbidities can often exacerbate or contribute to chronic pain, including low back pain. Therefore, it is reasonable to hypothesize that a higher CCI score (indicating more comorbidities) may be associated with a higher PEG score (indicating greater pain interference and intensity).
Step 3: However, the question asks for a general association, regardless of strength or directionality. This means we do not need to consider the specific nature of the relationship (e.g., positive or negative correlation). We only need to determine if there is any statistical dependency between the two variables.
Step 4: Considering the definitions and potential relationships between CCI and PEG, it is likely that there is some level of association between the two variables. For instance, patients with more comorbidities (higher CCI) may experience more severe pain (higher PEG score) due to the cumulative effect of their conditions. Therefore, it is reasonable to conclude that there is an association between CCI and PEG.

Conclusion: Yes",,,,False,
Catastrophizing,PEG,True,"Reasoning Process:
Step 1: Understanding the definitions of Catastrophizing and PEG: Catastrophizing is a psychological construct that involves the tendency to magnify the threat value of a pain stimulus and feel helpless in the presence of pain. PEG score is an index measuring pain interference and pain intensity due to chronic low back pain.
Step 2: Considering the relationship between Catastrophizing and PEG: Catastrophizing is a psychological factor that can influence an individual's perception of pain, which in turn can affect their PEG score. If an individual catastrophizes about their pain, they are likely to experience increased pain interference and intensity, leading to a higher PEG score.
Step 3: Analyzing the potential statistical association: Given the relationship between Catastrophizing and PEG, it is plausible that there is a statistical association between the two variables. Research has shown that psychological factors, such as catastrophizing, can significantly impact pain outcomes, including pain intensity and interference.
Step 4: Considering the directionality of the association: The association between Catastrophizing and PEG is likely to be positive, meaning that higher levels of catastrophizing are associated with higher PEG scores.
Step 5: Conclusion: Based on the relationship between Catastrophizing and PEG, and the potential impact of psychological factors on pain outcomes, it is reasonable to conclude that there is an association between Catastrophizing and PEG.

Conclusion: Yes",,,,False,
Depression,PEG,True,"Reasoning Process:
Step 1: To determine if there is an association between Depression and PEG, we need to consider the definitions of both variables. Depression is defined as the affective and cognitive manifestations of depression, as measured by the PROMIS depression scale. PEG score, on the other hand, is an index measuring pain interference and pain intensity due to chronic low back pain.
Step 2: Given the definitions, we can infer that Depression and PEG are related to different aspects of a patient's health. Depression is a mental health condition, while PEG is a measure of pain intensity and interference. However, it is well-established in the medical literature that chronic pain, such as low back pain, can have a significant impact on a patient's mental health, including their risk of developing depression.
Step 3: Furthermore, research has shown that individuals with chronic pain, including those with low back pain, often experience higher levels of depression. This suggests that there may be a bidirectional relationship between chronic pain and depression, where chronic pain can contribute to the development of depression, and depression can exacerbate the experience of chronic pain.
Step 4: Given this context, it is reasonable to conclude that there is an association between Depression and PEG. Knowledge of a patient's PEG score can provide information about their risk of depression, and conversely, knowledge of a patient's depression status can provide information about their pain intensity and interference.
Step 5: Therefore, based on the definitions of the variables and the established relationships between chronic pain and depression, we can conclude that there is an association between Depression and PEG.
Step 6: This association can be either direct or indirect, but it is clear that there is a statistical dependency between the two variables.

Conclusion: Yes",,,,False,
Education,PEG,True,"Reasoning Process:
Step 1: To determine if there is an association between Education and PEG, we need to consider the nature of the variables. Education is a categorical variable representing the level of education of the participant, while PEG score is a continuous variable measuring pain interference and pain intensity due to chronic low back pain.
Step 2: Since Education is a categorical variable and PEG score is a continuous variable, we can use statistical methods such as regression analysis or correlation analysis to examine the association between the two variables.
Step 3: However, without specific data or statistical results, we cannot directly conclude the existence of an association. But, in general, it is plausible that there could be an association between Education and PEG, as education level may influence an individual's access to healthcare, health literacy, and overall health outcomes, which in turn could affect their PEG score.
Step 4: Moreover, research has shown that there is a relationship between education level and health outcomes, including chronic pain management. For instance, individuals with higher education levels may be more likely to have better health literacy, which can lead to better pain management and lower PEG scores.
Step 5: Therefore, based on the nature of the variables and the existing research, it is reasonable to assume that there could be an association between Education and PEG.

Conclusion: Yes",,,,False,
Fear_avoidance,PEG,True,"Reasoning Process:
Step 1: To determine if there is an association between Fear_avoidance and PEG, we need to consider the definitions of both variables. Fear_avoidance is a patient-reported questionnaire that focuses on how a patient's fear avoidance beliefs about physical activity and work may affect and contribute to their low back pain and resulting disability. PEG score, on the other hand, is an index measuring pain interference and pain intensity due to chronic low back pain.
Step 2: Given the definitions, we can infer that Fear_avoidance and PEG are related to the same underlying condition, which is chronic low back pain. Fear_avoidance assesses the impact of fear avoidance beliefs on low back pain, while PEG measures the pain intensity and interference due to low back pain.
Step 3: Since both variables are related to the same underlying condition, it is plausible that there is a statistical association between them. An association would imply that knowledge of the value of one variable provides information about the other.
Step 4: Furthermore, research in the field of chronic pain suggests that fear avoidance beliefs can contribute to increased pain intensity and interference, which is what PEG measures. This implies a potential causal relationship between Fear_avoidance and PEG, supporting the existence of an association.
Step 5: Therefore, based on the definitions of the variables and the underlying relationship between them, it is reasonable to conclude that there is an association between Fear_avoidance and PEG.
Step 6: This association can be either direct or indirect, but it is clear that there is a statistical dependency between the two variables.
Step 7: In conclusion, the association between Fear_avoidance and PEG is supported by their definitions and the underlying relationship between them.
Step 8: Therefore, the final answer to the question is True, indicating that there is an association between Fear_avoidance and PEG.

Conclusion: Yes",,,,False,
Financial_level,PEG,True,"Reasoning Process:
Step 1: To determine if there is an association between Financial_level and PEG, we need to consider the nature of the variables and their potential relationship. Financial_level is a proxy for socioeconomic status, which can influence an individual's access to healthcare, treatment options, and overall well-being. PEG score, on the other hand, measures pain interference and intensity due to chronic low back pain.
Step 2: Given the definitions of the variables, it is plausible that Financial_level could impact PEG scores. For instance, individuals with lower socioeconomic status may have limited access to healthcare, leading to delayed or inadequate treatment for chronic low back pain, which in turn could result in higher PEG scores.
Step 3: However, the relationship between Financial_level and PEG could also be bidirectional. For example, individuals with higher PEG scores may experience reduced productivity and work capacity, leading to decreased income and lower Financial_level.
Step 4: Furthermore, there may be other factors, such as education level, occupation, or access to healthcare, that mediate the relationship between Financial_level and PEG. These factors could either strengthen or weaken the association between the two variables.
Step 5: Considering these potential relationships and the complexity of the variables, it is likely that there is an association between Financial_level and PEG, as knowledge of one variable could provide information about the other.

Conclusion: Yes",,,,False,
Obesity,PEG,True,"Reasoning Process:
Step 1: To determine if there is an association between Obesity and PEG, we need to consider the definitions of both variables. Obesity is defined as BMI or being overweight, which is a measure of weight or body mass index. PEG score, on the other hand, is an index measuring pain interference and pain intensity due to chronic low back pain.
Step 2: Given the definitions, we can infer that Obesity is a risk factor for various health conditions, including chronic low back pain. This is because excess weight can put additional strain on the spine, leading to pain and discomfort.
Step 3: The PEG score, being an index of pain intensity and interference due to chronic low back pain, is likely to be influenced by factors that contribute to chronic low back pain, including Obesity.
Step 4: Therefore, it is reasonable to conclude that there is a statistical association between Obesity and PEG, as knowledge of the value of one variable (Obesity) can provide information about the value of the other variable (PEG).

Conclusion: Yes",,,,False,
Sleep disturbance,PEG,True,"Reasoning Process:
Step 1: To determine if there is an association between Sleep disturbance and PEG, we need to consider the definitions of both variables. Sleep disturbance is a self-reported measure of sleep quality, depth, and restoration, while PEG score is an index measuring pain interference and pain intensity due to chronic low back pain.
Step 2: Given the definitions, it is clear that both variables are related to the experience of chronic pain. Sleep disturbance is often a consequence of chronic pain, as individuals with chronic pain may experience difficulty sleeping due to pain-related discomfort or anxiety. On the other hand, PEG score directly measures the impact of chronic low back pain on an individual's life.
Step 3: Since both variables are related to chronic pain, it is plausible that there is a statistical association between them. In other words, knowledge of an individual's PEG score (i.e., their level of pain interference and intensity) could provide information about their sleep disturbance, and vice versa.
Step 4: Furthermore, research has shown that chronic pain and sleep disturbances are often comorbid, meaning they often co-occur. This suggests that there is a statistical association between the two variables.
Step 5: Additionally, studies have demonstrated that interventions aimed at reducing chronic pain can also improve sleep quality, and vice versa. This bidirectional relationship further supports the existence of an association between Sleep disturbance and PEG.
Step 6: Considering the definitions, relationships, and research findings, it is reasonable to conclude that there is a statistical association between Sleep disturbance and PEG.

Conclusion: Yes",,,,False,
Smoking,PEG,True,"Reasoning Process:
Step 1: To determine if there is an association between Smoking and PEG, we need to consider the potential relationship between smoking and chronic low back pain, as PEG is an index measuring pain intensity and interference due to chronic low back pain.
Step 2: Smoking is a well-established risk factor for various health conditions, including cardiovascular disease, respiratory disease, and cancer. It is also known to have a negative impact on overall health and well-being.
Step 3: Chronic low back pain is a common condition that can be caused by various factors, including smoking. Smoking can lead to chronic inflammation, oxidative stress, and damage to the spinal discs, which can contribute to low back pain.
Step 4: Given the relationship between smoking and chronic low back pain, it is reasonable to infer that smoking may also be associated with PEG scores, as PEG measures pain intensity and interference due to chronic low back pain.
Step 5: Therefore, based on the established relationship between smoking and chronic low back pain, and the fact that PEG measures pain intensity and interference due to chronic low back pain, we can conclude that there is an association between Smoking and PEG.

Conclusion: Yes",,,,False,
Anxiety,Alcohol,True,"Reasoning Process:
Step 1: Alcohol consumption is a known risk factor for various mental health conditions, including anxiety disorders.
Step 2: The relationship between alcohol consumption and anxiety is complex, with both direct and indirect effects.
Step 3: Alcohol can exacerbate anxiety symptoms, leading to a vicious cycle of increased consumption and worsening anxiety.
Step 4: However, anxiety can also lead to increased alcohol consumption as a coping mechanism to alleviate symptoms.
Step 5: Considering the bidirectional relationship, it is essential to examine the underlying mechanisms and individual factors that contribute to this association.
Step 6: However, based on the available evidence, anxiety is more likely to be a precursor to increased alcohol consumption, as individuals often turn to alcohol as a means to cope with their anxiety symptoms.

Conclusion: B",,,,True,
Alcohol,CCI,True,"Reasoning Process:
Step 1: Alcohol consumption is often associated with various health problems, such as liver disease, cardiovascular disease, and mental health disorders. These health problems can lead to the development of comorbidities.
Step 2: A higher comorbidity index (CCI) indicates the presence of multiple comorbidities, which can be a result of various factors, including chronic health conditions, lifestyle choices, and environmental factors.
Step 3: Given the relationship between alcohol consumption and health problems, it is more likely that alcohol consumption leads to an increase in comorbidities, rather than the other way around.
Step 4: Additionally, research has shown that individuals with higher comorbidity indices tend to have a higher risk of developing alcohol use disorders, but this does not necessarily imply that comorbidities cause alcohol consumption.

Conclusion: A",,,,True,
Catastrophizing,Alcohol,True,"Reasoning Process:
Step 1: Pain catastrophizing is a psychological factor that can influence an individual's behavior and coping mechanisms.
Step 2: Alcohol consumption is often used as a maladaptive coping mechanism for managing stress, anxiety, and pain.
Step 3: Individuals who catastrophize pain may be more likely to use alcohol as a way to temporarily escape or numb their pain.
Step 4: This suggests that pain catastrophizing may lead to increased alcohol consumption as a maladaptive coping strategy.
Step 5: There is no clear evidence to suggest that alcohol consumption directly causes pain catastrophizing.

Conclusion: B",,,,True,
Alcohol,Depression,True,"Reasoning Process:
Step 1: Alcohol consumption has been consistently linked to an increased risk of developing depression in various studies. This relationship is thought to be bidirectional, but the evidence suggests that the direction from alcohol consumption to depression is stronger.
Step 2: Alcohol consumption can lead to changes in brain chemistry and function, which can contribute to the development of depression. For example, chronic heavy drinking can alter the levels of neurotransmitters such as serotonin and dopamine, which play a crucial role in mood regulation.
Step 3: Additionally, individuals with depression may be more likely to self-medicate with alcohol, which can perpetuate a cycle of substance use and worsening depression.
Step 4: While there is some evidence to suggest that depression can also contribute to increased alcohol consumption, the evidence is not as strong as the relationship in the opposite direction.

Conclusion: A",,,,True,
Education,Alcohol,True,"Reasoning Process:
Step 1: The relationship between alcohol consumption and education is complex and bidirectional, but research suggests that education can influence an individual's likelihood of engaging in risky behaviors, including excessive alcohol consumption.
Step 2: On the other hand, alcohol consumption has been linked to cognitive impairment and decreased motivation, which can negatively impact an individual's ability to pursue higher education.
Step 3: However, it's also possible that individuals with higher education may have better access to resources and support that can help them manage their alcohol consumption.
Step 4: Considering these factors, it's more likely that education has a causal effect on alcohol consumption, as education can influence an individual's behavior and decision-making abilities.

Conclusion: B",,,,True,
Fear_avoidance,Alcohol,True,"Reasoning Process:
Step 1: Alcohol consumption is often associated with social and recreational activities, which may involve physical activity and work-related tasks.
Step 2: Fear avoidance beliefs can lead to reduced participation in these activities, potentially resulting in decreased alcohol consumption.
Step 3: However, it's also possible that individuals with high fear avoidance may use alcohol as a coping mechanism to manage their anxiety or stress related to their pain and disability.
Step 4: Therefore, the relationship between alcohol consumption and fear avoidance is likely bidirectional, but the direction of causality is more likely to be from fear avoidance to alcohol consumption.
Step 5: This is because fear avoidance is a psychological factor that can directly influence behavior, whereas alcohol consumption is a behavior that can be influenced by various factors, including psychological ones.
Step 6: Additionally, research has shown that fear avoidance is a strong predictor of chronic pain and disability, and addressing fear avoidance is a key component of many pain management treatments.
Step 7: Therefore, it is more likely that fear avoidance causes a change in alcohol consumption, either directly or through one or more intermediate variables.
Step 8: This conclusion is also supported by the fact that many pain management programs focus on addressing fear avoidance and promoting physical activity and work participation, rather than solely focusing on reducing alcohol consumption.

Conclusion: B",,,,True,
Financial_level,Alcohol,True,"Reasoning Process:
Step 1: Alcohol consumption is often associated with a decrease in financial level due to the costs of purchasing alcohol, such as the cost of the drinks themselves, the cost of healthcare due to alcohol-related problems, and the opportunity cost of spending money on alcohol instead of other necessities.
Step 2: Additionally, individuals with lower financial levels may be more likely to engage in heavy drinking as a coping mechanism for stress, anxiety, or other financial-related issues.
Step 3: Furthermore, socioeconomic status can influence access to healthcare, education, and job opportunities, all of which can impact an individual's financial situation and their likelihood of engaging in heavy drinking.
Step 4: Therefore, considering these factors, it is more likely that financial level causes alcohol consumption, as financial difficulties can lead to increased drinking and decreased financial stability.
Step 5: This is a classic example of a bidirectional relationship, but based on the given definitions, the direction of causality is more likely to be from financial level to alcohol consumption.
Step 6: This is because the relationship between financial level and alcohol consumption is often influenced by factors such as access to healthcare, education, and job opportunities, which are all related to financial level.

Conclusion: B",,,,True,
Alcohol,Obesity,True,"Reasoning Process:
Step 1: Alcohol consumption is often associated with social and cultural factors, such as social gatherings and celebrations, which can also contribute to overeating and weight gain.
Step 2: Additionally, alcohol can lead to poor dietary choices, such as consuming high-calorie foods and drinks, which can contribute to weight gain and obesity.
Step 3: Furthermore, research has shown that individuals with obesity may be more likely to use alcohol as a coping mechanism for emotional distress, which can perpetuate a cycle of overconsumption.
Step 4: On the other hand, there is limited evidence to suggest that obesity directly causes an increase in alcohol consumption, although it is possible that individuals with obesity may experience social stigma or shame, leading to increased alcohol use as a coping mechanism.
Step 5: Considering these factors, it is more likely that alcohol consumption contributes to weight gain and obesity, either directly or through intermediate variables such as poor dietary choices and social factors.
Step 6: Therefore, the causal direction is more likely to be from alcohol consumption to obesity.
Step 7: This is consistent with the concept of a bidirectional relationship, where both alcohol consumption and obesity can influence each other, but the initial trigger is more likely to be alcohol consumption.

Conclusion: A",,,,True,
Alcohol,Sleep disturbance,True,"Reasoning Process:
Step 1: Alcohol consumption can lead to sleep disturbance due to its effects on the body's sleep-wake cycle, such as disrupting the body's natural sleep-wake rhythm, reducing the quality of sleep, and increasing the risk of sleep disorders like insomnia.
Step 2: Additionally, alcohol can also lead to sleep disturbance through its effects on the brain's neurotransmitters, such as serotonin and melatonin, which regulate sleep and wakefulness.
Step 3: Furthermore, chronic sleep disturbance can lead to increased stress and anxiety, which may trigger the desire to consume more alcohol as a coping mechanism.
Step 4: However, it is also possible that sleep disturbance can lead to increased alcohol consumption as a result of the discomfort and pain associated with sleep disorders, leading individuals to seek relief through alcohol.
Step 5: However, the evidence suggests that the relationship between alcohol consumption and sleep disturbance is more complex and bidirectional, but the initial and most direct effect is from alcohol consumption to sleep disturbance.

Conclusion: A",,,,True,
Smoking,Alcohol,True,"Reasoning Process:
Step 1: Both alcohol consumption and smoking are complex behaviors influenced by a multitude of factors, including genetics, environment, and psychological state.
Step 2: Research has shown that individuals who smoke are more likely to engage in other high-risk behaviors, including excessive alcohol consumption.
Step 3: This suggests that smoking may be a precursor to or a correlate of alcohol consumption, rather than the other way around.
Step 4: Additionally, nicotine, a primary psychoactive substance in tobacco, can increase the desire for other substances, including alcohol.
Step 5: Furthermore, individuals who smoke may be more likely to have a history of substance use disorders, which can increase the likelihood of developing an alcohol use disorder.
Step 6: Therefore, based on the available evidence, it is more likely that smoking causes a change in alcohol consumption, either directly or through one or more intermediate variables.
Step 7: This is consistent with the concept of the 'gateway hypothesis,' which suggests that smoking can serve as a gateway to the use of other substances, including alcohol.
Step 8: In conclusion, the available evidence suggests that smoking is more likely to cause an increase in alcohol consumption, rather than the other way around.
Step 9: Therefore, the causal direction is more likely to be B) Smoking causes Alcohol.

Conclusion: B",,,,True,
Anxiety,CCI,True,"Reasoning Process:
Step 1: Anxiety is a psychological and emotional state that can be influenced by various factors, including genetics, environment, and life experiences. It is a complex condition that can have a significant impact on an individual's quality of life.
Step 2: The presence of comorbidities, as measured by the CCI, can contribute to increased stress, worry, and fear, which are all components of anxiety. For example, individuals with multiple chronic conditions may experience increased anxiety due to the burden of managing their health, the fear of disease progression, and the impact on their daily life.
Step 3: Furthermore, research has shown that anxiety can also contribute to the development of comorbidities. For instance, anxiety can lead to poor health behaviors, such as smoking, poor diet, and lack of exercise, which can increase the risk of developing chronic conditions.
Step 4: Additionally, anxiety can also exacerbate existing comorbidities, making it more challenging to manage and treat. This can create a vicious cycle where anxiety contributes to the development and worsening of comorbidities, which in turn can worsen anxiety.
Step 5: Considering these points, it is more likely that anxiety can contribute to the development and worsening of comorbidities, rather than the other way around.
Step 6: Therefore, the causal direction is more likely to be from anxiety to CCI.
Step 7: This is because anxiety can have a direct impact on an individual's health behaviors and physiological responses, which can increase the risk of developing comorbidities.
Step 8: In contrast, while comorbidities can certainly contribute to anxiety, it is less likely that the presence of comorbidities is the primary cause of anxiety.
Step 9: Therefore, based on the available evidence and logical reasoning, the causal direction is more likely to be from anxiety to CCI.
Step 10: This conclusion is consistent with the bi-directional relationship between anxiety and health outcomes, where anxiety can both contribute to and be exacerbated by comorbidities.
Step 11: However, the evidence suggests that anxiety is more likely to be a contributing factor to the development and worsening of comorbidities, rather than the other way around.
Step 12: Therefore, the final conclusion is that the causal direction is more likely to be from anxiety to CCI.
Step 13: This is a more nuanced understanding of the relationship between anxiety and comorbidities, and highlights the importance of addressing anxiety as a potential contributing factor to the development and worsening of comorbidities.
Step 14: In conclusion, based on the available evidence and logical reasoning, the causal direction is more likely to be from anxiety to CCI.

Conclusion: A",,,,True,
Catastrophizing,Anxiety,True,"Reasoning Process:
Step 1: Pain catastrophizing is a cognitive process that involves the tendency to magnify the threat value of a pain stimulus and feel helpless in its presence. This process is closely related to the individual's perception and interpretation of pain.
Step 2: Anxiety, as measured by PROMIS anxiety, encompasses a range of symptoms including fear, anxious misery, hyperarousal, and somatic symptoms. These symptoms can be triggered or exacerbated by the individual's perception and interpretation of pain.
Step 3: Given that pain catastrophizing influences an individual's perception and interpretation of pain, it is likely that it also influences their anxiety levels. This is because the individual's perception of pain as a threat can lead to increased anxiety symptoms such as fear, anxious misery, and hyperarousal.
Step 4: Therefore, it is more likely that catastrophizing causes anxiety, as the cognitive process of catastrophizing can lead to an increase in anxiety symptoms.
Step 5: Additionally, research has shown that pain catastrophizing is a strong predictor of anxiety and other negative outcomes in individuals with chronic pain.
Step 6: In contrast, while anxiety can certainly influence an individual's perception of pain, it is less clear whether anxiety causes a change in catastrophizing. Anxiety may exacerbate catastrophizing, but it is not a direct cause of the cognitive process itself.
Step 7: Therefore, based on the relationship between pain catastrophizing and anxiety, it is more likely that catastrophizing causes anxiety.
Step 8: This conclusion is supported by the existing literature on the topic, which suggests that pain catastrophizing is a key factor in the development and maintenance of anxiety in individuals with chronic pain.

Conclusion: B",,,,True,
Depression,Anxiety,True,"Reasoning Process:
Step 1: Both anxiety and depression are complex conditions that often co-occur and share common underlying factors, such as genetic predisposition, neurobiological mechanisms, and life experiences.
Step 2: Anxiety can contribute to the development of depression by exacerbating symptoms of hopelessness, worthlessness, and social withdrawal, which are common in depression.
Step 3: Depression can also contribute to the development of anxiety by increasing feelings of fear, worry, and hypervigilance, which are characteristic of anxiety disorders.
Step 4: However, research suggests that depression often precedes anxiety in many cases, and that individuals with depression are more likely to develop anxiety disorders over time.
Step 5: Additionally, the PROMIS anxiety and depression measures assess different aspects of these conditions, with anxiety focusing on fear, worry, and hyperarousal, and depression focusing on affective and cognitive manifestations.
Step 6: Considering these points, it is more likely that depression causes anxiety, as depression can contribute to the development of anxiety symptoms and often precedes anxiety in many cases.
Step 7: Therefore, the causal direction is more likely to be from depression to anxiety.
Step 8: This conclusion is based on the understanding of the complex interplay between anxiety and depression, and the specific measures used to assess these conditions.

Conclusion: B",,,,True,
Fear_avoidance,Anxiety,True,"Reasoning Process:
Step 1: Fear avoidance is a cognitive-behavioral response to pain, where individuals avoid activities they believe will exacerbate their pain or lead to further injury.
Step 2: This avoidance behavior can lead to a decrease in physical activity and social interactions, which can contribute to increased anxiety and feelings of isolation.
Step 3: Anxiety, in turn, can exacerbate fear avoidance, creating a vicious cycle where individuals become increasingly fearful of activities that may have previously been manageable.
Step 4: Furthermore, research has shown that individuals with chronic pain often exhibit heightened levels of anxiety, which can be a result of the fear avoidance behavior.
Step 5: Therefore, it is more likely that fear avoidance leads to increased anxiety, rather than the other way around.
Step 6: Additionally, the PROMIS anxiety measure assesses symptoms of anxiety that are likely to be a consequence of fear avoidance, such as worry, dread, and hyperarousal.
Step 7: This suggests that fear avoidance is a precursor to the development of anxiety symptoms, rather than anxiety causing fear avoidance.
Step 8: In conclusion, the evidence suggests that fear avoidance is a key driver of anxiety in individuals with chronic pain, making option B the more likely causal direction.

Conclusion: B",,,,True,
Financial_level,Anxiety,True,"Reasoning Process:
Step 1: Chronic pain and anxiety are closely linked, with anxiety often being a comorbidity in chronic pain patients. Anxiety can exacerbate pain perception and vice versa.
Step 2: Financial level can impact an individual's ability to access healthcare, manage their condition, and cope with the emotional and psychological aspects of chronic pain, potentially leading to increased anxiety.
Step 3: Additionally, financial stress can contribute to feelings of anxiety, as individuals may worry about their financial situation, medical bills, and the impact on their quality of life.
Step 4: Furthermore, anxiety can also impact an individual's ability to work, maintain relationships, and engage in activities, potentially leading to a decrease in financial level.
Step 5: Considering these factors, it is more likely that financial level causes anxiety, as financial stress can directly contribute to feelings of anxiety and indirectly impact an individual's ability to manage their chronic pain and overall well-being.

Conclusion: B",,,,True,
Obesity,Anxiety,True,"Reasoning Process:
Step 1: Obesity is a known risk factor for various health conditions, including cardiovascular disease, diabetes, and certain types of cancer. These conditions can lead to increased levels of stress and anxiety in individuals.
Step 2: Chronic stress and anxiety can lead to changes in eating habits, such as overeating or poor food choices, which can contribute to weight gain and obesity.
Step 3: Additionally, individuals with obesity may experience social stigma, discrimination, and decreased physical activity, which can further exacerbate anxiety levels.
Step 4: Furthermore, research has shown that there is a bidirectional relationship between anxiety and obesity, with each condition influencing the other. However, the evidence suggests that obesity is a stronger predictor of anxiety than anxiety is of obesity.

Conclusion: B",,,,True,
Sleep disturbance,Anxiety,True,"Reasoning Process:
Step 1: Chronic pain and sleep disturbances are closely linked, with sleep disturbances often exacerbating pain and vice versa.
Step 2: Anxiety is a common comorbidity with chronic pain and sleep disturbances, and can further exacerbate both conditions.
Step 3: Given the bidirectional relationship between chronic pain, sleep disturbances, and anxiety, it is likely that sleep disturbances can contribute to anxiety.
Step 4: Furthermore, sleep disturbances can lead to increased anxiety through various mechanisms, such as increased stress hormones, decreased emotional regulation, and decreased cognitive function.
Step 5: Additionally, sleep disturbances can also lead to increased symptoms of anxiety, such as hyperarousal and somatic symptoms, which are also measured by PROMIS anxiety.

Conclusion: B",,,,True,
Smoking,Anxiety,True,"Reasoning Process:
Step 1: Smoking is a well-established risk factor for various health conditions, including cardiovascular disease, respiratory disease, and cancer. These conditions can lead to increased stress and anxiety levels in individuals.
Step 2: The chemicals present in tobacco smoke, such as nicotine and carbon monoxide, can also have a direct impact on the brain's chemistry, leading to increased levels of stress hormones like adrenaline and cortisol, which can contribute to anxiety.
Step 3: Furthermore, the social and environmental factors associated with smoking, such as social isolation and stigma, can also contribute to feelings of anxiety and low self-esteem.
Step 4: Additionally, individuals with anxiety may be more likely to turn to smoking as a coping mechanism to manage their symptoms, creating a potential bidirectional relationship between anxiety and smoking.
Step 5: However, considering the direct and indirect effects of smoking on the body and brain, it is more likely that smoking is a contributing factor to anxiety rather than anxiety being the primary cause of smoking.

Conclusion: B",,,,True,
Catastrophizing,CCI,True,"Reasoning Process:
Step 1: Pain catastrophizing is a psychological response to pain, which can be influenced by various factors such as past experiences, personality traits, and coping mechanisms.
Step 2: A high CCI indicates the presence of multiple comorbidities, which can lead to increased pain and discomfort, potentially triggering or exacerbating pain catastrophizing.
Step 3: However, pain catastrophizing can also be a contributing factor to the development of comorbidities, as it can lead to maladaptive behaviors, decreased physical activity, and poor health outcomes.
Step 4: Therefore, it is more likely that catastrophizing causes CCI, as it can have a direct impact on the development and progression of comorbidities.
Step 5: Additionally, research has shown that interventions targeting pain catastrophizing can lead to improvements in pain outcomes and reductions in comorbidities, further supporting the causal direction from catastrophizing to CCI.
Step 6: In contrast, the relationship between CCI and catastrophizing is more complex and bidirectional, with each influencing the other in a cyclical manner.
Step 7: However, the initial trigger or catalyst for this cycle is more likely to be catastrophizing, as it can have a profound impact on an individual's perception of pain and their subsequent behaviors.
Step 8: Therefore, the most likely causal direction is from catastrophizing to CCI.
Step 9: This conclusion is based on the understanding that catastrophizing is a psychological response that can have a direct impact on physical health outcomes, including the development of comorbidities.

Conclusion: B",,,,True,
Depression,CCI,True,"Reasoning Process:
Step 1: Chronic pain is a common comorbidity that can lead to depression due to the emotional and psychological impact of living with chronic pain.
Step 2: Depression is a well-known risk factor for developing comorbidities, including chronic pain, as it can lead to decreased motivation, social isolation, and poor self-care.
Step 3: The presence of multiple comorbidities (CCI) can exacerbate symptoms of depression, creating a vicious cycle of worsening mental and physical health.
Step 4: Therefore, it is more likely that depression causes an increase in CCI, either directly or through one or more intermediate variables.
Step 5: This is because the relationship between depression and comorbidities is bidirectional, but the presence of depression can lead to a higher likelihood of developing additional comorbidities.
Step 6: Additionally, the PROMIS depression measure assesses the affective and cognitive manifestations of depression, which can be influenced by the presence of comorbidities.
Step 7: Therefore, it is more likely that depression causes a change in CCI, either directly or through one or more intermediate variables.

Conclusion: B",,,,True,
Education,CCI,True,"Reasoning Process:
Step 1: Comorbidities (CCI) are often a result of underlying health conditions, which can be influenced by various factors such as socioeconomic status, access to healthcare, and lifestyle choices. Education level is a strong predictor of socioeconomic status and access to healthcare.
Step 2: Individuals with higher education levels are more likely to have better access to healthcare, leading to earlier detection and management of health conditions, which in turn reduces the likelihood of developing comorbidities.
Step 3: Therefore, it is more plausible that education level influences the development of comorbidities, rather than the reverse.
Step 4: Additionally, education level can also impact an individual's ability to manage their health, adhere to treatment plans, and make informed decisions about their healthcare, further supporting the idea that education causes CCI.
Step 5: In contrast, it is less clear how comorbidities would directly cause an increase in education level, as education is typically a lifelong process that occurs before the development of comorbidities.
Step 6: Therefore, based on the available information and logical reasoning, the causal direction is more likely to be from education to CCI.
Step 7: This is consistent with the concept of the social determinants of health, which emphasize the role of socioeconomic factors, including education, in shaping health outcomes.

Conclusion: B",,,,True,
CCI,Fear_avoidance,True,"Reasoning Process:
Step 1: Comorbidities (CCI) are a known risk factor for chronic pain and disability. Patients with multiple comorbidities are more likely to experience increased pain and disability, which can lead to fear avoidance behaviors.
Step 2: Fear avoidance behaviors are a common consequence of chronic pain and disability. Patients who experience fear avoidance are more likely to have a higher number of comorbidities due to decreased physical activity and reduced access to healthcare.
Step 3: Therefore, it is more likely that fear avoidance is a consequence of comorbidities, rather than the other way around.
Step 4: Additionally, research has shown that addressing comorbidities and reducing chronic pain can lead to a decrease in fear avoidance behaviors, further supporting the causal direction from CCI to fear avoidance.
Step 5: Furthermore, the presence of comorbidities can exacerbate the experience of pain and disability, leading to increased fear avoidance, which is a well-documented phenomenon in the field of chronic pain management.

Conclusion: A",,,,True,
Financial_level,CCI,True,"Reasoning Process:
Step 1: Comorbidities (CCI) often require more medical treatment and interventions, which can be costly and may lead to financial strain on individuals.
Step 2: Individuals with lower financial levels may have limited access to healthcare services, leading to a higher likelihood of undiagnosed or undertreated comorbidities.
Step 3: Therefore, it is more likely that financial level affects the presence and management of comorbidities, rather than the reverse.
Step 4: This is because financial level can influence an individual's ability to access healthcare services, adhere to treatment plans, and manage chronic conditions.
Step 5: In contrast, the presence of comorbidities may not directly impact an individual's financial level, although it may have indirect effects through lost productivity or increased healthcare costs.
Step 6: However, these indirect effects are likely to be secondary to the primary influence of financial level on comorbidity management.

Conclusion: B",,,,True,
Obesity,CCI,True,"Reasoning Process:
Step 1: Obesity is a known risk factor for developing various comorbidities, such as diabetes, hypertension, and cardiovascular disease.
Step 2: The presence of these comorbidities can be measured and quantified using a comorbidity index (CCI).
Step 3: Therefore, it is more likely that obesity leads to an increase in the number of comorbidities, which in turn increases the CCI.
Step 4: This is because obesity is a primary cause of many chronic conditions, and the development of these conditions can be reflected in the CCI.

Conclusion: B",,,,True,
Sleep disturbance,CCI,True,"Reasoning Process:
Step 1: Chronic pain is often associated with comorbidities, which can be measured by the Comorbidity Index (CCI).
Step 2: Comorbidities can lead to various health issues, including sleep disturbances, as the presence of multiple health conditions can disrupt sleep patterns and quality.
Step 3: Sleep disturbances can further exacerbate comorbidities, creating a vicious cycle where the presence of one condition affects the other.
Step 4: Given the bidirectional relationship between comorbidities and sleep disturbances, it is more likely that CCI causes Sleep disturbance, as the presence of multiple comorbidities can directly impact sleep quality and patterns.

Conclusion: B",,,,True,
Smoking,CCI,True,"Reasoning Process:
Step 1: Smoking is a well-established risk factor for various health conditions, including cardiovascular disease, respiratory disease, and cancer. These conditions are often included in the calculation of the Charlson Comorbidity Index (CCI).
Step 2: Therefore, it is plausible that smoking could lead to an increase in the number of comorbidities, which in turn would increase the CCI score.
Step 3: Additionally, smoking is a modifiable risk factor, meaning that quitting smoking can reduce the risk of developing comorbidities and improve overall health outcomes.
Step 4: This suggests that smoking is a potential cause of an increase in CCI, rather than the other way around.

Conclusion: B",,,,True,
Depression,Catastrophizing,True,"Reasoning Process:
Step 1: Pain catastrophizing is a cognitive process that involves the tendency to magnify the threat value of a pain stimulus and feel helpless in the presence of pain. This process is closely related to the affective and cognitive manifestations of depression.
Step 2: Depression is a mood disorder characterized by persistent feelings of sadness, hopelessness, and a loss of interest in activities. Individuals with depression often experience negative thoughts and a distorted view of reality, which can contribute to pain catastrophizing.
Step 3: Research has shown that individuals with chronic pain are at a higher risk of developing depression, and that depression can exacerbate pain catastrophizing. This suggests a bidirectional relationship between pain catastrophizing and depression.
Step 4: However, the relationship between pain catastrophizing and depression is complex, and it is difficult to determine the direction of causality. However, based on the definitions and the understanding of the two variables, it is more likely that depression causes a change in pain catastrophizing.

Conclusion: B",,,,True,
Catastrophizing,Fear_avoidance,True,"Reasoning Process:
Step 1: Pain catastrophizing is a cognitive process that involves the interpretation and appraisal of pain, which can lead to a heightened state of anxiety and fear.
Step 2: Fear avoidance, on the other hand, is a behavioral response to pain, where individuals avoid activities or situations that they believe may exacerbate their pain.
Step 3: Given that catastrophizing can lead to increased fear and anxiety, it is more likely that catastrophizing would lead to fear avoidance behaviors as individuals attempt to avoid activities that they perceive as threatening or painful.
Step 4: Additionally, research has shown that catastrophizing is a strong predictor of fear avoidance behaviors in individuals with chronic pain.
Step 5: Therefore, it is more likely that catastrophizing causes fear avoidance, either directly or through one or more intermediate variables.
Step 6: This is consistent with the biopsychosocial model of pain, which suggests that cognitive and behavioral factors, such as catastrophizing and fear avoidance, play a significant role in the development and maintenance of chronic pain.
Step 7: In conclusion, the causal direction is more likely to be from catastrophizing to fear avoidance.
Step 8: This is because catastrophizing is a cognitive process that can lead to fear and anxiety, which in turn can lead to fear avoidance behaviors.

Conclusion: A",,,,True,
Financial_level,Catastrophizing,True,"Reasoning Process:
Step 1: Pain catastrophizing is a psychological construct that can be influenced by various factors, including past experiences, personality traits, and coping mechanisms.
Step 2: Financial level, as a proxy for socioeconomic status, can impact an individual's access to healthcare, education, and resources, which in turn can affect their ability to cope with pain and develop effective coping mechanisms.
Step 3: Individuals with lower financial levels may experience more stress, anxiety, and feelings of helplessness, which can contribute to pain catastrophizing.
Step 4: Additionally, financial constraints can limit access to pain management treatments, leading to increased pain intensity and a greater likelihood of developing pain catastrophizing.
Step 5: Therefore, it is more likely that financial level causes pain catastrophizing, as financial constraints can create a environment that fosters the development of pain catastrophizing.
Step 6: This is in line with the biopsychosocial model of pain, which suggests that pain is a complex experience influenced by biological, psychological, and social factors.
Step 7: In this context, financial level is a social factor that can have a significant impact on an individual's pain experience.
Step 8: Therefore, the causal direction is more likely to be from financial level to pain catastrophizing.
Step 9: This is also supported by research that has shown a link between socioeconomic status and pain outcomes, with lower socioeconomic status being associated with higher levels of pain and pain-related disability.

Conclusion: B",,,,True,
Obesity,Catastrophizing,True,"Reasoning Process:
Step 1: Pain catastrophizing is a psychological construct that affects an individual's perception and experience of pain, which can lead to changes in behavior and emotional responses.
Step 2: Obesity, on the other hand, is a physical condition that can lead to chronic pain due to increased weight-bearing stress on joints, inflammation, and other physiological changes.
Step 3: While there may be some bidirectional relationships between pain catastrophizing and obesity, the literature suggests that obesity is more likely to contribute to pain catastrophizing rather than the other way around.
Step 4: This is because obesity can lead to chronic pain, which in turn can contribute to pain catastrophizing. Additionally, obesity can also lead to decreased physical activity and social isolation, which can further exacerbate pain catastrophizing.
Step 5: Furthermore, research has shown that interventions aimed at reducing obesity can also lead to reductions in pain catastrophizing, suggesting a causal relationship from obesity to pain catastrophizing.

Conclusion: B",,,,True,
Catastrophizing,Sleep disturbance,True,"Reasoning Process:
Step 1: Pain catastrophizing is a cognitive process that involves the interpretation and appraisal of pain, which can lead to increased emotional and behavioral responses to pain.
Step 2: Sleep disturbance can exacerbate pain and increase the likelihood of pain catastrophizing due to increased stress, fatigue, and decreased emotional regulation.
Step 3: However, pain catastrophizing can also lead to sleep disturbance as individuals with high levels of catastrophizing may experience increased anxiety and stress, making it difficult to fall asleep or stay asleep.
Step 4: Additionally, research has shown that pain catastrophizing is a stronger predictor of pain-related outcomes, including sleep disturbance, than sleep disturbance is of pain catastrophizing.
Step 5: Therefore, while sleep disturbance can contribute to pain catastrophizing, the relationship between pain catastrophizing and sleep disturbance is more complex and bidirectional.
Step 6: However, based on the definitions provided, the relationship between pain catastrophizing and sleep disturbance is more likely to be bidirectional, but if we must choose a direction, the relationship is more likely to be A) Catastrophizing causes Sleep disturbance.
Step 7: This is because pain catastrophizing can lead to increased stress, anxiety, and emotional reactivity, which can disrupt sleep patterns and lead to sleep disturbance.
Step 8: In contrast, while sleep disturbance can contribute to pain catastrophizing, it is not as direct or strong of a predictor as pain catastrophizing is of sleep disturbance.
Step 9: Therefore, based on the definitions and the relationship between pain catastrophizing and sleep disturbance, the more likely causal direction is A) Catastrophizing causes Sleep disturbance.
Step 10: This conclusion is based on the understanding that pain catastrophizing is a cognitive process that can lead to increased emotional and behavioral responses to pain, which can disrupt sleep patterns and lead to sleep disturbance.

Conclusion: A",,,,True,
Smoking,Catastrophizing,True,"Reasoning Process:
Step 1: Pain catastrophizing is a psychological response to pain, which can be influenced by various factors such as past experiences, personality traits, and coping mechanisms.
Step 2: Smoking is a behavior that can be influenced by various factors such as stress, anxiety, and social environment.
Step 3: There is no clear evidence to suggest that catastrophizing directly causes smoking, as catastrophizing is a cognitive response to pain, whereas smoking is a behavioral response to various factors.
Step 4: However, there is evidence to suggest that smoking can contribute to chronic pain, which in turn can lead to increased catastrophizing.
Step 5: Therefore, it is more likely that smoking causes catastrophizing, either directly or through one or more intermediate variables.
Step 6: This is because smoking can lead to chronic pain, which can then lead to increased catastrophizing.
Step 7: Additionally, smoking can also lead to other health problems that can contribute to catastrophizing, such as anxiety and depression.
Step 8: Therefore, the causal direction is more likely to be from smoking to catastrophizing.
Step 9: This is a more plausible explanation than the reverse direction, as catastrophizing is a response to pain, whereas smoking is a behavior that can contribute to pain and other health problems.
Step 10: Therefore, the most likely causal direction is from smoking to catastrophizing.
Step 11: This is a more parsimonious explanation that takes into account the complex relationships between smoking, pain, and catastrophizing.
Step 12: Therefore, the conclusion is that smoking causes catastrophizing.
Step 13: This is the most likely causal direction based on the available evidence and reasoning.

Conclusion: B",,,,True,
Education,Depression,True,"Reasoning Process:
Step 1: Considering the definition of PROMIS depression, it is a measure of the affective and cognitive manifestations of depression, indicating a psychological state rather than a physical or environmental factor.
Step 2: Education is a physical and environmental factor that can influence an individual's life experiences, social interactions, and access to resources, which in turn can affect their mental health.
Step 3: Given that education is a potential precursor to various life experiences and opportunities, it is more likely to influence an individual's mental health, including their risk of developing depression.
Step 4: Therefore, it is more plausible that education causes depression, either directly or through one or more intermediate variables, rather than depression causing a change in education.
Step 5: This is because education is a modifiable factor that can be influenced by individual and societal choices, whereas depression is a complex psychological state that is often the result of a combination of genetic, environmental, and life experience factors.
Step 6: In conclusion, the causal direction is more likely to be from education to depression, rather than the reverse.
Step 7: This is consistent with a large body of research that suggests that education is a protective factor against depression, and that individuals with higher levels of education are at lower risk of developing depression.

Conclusion: B",,,,True,
Fear_avoidance,Depression,True,"Reasoning Process:
Step 1: Fear avoidance is a cognitive-behavioral response to pain, which is a well-established concept in the field of chronic pain management.
Step 2: Fear avoidance can lead to a vicious cycle of avoidance behaviors, which in turn can exacerbate symptoms of depression, such as social isolation and loss of purpose.
Step 3: Depression, on the other hand, is a complex condition that can have multiple causes and consequences, but it is not typically considered a direct cause of fear avoidance.
Step 4: In the context of chronic pain, fear avoidance is often seen as a mediator between pain and disability, rather than a consequence of depression.

Conclusion: B",,,,True,
Financial_level,Depression,True,"Reasoning Process:
Step 1: Depression is a complex condition that can have a significant impact on an individual's daily life, including their ability to work and earn a living.
Step 2: Financial difficulties can exacerbate symptoms of depression, creating a vicious cycle where financial stress contributes to worsening depression, which in turn worsens financial difficulties.
Step 3: Research has shown that individuals with lower socioeconomic status are more likely to experience depression, suggesting a link between financial level and depression.
Step 4: While depression can certainly affect an individual's financial situation, it is unlikely to be the primary cause of financial difficulties, as financial level is often a result of a combination of factors, including education, employment, and access to resources.
Step 5: Therefore, based on the available evidence and understanding of the relationship between depression and financial level, it is more likely that financial level causes depression.

Conclusion: B",,,,True,
Depression,Obesity,True,"1 validation error for DirectionAnswer
  Invalid JSON: EOF while parsing an object at line 978 column 3 [type=json_invalid, input_value='{\n  ""reasoning"": [\n   ...depression.""\n  },\n  {', input_type=str]
    For further information visit https://errors.pydantic.dev/2.11/v/json_invalid",,,,True,
Depression,Sleep disturbance,True,"Reasoning Process:
Step 1: Depression is a complex condition that encompasses both affective and cognitive manifestations, which can significantly impact an individual's overall well-being and quality of life.
Step 2: Sleep disturbance, on the other hand, is a common symptom that can be both a cause and a consequence of various health conditions, including depression.
Step 3: Research has shown that sleep disturbances can exacerbate depressive symptoms, and conversely, depression can lead to sleep disturbances.
Step 4: Given the bidirectional relationship between depression and sleep disturbance, it is essential to consider the potential reciprocal effects between these two variables.
Step 5: However, the PROMIS depression measure assesses the affective and cognitive manifestations of depression, which are more likely to be influenced by underlying psychological factors, whereas sleep disturbance is a more immediate and tangible experience.
Step 6: Considering the nature of these variables, it is more plausible that depression, as a more fundamental and underlying condition, can influence sleep disturbance, rather than the other way around.

Conclusion: A",,,,True,
Smoking,Depression,True,"Reasoning Process:
Step 1: Smoking is a well-established risk factor for various health conditions, including cardiovascular disease, respiratory disease, and cancer. These conditions can lead to chronic pain, which is a known risk factor for depression.
Step 2: Additionally, smoking itself can lead to chronic pain through various mechanisms, such as nicotine addiction, inflammation, and oxidative stress.
Step 3: Furthermore, the chronic pain caused by smoking can lead to a decrease in quality of life, social isolation, and decreased self-esteem, all of which are risk factors for depression.
Step 4: Therefore, it is more likely that smoking causes depression through a complex interplay of biological, psychological, and social factors.
Step 5: While depression can also lead to changes in behavior, including smoking, the evidence suggests that smoking is a more direct and significant risk factor for depression.
Step 6: Therefore, the causal direction is more likely to be from smoking to depression.
Step 7: This is consistent with the bi-directional relationship between smoking and depression, where smoking can both contribute to the development of depression and exacerbate its symptoms.
Step 8: However, the evidence suggests that smoking is a more significant risk factor for depression, and therefore, the causal direction is more likely to be from smoking to depression.
Step 9: In conclusion, the evidence suggests that smoking is a more likely cause of depression than depression is a cause of smoking.
Step 10: Therefore, the causal direction is more likely to be from smoking to depression.
Step 11: This conclusion is based on the complex interplay of biological, psychological, and social factors that contribute to the development of depression.
Step 12: In summary, the evidence suggests that smoking is a more significant risk factor for depression, and therefore, the causal direction is more likely to be from smoking to depression.

Conclusion: B",,,,True,
Education,Fear_avoidance,True,"Reasoning Process:
Step 1: Fear avoidance is a psychological factor that can influence an individual's behavior and decision-making processes, particularly in relation to physical activity and work.
Step 2: Education level can influence an individual's understanding of their condition, their ability to access and understand information about their condition, and their ability to make informed decisions about their care.
Step 3: Given that fear avoidance is a psychological factor that can influence behavior, it is more likely that fear avoidance would be a result of an individual's education level, rather than the other way around.
Step 4: This is because education can provide individuals with the knowledge and skills necessary to manage their pain and avoid behaviors that may exacerbate it, thereby reducing fear avoidance.
Step 5: Therefore, it is more likely that education causes a change in fear avoidance, either directly or through one or more intermediate variables.
Step 6: This is consistent with the biopsychosocial model of chronic pain, which suggests that psychological factors, including fear avoidance, are influenced by a range of factors, including education and socioeconomic status.
Step 7: Therefore, the causal direction is more likely to be from education to fear avoidance.
Step 8: This is also consistent with research that has shown that education is a strong predictor of health outcomes, including pain management and disability.
Step 9: Therefore, the causal direction is more likely to be from education to fear avoidance.

Conclusion: A",,,,True,
Financial_level,Education,True,"Reasoning Process:
Step 1: Education is often a determinant of socioeconomic status, as higher education typically leads to better job opportunities and higher earning potential.
Step 2: Individuals with higher socioeconomic status may have greater access to educational resources and opportunities, such as private schools and tutors.
Step 3: Therefore, it is more likely that financial level (socioeconomic status) causes education, as it can influence access to educational resources and opportunities.
Step 4: Additionally, research has shown that socioeconomic status is a strong predictor of educational attainment, with individuals from lower socioeconomic backgrounds often facing barriers to education.
Step 5: This suggests that financial level (socioeconomic status) has a causal effect on education, rather than the other way around.
Step 6: Therefore, the direction of causality is more likely to be from financial level to education.
Step 7: This is consistent with the concept of the socioeconomic gradient, which describes the relationship between socioeconomic status and various health and educational outcomes.
Step 8: In conclusion, the evidence suggests that financial level (socioeconomic status) causes education, either directly or through one or more intermediate variables.

Conclusion: B",,,,True,
Education,Obesity,True,"Reasoning Process:
Step 1: Obesity is often associated with lower socioeconomic status, which can limit access to education and educational opportunities.
Step 2: Individuals with lower education levels may have limited knowledge about healthy eating habits, physical activity, and lifestyle choices that contribute to obesity.
Step 3: Additionally, education can influence an individual's ability to make informed decisions about their health, including managing weight and maintaining a healthy lifestyle.
Step 4: Furthermore, education can impact an individual's access to resources and support systems that can help them manage their weight and maintain a healthy lifestyle.
Step 5: Considering these factors, it is more likely that education has a causal relationship with obesity, rather than obesity causing education.

Conclusion: A",,,,True,
Education,Smoking,True,"Reasoning Process:
Step 1: Education is often associated with better health literacy and awareness, which can lead to informed decision-making about health behaviors, including smoking.
Step 2: Smoking is a complex behavior influenced by multiple factors, including socioeconomic status, mental health, and environmental factors, which are also related to education level.
Step 3: However, education itself is not a direct cause of smoking, but rather a potential mediator or confounder in the relationship between socioeconomic status and smoking.
Step 4: Therefore, it is more likely that education is related to smoking through a complex interplay of factors, rather than education directly causing smoking.
Step 5: Given the complexity of the relationship, it is more plausible that education is a result of socioeconomic factors, which in turn influence smoking behavior.

Conclusion: A",,,,True,
Financial_level,Fear_avoidance,True,"Reasoning Process:
Step 1: Fear avoidance is a psychological factor that can lead to decreased physical activity and work participation, which can result in reduced income and financial instability.
Step 2: Individuals with lower financial levels may experience increased stress and anxiety, which can contribute to the development of fear avoidance beliefs.
Step 3: Additionally, individuals with lower financial levels may have limited access to healthcare and resources, making it more difficult to manage chronic pain and potentially leading to increased fear avoidance.
Step 4: Furthermore, fear avoidance can lead to a vicious cycle of decreased physical activity, reduced income, and increased financial stress, making it challenging to break the cycle.
Step 5: Considering these points, it is more likely that financial level influences fear avoidance, as financial instability can contribute to the development of fear avoidance beliefs and behaviors.
Step 6: Therefore, the causal direction is more likely to be from financial level to fear avoidance.
Step 7: This is consistent with the biopsychosocial model of chronic pain, which emphasizes the interplay between biological, psychological, and social factors in the development and maintenance of chronic pain.

Conclusion: B",,,,True,
Fear_avoidance,Obesity,True,"Reasoning Process:
Step 1: Fear avoidance is a psychological factor that can lead to decreased physical activity and work participation, which can contribute to weight gain and obesity.
Step 2: Individuals with obesity may experience more pain and discomfort, leading to increased fear of physical activity and work, which can perpetuate a cycle of inactivity and weight gain.
Step 3: Research has shown that individuals with chronic pain, including low back pain, are more likely to experience weight gain and obesity due to decreased physical activity and changes in eating habits.
Step 4: Fear avoidance is a well-established risk factor for chronic pain and disability, and it is more likely to be a cause of obesity rather than the other way around.

Conclusion: A",,,,True,
Fear_avoidance,Sleep disturbance,True,"Reasoning Process:
Step 1: Fear avoidance is a psychological factor that can lead to decreased physical activity and work participation, which can exacerbate low back pain and disability.
Step 2: Sleep disturbance can be a consequence of chronic pain, including low back pain, due to discomfort, pain-related anxiety, and decreased sleep quality.
Step 3: Fear avoidance can contribute to sleep disturbance through increased stress, anxiety, and decreased physical activity, which can disrupt sleep patterns.
Step 4: Therefore, it is more plausible that fear avoidance leads to sleep disturbance, as fear avoidance can directly influence sleep quality and patterns.
Step 5: Additionally, research has shown that addressing fear avoidance through cognitive-behavioral therapy can lead to improvements in sleep quality and reduced pain-related disability.
Step 6: This suggests that fear avoidance is a key factor in the development and maintenance of sleep disturbance in patients with low back pain.
Step 7: Therefore, the causal direction is more likely to be from fear avoidance to sleep disturbance.
Step 8: This is consistent with the biopsychosocial model of chronic pain, which emphasizes the interplay between biological, psychological, and social factors in the development and maintenance of chronic pain and disability.

Conclusion: A",,,,True,
Smoking,Fear_avoidance,True,"Reasoning Process:
Step 1: Fear avoidance is a psychological factor that can lead to decreased physical activity and work participation, which may contribute to low back pain and disability.
Step 2: Smoking is a known risk factor for various health conditions, including respiratory and cardiovascular diseases, which can exacerbate low back pain and disability.
Step 3: Smoking can also lead to decreased physical fitness and reduced lung function, making it more difficult for individuals to engage in physical activity and work, potentially increasing fear avoidance behaviors.
Step 4: Therefore, it is more plausible that smoking contributes to fear avoidance behaviors, rather than fear avoidance causing smoking.

Conclusion: B",,,,True,
Obesity,Financial_level,True,"Reasoning Process:
Step 1: Obesity is often associated with increased healthcare costs, which can lead to financial difficulties for individuals.
Step 2: Individuals with lower financial levels may have limited access to healthy food options, leading to a higher likelihood of obesity.
Step 3: Additionally, individuals with lower financial levels may have limited access to healthcare services, making it more difficult to manage obesity-related health issues.
Step 4: Furthermore, obesity has been linked to reduced productivity and absenteeism, which can negatively impact an individual's financial situation.
Step 5: Considering these points, it is more likely that obesity causes financial difficulties rather than the other way around.
Step 6: This is because the relationship between obesity and financial level is bidirectional, with obesity having a more direct and significant impact on financial level.
Step 7: Therefore, the causal direction is more likely to be from obesity to financial level.
Step 8: This conclusion is supported by numerous studies that have found a strong correlation between obesity and financial difficulties.

Conclusion: B",,,,True,
Sleep disturbance,Financial_level,True,"Reasoning Process:
Step 1: Financial level is often a proxy for socioeconomic status, which encompasses various factors such as access to healthcare, education, and employment opportunities.
Step 2: Individuals with lower socioeconomic status may experience increased stress, anxiety, and depression, which can lead to sleep disturbances.
Step 3: Sleep disturbances can further exacerbate these conditions, creating a vicious cycle that perpetuates financial difficulties.
Step 4: Additionally, sleep disturbances can lead to decreased productivity, absenteeism, and presenteeism, resulting in reduced income and financial instability.
Step 5: Furthermore, individuals with sleep disturbances may require more medical attention, leading to increased healthcare costs and financial burdens.
Step 6: Therefore, it is more likely that sleep disturbance causes financial level, as sleep disturbances can have a direct and indirect impact on an individual's financial situation.
Step 7: In contrast, the relationship between financial level and sleep disturbance is more complex and bidirectional, with financial difficulties potentially contributing to sleep disturbances, but sleep disturbances also having a significant impact on financial level.
Step 8: However, considering the potential for sleep disturbances to have a more direct and significant impact on financial level, the causal direction is more likely to be from sleep disturbance to financial level.
Step 9: Therefore, the more likely causal direction is from sleep disturbance to financial level.
Step 10: This is because the relationship between sleep disturbance and financial level is more direct and significant, with sleep disturbances having a more substantial impact on an individual's financial situation.
Step 11: In conclusion, the causal direction from sleep disturbance to financial level is more likely.

Conclusion: B",,,,True,
Smoking,Financial_level,True,"Reasoning Process:
Step 1: Smoking is a costly habit, with the average cost of a pack of cigarettes ranging from $5 to $15 in the United States. This cost can add up quickly, especially for heavy smokers.
Step 2: Individuals with lower financial levels may be more likely to smoke as a coping mechanism for stress or as a way to save money, as they may not have access to healthier alternatives or may prioritize short-term financial gains over long-term health consequences.
Step 3: Additionally, smoking can lead to increased healthcare costs, lost productivity, and reduced earning potential, further exacerbating financial difficulties.
Step 4: Therefore, it is more likely that smoking causes financial difficulties, rather than the other way around.
Step 5: This is because the direct and indirect consequences of smoking can lead to a decrease in financial level, making option B less plausible.
Step 6: Furthermore, research has shown that smoking is a significant predictor of financial strain, with smokers being more likely to experience financial difficulties than non-smokers.

Conclusion: B",,,,True,
Obesity,Sleep disturbance,True,"Reasoning Process:
Step 1: Obesity is a known risk factor for various health conditions, including cardiovascular disease, diabetes, and certain types of cancer. It is also associated with inflammation, oxidative stress, and metabolic dysregulation, which can further exacerbate sleep disturbances.
Step 2: Sleep disturbances, on the other hand, can lead to changes in appetite regulation, leading to increased food intake and weight gain. Additionally, sleep disturbances can disrupt the body's natural hunger and fullness hormones, making it more difficult to maintain a healthy weight.
Step 3: Furthermore, sleep disturbances can lead to decreased physical activity levels, as individuals may feel too tired or lethargic to engage in regular exercise. This can further contribute to weight gain and obesity.
Step 4: In contrast, there is less evidence to suggest that sleep disturbances are a direct cause of obesity. While sleep disturbances may be a consequence of obesity, the relationship between the two is more complex and bidirectional.
Step 5: However, considering the available evidence, it is more likely that sleep disturbances are a consequence of obesity, rather than the other way around.
Step 6: Therefore, based on the available evidence and the complex interplay between obesity and sleep disturbances, the causal direction is more likely to be from obesity to sleep disturbance.
Step 7: This is consistent with the bi-directional relationship between obesity and sleep disturbances, where obesity can lead to sleep disturbances, and sleep disturbances can contribute to weight gain and obesity.

Conclusion: A",,,,True,
Smoking,Obesity,True,"Reasoning Process:
Step 1: Smoking is a known risk factor for various health conditions, including cardiovascular disease, respiratory disease, and certain types of cancer. These conditions can lead to a decrease in physical activity and a change in eating habits, which can result in weight gain and obesity.
Step 2: Additionally, nicotine, a primary psychoactive substance in tobacco, can increase appetite and food cravings, further contributing to weight gain.
Step 3: Furthermore, smoking can also lead to a decrease in metabolism, making it more challenging to maintain a healthy weight.
Step 4: Moreover, smoking cessation is often associated with weight gain, as the body readjusts to not having to compensate for the energy expenditure associated with nicotine metabolism.
Step 5: Therefore, based on the known effects of smoking on physical activity, appetite, metabolism, and weight gain, it is more likely that smoking causes obesity.
Step 6: In contrast, there is no established mechanism by which obesity directly causes smoking. While it is possible that individuals with obesity may be more likely to smoke due to various factors, such as stress or decreased mobility, this would not establish a causal relationship.
Step 7: Therefore, the most likely causal direction is that smoking causes obesity.

Conclusion: B",,,,True,
Smoking,Sleep disturbance,True,"Reasoning Process:
Step 1: Smoking is a well-established risk factor for various health problems, including cardiovascular disease, respiratory disease, and cancer. It is also known to affect sleep quality and duration.
Step 2: Smoking can lead to sleep disturbances due to its effects on the body's circadian rhythms, respiratory function, and overall health.
Step 3: Additionally, smoking can lead to anxiety and stress, which are common causes of sleep disturbances.
Step 4: Furthermore, smoking can lead to chronic pain, which is a common comorbidity with sleep disturbances.
Step 5: Therefore, it is more likely that smoking causes sleep disturbance rather than the other way around.

Conclusion: B",,,,True,
