Var1,Var2,Plausibility,Plausibility Reasoning,Plausibility Report,Association Report,Temporality Report,Direction_Resolved,Direction Report
Education,Anxiety,True,"Reasoning Process:
Step 1: To determine if there is a plausible causal relationship between Education and Anxiety, we need to consider the potential pathways through which education may influence anxiety levels.
Step 2: One possible pathway is through the acquisition of knowledge and skills that can mitigate anxiety, such as stress management techniques, problem-solving skills, and emotional regulation strategies. Higher education may provide individuals with access to these resources, potentially reducing anxiety levels.
Step 3: Another pathway is through the social and economic benefits of education, such as increased income, social status, and access to better healthcare. These factors can contribute to a reduced sense of financial stress and improved overall well-being, which may in turn reduce anxiety levels.
Step 4: Additionally, education can influence anxiety through its impact on cognitive development and brain function. Higher education has been linked to improved cognitive flexibility, better emotional regulation, and a more optimistic outlook, all of which can contribute to reduced anxiety.
Step 5: Furthermore, education can also affect anxiety through its impact on social relationships and social support. Higher education can provide individuals with a network of peers and mentors who can offer emotional support, reduce feelings of loneliness, and provide a sense of belonging, all of which can help mitigate anxiety.
Step 6: Considering these potential pathways, it is plausible that education may have a causal relationship with anxiety, either directly or through one or more intermediate variables.
Step 7: Therefore, based on the existing knowledge and understanding of the potential mechanisms through which education can influence anxiety, the answer to the question is: TRUE.

Conclusion: Yes",,,,False,
Sex,Alcohol,True,"Reasoning Process:
Step 1: To determine the plausibility of a causal relationship between Sex and Alcohol, we need to consider the biological and theoretical aspects of both variables.
Step 2: Sex is a biological characteristic that determines the reproductive functions of an individual, whereas Alcohol consumption is a behavior that can be influenced by various factors, including genetics, environment, and lifestyle.
Step 3: There is evidence to suggest that sex differences exist in the metabolism and response to alcohol, with women generally having a higher percentage of body fat and lower water content than men, which can affect the rate of alcohol absorption and elimination.
Step 4: Additionally, sex hormones, such as estrogen and testosterone, can influence the brain's reward system and stress response, which may contribute to differences in alcohol consumption patterns between men and women.
Step 5: Furthermore, social and cultural factors, such as societal norms and expectations, can also influence alcohol consumption patterns and may vary between men and women.
Step 6: Considering these factors, it is plausible that Sex may have a causal relationship with Alcohol, either directly or through one or more intermediate variables, as there are biological, theoretical, and scientific reasons to support this relationship.
Step 7: Therefore, based on the existing knowledge and evidence, the answer to the question is: TRUE.

Conclusion: Yes",,,,False,
Sex,Anxiety,True,"Reasoning Process:
Step 1: To determine the plausibility of a causal relationship between Sex and Anxiety, we need to consider the biological and theoretical foundations of both variables.
Step 2: Sex is a biological variable that refers to the two main categories of reproductive functions in humans and most other living things. It is a fundamental aspect of human biology and has been extensively studied in various fields, including medicine, psychology, and sociology.
Step 3: Anxiety, on the other hand, is a complex psychological and physiological state characterized by feelings of fear, worry, and hyperarousal. It is a multifaceted construct that involves both psychological and physiological components.
Step 4: Considering the definitions of both variables, we can see that Sex and Anxiety are distinct and separate constructs. However, there is evidence to suggest that biological sex differences may influence the prevalence and expression of anxiety disorders.
Step 5: For example, research has shown that women are more likely to experience anxiety disorders than men, and that hormonal differences between the sexes may play a role in this disparity. Additionally, some studies have found that sex-specific differences in brain structure and function may also contribute to anxiety differences between men and women.
Step 6: Furthermore, there is evidence to suggest that sex hormones, such as estrogen and testosterone, may influence anxiety-like behaviors in both humans and animals. For example, fluctuations in estrogen levels during the menstrual cycle have been linked to changes in anxiety symptoms in some women.
Step 7: Considering these findings, it is plausible that Sex may have a causal relationship with Anxiety, either directly or through one or more intermediate variables. This relationship may be influenced by biological, hormonal, and psychological factors.

Conclusion: Yes",,,,False,
Sex,CCI,True,"Reasoning Process:
Step 1: Understanding the definitions of Sex and CCI: Sex refers to the biological categorization of individuals into male and female based on reproductive functions, while CCI is a comorbidity index measuring the number of comorbidities.
Step 2: Considering the relationship between Sex and CCI: There is evidence to suggest that sex differences exist in the prevalence and manifestation of various comorbidities, such as cardiovascular disease, autoimmune disorders, and mental health conditions.
Step 3: Analyzing potential mechanisms: Sex hormones, genetic factors, and environmental influences may contribute to these sex differences in comorbidity patterns, suggesting a plausible link between Sex and CCI.
Step 4: Evaluating the possibility of intermediate variables: Factors such as lifestyle, socioeconomic status, and access to healthcare may also play a role in the relationship between Sex and CCI, further supporting the plausibility of a causal relationship.
Step 5: Considering the complexity of the relationship: The relationship between Sex and CCI is likely to be multifaceted and influenced by various biological, psychological, and environmental factors, making it plausible that Sex may have a causal relationship with CCI, either directly or through one or more intermediate variables.
Step 6: Conclusion: Based on the existing knowledge and evidence, it is plausible that Sex may have a causal relationship with CCI, either directly or through one or more intermediate variables.
Step 7: Conclusion: Therefore, the answer to the question is: TRUE

Conclusion: Yes",,,,False,
Sex,Catastrophizing,True,"Reasoning Process:
Step 1: To determine if there is a plausible causal relationship between Sex and Catastrophizing, we need to consider the biological, theoretical, and scientific basis of both variables.
Step 2: Sex is a biological variable that refers to the two main categories of humans and most other living things, based on their reproductive functions. This variable is primarily determined by genetics and is not typically considered a modifiable risk factor for many health outcomes.
Step 3: Catastrophizing, on the other hand, is a psychological variable that refers to the tendency to magnify the threat value of a pain stimulus and feel helpless in the presence of pain. This variable is influenced by a range of factors, including cognitive, emotional, and social factors.
Step 4: Given the definitions of Sex and Catastrophizing, we can consider whether there is a plausible biological or theoretical basis for a causal relationship between the two variables. While Sex may influence certain health outcomes, such as pain perception, it is not a direct cause of psychological variables like catastrophizing.
Step 5: However, it is possible that Sex may influence catastrophizing indirectly through one or more intermediate variables. For example, hormonal differences between males and females may influence pain perception and, in turn, contribute to catastrophizing. Additionally, societal and cultural factors may also play a role in shaping catastrophizing behaviors and attitudes, which may differ between males and females.
Step 6: Considering these factors, it is plausible that Sex may have a causal relationship with Catastrophizing, either directly or through one or more intermediate variables.

Conclusion: Yes",,,,False,
Sex,Depression,True,"Reasoning Process:
Step 1: Understanding the definitions of Sex and Depression: Sex refers to the biological categorization of humans and other living things based on reproductive functions, while Depression is a psychological condition characterized by affective and cognitive manifestations.
Step 2: Considering the biological and psychological aspects of Sex and Depression: While Sex is a biological category, Depression is a psychological condition. However, biological factors can influence psychological conditions, and sex hormones, such as estrogen and testosterone, have been linked to mood regulation and depression.
Step 3: Exploring potential intermediate variables: Sex hormones, such as estrogen and testosterone, can influence mood regulation and depression. Additionally, sex differences in brain structure and function, as well as social and cultural factors, may also play a role in the relationship between Sex and Depression.
Step 4: Evaluating the plausibility of a causal relationship: Given the biological and psychological connections between Sex and Depression, as well as the potential intermediate variables, it is plausible that Sex may have a causal relationship with Depression, either directly or through one or more intermediate variables.

Conclusion: Yes",,,,False,
Sex,Education,True,"Reasoning Process:
Step 1: Understanding the definitions of Sex and Education: Sex refers to the biological categorization of humans into male and female based on reproductive functions, while Education refers to the level of knowledge or skills acquired through learning.
Step 2: Considering the potential relationship between Sex and Education: There is a well-established body of research indicating that there are differences in educational attainment and outcomes between males and females, with some studies suggesting that these differences may be influenced by biological, social, and cultural factors.
Step 3: Evaluating the possibility of a causal relationship: While there may be correlations between Sex and Education, it is essential to consider whether these relationships are causal or due to other factors. For instance, social and cultural factors, such as access to education, parental expectations, and societal norms, may influence both Sex and Education.
Step 4: Considering the potential for intermediate variables: It is plausible that Sex may have a causal relationship with Education through one or more intermediate variables, such as access to education, parental expectations, or societal norms, which may vary between males and females.
Step 5: Assessing the plausibility of a direct causal relationship: While there may be some direct effects of Sex on Education, such as differences in cognitive abilities or interests, these effects are likely to be relatively small compared to the influence of intermediate variables.
Step 6: Conclusion: Based on the existing knowledge and research, it is plausible that Sex may have a causal relationship with Education, either directly or through one or more intermediate variables.
Step 7: Conclusion: Therefore, the answer to the question is TRUE.

Conclusion: Yes",,,,False,
Sex,Fear_avoidance,True,"Reasoning Process:
Step 1: To determine if there is a plausible causal relationship between Sex and Fear_avoidance, we need to consider the biological, theoretical, and scientific basis of the relationship.
Step 2: Sex is a biological characteristic that influences various physiological and psychological aspects of an individual, including reproductive functions, hormone levels, and body composition.
Step 3: Fear avoidance, on the other hand, is a psychological construct that is influenced by an individual's beliefs and attitudes towards physical activity and work, which can be shaped by various factors, including past experiences, social environment, and cultural background.
Step 4: While there is no direct biological link between sex and fear avoidance, there are some indirect relationships that could potentially influence the relationship between sex and fear avoidance.
Step 5: For example, sex differences in hormone levels, such as testosterone and estrogen, can influence an individual's risk-taking behavior, emotional regulation, and pain perception, which in turn could affect fear avoidance.
Step 6: Additionally, sex differences in body composition and muscle strength can also influence an individual's ability to engage in physical activity, which could impact fear avoidance.
Step 7: Furthermore, sex differences in social and cultural expectations and experiences can also shape an individual's attitudes and beliefs towards physical activity and work, which could influence fear avoidance.
Step 8: Considering these indirect relationships, it is plausible that sex may have a causal relationship with fear avoidance, either directly or through one or more intermediate variables.

Conclusion: Yes",,,,False,
Sex,Obesity,True,"Reasoning Process:
Step 1: Understanding the definitions of Sex and Obesity: Sex refers to the biological categorization of humans and other living things into male and female based on reproductive functions, while Obesity is a condition characterized by excess body weight or BMI.
Step 2: Considering the biological and physiological differences between males and females: Males and females have distinct hormone profiles, body compositions, and reproductive systems, which can influence their metabolism, fat distribution, and overall body weight.
Step 3: Exploring potential mechanisms for a causal relationship: There are several potential pathways through which Sex could influence Obesity, such as differences in hormone levels (e.g., testosterone and estrogen), body composition (e.g., muscle mass and fat distribution), and lifestyle factors (e.g., diet and physical activity patterns).
Step 4: Reviewing existing scientific evidence: Research has shown that there are sex differences in the prevalence and characteristics of Obesity, with females generally having a higher risk of developing Obesity than males. Additionally, studies have identified sex-specific differences in the genetic and hormonal factors contributing to Obesity.
Step 5: Evaluating the plausibility of a causal relationship: Based on the biological and physiological differences between males and females, as well as the existing scientific evidence, it is plausible that Sex may have a causal relationship with Obesity, either directly or through one or more intermediate variables.
Step 6: Conclusion: Given the biological and physiological differences between males and females, as well as the existing scientific evidence, it is plausible that Sex may have a causal relationship with Obesity.
Step 7: Conclusion: Therefore, the answer to the question is TRUE.

Conclusion: Yes",,,,False,
Sex,PEG,True,"Reasoning Process:
Step 1: To determine if there is a plausible causal relationship between Sex and PEG, we need to consider the biological and theoretical aspects of both variables.
Step 2: Sex is a biological variable that refers to the two main categories of humans and most other living things, based on their reproductive functions. This variable is not directly related to pain perception or intensity.
Step 3: PEG score, on the other hand, is an index measuring pain interference and pain intensity due to chronic low back pain. This variable is related to pain perception and intensity.
Step 4: Considering the definitions of both variables, it is unlikely that Sex would have a direct causal relationship with PEG, as Sex is not directly related to pain perception or intensity.
Step 5: However, it is possible that Sex may have an indirect causal relationship with PEG through one or more intermediate variables. For example, hormonal differences between males and females may influence pain perception and intensity, which in turn could affect the PEG score.
Step 6: Additionally, sex differences in body composition, muscle strength, and other physiological factors may also influence pain perception and intensity, potentially affecting the PEG score.
Step 7: Therefore, while a direct causal relationship between Sex and PEG is unlikely, an indirect causal relationship through one or more intermediate variables is plausible.

Conclusion: Yes",,,,False,
Sex,Sleep disturbance,True,"Reasoning Process:
Step 1: To determine the plausibility of a causal relationship between Sex and Sleep disturbance, we need to consider the biological and theoretical foundations of both variables.
Step 2: Sex is a fundamental biological characteristic that influences various physiological processes, including hormonal regulation, reproductive functions, and body composition.
Step 3: Sleep disturbance, on the other hand, is a complex phenomenon influenced by multiple factors, including psychological, environmental, and physiological factors.
Step 4: Research has shown that sex differences exist in sleep patterns, with women generally experiencing more sleep disturbances than men due to factors such as hormonal fluctuations, reproductive cycle-related changes, and differences in body composition.
Step 5: Additionally, sex differences in brain structure and function, particularly in regions related to sleep regulation, may also contribute to differences in sleep quality and disturbances.
Step 6: Furthermore, sex-specific differences in the expression of genes involved in sleep regulation, such as those related to melatonin and cortisol, may also play a role in sleep disturbances.
Step 7: Considering these biological and theoretical foundations, it is plausible that Sex may have a causal relationship with Sleep disturbance, either directly or through one or more intermediate variables.

Conclusion: Yes",,,,False,
Sex,Smoking,True,"Reasoning Process:
Step 1: To determine if there is a plausible causal relationship between Sex and Smoking, we need to consider the biological and theoretical aspects of both variables.
Step 2: Sex is a biological characteristic that determines the reproductive functions of an individual, whereas Smoking is a behavioral habit that involves the inhalation of tobacco smoke.
Step 3: There is no direct biological mechanism by which Sex would influence an individual's decision to smoke or the act of smoking itself.
Step 4: However, there are some indirect relationships that could potentially link Sex and Smoking, such as differences in hormone levels, body composition, or social and cultural factors that may influence smoking behavior.
Step 5: For example, research has shown that women are more likely to experience nicotine withdrawal symptoms and have a higher risk of nicotine dependence compared to men.
Step 6: Additionally, certain sex-specific health conditions, such as polycystic ovary syndrome (PCOS) in women, may increase the risk of smoking initiation and maintenance.
Step 7: Therefore, while there is no direct causal relationship between Sex and Smoking, there are plausible indirect relationships that warrant further investigation.

Conclusion: Yes",,,,False,
Age,Alcohol,True,"Reasoning Process:
Step 1: To determine if there is a plausible causal relationship between Age and Alcohol, we need to consider the biological, theoretical, and scientific knowledge related to these variables.
Step 2: Age is a well-established risk factor for various health conditions, such as cardiovascular disease, osteoporosis, and cognitive decline. This suggests that Age may have a causal relationship with various health outcomes.
Step 3: Alcohol consumption is also a known risk factor for several health conditions, including liver disease, certain types of cancer, and cardiovascular disease. This indicates that Alcohol may have a causal relationship with various health outcomes.
Step 4: Given that both Age and Alcohol are risk factors for various health conditions, it is plausible that Age may have a causal relationship with Alcohol, either directly or through one or more intermediate variables.
Step 5: For example, as people age, they may experience changes in their metabolism, liver function, and other physiological processes that could affect their ability to process and metabolize alcohol. This could potentially lead to an increase in Alcohol consumption as people age, establishing a causal relationship between Age and Alcohol.
Step 6: Alternatively, certain health conditions that are more prevalent in older adults, such as depression or anxiety, may increase the likelihood of Alcohol consumption. In this case, Age would have a causal relationship with Alcohol through the intermediate variable of the underlying health condition.
Step 7: Therefore, based on the existing knowledge of the biological, theoretical, and scientific relationships between Age and Alcohol, it is plausible that Age may have a causal relationship with Alcohol, either directly or through one or more intermediate variables.
Step 8: This conclusion is consistent with the concept of a 'life course' or 'developmental' perspective in epidemiology, which suggests that Age can influence various health behaviors, including Alcohol consumption, through a complex interplay of biological, psychological, and social factors.
Step 9: In conclusion, the relationship between Age and Alcohol is plausible and warrants further investigation to determine the nature and direction of the causal relationship.
Step 10: Therefore, the answer to the question is: TRUE.

Conclusion: Yes",,,,False,
Age,Anxiety,True,"Reasoning Process:
Step 1: To determine if there is a plausible causal relationship between Age and Anxiety, we need to consider the biological, theoretical, and scientific evidence that links these two variables.
Step 2: Age is a known risk factor for various physical and mental health conditions, including cognitive decline, cardiovascular disease, and neurodegenerative disorders.
Step 3: Anxiety, as defined by PROMIS, encompasses a range of symptoms including fear, anxious misery, hyperarousal, and somatic symptoms related to arousal.
Step 4: Research has shown that aging is associated with changes in brain structure and function, including reduced volume in regions involved in emotional regulation, such as the amygdala and prefrontal cortex.
Step 5: These changes can lead to increased sensitivity to stress and anxiety, making older adults more prone to anxiety disorders.
Step 6: Additionally, age-related physical changes, such as decreased mobility, sensory decline, and chronic pain, can contribute to increased anxiety levels.
Step 7: Furthermore, life events and social factors associated with aging, such as retirement, loss of a spouse, or decreased social support, can also contribute to anxiety.
Step 8: Therefore, based on the existing knowledge of the biological, psychological, and social changes that occur with aging, it is plausible that Age may have a causal relationship with Anxiety, either directly or through one or more intermediate variables.

Conclusion: Yes",,,,False,
Age,CCI,True,"Reasoning Process:
Step 1: Understanding the definitions of Age and CCI: Age is a demographic variable that can influence various health outcomes, while CCI is a measure of the number of comorbidities, which can also impact health outcomes.
Step 2: Considering the relationship between Age and CCI: As individuals age, they are more likely to develop comorbidities due to the accumulation of health risks and the natural aging process.
Step 3: Evaluating potential intermediate variables: Age can influence CCI through various intermediate variables, such as lifestyle factors (e.g., smoking, physical inactivity), environmental factors (e.g., exposure to pollutants), and genetic predispositions.
Step 4: Assessing the biological and theoretical plausibility: The relationship between Age and CCI is supported by existing knowledge in the fields of gerontology, epidemiology, and public health, making it a plausible hypothesis.

Conclusion: Yes",,,,False,
Age,Catastrophizing,True,"Reasoning Process:
Step 1: To determine if there is a plausible causal relationship between Age and Catastrophizing, we need to consider the potential biological, theoretical, or scientific mechanisms that could link these two variables.
Step 2: One possible mechanism is that as people age, they may experience more life events that contribute to the development of catastrophizing, such as chronic illness, loss of loved ones, or decreased physical function, which can lead to increased pain sensitivity and catastrophizing.
Step 3: Another possible mechanism is that older adults may have a different cognitive profile, such as decreased cognitive flexibility or increased rumination, which can contribute to catastrophizing.
Step 4: Additionally, age-related changes in the brain, such as decreased gray matter volume in areas involved in pain processing, may also contribute to the development of catastrophizing.
Step 5: Furthermore, older adults may have a different social and environmental context that can influence their pain experience and catastrophizing, such as decreased social support or increased stress.
Step 6: Considering these potential mechanisms, it is plausible that Age may have a causal relationship with Catastrophizing, either directly or through one or more intermediate variables.
Step 7: Therefore, based on the existing knowledge and potential mechanisms, the answer to the question is: TRUE.

Conclusion: Yes",,,,False,
Age,Depression,True,"Reasoning Process:
Step 1: To determine the plausibility of a causal relationship between Age and Depression, we need to consider the biological, theoretical, and scientific evidence that supports or refutes such a relationship.
Step 2: Age is a known risk factor for various physical and mental health conditions, including cognitive decline, frailty, and decreased physical function. This suggests that as Age increases, the likelihood of experiencing physical and mental health issues also increases.
Step 3: Depression is a complex condition influenced by a combination of genetic, environmental, and psychological factors. While Age is not a direct cause of Depression, it can be a contributing factor due to the accumulation of physical and mental health issues that occur with aging.
Step 4: There is evidence to suggest that older adults are at a higher risk of developing Depression due to factors such as social isolation, loss of loved ones, and decreased physical function, which can contribute to feelings of sadness, hopelessness, and despair.
Step 5: Additionally, certain age-related changes in the brain, such as reduced neuroplasticity and decreased production of neurotransmitters like serotonin and dopamine, may also contribute to the development of Depression in older adults.
Step 6: Furthermore, studies have shown that the prevalence of Depression increases with Age, with older adults being more likely to experience depressive symptoms and disorders.
Step 7: Considering the biological, theoretical, and scientific evidence, it is plausible that Age may have a causal relationship with Depression, either directly or through one or more intermediate variables.
Step 8: This relationship is supported by the accumulation of physical and mental health issues with Age, increased risk of social isolation and loss, and age-related changes in the brain that can contribute to the development of Depression.

Conclusion: Yes",,,,False,
Age,Education,True,"Reasoning Process:
Step 1: To determine the plausibility of a causal relationship between Age and Education, we need to consider the potential mechanisms by which these two variables could be related.
Step 2: One possible mechanism is that older individuals may have had more opportunities to pursue higher education, leading to a direct causal relationship between Age and Education.
Step 3: Another possible mechanism is that older individuals may have had more time to accumulate wealth and resources, which could be used to fund their education, leading to an indirect causal relationship between Age and Education.
Step 4: Additionally, there may be other intermediate variables, such as socioeconomic status, access to education, and cultural background, that could mediate the relationship between Age and Education.
Step 5: Considering these potential mechanisms and intermediate variables, it is plausible that Age may have a causal relationship with Education, either directly or through one or more intermediate variables.

Conclusion: Yes",,,,False,
Age,Fear_avoidance,True,"Reasoning Process:
Step 1: To determine if there is a plausible causal relationship between Age and Fear_avoidance, we need to consider the potential biological, theoretical, or scientific mechanisms that could link these two variables.
Step 2: Age is a factor that can influence physical health and function, which in turn can affect an individual's ability to engage in physical activity and work, potentially leading to fear avoidance behaviors.
Step 3: As people age, they may experience natural declines in physical function, such as decreased muscle strength, flexibility, and endurance, which can make it more difficult to perform physical activities and work-related tasks.
Step 4: This decline in physical function can lead to increased fear of injury or re-injury, which may result in avoidance of physical activity and work, thereby contributing to fear avoidance behaviors.
Step 5: Additionally, age-related changes in cognitive and emotional processing, such as increased anxiety and decreased self-efficacy, may also contribute to fear avoidance behaviors.
Step 6: Furthermore, older adults may have a greater number of comorbidities, which can impact their ability to engage in physical activity and work, leading to fear avoidance behaviors.
Step 7: Considering these potential mechanisms, it is plausible that Age may have a causal relationship with Fear_avoidance, either directly or through one or more intermediate variables.

Conclusion: Yes",,,,False,
Age,Financial_level,True,"Reasoning Process:
Step 1: To determine the plausibility of a causal relationship between Age and Financial_level, we need to consider the potential mechanisms by which age could influence financial level.
Step 2: One possible mechanism is that as people age, they may experience declining physical health, which can lead to reduced productivity and earning potential, thereby affecting their financial level.
Step 3: Another possible mechanism is that older individuals may have had more time to accumulate wealth, but this is not necessarily a causal relationship, as it could be the result of other factors such as education, career choices, and financial decisions made earlier in life.
Step 4: Additionally, age can also be associated with increased healthcare expenses, which can further impact financial level.
Step 5: Furthermore, age can also be related to social and cultural factors, such as retirement, which can affect financial level.
Step 6: Considering these potential mechanisms, it is plausible that Age may have a causal relationship with Financial_level, either directly or through one or more intermediate variables.

Conclusion: Yes",,,,False,
Age,Obesity,True,"Reasoning Process:
Step 1: Understanding the question: The question asks about the plausibility of a causal relationship between Age and Obesity, considering direct or indirect relationships through intermediate variables.
Step 2: Considering the definition of Obesity: Obesity is typically defined by a Body Mass Index (BMI) of 30 or higher, which is a ratio of weight to height. This suggests a relationship between weight and BMI, but not directly with Age.
Step 3: Exploring the relationship between Age and Obesity: As people age, their muscle mass and metabolism often decrease, which can lead to weight gain and increased BMI. This is a well-documented phenomenon in the field of gerontology and endocrinology.
Step 4: Considering potential intermediate variables: Other factors such as lifestyle changes, hormonal changes, and decreased physical activity with age may also contribute to the relationship between Age and Obesity.
Step 5: Evaluating the plausibility: Given the biological and physiological changes that occur with aging, it is plausible that Age has a causal relationship with Obesity, either directly or through intermediate variables.

Conclusion: Yes",,,,False,
Age,PEG,True,"Reasoning Process:
Step 1: Understanding the variables: Age and PEG score. Age is a demographic variable that can influence various health outcomes, while PEG score is an index measuring pain interference and pain intensity due to chronic low back pain.
Step 2: Considering the relationship between Age and PEG score. As individuals age, they are more likely to experience wear and tear on their joints and muscles, which can lead to chronic low back pain.
Step 3: Exploring potential intermediate variables. Age can influence PEG score through various intermediate variables, such as physical activity level, lifestyle factors, and comorbidities, which can contribute to the development and severity of chronic low back pain.
Step 4: Evaluating the biological plausibility of the relationship. It is biologically plausible that Age can influence PEG score, as the natural aging process can lead to physical changes that contribute to chronic low back pain.
Step 5: Considering the theoretical and scientific basis. There is a substantial body of research supporting the relationship between Age and chronic low back pain, including studies on the effects of aging on musculoskeletal health and the development of degenerative conditions.
Step 6: Conclusion: Based on the understanding of the variables, the relationship between Age and PEG score, and the potential intermediate variables, it is plausible that Age may have a causal relationship with PEG score, either directly or through one or more intermediate variables.
Step 7: Conclusion: TRUE

Conclusion: Yes",,,,False,
Age,Sleep disturbance,True,"Reasoning Process:
Step 1: To determine the plausibility of a causal relationship between Age and Sleep disturbance, we need to consider the biological and theoretical aspects of both variables.
Step 2: Age is a well-established risk factor for various health conditions that can impact sleep quality, such as chronic pain, arthritis, and sleep apnea. This suggests a potential indirect relationship between Age and Sleep disturbance.
Step 3: Additionally, as people age, their sleep patterns can change due to natural aging processes, such as decreased melatonin production, reduced sleep efficiency, and increased sleep fragmentation. This indicates a direct relationship between Age and Sleep disturbance.
Step 4: Furthermore, age-related changes in lifestyle, such as retirement, loss of a spouse, or decreased physical activity, can also contribute to sleep disturbances. This suggests that Age may have a causal relationship with Sleep disturbance through intermediate variables.
Step 5: Considering these factors, it is plausible that Age may have a causal relationship with Sleep disturbance, either directly or through one or more intermediate variables.

Conclusion: Yes",,,,False,
Age,Smoking,True,"Reasoning Process:
Step 1: To determine if there is a plausible causal relationship between Age and Smoking, we need to consider the biological and theoretical aspects of both variables.
Step 2: Age is a variable that can influence various physiological processes in the body, such as physical development, organ function, and disease susceptibility.
Step 3: Smoking is a behavior that can have a significant impact on the body, including the development of chronic diseases such as cardiovascular disease, respiratory disease, and cancer.
Step 4: There is a well-established scientific understanding that smoking can lead to premature aging and increased risk of age-related diseases, such as age-related macular degeneration, osteoporosis, and cardiovascular disease.
Step 5: Furthermore, the effects of smoking can accumulate over time, leading to a potential increase in the risk of age-related health problems as a person gets older.
Step 6: Additionally, there is evidence to suggest that smoking can affect the body's natural aging process, potentially leading to accelerated aging and related health issues.
Step 7: Considering these points, it is plausible that Age may have a causal relationship with Smoking, either directly or through one or more intermediate variables.

Conclusion: Yes",,,,False,
Alcohol,PEG,True,"Reasoning Process:
Step 1: To determine if there is a plausible causal relationship between Alcohol and PEG, we need to consider the biological and theoretical mechanisms by which alcohol consumption could influence chronic low back pain and its associated interference and intensity.
Step 2: Alcohol consumption has been linked to various health outcomes, including musculoskeletal disorders, which can contribute to chronic low back pain.
Step 3: Alcohol can also affect the nervous system, leading to inflammation, muscle weakness, and decreased pain tolerance, all of which could potentially exacerbate chronic low back pain.
Step 4: Additionally, alcohol consumption has been associated with poor sleep quality, which is a known risk factor for chronic pain, including low back pain.
Step 5: Furthermore, chronic alcohol consumption can lead to malnutrition, particularly deficiencies in vitamins and minerals essential for bone health, which may contribute to the development or exacerbation of low back pain.
Step 6: Considering these potential mechanisms, it is plausible that alcohol consumption could have a causal relationship with PEG, either directly or through one or more intermediate variables.

Conclusion: Yes",,,,False,
Anxiety,PEG,True,"Reasoning Process:
Step 1: Understanding the definitions of Anxiety and PEG: Anxiety is a psychological state characterized by fear, worry, and hyperarousal, while PEG is a measure of pain interference and intensity due to chronic low back pain. Both variables are related to human experience, but they seem to be distinct constructs.
Step 2: Considering the potential relationship between Anxiety and PEG: Anxiety can exacerbate or contribute to the experience of pain, as individuals with anxiety may be more sensitive to pain or have a heightened state of arousal, which can increase their perception of pain intensity. This is a well-established concept in the field of pain research and psychology.
Step 3: Exploring potential intermediate variables: There are several potential intermediate variables that could link Anxiety to PEG, such as stress, sleep disturbances, or cognitive factors like catastrophizing. These variables can mediate the relationship between Anxiety and PEG, making it plausible that Anxiety could have a causal relationship with PEG through these intermediates.
Step 4: Considering the biological and theoretical plausibility: The relationship between Anxiety and PEG is biologically plausible, as anxiety can activate the body's stress response, leading to increased pain sensitivity and perception. Theoretically, this relationship is also supported by models of pain processing and the role of psychological factors in pain modulation.
Step 5: Evaluating the scientific evidence: While there is a large body of research on the relationship between anxiety and pain, the specific relationship between Anxiety and PEG is less well-studied. However, the existing evidence suggests that anxiety is a significant predictor of pain outcomes, including pain intensity and interference, making it plausible that Anxiety has a causal relationship with PEG.
Step 6: Conclusion: Based on the definitions, potential relationships, intermediate variables, biological and theoretical plausibility, and existing scientific evidence, it is plausible that Anxiety may have a causal relationship with PEG, either directly or through one or more intermediate variables.
Step 7: Final Answer: TRUE

Conclusion: Yes",,,,False,
CCI,PEG,True,"Reasoning Process:
Step 1: Understanding the definitions of CCI and PEG: CCI is a comorbidity index that measures the number of comorbidities, while PEG score is an index measuring pain interference and pain intensity due to chronic low back pain.
Step 2: Considering the relationship between comorbidities and chronic pain: Comorbidities can exacerbate or contribute to chronic pain, as they may require additional medical treatment, lead to decreased physical activity, or increase stress levels, all of which can worsen pain intensity and interference.
Step 3: Evaluating the potential for a causal relationship: Given the established link between comorbidities and chronic pain, it is plausible that a higher CCI score (indicating more comorbidities) could be associated with a higher PEG score (indicating greater pain interference and intensity).
Step 4: Considering potential intermediate variables: Comorbidities may influence pain through various pathways, such as medication side effects, decreased physical function, or increased stress, which could, in turn, affect the PEG score. Therefore, a causal relationship between CCI and PEG is plausible, either directly or through one or more intermediate variables.

Conclusion: Yes",,,,False,
Catastrophizing,PEG,True,"Reasoning Process:
Step 1: Understanding the definitions of Catastrophizing and PEG: Catastrophizing is a psychological construct that involves the tendency to magnify the threat value of a pain stimulus and feel helpless in the presence of pain. PEG is an index measuring pain interference and pain intensity due to chronic low back pain.
Step 2: Considering the relationship between Catastrophizing and pain perception: Catastrophizing is known to be associated with increased pain perception and decreased pain tolerance. This suggests that individuals who catastrophize may experience higher levels of pain intensity, which could potentially contribute to higher PEG scores.
Step 3: Exploring potential intermediate variables: Catastrophizing may influence PEG scores through various intermediate variables, such as increased anxiety, depression, or avoidance behaviors, which can exacerbate pain and reduce functioning.
Step 4: Considering the biopsychosocial model of pain: This model suggests that pain is a complex experience influenced by biological, psychological, and social factors. Catastrophizing can be seen as a psychological factor that contributes to the experience of pain, which in turn can affect PEG scores.
Step 5: Reviewing existing research: Studies have shown that catastrophizing is a significant predictor of pain outcomes, including pain intensity and interference, which are measured by indices like PEG.
Step 6: Synthesizing the information: Based on the definitions, relationships, and existing research, it is plausible that catastrophizing may have a causal relationship with PEG scores, either directly or through intermediate variables.
Step 7: Conclusion: Given the associations between catastrophizing and pain perception, the potential for intermediate variables, and the biopsychosocial model of pain, it is reasonable to suggest that catastrophizing may have a causal relationship with PEG scores.
Step 8: Final Answer: TRUE

Conclusion: Yes",,,,False,
Depression,PEG,True,"Reasoning Process:
Step 1: Understanding the definitions of the variables involved: Depression (PROMIS depression) and PEG (Pain Enablement and Genuineness score) are defined. PROMIS depression refers to the affective and cognitive manifestations of depression, while PEG score measures pain interference and pain intensity due to chronic low back pain.
Step 2: Considering the relationship between depression and chronic pain: There is a well-established body of research indicating a bidirectional relationship between depression and chronic pain. Depression can exacerbate chronic pain, and chronic pain can contribute to the development and maintenance of depression.
Step 3: Exploring potential intermediate variables: The relationship between depression and PEG score may be influenced by various intermediate variables, such as pain coping mechanisms, sleep disturbances, and social support. These variables can mediate or moderate the relationship between depression and PEG score.
Step 4: Assessing the biological and theoretical plausibility: The relationship between depression and PEG score is biologically plausible, as depression can affect pain processing and perception, and chronic pain can contribute to the development of depression. Theoretically, this relationship is also reasonable, as it aligns with the biopsychosocial model of pain, which emphasizes the interplay between biological, psychological, and social factors in the experience of pain.
Step 5: Considering the scientific evidence: There is a substantial body of research supporting the relationship between depression and chronic pain, including studies that have investigated the PEG score as an outcome measure. While the specific relationship between PROMIS depression and PEG score may not be extensively studied, the underlying mechanisms and associations are well-established, making it plausible to hypothesize a causal relationship.
Step 6: Conclusion: Based on the definitions of the variables, the established relationship between depression and chronic pain, potential intermediate variables, biological and theoretical plausibility, and scientific evidence, it is plausible that depression may have a causal relationship with PEG, either directly or through one or more intermediate variables.
Step 7: Conclusion: TRUE

Conclusion: Yes",,,,False,
Education,PEG,True,"Reasoning Process:
Step 1: To determine if there is a plausible causal relationship between Education and PEG, we need to consider the potential pathways through which education could influence pain perception and intensity in individuals with chronic low back pain.
Step 2: One possible pathway is through knowledge and awareness. Higher education may lead to better understanding of pain management techniques, such as exercise, stress management, and proper lifting techniques, which could reduce pain intensity and interference.
Step 3: Another possible pathway is through socioeconomic factors. Individuals with higher education may have better access to healthcare, insurance, and resources, which could lead to earlier diagnosis and treatment of underlying conditions contributing to chronic low back pain, potentially reducing PEG scores.
Step 4: Additionally, education may influence cognitive and emotional factors, such as stress levels, coping mechanisms, and mental health, which can impact pain perception and intensity.
Step 5: Furthermore, education may also influence lifestyle factors, such as physical activity levels, diet, and sleep habits, which can contribute to chronic low back pain and PEG scores.
Step 6: Considering these potential pathways, it is plausible that education may have a causal relationship with PEG, either directly or through one or more intermediate variables.

Conclusion: Yes",,,,False,
Fear_avoidance,PEG,True,"Reasoning Process:
Step 1: Understanding the definitions of Fear avoidance and PEG: Fear avoidance is a patient-reported questionnaire that focuses on how a patient's fear avoidance beliefs about physical activity and work may affect and contribute to their low back pain and resulting disability. PEG score is an index measuring pain interference and pain intensity due to chronic low back pain.
Step 2: Considering the relationship between fear avoidance and pain: Fear avoidance is a cognitive-behavioral factor that can influence an individual's behavior and decision-making related to physical activity and work. This, in turn, can impact their pain experience and disability. For instance, individuals with high fear avoidance may be more likely to avoid activities that exacerbate their pain, leading to decreased physical activity and increased disability.
Step 3: Considering the relationship between fear avoidance and pain intensity: Research has shown that fear avoidance can contribute to increased pain intensity and disability. For example, individuals who fear that physical activity will exacerbate their pain may avoid activity, leading to deconditioning and increased pain sensitivity.
Step 4: Considering the relationship between fear avoidance and pain interference: Fear avoidance can also impact an individual's ability to perform daily activities and engage in work, leading to increased pain interference. For instance, individuals with high fear avoidance may avoid work or daily activities due to fear of exacerbating their pain, leading to increased pain interference.
Step 5: Considering the PEG score as an outcome variable: The PEG score measures pain interference and pain intensity due to chronic low back pain. Given the relationships between fear avoidance, pain intensity, and pain interference, it is plausible that fear avoidance could contribute to a higher PEG score.
Step 6: Considering the potential for indirect relationships: While fear avoidance may not directly cause a high PEG score, it may contribute to intermediate variables such as decreased physical activity, increased disability, and increased pain sensitivity, which in turn can lead to a higher PEG score.
Step 7: Conclusion: Based on the relationships between fear avoidance, pain intensity, pain interference, and the PEG score, it is plausible that fear avoidance may have a causal relationship with PEG, either directly or through one or more intermediate variables.
Step 8: Conclusion: Therefore, the answer to the question is: TRUE

Conclusion: Yes",,,,False,
Financial_level,PEG,True,"Reasoning Process:
Step 1: Understanding the definitions of Financial_level and PEG: Financial_level is a proxy for socioeconomic status, while PEG score is an index measuring pain interference and pain intensity due to chronic low back pain.
Step 2: Considering the relationship between socioeconomic status and health outcomes: There is a well-established body of evidence suggesting that individuals with lower socioeconomic status tend to have poorer health outcomes, including higher rates of chronic pain and disability.
Step 3: Exploring potential pathways between Financial_level and PEG: Socioeconomic status can influence access to healthcare, healthcare quality, and healthcare utilization, which in turn can affect pain management and treatment outcomes. Additionally, socioeconomic status can impact lifestyle factors such as diet, physical activity, and stress levels, which can also contribute to chronic pain.
Step 4: Considering the possibility of confounding variables: While there may be confounding variables that could influence the relationship between Financial_level and PEG, such as education level, employment status, and access to healthcare, it is still plausible that Financial_level could have a causal relationship with PEG through these variables.
Step 5: Evaluating the plausibility of a direct relationship: While a direct causal relationship between Financial_level and PEG is less clear, it is still plausible that financial stress and anxiety related to socioeconomic status could contribute to increased pain intensity and interference.
Step 6: Conclusion: Based on the existing knowledge and evidence, it is plausible that Financial_level may have a causal relationship with PEG, either directly or through one or more intermediate variables.
Step 7: Conclusion: Therefore, the answer to the question is TRUE.

Conclusion: Yes",,,,False,
Obesity,PEG,True,"Reasoning Process:
Step 1: Understanding the definitions of the variables involved: Obesity (BMI or being overweight) and PEG (Pain Enabling and Guarding score).
Step 2: Considering the relationship between Obesity and PEG, it is essential to examine the biological and theoretical underpinnings of this potential relationship.
Step 3: Obesity is often associated with various health conditions, including chronic low back pain, which is a common cause of chronic pain. This suggests a potential indirect relationship between Obesity and PEG.
Step 4: Furthermore, research has shown that individuals with higher BMIs tend to experience more severe pain and have a higher risk of developing chronic pain conditions, which could be related to the PEG score.
Step 5: Additionally, the mechanical stress and inflammation associated with excess weight may contribute to the development and maintenance of chronic low back pain, which in turn could affect the PEG score.
Step 6: Considering these factors, it is plausible that Obesity may have a causal relationship with PEG, either directly or through one or more intermediate variables, such as chronic low back pain.
Step 7: Therefore, based on the existing knowledge and understanding of the biological and theoretical underpinnings of the relationship between Obesity and PEG, it is reasonable to conclude that a causal relationship between the two is plausible.
Step 8: This conclusion is supported by the associations between Obesity and chronic low back pain, as well as the potential mechanisms by which excess weight may contribute to the development and maintenance of chronic pain.

Conclusion: Yes",,,,False,
Sleep disturbance,PEG,True,"Reasoning Process:
Step 1: Understanding the definitions of Sleep disturbance and PEG: Sleep disturbance is a self-reported measure of sleep quality, depth, and restoration, while PEG is an index of pain interference and intensity due to chronic low back pain.
Step 2: Considering the relationship between sleep and pain: Research has shown that chronic pain can disrupt sleep patterns and reduce sleep quality, leading to sleep disturbances. This suggests a potential bidirectional relationship between sleep disturbance and pain.
Step 3: Exploring potential intermediate variables: Factors such as stress, anxiety, depression, and physical activity levels can influence both sleep disturbance and PEG scores. These variables can serve as potential intermediate links between sleep disturbance and PEG.
Step 4: Evaluating the plausibility of a causal relationship: Given the established connections between sleep, pain, and other intermediate variables, it is plausible that sleep disturbance may have a causal relationship with PEG, either directly or through one or more intermediate variables.
Step 5: Conclusion: Based on the existing knowledge and relationships between sleep disturbance, pain, and intermediate variables, it is plausible that sleep disturbance may have a causal relationship with PEG.
Step 6: Conclusion: Therefore, the answer to the question is TRUE.

Conclusion: Yes",,,,False,
Smoking,PEG,True,"Reasoning Process:
Step 1: Understanding the definitions of Smoking and PEG score: Smoking refers to the action of inhaling and exhaling tobacco smoke, while PEG score is an index measuring pain interference and pain intensity due to chronic low back pain.
Step 2: Considering the potential health effects of smoking: Smoking is known to cause a wide range of health problems, including cardiovascular disease, respiratory disease, and various types of cancer. It can also affect the musculoskeletal system, potentially leading to conditions such as osteoporosis and musculoskeletal disorders.
Step 3: Exploring the relationship between smoking and chronic pain: Research has shown that smoking is associated with an increased risk of chronic pain, particularly in the musculoskeletal system. Smoking can lead to inflammation, oxidative stress, and damage to tissues, which may contribute to the development and maintenance of chronic pain.
Step 4: Considering the possibility of an indirect relationship: While smoking may not directly cause chronic low back pain, it can contribute to conditions that increase the risk of developing chronic pain, such as osteoporosis, musculoskeletal disorders, or respiratory problems that may exacerbate pain.
Step 5: Evaluating the plausibility of a causal relationship: Based on existing knowledge, it is plausible that smoking may have a causal relationship with PEG score, either directly or through one or more intermediate variables, as it can contribute to conditions that increase the risk of chronic pain and affect the musculoskeletal system.
Step 6: Conclusion: Given the known health effects of smoking and its association with chronic pain, it is plausible that smoking may have a causal relationship with PEG score.
Step 7: Conclusion: Therefore, the answer to the question is TRUE.

Conclusion: Yes",,,,False,
Anxiety,Alcohol,True,"Reasoning Process:
Step 1: Alcohol consumption is a known risk factor for various mental health conditions, including anxiety disorders.
Step 2: The relationship between alcohol consumption and anxiety is complex, with both direct and indirect effects.
Step 3: Alcohol can exacerbate anxiety symptoms, leading to a vicious cycle of increased consumption and worsening anxiety.
Step 4: However, anxiety can also lead to increased alcohol consumption as a coping mechanism to alleviate symptoms.
Step 5: Considering the bidirectional relationship, it is essential to examine the underlying mechanisms and individual factors that contribute to this association.
Step 6: However, based on the available evidence, anxiety is more likely to be a precursor to increased alcohol consumption, as individuals often turn to alcohol as a means to cope with their anxiety symptoms.

Conclusion: B",,,,True,
Alcohol,CCI,True,"Reasoning Process:
Step 1: Alcohol consumption is often associated with various health problems, such as liver disease, cardiovascular disease, and mental health disorders. These health problems can lead to the development of comorbidities.
Step 2: A higher comorbidity index (CCI) indicates the presence of multiple comorbidities, which can be a result of various factors, including chronic health conditions, lifestyle choices, and environmental factors.
Step 3: Given the relationship between alcohol consumption and health problems, it is more likely that alcohol consumption leads to an increase in comorbidities, rather than the other way around.
Step 4: Additionally, research has shown that individuals with higher comorbidity indices tend to have a higher risk of developing alcohol use disorders, but this does not necessarily imply that comorbidities cause alcohol consumption.

Conclusion: A",,,,True,
Catastrophizing,Alcohol,True,"Reasoning Process:
Step 1: Pain catastrophizing is a psychological factor that can influence an individual's perception and experience of pain. It is a cognitive process that can lead to increased anxiety, fear, and avoidance behaviors in response to pain.
Step 2: Alcohol consumption can be used as a maladaptive coping mechanism for managing pain, as it may provide temporary relief or distraction from pain symptoms.
Step 3: However, chronic alcohol consumption can also lead to increased pain sensitivity and exacerbate pain conditions over time.
Step 4: Given this understanding, it is more likely that catastrophizing about pain would lead to increased alcohol consumption as a maladaptive coping mechanism, rather than alcohol causing catastrophizing.
Step 5: Additionally, research has shown that psychological factors, such as catastrophizing, can influence substance use behaviors, including alcohol consumption.

Conclusion: B",,,,True,
Alcohol,Depression,True,"Reasoning Process:
Step 1: Alcohol consumption has been consistently linked to an increased risk of developing depression in various studies. This relationship is thought to be bidirectional, but the evidence suggests that the direction from alcohol consumption to depression is stronger.
Step 2: Alcohol consumption can lead to changes in brain chemistry and function, which can contribute to the development of depression. For example, chronic heavy drinking can alter the levels of neurotransmitters such as serotonin and dopamine, which play a crucial role in mood regulation.
Step 3: Additionally, individuals with depression may be more likely to self-medicate with alcohol, which can perpetuate a cycle of substance use and worsening depression.
Step 4: While there is some evidence to suggest that depression can also contribute to increased alcohol consumption, the evidence is not as strong as the relationship in the opposite direction.

Conclusion: A",,,,True,
Education,Alcohol,True,"Reasoning Process:
Step 1: The relationship between alcohol consumption and education is complex and bidirectional, but research suggests that education can influence an individual's likelihood of engaging in risky behaviors, including excessive alcohol consumption.
Step 2: On the other hand, alcohol consumption has been linked to cognitive impairment and decreased motivation, which can negatively impact an individual's ability to pursue higher education.
Step 3: However, it's also possible that individuals with higher education may have better access to resources and support that can help them manage their alcohol consumption.
Step 4: Considering these factors, it's more likely that education has a causal effect on alcohol consumption, as education can influence an individual's behavior and decision-making abilities.

Conclusion: B",,,,True,
Fear_avoidance,Alcohol,True,"Reasoning Process:
Step 1: Alcohol consumption is often associated with social and recreational activities, which may involve physical activity and work-related tasks.
Step 2: Fear avoidance beliefs can lead to reduced participation in these activities, potentially resulting in decreased alcohol consumption.
Step 3: However, it's also possible that individuals with high fear avoidance may use alcohol as a coping mechanism to manage their anxiety or stress related to their pain and disability.
Step 4: Therefore, the relationship between alcohol consumption and fear avoidance is likely bidirectional, but the direction of causality is more likely to be from fear avoidance to alcohol consumption.
Step 5: This is because fear avoidance is a psychological factor that can directly influence behavior, whereas alcohol consumption is a behavior that can be influenced by various factors, including psychological ones.
Step 6: Additionally, research has shown that fear avoidance is a strong predictor of chronic pain and disability, and addressing fear avoidance is a key component of many pain management treatments.
Step 7: Therefore, it is more likely that fear avoidance causes a change in alcohol consumption, either directly or through one or more intermediate variables.
Step 8: This conclusion is also supported by the fact that many pain management programs focus on addressing fear avoidance and promoting physical activity and work participation, rather than solely focusing on reducing alcohol consumption.

Conclusion: B",,,,True,
Financial_level,Alcohol,True,"Reasoning Process:
Step 1: Alcohol consumption is often associated with a decrease in financial level due to the costs of purchasing alcohol, such as the cost of the drinks themselves, the cost of healthcare due to alcohol-related problems, and the opportunity cost of spending money on alcohol instead of other necessities.
Step 2: Additionally, individuals with lower financial levels may be more likely to engage in heavy drinking as a coping mechanism for stress, anxiety, or other financial-related issues.
Step 3: Furthermore, socioeconomic status can influence access to healthcare, education, and job opportunities, all of which can impact an individual's financial situation and their likelihood of engaging in heavy drinking.
Step 4: Therefore, considering these factors, it is more likely that financial level causes alcohol consumption, as financial difficulties can lead to increased drinking and decreased financial stability.
Step 5: This is a classic example of a bidirectional relationship, but based on the given definitions, the direction of causality is more likely to be from financial level to alcohol consumption.
Step 6: This is because the relationship between financial level and alcohol consumption is often influenced by factors such as access to healthcare, education, and job opportunities, which are all related to financial level.

Conclusion: B",,,,True,
Alcohol,Obesity,True,"Reasoning Process:
Step 1: Alcohol consumption is often associated with social and cultural factors, such as social gatherings and celebrations, which can also contribute to overeating and weight gain.
Step 2: Additionally, alcohol can lead to poor dietary choices, such as consuming high-calorie foods and drinks, which can contribute to weight gain and obesity.
Step 3: Furthermore, research has shown that individuals with obesity may be more likely to use alcohol as a coping mechanism for emotional distress, which can perpetuate a cycle of overconsumption.
Step 4: On the other hand, there is limited evidence to suggest that obesity directly causes an increase in alcohol consumption, although it is possible that individuals with obesity may experience social stigma or shame, leading to increased alcohol use as a coping mechanism.
Step 5: Considering these factors, it is more likely that alcohol consumption contributes to weight gain and obesity, either directly or through intermediate variables such as poor dietary choices and social factors.
Step 6: Therefore, the causal direction is more likely to be from alcohol consumption to obesity.
Step 7: This is consistent with the concept of a bidirectional relationship, where both alcohol consumption and obesity can influence each other, but the initial trigger is more likely to be alcohol consumption.

Conclusion: A",,,,True,
Alcohol,Sleep disturbance,True,"Reasoning Process:
Step 1: Alcohol consumption can lead to sleep disturbance due to its effects on the body's sleep-wake cycle, such as disrupting the body's natural sleep-wake rhythm, reducing the quality of sleep, and increasing the risk of sleep disorders like insomnia.
Step 2: Additionally, alcohol can also lead to sleep disturbance through its effects on the brain's neurotransmitters, such as serotonin and melatonin, which regulate sleep and wakefulness.
Step 3: Furthermore, chronic sleep disturbance can lead to increased stress and anxiety, which may trigger the desire to consume more alcohol as a coping mechanism, creating a potential feedback loop.
Step 4: However, the direct impact of sleep disturbance on alcohol consumption is less clear, and it is more likely that the relationship is bidirectional, with both factors influencing each other.
Step 5: Considering the well-established effects of alcohol on sleep and the potential for a feedback loop, the causal direction from alcohol to sleep disturbance is more likely.

Conclusion: A",,,,True,
Smoking,Alcohol,True,"Reasoning Process:
Step 1: Both alcohol consumption and smoking are complex behaviors influenced by a multitude of factors, including genetics, environment, and psychological state.
Step 2: Research has shown that individuals who smoke are more likely to engage in other high-risk behaviors, including excessive alcohol consumption.
Step 3: This suggests that smoking may be a precursor to or a correlate of alcohol consumption, rather than the other way around.
Step 4: Additionally, nicotine, a primary psychoactive substance in tobacco, can increase the desire for other substances, including alcohol.
Step 5: Furthermore, individuals who smoke may be more likely to have a history of substance use disorders, which can increase the likelihood of developing an alcohol use disorder.
Step 6: Therefore, based on the available evidence, it is more likely that smoking causes a change in alcohol consumption, either directly or through one or more intermediate variables.
Step 7: This is consistent with the concept of the 'gateway hypothesis,' which suggests that smoking can serve as a gateway to the use of other substances, including alcohol.
Step 8: In conclusion, the available evidence suggests that smoking is more likely to cause an increase in alcohol consumption, rather than the other way around.
Step 9: Therefore, the causal direction is more likely to be B) Smoking causes Alcohol.

Conclusion: B",,,,True,
Anxiety,CCI,True,"Reasoning Process:
Step 1: Anxiety is a psychological and emotional state that can be influenced by various factors, including genetics, environment, and life experiences. It is a complex condition that can have a significant impact on an individual's quality of life.
Step 2: The presence of comorbidities, as measured by the CCI, can contribute to increased stress, worry, and fear, which are all components of anxiety. For example, individuals with multiple chronic conditions may experience increased anxiety due to the burden of managing their health, the fear of disease progression, and the impact on their daily life.
Step 3: Furthermore, research has shown that anxiety can also contribute to the development of comorbidities. For instance, anxiety can lead to poor health behaviors, such as smoking, poor diet, and lack of exercise, which can increase the risk of developing chronic conditions.
Step 4: Additionally, anxiety can also exacerbate existing comorbidities, making it more challenging to manage and treat. This can create a vicious cycle where anxiety contributes to the development and worsening of comorbidities, which in turn can worsen anxiety.
Step 5: Considering these points, it is more likely that anxiety can contribute to the development and worsening of comorbidities, rather than the other way around.
Step 6: Therefore, the causal direction is more likely to be from anxiety to CCI.
Step 7: This is because anxiety can have a direct impact on an individual's health behaviors and physiological responses, which can increase the risk of developing comorbidities.
Step 8: In contrast, while comorbidities can certainly contribute to anxiety, it is less likely that the presence of comorbidities is the primary cause of anxiety.
Step 9: Therefore, based on the available evidence and logical reasoning, the causal direction is more likely to be from anxiety to CCI.
Step 10: This conclusion is consistent with the bi-directional relationship between anxiety and health outcomes, where anxiety can both contribute to and be exacerbated by physical health conditions.
Step 11: In conclusion, the causal direction is more likely to be A) Anxiety causes CCI.

Conclusion: A",,,,True,
Catastrophizing,Anxiety,True,"Reasoning Process:
Step 1: Pain catastrophizing is a cognitive process that involves the tendency to magnify the threat value of a pain stimulus and feel helpless in its presence. This process is closely related to the individual's perception and interpretation of pain.
Step 2: Anxiety, as measured by PROMIS anxiety, encompasses a range of symptoms including fear, anxious misery, hyperarousal, and somatic symptoms. These symptoms can be triggered or exacerbated by the individual's perception and interpretation of pain.
Step 3: Given that pain catastrophizing influences an individual's perception and interpretation of pain, it is likely that it also influences their anxiety levels. This is because the individual's perception of pain as a threat can lead to increased anxiety symptoms such as fear, anxious misery, and hyperarousal.
Step 4: Therefore, it is more likely that catastrophizing causes anxiety, as the cognitive process of catastrophizing can lead to an increase in anxiety symptoms.
Step 5: Additionally, research has shown that pain catastrophizing is a strong predictor of anxiety and other negative outcomes in individuals with chronic pain.
Step 6: In contrast, while anxiety can certainly influence an individual's perception of pain, it is less clear whether anxiety causes a change in catastrophizing. Anxiety may exacerbate catastrophizing, but it is not a direct cause of the cognitive process itself.
Step 7: Therefore, based on the relationship between pain catastrophizing and anxiety, it is more likely that catastrophizing causes anxiety.
Step 8: This conclusion is supported by the fact that interventions aimed at reducing catastrophizing have been shown to be effective in reducing anxiety and other negative outcomes in individuals with chronic pain.

Conclusion: B",,,,True,
Depression,Anxiety,True,"Reasoning Process:
Step 1: Both anxiety and depression are complex conditions that often co-occur and share common underlying factors, such as genetic predisposition, neurobiological mechanisms, and life experiences.
Step 2: Anxiety can contribute to the development of depression by exacerbating symptoms of hopelessness, worthlessness, and social withdrawal, which are common in depression.
Step 3: Depression can also contribute to the development of anxiety by increasing feelings of fear, worry, and hypervigilance, which are characteristic of anxiety disorders.
Step 4: However, research suggests that depression often precedes anxiety in many cases, and that individuals with depression are more likely to develop anxiety disorders over time.
Step 5: Additionally, the PROMIS anxiety and depression measures assess different aspects of these conditions, with anxiety focusing on fear, worry, and hyperarousal, and depression focusing on affective and cognitive manifestations.
Step 6: Considering these points, it is more likely that depression causes anxiety, as depression can contribute to the development of anxiety symptoms and often precedes anxiety in many cases.
Step 7: Therefore, the causal direction is more likely to be from depression to anxiety.
Step 8: This conclusion is based on the understanding of the complex interplay between anxiety and depression, and the specific measures used to assess these conditions.

Conclusion: B",,,,True,
Fear_avoidance,Anxiety,True,"Reasoning Process:
Step 1: Fear avoidance is a cognitive-behavioral response to pain, where individuals avoid activities they believe will exacerbate their pain or lead to further injury.
Step 2: This avoidance behavior can lead to a decrease in physical activity and social interactions, which can contribute to increased anxiety and feelings of isolation.
Step 3: Anxiety, in turn, can exacerbate fear avoidance, creating a vicious cycle where individuals become increasingly fearful of activities that may have previously been manageable.
Step 4: Furthermore, research has shown that individuals with chronic pain often exhibit heightened levels of anxiety, which can be a result of the fear avoidance behavior.
Step 5: Therefore, it is more likely that fear avoidance leads to increased anxiety, rather than the other way around.
Step 6: Additionally, the PROMIS anxiety measure assesses symptoms of anxiety that are likely to be a consequence of fear avoidance, such as worry, dread, and hyperarousal.
Step 7: This suggests that fear avoidance is a precursor to the development of anxiety symptoms, rather than anxiety causing fear avoidance.
Step 8: In conclusion, the evidence suggests that fear avoidance is a key driver of anxiety in individuals with chronic pain, making option B the more likely causal direction.

Conclusion: B",,,,True,
Financial_level,Anxiety,True,"Reasoning Process:
Step 1: Chronic pain and anxiety are closely linked, with anxiety often being a comorbidity in chronic pain patients. Anxiety can exacerbate pain perception and vice versa.
Step 2: Financial level can impact an individual's ability to access healthcare, manage their condition, and cope with the emotional and psychological aspects of chronic pain, potentially leading to increased anxiety.
Step 3: Additionally, financial stress can contribute to feelings of anxiety, as individuals may worry about their financial situation, medical bills, and the impact on their quality of life.
Step 4: Furthermore, anxiety can also impact an individual's ability to work, maintain relationships, and engage in activities, potentially leading to a decrease in financial level.
Step 5: Considering these factors, it is more likely that financial level causes anxiety, as financial stress can directly contribute to feelings of anxiety and indirectly impact an individual's ability to manage their chronic pain and overall well-being.

Conclusion: B",,,,True,
Obesity,Anxiety,True,"Reasoning Process:
Step 1: Obesity is a known risk factor for various health conditions, including cardiovascular disease, diabetes, and certain types of cancer. These conditions can lead to increased levels of stress and anxiety in individuals.
Step 2: Chronic stress and anxiety can lead to changes in eating habits, such as overeating or poor food choices, which can contribute to weight gain and obesity.
Step 3: Additionally, individuals with obesity may experience social stigma, discrimination, and decreased physical activity, which can further exacerbate anxiety levels.
Step 4: Furthermore, research has shown that there is a bidirectional relationship between anxiety and obesity, with each condition influencing the other. However, the evidence suggests that obesity is a stronger predictor of anxiety than anxiety is of obesity.

Conclusion: B",,,,True,
Sleep disturbance,Anxiety,True,"Reasoning Process:
Step 1: Chronic pain and sleep disturbances are closely linked, with sleep disturbances often exacerbating pain and vice versa.
Step 2: Anxiety is a common comorbidity with chronic pain and sleep disturbances, and can further exacerbate both conditions.
Step 3: Given the bidirectional relationship between chronic pain, sleep disturbances, and anxiety, it is likely that sleep disturbances can contribute to anxiety.
Step 4: Furthermore, sleep disturbances can lead to increased anxiety through various mechanisms, such as increased stress hormones, decreased emotional regulation, and decreased cognitive function.
Step 5: Additionally, sleep disturbances can also lead to increased symptoms of anxiety, such as hyperarousal and somatic symptoms, which are also measured by PROMIS anxiety.

Conclusion: B",,,,True,
Smoking,Anxiety,True,"Reasoning Process:
Step 1: Smoking is a well-established risk factor for various health conditions, including cardiovascular disease, respiratory disease, and cancer. These conditions can lead to increased stress and anxiety levels in individuals.
Step 2: The chemicals present in tobacco smoke, such as nicotine and carbon monoxide, can also have a direct impact on the brain's chemistry, leading to increased levels of stress hormones like adrenaline and cortisol, which can contribute to anxiety.
Step 3: Furthermore, the social and environmental factors associated with smoking, such as social isolation and stigma, can also contribute to feelings of anxiety and low self-esteem.
Step 4: Additionally, individuals with anxiety may be more likely to turn to smoking as a coping mechanism to manage their symptoms, creating a potential bidirectional relationship between anxiety and smoking.
Step 5: However, considering the direct and indirect effects of smoking on the body and brain, it is more likely that smoking is a contributing factor to anxiety rather than anxiety being the primary cause of smoking.

Conclusion: B",,,,True,
Catastrophizing,CCI,True,"Reasoning Process:
Step 1: Pain catastrophizing is a psychological response to pain, which can be influenced by various factors such as past experiences, personality traits, and coping mechanisms.
Step 2: A high CCI indicates the presence of multiple comorbidities, which can lead to increased pain and discomfort, potentially triggering or exacerbating pain catastrophizing.
Step 3: However, pain catastrophizing can also be a contributing factor to the development of comorbidities, as it can lead to maladaptive behaviors, decreased physical activity, and poor health outcomes.
Step 4: Therefore, it is more likely that catastrophizing causes CCI, as it can have a direct impact on the development and progression of comorbidities.
Step 5: Additionally, research has shown that interventions targeting pain catastrophizing can lead to improvements in pain outcomes and reductions in comorbidities, further supporting the causal direction from catastrophizing to CCI.
Step 6: In contrast, the relationship between CCI and catastrophizing is more complex and bidirectional, with each influencing the other in a cyclical manner.
Step 7: However, the initial trigger or catalyst for this cycle is more likely to be catastrophizing, as it can have a profound impact on an individual's perception of pain and their subsequent behaviors.
Step 8: Therefore, the most likely causal direction is from catastrophizing to CCI.
Step 9: This conclusion is based on the understanding that catastrophizing is a psychological response that can have a direct impact on physical health outcomes, including the development of comorbidities.

Conclusion: B",,,,True,
CCI,Depression,True,"Reasoning Process:
Step 1: Chronic pain is a common comorbidity that can lead to depression due to the emotional and psychological impact of living with chronic pain.
Step 2: Depression is a known risk factor for developing comorbidities, as individuals with depression may be less likely to engage in self-care activities, adhere to treatment plans, and manage their overall health.
Step 3: The presence of comorbidities, including chronic pain, can exacerbate symptoms of depression, creating a vicious cycle of worsening health outcomes.
Step 4: Therefore, it is more likely that depression is a consequence of CCI, rather than the other way around.
Step 5: This is because the presence of comorbidities can lead to a higher burden of disease, increased healthcare utilization, and decreased quality of life, all of which can contribute to the development of depression.
Step 6: Additionally, studies have shown that addressing comorbidities and chronic pain can lead to improvements in depressive symptoms, further supporting the causal direction of CCI to depression.
Step 7: In conclusion, based on the known relationships between chronic pain, comorbidities, and depression, it is more likely that CCI causes depression.
Step 8: This conclusion is supported by the bi-directional relationship between chronic pain and depression, as well as the impact of comorbidities on overall health and well-being.

Conclusion: A",,,,True,
Education,CCI,True,"Reasoning Process:
Step 1: Comorbidities (CCI) are often a result of underlying health conditions, which can be influenced by various factors such as socioeconomic status, access to healthcare, and lifestyle choices. Education level is a strong predictor of socioeconomic status and access to healthcare.
Step 2: Individuals with higher education levels are more likely to have better access to healthcare, leading to earlier detection and management of health conditions, which in turn reduces the likelihood of developing comorbidities.
Step 3: Therefore, it is more plausible that education level influences the development of comorbidities, rather than the reverse.
Step 4: Additionally, education level can also impact an individual's ability to manage their health, adhere to treatment plans, and make informed decisions about their healthcare, further supporting the idea that education causes CCI.
Step 5: In contrast, it is less clear how comorbidities would directly cause an increase in education level, as education is typically a lifelong process that occurs before the development of comorbidities.
Step 6: Therefore, based on the available information and logical reasoning, the causal direction is more likely to be from education to CCI.
Step 7: This conclusion is consistent with the understanding that education is a key determinant of health outcomes, and that individuals with higher education levels tend to have better health outcomes and lower rates of comorbidities.

Conclusion: B",,,,True,
CCI,Fear_avoidance,True,"Reasoning Process:
Step 1: Comorbidities (CCI) are a known risk factor for chronic pain and disability. Patients with multiple comorbidities are more likely to experience increased pain and disability, which can lead to fear avoidance behaviors.
Step 2: Fear avoidance behaviors are a common consequence of chronic pain and disability. Patients who experience fear avoidance are more likely to have a higher number of comorbidities due to decreased physical activity and reduced access to healthcare.
Step 3: Therefore, it is more likely that fear avoidance is a consequence of comorbidities, rather than the other way around.
Step 4: Additionally, research has shown that addressing comorbidities and reducing chronic pain can lead to a decrease in fear avoidance behaviors, further supporting the causal direction from CCI to fear avoidance.
Step 5: Furthermore, the presence of comorbidities can exacerbate the experience of pain and disability, leading to increased fear avoidance, which is a well-documented phenomenon in the field of chronic pain management.

Conclusion: A",,,,True,
CCI,Financial_level,True,"Reasoning Process:
Step 1: Comorbidities (CCI) often require more medical treatment and interventions, which can be costly and may lead to financial strain on individuals.
Step 2: Individuals with lower financial levels may have limited access to healthcare services, leading to a higher likelihood of undiagnosed or undertreated comorbidities.
Step 3: Therefore, it is more likely that financial level influences the presence and management of comorbidities, rather than the reverse.
Step 4: Additionally, socioeconomic status is a known determinant of health outcomes, and financial level is a key component of this.
Step 5: Given the bidirectional relationship between health and socioeconomic status, it is more plausible that financial level affects CCI rather than the other way around.
Step 6: Furthermore, research has shown that financial stress and strain can exacerbate chronic pain and other health conditions, supporting the idea that financial level influences CCI.

Conclusion: A",,,,True,
Obesity,CCI,True,"Reasoning Process:
Step 1: Obesity is a known risk factor for various comorbidities, such as diabetes, hypertension, and cardiovascular disease.
Step 2: The presence of these comorbidities is often measured and quantified using a comorbidity index like CCI.
Step 3: Therefore, it is more likely that having a higher number of comorbidities (as measured by CCI) is a result of being obese or overweight, rather than the other way around.
Step 4: This is because obesity is a primary cause of many comorbidities, and the presence of these comorbidities is what contributes to a higher CCI score.

Conclusion: B",,,,True,
CCI,Sleep disturbance,True,"Reasoning Process:
Step 1: Chronic pain is often associated with comorbidities, which are conditions that occur simultaneously with the primary condition. The CCI measures the number of these comorbidities, indicating a higher burden of disease.
Step 2: Sleep disturbance is a common symptom of chronic pain, as individuals with chronic pain often experience difficulty sleeping due to pain-related discomfort, anxiety, or depression.
Step 3: Given the relationship between chronic pain and sleep disturbance, it is plausible that the presence of comorbidities (CCI) could contribute to sleep disturbance, as individuals with more comorbidities may experience more severe chronic pain and related sleep issues.
Step 4: However, it is also possible that sleep disturbance could contribute to the development of comorbidities, as chronic sleep disturbance can lead to a range of negative health outcomes, including increased inflammation, cardiovascular disease, and mental health disorders.
Step 5: However, considering the definitions of CCI and sleep disturbance, CCI is more directly related to the presence of comorbidities, which can lead to sleep disturbance, rather than the other way around.
Step 6: Therefore, the causal direction is more likely to be from CCI to sleep disturbance, as the presence of comorbidities (CCI) can lead to sleep disturbance, rather than the other way around.
Step 7: This is because the CCI is a measure of the number of comorbidities, which can contribute to sleep disturbance, whereas sleep disturbance is a symptom that can result from a variety of factors, including chronic pain and comorbidities.
Step 8: Therefore, the causal direction is more likely to be A) CCI causes Sleep disturbance.
Step 9: This conclusion is based on the understanding of the definitions of CCI and sleep disturbance, as well as the relationship between chronic pain, comorbidities, and sleep disturbance.
Step 10: Therefore, the most likely causal direction is A) CCI causes Sleep disturbance.
Step 11: This conclusion is based on the analysis of the definitions and relationships between the variables.
Step 12: Therefore, the final conclusion is that the causal direction is more likely to be A) CCI causes Sleep disturbance.
Step 13: This conclusion is based on the understanding of the definitions and relationships between the variables.
Step 14: Therefore, the final answer is A.

Conclusion: A",,,,True,
Smoking,CCI,True,"Reasoning Process:
Step 1: Smoking is a well-established risk factor for various health conditions, including cardiovascular disease, respiratory disease, and cancer. These conditions are often included in the calculation of the Charlson Comorbidity Index (CCI).
Step 2: Therefore, it is plausible that smoking could lead to an increase in the number of comorbidities, which in turn would increase the CCI score.
Step 3: Additionally, smoking is a modifiable risk factor, meaning that quitting smoking can reduce the risk of developing comorbidities and improve overall health outcomes.
Step 4: This suggests that smoking is a potential cause of an increase in CCI, rather than the other way around.

Conclusion: B",,,,True,
Depression,Catastrophizing,True,"Reasoning Process:
Step 1: Pain catastrophizing is a cognitive process that involves the tendency to magnify the threat value of a pain stimulus and feel helpless in the presence of pain. This process is closely related to the affective and cognitive manifestations of depression.
Step 2: Depression is a mood disorder characterized by persistent feelings of sadness, hopelessness, and a loss of interest in activities. Individuals with depression often experience negative thoughts and a distorted view of reality, which can contribute to pain catastrophizing.
Step 3: Research has shown that individuals with chronic pain are at a higher risk of developing depression, and that depression can exacerbate pain catastrophizing. This suggests a bidirectional relationship between pain catastrophizing and depression.
Step 4: However, the relationship between pain catastrophizing and depression is complex, and it is difficult to determine the direction of causality. However, based on the definitions and the understanding of the two variables, it is more likely that depression causes a change in pain catastrophizing.

Conclusion: B",,,,True,
Education,Catastrophizing,True,"Reasoning Process:
Step 1: Pain catastrophizing is a psychological factor that is shaped by an individual's thoughts, emotions, and experiences. It is a complex process that involves cognitive, emotional, and behavioral components.
Step 2: Education level is often associated with access to information, resources, and opportunities for personal growth and development, which can influence an individual's ability to manage pain and develop coping strategies.
Step 3: Research suggests that higher education levels are linked to better health outcomes, including lower levels of pain and improved mental health. This is likely due to the development of healthier coping mechanisms, better access to healthcare, and a greater understanding of pain management techniques.
Step 4: Given the complex interplay between education and pain catastrophizing, it is more likely that education influences catastrophizing rather than the other way around. Education can provide individuals with the knowledge and skills necessary to manage pain effectively, reducing the likelihood of catastrophizing.

Conclusion: B",,,,True,
Catastrophizing,Fear_avoidance,True,"Reasoning Process:
Step 1: Pain catastrophizing is a cognitive process that involves the interpretation and appraisal of pain, which can lead to a heightened state of anxiety and fear.
Step 2: Fear avoidance, on the other hand, is a behavioral response to pain, where individuals avoid activities or situations that they believe may exacerbate their pain.
Step 3: Given that catastrophizing can lead to increased fear and anxiety, it is more likely that catastrophizing would lead to fear avoidance behaviors as individuals attempt to avoid activities that they perceive as threatening or painful.
Step 4: Additionally, research has shown that catastrophizing is a strong predictor of fear avoidance behaviors in individuals with chronic pain.
Step 5: Therefore, it is more likely that catastrophizing causes fear avoidance, either directly or through one or more intermediate variables.
Step 6: This is consistent with the biopsychosocial model of pain, which suggests that cognitive and behavioral factors, such as catastrophizing and fear avoidance, play a significant role in the development and maintenance of chronic pain.
Step 7: In conclusion, the causal direction is more likely to be from catastrophizing to fear avoidance.
Step 8: This is because catastrophizing is a cognitive process that can lead to fear and anxiety, which in turn can lead to fear avoidance behaviors.

Conclusion: A",,,,True,
Financial_level,Catastrophizing,True,"Reasoning Process:
Step 1: Pain catastrophizing is a psychological response to pain, which can be influenced by various factors such as past experiences, personality traits, and coping mechanisms.
Step 2: Financial level, as a proxy for socioeconomic status, can impact an individual's access to healthcare, education, and resources, which in turn can affect their ability to cope with pain and develop effective coping mechanisms.
Step 3: Given that financial level can influence an individual's access to resources and coping mechanisms, it is more likely that financial level affects pain catastrophizing rather than the other way around.
Step 4: Additionally, research has shown that socioeconomic status is a significant predictor of pain outcomes, including pain catastrophizing, suggesting a causal relationship between financial level and pain catastrophizing.
Step 5: Therefore, based on the available evidence and logical reasoning, the causal direction is more likely to be from financial level to pain catastrophizing.
Step 6: This conclusion is consistent with the biopsychosocial model of pain, which emphasizes the interplay between biological, psychological, and social factors in the experience of pain.
Step 7: In this model, financial level is considered a social factor that can influence an individual's pain experience, including their level of pain catastrophizing.
Step 8: Therefore, the most likely causal direction is B) Financial_level causes Catastrophizing.
Step 9: This conclusion is also supported by the fact that financial level can affect an individual's access to healthcare, which can in turn impact their pain management and coping mechanisms.
Step 10: In conclusion, based on the available evidence and logical reasoning, the causal direction is more likely to be from financial level to pain catastrophizing.

Conclusion: B",,,,True,
Obesity,Catastrophizing,True,"Reasoning Process:
Step 1: Pain catastrophizing is a psychological construct that can lead to increased stress and anxiety, which can contribute to overeating and weight gain.
Step 2: Individuals with higher BMI or obesity may experience more frequent or severe pain, which can lead to increased pain catastrophizing.
Step 3: There is evidence to suggest that the relationship between pain catastrophizing and obesity is bidirectional, but the direction of causality is not fully understood.
Step 4: However, research suggests that pain catastrophizing may be more likely to be a consequence of obesity rather than a cause, as individuals with higher BMI may experience more frequent or severe pain and therefore may be more likely to engage in pain catastrophizing behaviors.
Step 5: Additionally, pain catastrophizing can be a result of various factors, including genetics, environment, and past experiences, which may also contribute to obesity.

Conclusion: B",,,,True,
Catastrophizing,Sleep disturbance,True,"Reasoning Process:
Step 1: Pain catastrophizing is a cognitive process that involves the interpretation and appraisal of pain, which can lead to increased emotional and behavioral responses to pain.
Step 2: Sleep disturbance can exacerbate pain and increase the likelihood of pain catastrophizing due to increased stress, fatigue, and decreased emotional regulation.
Step 3: However, pain catastrophizing can also lead to sleep disturbance as individuals with high levels of catastrophizing may experience increased anxiety and stress, making it difficult to fall asleep or stay asleep.
Step 4: Additionally, research has shown that pain catastrophizing is a stronger predictor of pain-related outcomes, including sleep disturbance, than sleep disturbance is of pain catastrophizing.
Step 5: Therefore, while sleep disturbance can contribute to pain catastrophizing, the relationship between pain catastrophizing and sleep disturbance is more complex and bidirectional.
Step 6: However, based on the definitions provided, the relationship between pain catastrophizing and sleep disturbance is more likely to be bidirectional, but if we must choose a direction, the relationship is more likely to be A) Catastrophizing causes Sleep disturbance.
Step 7: This is because pain catastrophizing can lead to increased stress, anxiety, and emotional reactivity, which can disrupt sleep patterns and lead to sleep disturbance.
Step 8: In contrast, while sleep disturbance can contribute to pain catastrophizing, it is not as direct or strong of a predictor as pain catastrophizing is of sleep disturbance.
Step 9: Therefore, based on the definitions and the existing research, the more likely causal direction is A) Catastrophizing causes Sleep disturbance.
Step 10: This conclusion is based on the understanding that pain catastrophizing is a cognitive process that can lead to increased emotional and behavioral responses to pain, which can disrupt sleep patterns and lead to sleep disturbance.
Step 11: In conclusion, while the relationship between pain catastrophizing and sleep disturbance is complex and bidirectional, the more likely causal direction is A) Catastrophizing causes Sleep disturbance.
Step 12: This conclusion is based on the existing research and the definitions provided, and it highlights the importance of addressing pain catastrophizing in the treatment of chronic pain and sleep disturbance.
Step 13: Therefore, the final answer is A) Catastrophizing causes Sleep disturbance.
Step 14: This conclusion is based on the understanding that pain catastrophizing is a strong predictor of pain-related outcomes, including sleep disturbance, and that addressing pain catastrophizing is critical in the treatment of chronic pain and sleep disturbance.

Conclusion: A",,,,True,
Smoking,Catastrophizing,True,"Reasoning Process:
Step 1: Pain catastrophizing is a psychological response to pain, which can be influenced by various factors such as personality traits, past experiences, and coping mechanisms.
Step 2: Smoking is a behavior that can be influenced by various factors such as stress, anxiety, and social environment.
Step 3: There is no clear evidence to suggest that pain catastrophizing directly causes smoking, as pain catastrophizing is a cognitive response and smoking is a behavioral response.
Step 4: However, it is possible that smoking could exacerbate or contribute to pain catastrophizing, as smoking can lead to chronic pain and other health issues that may trigger or worsen pain catastrophizing.
Step 5: Therefore, it is more likely that smoking causes a change in pain catastrophizing, either directly or through one or more intermediate variables.
Step 6: This is because smoking can lead to chronic pain and other health issues that may trigger or worsen pain catastrophizing, making it a more likely causal direction.
Step 7: Additionally, research has shown that smoking is a risk factor for various chronic pain conditions, which can contribute to pain catastrophizing.
Step 8: Therefore, the causal direction is more likely to be from smoking to pain catastrophizing.
Step 9: In conclusion, based on the available evidence and reasoning, the causal direction is more likely to be from smoking to pain catastrophizing.
Step 10: This conclusion is based on the understanding that smoking can lead to chronic pain and other health issues that may trigger or worsen pain catastrophizing.

Conclusion: B",,,,True,
Education,Depression,True,"Reasoning Process:
Step 1: Considering the definition of PROMIS depression, it is a measure of the affective and cognitive manifestations of depression, indicating a psychological state rather than a physical or environmental factor.
Step 2: Education is a physical and environmental factor that can influence an individual's life experiences, social interactions, and access to resources, which in turn can affect their mental health.
Step 3: Given that education is a potential precursor to various life experiences and opportunities, it is more likely to influence an individual's mental health, including their risk of developing depression.
Step 4: Therefore, it is more plausible that education causes depression, either directly or through one or more intermediate variables, rather than depression causing a change in education.
Step 5: This is because education is a modifiable factor that can be influenced by individual and societal choices, whereas depression is a complex psychological state that is often the result of a combination of genetic, environmental, and life experience factors.
Step 6: In conclusion, the causal direction is more likely to be from education to depression, rather than the reverse.
Step 7: This is consistent with a large body of research that suggests that education is a protective factor against depression, and that individuals with higher levels of education are at lower risk of developing depression.

Conclusion: B",,,,True,
Fear_avoidance,Depression,True,"Reasoning Process:
Step 1: Fear avoidance is a cognitive-behavioral response to pain, which is a well-established concept in the field of chronic pain management.
Step 2: Fear avoidance can lead to a vicious cycle of avoidance behaviors, which in turn can exacerbate symptoms of depression, such as social isolation and loss of purpose.
Step 3: Depression, on the other hand, is a complex condition that can have multiple causes and consequences, but it is not typically considered a direct cause of fear avoidance.
Step 4: In the context of chronic pain, fear avoidance is often seen as a mediator between pain and disability, rather than a consequence of depression.

Conclusion: B",,,,True,
Financial_level,Depression,True,"Reasoning Process:
Step 1: Depression is a complex condition that can have a significant impact on an individual's daily life, including their ability to work and earn a living.
Step 2: Financial difficulties can exacerbate symptoms of depression, creating a vicious cycle where financial stress contributes to worsening depression, which in turn worsens financial difficulties.
Step 3: Research has shown that individuals with lower socioeconomic status are more likely to experience depression, suggesting a link between financial level and depression.
Step 4: While depression can certainly affect an individual's financial situation, it is unlikely to be the primary cause of financial difficulties, as financial level is often a long-standing aspect of an individual's life.
Step 5: Therefore, it is more likely that financial level is a contributing factor to depression, rather than the other way around.
Step 6: This is consistent with the concept of the social determinants of health, which highlights the role of socioeconomic factors in shaping health outcomes.
Step 7: Additionally, studies have shown that interventions aimed at improving financial stability can lead to improvements in mental health outcomes, further supporting the idea that financial level is a causal factor in depression.
Step 8: In conclusion, the evidence suggests that financial level is more likely to cause depression, either directly or through one or more intermediate variables.
Step 9: This is a classic example of a social causation, where a social factor (financial level) influences a health outcome (depression).

Conclusion: B",,,,True,
Obesity,Depression,True,"Reasoning Process:
Step 1: Obesity is a known risk factor for various chronic health conditions, including diabetes, cardiovascular disease, and musculoskeletal disorders, which can contribute to chronic pain and discomfort.
Step 2: Chronic pain and discomfort can lead to decreased physical activity, social isolation, and sleep disturbances, which are common risk factors for depression.
Step 3: Depression can also exacerbate symptoms of chronic pain, creating a vicious cycle of pain-depression-pain.
Step 4: Furthermore, depression can lead to changes in appetite and eating habits, which can result in weight gain and obesity.
Step 5: Additionally, the use of certain antidepressant medications can lead to weight gain as a side effect.
Step 6: Therefore, based on the existing evidence and understanding of the relationships between obesity, depression, and chronic pain, it is more likely that obesity causes depression.

Conclusion: B",,,,True,
Depression,Sleep disturbance,True,"Reasoning Process:
Step 1: Depression is a complex condition that encompasses both affective and cognitive manifestations, which can significantly impact an individual's overall well-being and quality of life.
Step 2: Sleep disturbance, on the other hand, is a common symptom that can be both a cause and a consequence of various health conditions, including depression.
Step 3: Research has shown that sleep disturbances can exacerbate depressive symptoms, and conversely, depression can lead to sleep disturbances.
Step 4: Given the bidirectional relationship between depression and sleep disturbance, it is essential to consider the potential reciprocal effects between these two variables.
Step 5: However, the PROMIS depression measure assesses the affective and cognitive manifestations of depression, which are more likely to be influenced by underlying psychological factors, whereas sleep disturbance is a more immediate and tangible experience.
Step 6: Considering the nature of these variables, it is more plausible that depression, as a more fundamental and underlying condition, can influence sleep disturbance, rather than the other way around.

Conclusion: A",,,,True,
Smoking,Depression,True,"Reasoning Process:
Step 1: Smoking is a well-established risk factor for various health conditions, including cardiovascular disease, respiratory disease, and cancer. These conditions can lead to chronic pain, which is a known risk factor for depression.
Step 2: Additionally, smoking itself can lead to chronic pain through various mechanisms, such as nicotine addiction, inflammation, and oxidative stress.
Step 3: Furthermore, the chronic pain caused by smoking can lead to a decrease in quality of life, social isolation, and decreased self-esteem, all of which are risk factors for depression.
Step 4: Therefore, it is more likely that smoking causes depression through a complex interplay of biological, psychological, and social factors.
Step 5: While depression can also lead to changes in behavior, including smoking, the evidence suggests that smoking is a more direct and significant risk factor for depression.
Step 6: Therefore, the causal direction is more likely to be from smoking to depression.
Step 7: This is consistent with the bi-directional relationship between smoking and depression, where smoking can both contribute to the development of depression and exacerbate its symptoms.
Step 8: However, the evidence suggests that smoking is a more significant risk factor for depression, and therefore, the causal direction is more likely to be from smoking to depression.
Step 9: In conclusion, the evidence suggests that smoking is a more significant risk factor for depression, and therefore, the causal direction is more likely to be from smoking to depression.
Step 10: This conclusion is based on the complex interplay of biological, psychological, and social factors that contribute to the development of depression.

Conclusion: B",,,,True,
Education,Fear_avoidance,True,"Reasoning Process:
Step 1: Education is often associated with better health literacy, which enables individuals to understand the nature of their condition and the importance of physical activity in managing chronic pain.
Step 2: Individuals with higher education levels are more likely to have a better understanding of the benefits of physical activity and its role in pain management, which may lead to a decrease in fear avoidance behaviors.
Step 3: Conversely, fear avoidance behaviors are not typically a direct result of education, but rather a consequence of the individual's perception of their condition and the potential risks associated with physical activity.
Step 4: Therefore, it is more likely that education influences fear avoidance behaviors, rather than the other way around.
Step 5: This is because education provides individuals with the knowledge and skills necessary to manage their condition effectively, which in turn reduces fear avoidance behaviors.
Step 6: Additionally, research has shown that education-based interventions can be effective in reducing fear avoidance behaviors and improving outcomes for individuals with chronic pain.

Conclusion: A",,,,True,
Financial_level,Education,True,"Reasoning Process:
Step 1: Education is often a determinant of socioeconomic status, as higher education typically leads to better job opportunities and higher earning potential.
Step 2: Individuals with higher socioeconomic status may have greater access to educational resources and opportunities, such as private schools and tutors.
Step 3: Therefore, it is more likely that financial level (socioeconomic status) causes education, as it can influence access to educational resources and opportunities.
Step 4: Additionally, research has shown that socioeconomic status is a strong predictor of educational attainment, with individuals from lower socioeconomic backgrounds often facing barriers to education.
Step 5: This suggests that financial level (socioeconomic status) has a causal effect on education, rather than the other way around.
Step 6: Therefore, the direction of causality is more likely to be from financial level to education.
Step 7: This is consistent with the concept of the socioeconomic gradient, which describes the relationship between socioeconomic status and various health and educational outcomes.
Step 8: In conclusion, the evidence suggests that financial level (socioeconomic status) causes education, either directly or through one or more intermediate variables.

Conclusion: B",,,,True,
Education,Obesity,True,"Reasoning Process:
Step 1: Obesity is often associated with lower socioeconomic status, which can limit access to education and educational opportunities.
Step 2: Individuals with lower education levels may have limited knowledge about healthy eating habits, physical activity, and lifestyle choices that contribute to obesity.
Step 3: Additionally, education can influence an individual's ability to make informed decisions about their health, including managing weight and maintaining a healthy lifestyle.
Step 4: Furthermore, education can impact an individual's access to resources and support systems that can help them manage their weight and maintain a healthy lifestyle.
Step 5: Considering these factors, it is more likely that education has a causal relationship with obesity, rather than obesity causing education.

Conclusion: A",,,,True,
Education,Sleep disturbance,True,"Reasoning Process:
Step 1: Education is often associated with better health outcomes and access to resources that promote healthy sleep habits, such as a stable home environment, regular exercise, and a balanced diet.
Step 2: Individuals with higher levels of education may be more likely to have a better understanding of sleep hygiene practices and be more likely to prioritize sleep as an important aspect of their overall health.
Step 3: Furthermore, education can provide individuals with the knowledge and skills to manage stress, which is a common cause of sleep disturbance.
Step 4: Additionally, education can lead to better job stability, which can reduce financial stress and anxiety, both of which are known to contribute to sleep disturbance.
Step 5: In contrast, sleep disturbance can lead to decreased cognitive function, mood disturbances, and decreased motivation, all of which can negatively impact educational outcomes.
Step 6: Therefore, it is more likely that education causes sleep disturbance, either directly or through one or more intermediate variables.
Step 7: This is because education provides the foundation for individuals to develop healthy habits, manage stress, and access resources that promote better sleep quality.
Step 8: While sleep disturbance can certainly have a negative impact on education, the relationship between education and sleep disturbance is more likely to be causal in the direction of education causing sleep disturbance.
Step 9: This is because education is a more stable and enduring factor that can have a lasting impact on an individual's health and well-being, including their sleep quality.
Step 10: Therefore, the direction of causality is more likely to be from education to sleep disturbance.

Conclusion: A",,,,True,
Education,Smoking,True,"Reasoning Process:
Step 1: Education is often associated with better health literacy and awareness, which can lead to informed decision-making about health behaviors, including smoking.
Step 2: Smoking is a complex behavior influenced by multiple factors, including socioeconomic status, mental health, and environmental factors, which are also related to education level.
Step 3: However, education itself is not a direct cause of smoking, but rather a potential mediator or confounder in the relationship between socioeconomic status and smoking.
Step 4: Therefore, it is more likely that education is related to smoking through a complex interplay of factors, rather than education directly causing smoking.
Step 5: Given the complexity of the relationship, it is more plausible that education is a result of socioeconomic factors, which in turn influence smoking behavior.

Conclusion: A",,,,True,
Financial_level,Fear_avoidance,True,"Reasoning Process:
Step 1: Fear avoidance is a psychological factor that can lead to decreased physical activity and work participation, which can result in reduced income and financial instability.
Step 2: Individuals with lower financial levels may experience increased stress and anxiety, which can contribute to the development of fear avoidance beliefs.
Step 3: Additionally, individuals with lower financial levels may have limited access to healthcare and resources, making it more difficult to manage chronic pain and potentially leading to increased fear avoidance.
Step 4: Furthermore, fear avoidance can lead to a vicious cycle of decreased physical activity, reduced income, and increased financial stress, making it challenging to break the cycle.
Step 5: Considering these points, it is more likely that financial level influences fear avoidance, as financial instability can contribute to the development of fear avoidance beliefs and behaviors.
Step 6: Therefore, the causal direction is more likely to be from financial level to fear avoidance.
Step 7: This is consistent with the biopsychosocial model of chronic pain, which emphasizes the interplay between biological, psychological, and social factors in the development and maintenance of chronic pain.

Conclusion: B",,,,True,
Fear_avoidance,Obesity,True,"Reasoning Process:
Step 1: Fear avoidance is a psychological factor that can lead to decreased physical activity and work participation, which can contribute to weight gain and obesity.
Step 2: Individuals with obesity may experience more pain and discomfort, leading to increased fear of physical activity and work, which can perpetuate a cycle of inactivity and weight gain.
Step 3: Research has shown that individuals with chronic pain, including low back pain, are more likely to experience weight gain and obesity due to decreased physical activity and changes in eating habits.
Step 4: Fear avoidance is a well-established risk factor for chronic pain and disability, and it is more likely to be a cause of obesity rather than the other way around.

Conclusion: A",,,,True,
Fear_avoidance,Sleep disturbance,True,"Reasoning Process:
Step 1: Fear avoidance is a psychological factor that can lead to decreased physical activity and work participation, which can exacerbate low back pain and disability.
Step 2: Sleep disturbance can be a consequence of chronic pain, including low back pain, due to discomfort, pain-related anxiety, and difficulty falling asleep or staying asleep.
Step 3: Fear avoidance can contribute to sleep disturbance through increased stress and anxiety, which can make it difficult to fall asleep or stay asleep.
Step 4: Additionally, sleep disturbance can perpetuate fear avoidance by reducing the individual's ability to engage in physical activity and work, leading to a vicious cycle.
Step 5: Therefore, it is more likely that fear avoidance causes sleep disturbance, either directly or through one or more intermediate variables.
Step 6: This is because the relationship between fear avoidance and sleep disturbance is bidirectional, but the initial trigger is more likely to be fear avoidance, which can lead to sleep disturbance.
Step 7: Furthermore, research has shown that addressing fear avoidance through cognitive-behavioral therapy can lead to improvements in sleep quality, supporting the causal direction from fear avoidance to sleep disturbance.
Step 8: In conclusion, the causal direction from fear avoidance to sleep disturbance is more likely, based on the understanding of the relationship between fear avoidance, low back pain, and sleep disturbance.
Step 9: This conclusion is supported by the understanding of the psychological and physiological mechanisms underlying chronic pain and disability.
Step 10: Therefore, the most likely causal direction is A) Fear_avoidance causes Sleep disturbance.

Conclusion: A",,,,True,
Smoking,Fear_avoidance,True,"Reasoning Process:
Step 1: Fear avoidance is a psychological factor that can lead to decreased physical activity and work participation, which may contribute to low back pain and disability.
Step 2: Smoking is a known risk factor for various health conditions, including respiratory and cardiovascular diseases, which can exacerbate low back pain and disability.
Step 3: Smoking can also lead to decreased physical fitness and reduced lung function, making it more difficult for individuals to engage in physical activity and work, potentially increasing fear avoidance behaviors.
Step 4: Therefore, it is more plausible that smoking contributes to fear avoidance behaviors, rather than fear avoidance causing smoking.

Conclusion: B",,,,True,
Obesity,Financial_level,True,"Reasoning Process:
Step 1: Obesity is often associated with increased healthcare costs, which can lead to financial difficulties for individuals.
Step 2: Individuals with lower financial levels may have limited access to healthy food options, leading to a higher likelihood of obesity.
Step 3: Additionally, individuals with lower financial levels may have limited access to healthcare services, making it more difficult to manage obesity-related health issues.
Step 4: Furthermore, obesity has been linked to reduced productivity and absenteeism, which can negatively impact an individual's financial situation.
Step 5: Considering these points, it is more likely that obesity causes financial difficulties rather than the other way around.
Step 6: This is because the relationship between obesity and financial level is bidirectional, with obesity having a more direct and significant impact on financial level.
Step 7: Therefore, the causal direction is more likely to be from obesity to financial level.
Step 8: This conclusion is supported by research that has consistently shown a strong association between obesity and reduced socioeconomic status.

Conclusion: B",,,,True,
Financial_level,Sleep disturbance,True,"Reasoning Process:
Step 1: Financial level is often a proxy for socioeconomic status, which encompasses various factors such as access to healthcare, nutrition, and living conditions.
Step 2: Sleep disturbance can be exacerbated by poor living conditions, lack of access to healthcare, and inadequate nutrition, all of which are related to socioeconomic status.
Step 3: Therefore, it is more plausible that financial level influences sleep disturbance, as financial constraints can lead to a decrease in quality of life, including sleep quality.
Step 4: Additionally, research has shown that chronic pain, which is often associated with sleep disturbance, can also be exacerbated by financial stress and lack of access to healthcare, further supporting the causal direction from financial level to sleep disturbance.

Conclusion: A",,,,True,
Smoking,Financial_level,True,"Reasoning Process:
Step 1: Smoking is a costly habit, with the average cost of a pack of cigarettes ranging from $5 to $15 in the United States. This cost can add up quickly, especially for heavy smokers.
Step 2: Individuals with lower financial levels may be more likely to smoke as a coping mechanism for stress or as a way to save money, as they may not have access to healthier alternatives or may prioritize short-term financial gains over long-term health consequences.
Step 3: Additionally, smoking can lead to increased healthcare costs, lost productivity, and reduced earning potential, further exacerbating financial difficulties.
Step 4: Therefore, it is more likely that smoking causes financial difficulties, rather than the other way around.
Step 5: This is because the direct and indirect consequences of smoking can lead to a decrease in financial level, making option B less plausible.
Step 6: Furthermore, research has shown that smoking is a significant predictor of financial strain and reduced socioeconomic status.

Conclusion: B",,,,True,
Obesity,Sleep disturbance,True,"Reasoning Process:
Step 1: Obesity is a known risk factor for various health conditions, including cardiovascular disease, diabetes, and certain types of cancer. It is also associated with inflammation, oxidative stress, and metabolic dysregulation, which can further exacerbate sleep disturbances.
Step 2: Sleep disturbances, on the other hand, can lead to changes in appetite regulation, leading to increased food intake and weight gain. Additionally, sleep disturbances can disrupt the body's natural hunger and fullness hormones, making it more difficult to maintain a healthy weight.
Step 3: Furthermore, sleep disturbances can lead to decreased physical activity levels, as individuals may feel too tired or lethargic to engage in regular exercise. This can further contribute to weight gain and obesity.
Step 4: In contrast, there is less evidence to suggest that sleep disturbances are a direct cause of obesity. While sleep disturbances may be a consequence of obesity, there is no clear mechanism by which sleep disturbances would directly lead to weight gain or obesity.
Step 5: Therefore, based on the available evidence, it is more likely that obesity causes sleep disturbance, either directly or through one or more intermediate variables.
Step 6: This is consistent with the bi-directional relationship between sleep and weight, where sleep disturbances can contribute to weight gain, and weight gain can exacerbate sleep disturbances.
Step 7: However, the evidence suggests that the relationship between obesity and sleep disturbance is more complex, and obesity is a more direct cause of sleep disturbance.
Step 8: Therefore, the most likely causal direction is that obesity causes sleep disturbance.

Conclusion: A",,,,True,
Smoking,Obesity,True,"Reasoning Process:
Step 1: Smoking is a known risk factor for various health conditions, including cardiovascular disease, respiratory disease, and certain types of cancer. These conditions can lead to a decrease in physical activity and a change in eating habits, which can result in weight gain and obesity.
Step 2: Additionally, nicotine, a primary psychoactive substance in tobacco, can increase appetite and food cravings, further contributing to weight gain.
Step 3: Furthermore, smoking can also lead to a decrease in metabolism, making it more challenging to maintain a healthy weight.
Step 4: Moreover, smoking cessation is often associated with weight gain, as the body readjusts to not having to compensate for the energy expenditure associated with nicotine metabolism.
Step 5: Therefore, based on the known effects of smoking on metabolism, appetite, and physical activity, it is more likely that smoking causes obesity rather than obesity causing smoking.
Step 6: This is not to say that obesity does not influence smoking behavior, but rather that the causal relationship between smoking and obesity is more direct and well-established.
Step 7: In conclusion, the evidence suggests that smoking is a more significant contributor to obesity than obesity is to smoking.
Step 8: Therefore, the causal direction is more likely to be from smoking to obesity.
Step 9: This conclusion is supported by numerous studies and research findings in the field of public health and medicine.

Conclusion: B",,,,True,
Smoking,Sleep disturbance,True,"Reasoning Process:
Step 1: Smoking is a well-established risk factor for various health problems, including cardiovascular disease, respiratory disease, and cancer. It is also known to affect sleep quality and duration.
Step 2: Smoking can lead to sleep disturbances due to its effects on the body's circadian rhythms, respiratory function, and overall health.
Step 3: Additionally, smoking can lead to anxiety and depression, which are common causes of sleep disturbances.
Step 4: Furthermore, smoking can lead to chronic pain, which is a known cause of sleep disturbances.
Step 5: Therefore, it is more likely that smoking causes sleep disturbance rather than the other way around.
Step 6: This is because the effects of smoking on the body can lead to a range of health problems that can disrupt sleep quality and duration.
Step 7: In contrast, while sleep disturbances can be a symptom of various health problems, there is no clear evidence to suggest that sleep disturbances directly cause smoking.
Step 8: Therefore, the causal direction is more likely to be from smoking to sleep disturbance.
Step 9: This conclusion is supported by the existing body of research on the health effects of smoking and the relationship between smoking and sleep disturbances.

Conclusion: B",,,,True,
