Var1,Var2,Temporality,Temporality Reasoning,Temporality Report,Plausibility Report,Association Report,Direction_Resolved,Direction Report
Alcohol,Obesity,True,"Reasoning Process:
Step 1: To determine if there is a causal relationship between Alcohol and Obesity, we need to consider the definition of causality. A causal relationship exists if a change in one variable (Alcohol) precedes and leads to a change in another variable (Obesity).
Step 2: We will examine the temporal relationship between Alcohol consumption and Obesity. If Alcohol consumption increases, does it lead to an increase in Obesity, and vice versa?
Step 3: Research has shown that excessive alcohol consumption is associated with weight gain and obesity. This is because alcohol contains empty calories, which can lead to an increase in calorie intake and subsequent weight gain.
Step 4: Additionally, alcohol consumption can also lead to changes in behavior, such as reduced physical activity and increased snacking, which can further contribute to weight gain and obesity.
Step 5: Furthermore, chronic heavy drinking can lead to changes in the body's metabolism, making it more difficult to lose weight and maintain weight loss.
Step 6: Therefore, based on the available evidence, it appears that there is a causal relationship between Alcohol consumption and Obesity, where an increase in Alcohol consumption can lead to an increase in Obesity.

Conclusion: Yes",,,,False,
Anxiety,Financial_level,True,"Reasoning Process:
Step 1: To determine if there is a causal relationship between Anxiety and Financial_level, we need to consider the definition of both variables. Anxiety is defined as PROMIS anxiety, which focuses on fear, anxious misery, hyperarousal, and somatic symptoms related to arousal. Financial_level is a proxy for socioeconomic status, representing the level of financial situation of the participant.
Step 2: A causal relationship requires a temporal relationship where the cause (Anxiety) precedes the effect (Financial_level). We need to consider if a change in Anxiety can lead to a change in Financial_level, either directly or through one or more intermediate variables.
Step 3: Considering the definitions, Anxiety is a psychological state, while Financial_level is an economic indicator. There is no direct causal link between psychological states and economic indicators. However, we need to consider potential intermediate variables that could mediate this relationship.
Step 4: One possible intermediate variable is stress, which can be caused by Anxiety and can lead to financial difficulties. For example, high levels of Anxiety can lead to decreased productivity, absenteeism, or presenteeism, ultimately affecting an individual's financial situation.
Step 5: Another possible intermediate variable is debt. High levels of Anxiety can lead to impulsive financial decisions, such as overspending or taking on high-interest loans, which can negatively impact Financial_level.
Step 6: Considering these potential intermediate variables, it is possible that a change in Anxiety can lead to a change in Financial_level, either directly or through one or more intermediate variables.
Step 7: However, it is essential to note that the relationship between Anxiety and Financial_level is likely to be bidirectional. Financial difficulties can also contribute to increased Anxiety levels, creating a complex feedback loop.
Step 8: Despite this bidirectional relationship, the question asks for a directional causal link, where Anxiety precedes and influences Financial_level. While the relationship is likely bidirectional, there is still a causal relationship where Anxiety can lead to changes in Financial_level through intermediate variables.

Conclusion: Yes",,,,False,
CCI,Alcohol,True,"Reasoning Process:
Step 1: To determine if there is a causal relationship between CCI and Alcohol, we need to consider the definition of CCI and its potential impact on Alcohol consumption.
Step 2: CCI measures the number of comorbidities, which are pre-existing medical conditions that a person has in addition to their primary condition. Comorbidities can affect a person's overall health and well-being, potentially influencing their behavior, including their alcohol consumption.
Step 3: However, the relationship between CCI and Alcohol is not direct. CCI is a measure of health status, while Alcohol is a behavior. Therefore, we need to consider potential intermediate variables that could link CCI to Alcohol.
Step 4: One possible intermediate variable is the person's mental health. A higher CCI could lead to increased stress, anxiety, or depression, which in turn could increase the likelihood of alcohol consumption as a coping mechanism.
Step 5: Another possible intermediate variable is the person's physical health. A higher CCI could lead to chronic pain, fatigue, or other physical symptoms that make it more difficult to engage in activities, potentially increasing the desire for relaxation or escape through alcohol consumption.
Step 6: Considering these potential intermediate variables, it is plausible that a change in CCI could precede and lead to a change in Alcohol consumption, either directly or through one or more intermediate variables.
Step 7: However, it's essential to note that this relationship is not necessarily a direct causal link. The relationship between CCI and Alcohol is more likely to be indirect, with multiple potential intermediate variables influencing the outcome.
Step 8: Therefore, based on the definitions of CCI and Alcohol, and considering potential intermediate variables, we can conclude that there is a causal relationship between CCI and Alcohol, but it is indirect and mediated by one or more intermediate variables.

Conclusion: Yes",,,,False,
CCI,Anxiety,True,"Reasoning Process:
Step 1: To determine if there is a causal relationship between CCI and Anxiety, we need to consider the definition of CCI and its potential impact on Anxiety.
Step 2: CCI measures the number of comorbidities, which can include various health conditions that may contribute to Anxiety. For example, chronic pain, cardiovascular disease, and depression are all comorbidities that can be included in the CCI and are also known to be associated with Anxiety.
Step 3: Given that CCI includes conditions that are known to contribute to Anxiety, it is plausible that a change in CCI could lead to a change in Anxiety. This is because an increase in comorbidities (i.e., an increase in CCI) could exacerbate symptoms of Anxiety, and a decrease in comorbidities (i.e., a decrease in CCI) could alleviate symptoms of Anxiety.
Step 4: Furthermore, research has shown that comorbidities can have a cumulative effect on mental health outcomes, including Anxiety. This means that as the number of comorbidities increases, the risk of developing Anxiety also increases.
Step 5: Therefore, based on the definition of CCI and the known associations between comorbidities and Anxiety, it is reasonable to conclude that a change in CCI can precede and lead to a change in Anxiety, either directly or through one or more intermediate variables.

Conclusion: Yes",,,,False,
CCI,Catastrophizing,True,"Reasoning Process:
Step 1: Understanding the definitions of CCI and Catastrophizing: CCI is a comorbidity index that measures the number of comorbidities, while Catastrophizing is a pain-related cognitive process characterized by magnifying the threat value of pain and feeling helpless in its presence.
Step 2: Considering the definitions, CCI and Catastrophizing appear to be distinct constructs, with CCI being a measure of physical health and Catastrophizing being a psychological process.
Step 3: Analyzing the potential causal relationship between CCI and Catastrophizing, it is essential to consider whether a change in CCI (e.g., an increase in comorbidities) could lead to a change in Catastrophizing (e.g., increased pain catastrophizing).
Step 4: Research suggests that chronic pain is often associated with increased comorbidities, and individuals with more comorbidities may experience more severe pain and greater pain-related distress, which could potentially lead to increased catastrophizing.
Step 5: However, the relationship between CCI and Catastrophizing is likely to be complex and bidirectional, with both factors influencing each other. For instance, individuals with higher catastrophizing tendencies may be more likely to develop comorbidities due to poor health behaviors or decreased adherence to treatment.
Step 6: Considering the complexity of the relationship, it is challenging to establish a clear causal link between CCI and Catastrophizing. However, it is possible to propose a directional causal link where CCI precedes and influences Catastrophizing, particularly in the context of chronic pain management.
Step 7: A potential intermediate variable that could mediate the relationship between CCI and Catastrophizing is the presence of chronic pain. For example, individuals with more comorbidities may be more likely to experience chronic pain, which in turn could lead to increased catastrophizing.
Step 8: In conclusion, while the relationship between CCI and Catastrophizing is complex and bidirectional, it is possible to propose a directional causal link where CCI precedes and influences Catastrophizing, particularly in the context of chronic pain management.

Conclusion: Yes",,,,False,
CCI,Sleep disturbance,True,"Reasoning Process:
Step 1: To determine if there is a causal relationship between CCI and Sleep disturbance, we need to consider the definitions of both variables. CCI is a comorbidity index that measures the number of comorbidities, which are conditions that co-occur with a primary condition. Sleep disturbance, on the other hand, is a self-reported measure of sleep quality, depth, and restoration associated with sleep.
Step 2: Given the definitions, we can infer that CCI and Sleep disturbance are related but distinct concepts. CCI is a measure of the presence and number of comorbidities, while Sleep disturbance is a subjective experience of sleep quality. This suggests that CCI may influence Sleep disturbance, but the relationship is not direct.
Step 3: We need to consider potential intermediate variables that could mediate the relationship between CCI and Sleep disturbance. For example, comorbidities may lead to chronic pain, anxiety, or depression, which in turn can affect sleep quality. Alternatively, comorbidities may lead to changes in lifestyle, such as reduced physical activity or changes in medication, which can also impact sleep.
Step 4: Considering the potential intermediate variables, we can propose a causal pathway where CCI precedes and influences Sleep disturbance. For instance, a patient with multiple comorbidities may experience chronic pain, which can lead to sleep disturbance due to discomfort, anxiety, or difficulty falling asleep.
Step 5: However, it's essential to note that the relationship between CCI and Sleep disturbance is likely bidirectional. Sleep disturbance can also exacerbate comorbidities, creating a feedback loop. For example, poor sleep quality can worsen chronic pain, leading to increased comorbidities.
Step 6: Despite the bidirectional relationship, we can still conclude that CCI temporally precedes and influences Sleep disturbance, either directly or through intermediate variables. This is because the presence of comorbidities can set the stage for sleep disturbances, even if the relationship is not entirely causal.

Conclusion: Yes",,,,False,
Catastrophizing,Alcohol,True,"Reasoning Process:
Step 1: To determine if there is a causal relationship between Catastrophizing and Alcohol, we need to consider the definition of catastrophizing and its potential impact on behavior, including substance use.
Step 2: Catastrophizing is characterized by a tendency to magnify the threat value of a pain stimulus and feel helpless in the presence of pain. This mindset can lead to increased stress, anxiety, and emotional distress, which may motivate individuals to engage in maladaptive coping mechanisms, such as substance use.
Step 3: Alcohol consumption is a common coping mechanism for stress, anxiety, and emotional distress. Individuals who catastrophize may be more likely to use alcohol as a way to escape or cope with their emotional pain.
Step 4: Research has shown that there is a correlation between catastrophizing and increased substance use, including alcohol. Studies have found that individuals with higher levels of catastrophizing tend to have higher levels of substance use.
Step 5: While correlation does not necessarily imply causation, the direction of the relationship between catastrophizing and substance use suggests that catastrophizing may precede and influence substance use. This is consistent with a directional causal link.
Step 6: Therefore, based on the definition of catastrophizing and its potential impact on behavior, as well as the correlation between catastrophizing and substance use, it is reasonable to conclude that there is a causal relationship where a change in Catastrophizing precedes and leads to a change in Alcohol.

Conclusion: Yes",,,,False,
Catastrophizing,Fear_avoidance,True,"Reasoning Process:
Step 1: Understanding the definitions of Catastrophizing and Fear avoidance: Catastrophizing is a cognitive process where individuals magnify the threat value of pain and feel helpless in its presence, while Fear avoidance is a patient-reported questionnaire that focuses on how fear of physical activity and work affects low back pain and disability.
Step 2: Analyzing the relationship between Catastrophizing and Fear avoidance: Catastrophizing can lead to increased fear of pain, which in turn can lead to fear avoidance behaviors. This suggests a potential causal link between the two variables.
Step 3: Considering the direction of causality: Catastrophizing can precede and influence Fear avoidance, as individuals who catastrophize about their pain may be more likely to avoid activities that they perceive as threatening or painful, thereby increasing their fear avoidance behaviors.
Step 4: Evaluating the presence of intermediate variables: While there may be other factors that influence the relationship between Catastrophizing and Fear avoidance, such as pain intensity or coping skills, the direct causal link between catastrophizing and fear avoidance is supported by the definition and theoretical understanding of the two constructs.
Step 5: Conclusion: Based on the definitions, theoretical understanding, and analysis of the relationship between Catastrophizing and Fear avoidance, there is a causal relationship where a change in Catastrophizing precedes and leads to a change in Fear avoidance, either directly or through one or more intermediate variables.
Step 6: Final Conclusion: TRUE
Step 7: The causal relationship between Catastrophizing and Fear avoidance is supported by the cognitive-behavioral model of chronic pain, which suggests that negative thoughts and beliefs (such as catastrophizing) can lead to fear and avoidance behaviors.

Conclusion: Yes",,,,False,
Catastrophizing,Sleep disturbance,True,"Reasoning Process:
Step 1: Understanding the definitions of Catastrophizing and Sleep disturbance: Catastrophizing is a cognitive process characterized by the tendency to magnify the threat value of a pain stimulus and feel helpless in the presence of pain, while Sleep disturbance is a self-reported measure of sleep quality, depth, and restoration. Both variables are related to pain, but they operate at different levels: Catastrophizing is a cognitive process, and Sleep disturbance is a behavioral outcome.
Step 2: Considering the relationship between Catastrophizing and Sleep disturbance: Research has shown that Catastrophizing can lead to increased anxiety and stress, which can disrupt sleep patterns and quality. This suggests a potential causal link between Catastrophizing and Sleep disturbance, where Catastrophizing can precede and influence Sleep disturbance.
Step 3: Evaluating the direction of the causal relationship: The definition of Catastrophizing implies that it is a cognitive process that occurs before the experience of pain, which can then lead to Sleep disturbance. This suggests that Catastrophizing temporally precedes and influences Sleep disturbance, consistent with a directional causal link.
Step 4: Considering potential intermediate variables: While there may be other factors that mediate the relationship between Catastrophizing and Sleep disturbance, such as anxiety or depression, the primary causal link is between Catastrophizing and Sleep disturbance. Therefore, even if there are intermediate variables, the causal relationship between Catastrophizing and Sleep disturbance remains.
Step 5: Conclusion: Based on the definitions of Catastrophizing and Sleep disturbance, the relationship between the two variables, and the direction of the causal link, it is reasonable to conclude that there is a causal relationship where a change in Catastrophizing precedes and leads to a change in Sleep disturbance.
Step 6: Conclusion: Therefore, the answer to the question is TRUE.

Conclusion: Yes",,,,False,
Education,Alcohol,True,"Reasoning Process:
Step 1: To determine if there is a causal relationship between Education and Alcohol, we need to consider the direction of causality. A causal relationship implies that a change in one variable (Education) precedes and leads to a change in another variable (Alcohol).
Step 2: We need to examine if Education can influence Alcohol directly or through one or more intermediate variables. This means we are looking for a temporal relationship where Education comes before Alcohol in the causal chain.
Step 3: In the context of health and medicine, education can influence various factors that may, in turn, affect alcohol consumption. For instance, education can impact knowledge about the risks associated with alcohol, social norms, and access to resources that promote healthy behaviors.
Step 4: However, the relationship between Education and Alcohol is complex and bidirectional. While education can influence alcohol consumption, higher education may also be a result of reduced alcohol consumption, as individuals who drink less may be more likely to pursue higher education.
Step 5: Considering the bidirectional relationship and the complexity of the factors involved, it is challenging to establish a clear causal link between Education and Alcohol. However, research suggests that education can have a positive impact on health behaviors, including reduced alcohol consumption.
Step 6: Therefore, while the relationship is not entirely straightforward, there is evidence to suggest that education can influence alcohol consumption, either directly or through intermediate variables.
Step 7: Based on the reasoning above, we can conclude that there is a causal relationship between Education and Alcohol, where Education can precede and influence Alcohol in a way consistent with a directional causal link.
Step 8: However, it is essential to note that the relationship is not absolute and can be influenced by various factors, including individual circumstances and the presence of intermediate variables.

Conclusion: Yes",,,,False,
Education,Smoking,True,"Reasoning Process:
Step 1: To determine if there is a causal relationship between Education and Smoking, we need to consider the direction of causality. A causal relationship implies that a change in one variable (Education) precedes and leads to a change in another variable (Smoking).
Step 2: We will examine if there is a plausible mechanism by which Education could influence Smoking. For instance, higher education levels are often associated with better health knowledge, which may lead to a decrease in smoking rates.
Step 3: However, it's also possible that the relationship between Education and Smoking could be bidirectional or influenced by other variables. For example, individuals who smoke may have lower educational attainment due to the negative effects of smoking on health and cognitive function.
Step 4: Another consideration is that Education may not directly influence Smoking, but rather, it may influence other variables that in turn affect Smoking. For instance, education level may influence income, which can affect access to healthcare and smoking cessation programs.
Step 5: Considering these complexities, we need to evaluate the evidence and research findings to determine if there is a consistent directional causal link between Education and Smoking.
Step 6: Research has shown that higher education levels are associated with lower smoking rates, and this relationship is thought to be due to the increased health knowledge and socioeconomic factors that accompany higher education.
Step 7: Additionally, studies have found that education can influence smoking through intermediate variables such as income, occupation, and social status, which can affect access to healthcare and smoking cessation resources.
Step 8: While there may be bidirectional relationships and confounding variables, the preponderance of evidence suggests that Education does indeed precede and influence Smoking in a way consistent with a directional causal link.

Conclusion: Yes",,,,False,
Fear_avoidance,Sleep disturbance,True,"Reasoning Process:
Step 1: To determine if there is a causal relationship between Fear_avoidance and Sleep disturbance, we need to consider the definitions of both variables and their potential interactions.
Step 2: Fear_avoidance is a patient-reported questionnaire that focuses on how a patient's fear avoidance beliefs about physical activity and work may affect and contribute to their low back pain and resulting disability. This suggests that Fear_avoidance is related to the psychological and behavioral aspects of pain management.
Step 3: Sleep disturbance, on the other hand, is a self-reported measure of sleep quality, depth, and restoration. It is a summary score of the general perception of sleep quality. This indicates that Sleep disturbance is a measure of the physical and subjective experience of sleep.
Step 4: Considering the definitions, it is plausible that Fear_avoidance could influence Sleep disturbance. For instance, if a patient has strong fear avoidance beliefs about physical activity, they may be more likely to experience anxiety and stress, which can disrupt sleep patterns and lead to sleep disturbances.
Step 5: Furthermore, research has shown that chronic pain, which is often associated with low back pain, can lead to sleep disturbances. Therefore, it is possible that Fear_avoidance, through its impact on chronic pain, could indirectly influence Sleep disturbance.
Step 6: Additionally, fear avoidance behaviors can lead to decreased physical activity, which can also contribute to sleep disturbances. This provides another potential pathway through which Fear_avoidance could influence Sleep disturbance.
Step 7: Considering these potential pathways, it is reasonable to conclude that a change in Fear_avoidance could precede and lead to a change in Sleep disturbance, either directly or through one or more intermediate variables.

Conclusion: Yes",,,,False,
Financial_level,Depression,True,"Reasoning Process:
Step 1: To determine if there is a causal relationship between Financial_level and Depression, we need to consider the definition of causality. A causal relationship requires a temporal relationship where the cause (Financial_level) precedes the effect (Depression).
Step 2: We also need to consider the concept of a directional causal link, which implies that the change in Financial_level leads to a change in Depression, either directly or through one or more intermediate variables.
Step 3: Given the definitions of Financial_level and Depression, we can infer that Financial_level is a socioeconomic status proxy, while Depression is a psychological condition. There is a plausible pathway where financial difficulties can lead to increased stress, anxiety, and ultimately, depression.
Step 4: However, it's essential to note that the relationship between Financial_level and Depression is complex and bidirectional. Financial difficulties can contribute to depression, but depression can also affect an individual's ability to manage their finances.
Step 5: Despite the bidirectional relationship, research has shown that financial stress and difficulties can indeed contribute to the development of depression. For example, studies have found that individuals with lower socioeconomic status are at a higher risk of developing depression.
Step 6: Additionally, there are several intermediate variables that can mediate the relationship between Financial_level and Depression, such as stress, anxiety, and social support. These variables can help explain how financial difficulties lead to depression.
Step 7: In conclusion, while the relationship between Financial_level and Depression is complex and bidirectional, there is evidence to suggest that a change in Financial_level can precede and influence a change in Depression, either directly or through one or more intermediate variables.

Conclusion: Yes",,,,False,
Financial_level,Fear_avoidance,True,"Reasoning Process:
Step 1: To determine if there is a causal relationship between Financial_level and Fear_avoidance, we need to consider the definitions of both variables. Financial_level is a proxy for socioeconomic status, which can impact an individual's access to resources, healthcare, and overall well-being. Fear_avoidance, on the other hand, is a patient-reported questionnaire that focuses on how a patient's fear avoidance beliefs about physical activity and work may affect and contribute to their low back pain and resulting disability.
Step 2: Given the definitions, we can infer that Financial_level can indirectly influence Fear_avoidance through various mechanisms. For instance, individuals with lower socioeconomic status (i.e., lower Financial_level) may have limited access to healthcare resources, which can lead to delayed or inadequate treatment of low back pain. This, in turn, can exacerbate fear avoidance behaviors and contribute to disability.
Step 3: Another possible mechanism is that individuals with lower Financial_level may experience increased stress and anxiety due to financial insecurity, which can contribute to the development of fear avoidance behaviors. This is because financial stress can lead to a heightened state of hypervigilance, making individuals more prone to catastrophize about their pain and avoid activities that may exacerbate it.
Step 4: Additionally, Financial_level can also influence Fear_avoidance through its impact on employment and work-related activities. Individuals with lower Financial_level may be more likely to experience job insecurity, which can lead to increased fear avoidance behaviors as they may avoid activities that could potentially jeopardize their employment.
Step 5: Considering these potential mechanisms, it is reasonable to conclude that Financial_level can temporally precede and influence Fear_avoidance, either directly or through one or more intermediate variables.

Conclusion: Yes",,,,False,
Financial_level,Sleep disturbance,True,"Reasoning Process:
Step 1: To determine if there is a causal relationship between Financial_level and Sleep disturbance, we need to consider the definition of causality. A causal relationship requires that the cause (Financial_level) precedes the effect (Sleep disturbance) in time and that the cause is associated with the effect in a way that is consistent with a directional link.
Step 2: We also need to consider the concept of temporal precedence, which means that the cause must occur before the effect. In this case, Financial_level is a proxy for socioeconomic status, which can be influenced by various factors such as income, education, and employment status. These factors can also influence sleep quality and duration.
Step 3: Furthermore, research has shown that socioeconomic status is associated with sleep disturbances. For example, individuals with lower socioeconomic status may experience more stress, anxiety, and depression, which can disrupt sleep patterns. Additionally, they may have limited access to healthcare, healthy food, and safe living environments, which can also impact sleep quality.
Step 4: Therefore, it is plausible that a change in Financial_level could lead to a change in Sleep disturbance, either directly or through one or more intermediate variables. This is because Financial_level is a proxy for socioeconomic status, which is associated with various factors that can influence sleep quality and duration.
Step 5: However, it's also possible that the relationship between Financial_level and Sleep disturbance could be bidirectional, meaning that changes in Sleep disturbance could also influence Financial_level. For example, poor sleep quality can lead to decreased productivity, which can negatively impact employment and income.
Step 6: Despite this possibility, the question asks if Financial_level precedes and leads to a change in Sleep disturbance, which suggests a directional causal link. Therefore, we will focus on the possibility of a unidirectional causal relationship from Financial_level to Sleep disturbance.
Step 7: Considering the above points, it is reasonable to conclude that there is a causal relationship where a change in Financial_level precedes and leads to a change in Sleep disturbance, either directly or through one or more intermediate variables.

Conclusion: Yes",,,,False,
Obesity,CCI,True,"Reasoning Process:
Step 1: To determine if there is a causal relationship between Obesity and CCI, we need to consider the definition of both variables. Obesity is defined as BMI or being overweight, which is a physical characteristic. CCI, on the other hand, is a comorbidity index that measures the number of comorbidities, which are health conditions that occur alongside a primary condition.
Step 2: Given the definitions, we can infer that Obesity can potentially lead to various health conditions, which in turn can contribute to an increase in CCI. For instance, being overweight or obese can increase the risk of developing conditions like diabetes, hypertension, and cardiovascular disease, which are all comorbidities that can be included in the CCI.
Step 3: Furthermore, research has shown that there is a strong association between Obesity and an increased risk of developing various comorbidities. This suggests that Obesity can have a causal effect on the development of comorbidities, which in turn can contribute to an increase in CCI.
Step 4: Additionally, studies have also shown that weight loss and interventions aimed at reducing Obesity can lead to a decrease in the number of comorbidities, which can result in a decrease in CCI. This further supports the idea that Obesity can have a causal effect on CCI.
Step 5: Therefore, based on the definitions of Obesity and CCI, and the existing research on the topic, it can be concluded that there is a causal relationship between Obesity and CCI, where a change in Obesity precedes and leads to a change in CCI.

Conclusion: Yes",,,,False,
Obesity,Catastrophizing,True,"Reasoning Process:
Step 1: To determine if there is a causal relationship between Obesity and Catastrophizing, we need to consider the definitions of both variables and their potential interactions.
Step 2: Obesity is defined as a condition characterized by a high BMI or being overweight, which can have various physical and psychological consequences. Catastrophizing, on the other hand, is a psychological phenomenon where individuals tend to magnify the threat value of pain and feel helpless in its presence.
Step 3: Considering the definitions, it's essential to examine the potential pathways through which Obesity could influence Catastrophizing. One possible pathway is through the physical consequences of Obesity, such as chronic pain, which can lead to increased pain sensitivity and catastrophizing.
Step 4: Another potential pathway is through the psychological consequences of Obesity, such as low self-esteem, body image issues, and social stigma, which can contribute to a negative mindset and increased catastrophizing.
Step 5: However, it's also possible that Catastrophizing could influence Obesity through a feedback loop, where individuals with high catastrophizing tendencies may be more likely to engage in unhealthy behaviors, such as overeating or lack of exercise, which can contribute to weight gain and Obesity.
Step 6: Considering these potential pathways, it's clear that the relationship between Obesity and Catastrophizing is bidirectional and complex. However, to answer the question, we need to determine if Obesity temporally precedes and influences Catastrophizing in a way consistent with a directional causal link.
Step 7: Research suggests that Obesity can precede and contribute to the development of chronic pain, which in turn can lead to increased catastrophizing. Additionally, studies have shown that individuals with Obesity are more likely to experience pain and engage in catastrophizing behaviors.
Step 8: While the relationship is bidirectional, the existing evidence suggests that Obesity can contribute to the development of catastrophizing, particularly through the pathway of chronic pain.
Step 9: Therefore, based on the available evidence, it appears that there is a causal relationship where a change in Obesity precedes and leads to a change in Catastrophizing, either directly or through one or more intermediate variables.
Step 10: This conclusion is based on the understanding that Obesity can contribute to the development of chronic pain, which in turn can lead to increased catastrophizing.
Step 11: Therefore, the answer to the question is TRUE.

Conclusion: Yes",,,,False,
Obesity,Fear_avoidance,True,"Reasoning Process:
Step 1: To determine if there is a causal relationship between Obesity and Fear_avoidance, we need to consider the definitions of both variables. Obesity is defined as BMI or being overweight, which is a physical characteristic. Fear_avoidance, on the other hand, is a patient-reported questionnaire that focuses on how a patient's fear avoidance beliefs about physical activity and work may affect and contribute to their low back pain and resulting disability.
Step 2: Given the definitions, we can infer that Obesity is a physical characteristic that can potentially influence a person's behavior, including their physical activity levels and work habits. This could, in turn, affect their fear avoidance beliefs and behaviors related to low back pain.
Step 3: However, the relationship between Obesity and Fear_avoidance is not necessarily direct. There may be intermediate variables, such as physical activity levels, work habits, or other health-related factors, that mediate the relationship between Obesity and Fear_avoidance.
Step 4: To establish a causal relationship, we need to consider whether a change in Obesity precedes and leads to a change in Fear_avoidance. This requires evidence that shows a temporal relationship between the two variables, where changes in Obesity are followed by changes in Fear_avoidance.
Step 5: Research has shown that being overweight or obese can lead to decreased physical activity levels, which in turn can contribute to fear avoidance behaviors related to low back pain. This suggests that there is a potential causal relationship between Obesity and Fear_avoidance.
Step 6: However, it's also possible that other factors, such as mental health or socioeconomic status, may mediate the relationship between Obesity and Fear_avoidance. Therefore, we need to consider these potential confounding variables when evaluating the causal relationship.
Step 7: In conclusion, based on the definitions of Obesity and Fear_avoidance, and considering the potential intermediate variables and confounding factors, there is evidence to suggest that a change in Obesity can precede and lead to a change in Fear_avoidance, either directly or through one or more intermediate variables.

Conclusion: Yes",,,,False,
Obesity,Sleep disturbance,True,"Reasoning Process:
Step 1: To determine if there is a causal relationship between Obesity and Sleep disturbance, we need to consider the definition of both variables. Obesity is defined as BMI or being overweight, which is a physical characteristic. Sleep disturbance, on the other hand, is a self-reported perception of sleep quality, depth, and restoration associated with sleep.
Step 2: A causal relationship typically involves a direct or indirect influence of one variable on another, where the first variable precedes the second variable in time. In this case, we need to consider if Obesity (Variable 1) can influence Sleep disturbance (Variable 2) directly or through one or more intermediate variables.
Step 3: Obesity is a physical characteristic that can lead to various health issues, such as diabetes, cardiovascular disease, and respiratory problems. These health issues can, in turn, affect sleep quality, leading to sleep disturbances. Therefore, there is a plausible pathway for Obesity to influence Sleep disturbance through intermediate variables.
Step 4: Additionally, research has shown that individuals with obesity are more likely to experience sleep apnea, a condition that can disrupt sleep patterns and lead to sleep disturbances. This provides further evidence of a potential causal link between Obesity and Sleep disturbance.
Step 5: While there may be other factors that contribute to sleep disturbances, such as stress, anxiety, or environmental factors, the available evidence suggests that Obesity can indeed influence Sleep disturbance, either directly or through intermediate variables.

Conclusion: Yes",,,,False,
Smoking,CCI,True,"Reasoning Process:
Step 1: To determine if there is a causal relationship between Smoking and CCI, we need to consider the definition of both variables. Smoking is an action or habit that involves inhaling and exhaling tobacco smoke, while CCI is a comorbidity index that measures the number of comorbidities.
Step 2: We need to examine if there is a plausible biological or mechanistic pathway through which Smoking could influence CCI. Smoking is known to have various negative effects on health, including cardiovascular disease, respiratory disease, and cancer. These conditions can lead to the development of comorbidities, which are counted in the CCI.
Step 3: Furthermore, research has shown that smoking is a significant risk factor for various chronic conditions, including chronic obstructive pulmonary disease (COPD), heart disease, and stroke. These conditions can contribute to an increased CCI score.
Step 4: Additionally, smoking can also lead to other health issues, such as diabetes, osteoporosis, and mental health disorders, which can also be included in the CCI. Therefore, there is a plausible biological pathway through which smoking can influence CCI.
Step 5: Considering the temporal relationship, smoking typically precedes the development of comorbidities. People often start smoking at a young age, and it can take years or even decades for the negative health effects to manifest and contribute to an increased CCI.
Step 6: In conclusion, based on the definitions of Smoking and CCI, the plausible biological pathways, and the temporal relationship, there is a causal relationship where a change in Smoking precedes and leads to a change in CCI.

Conclusion: Yes",,,,False,
Smoking,Fear_avoidance,True,"Reasoning Process:
Step 1: To determine if there is a causal relationship between Smoking and Fear_avoidance, we need to consider the potential mechanisms by which Smoking could influence Fear_avoidance. One possible mechanism is through the physical effects of smoking on the body, such as decreased lung function and cardiovascular disease, which could lead to increased fear of physical activity and work.
Step 2: Another possible mechanism is through the psychological effects of smoking, such as nicotine addiction and withdrawal, which could lead to increased anxiety and fear of physical activity and work.
Step 3: Additionally, smoking is often associated with a sedentary lifestyle, which could lead to decreased physical fitness and increased fear of physical activity and work.
Step 4: However, it's also possible that the relationship between Smoking and Fear_avoidance is bidirectional, meaning that individuals with fear avoidance behaviors may be more likely to smoke as a way to cope with their anxiety and fear.
Step 5: Despite these potential bidirectional relationships, there is evidence to suggest that smoking can lead to increased fear avoidance behaviors in individuals with low back pain, particularly through the physical and psychological effects of smoking.
Step 6: Therefore, based on the potential mechanisms by which smoking can influence fear avoidance behaviors, it is reasonable to conclude that there is a causal relationship between Smoking and Fear_avoidance.
Step 7: This conclusion is consistent with the definition of a causal relationship, where a change in one variable (Smoking) precedes and leads to a change in another variable (Fear_avoidance).
Step 8: Therefore, the answer to the question is TRUE.

Conclusion: Yes",,,,False,
Smoking,Obesity,True,"Reasoning Process:
Step 1: To determine if there is a causal relationship between Smoking and Obesity, we need to consider the temporal relationship between the two variables. A causal relationship requires that the cause (Smoking) precedes the effect (Obesity).
Step 2: Smoking is a behavior that can be initiated at any age, but it typically starts in adolescence or young adulthood. This suggests that Smoking can precede Obesity, as the onset of Smoking often occurs before the development of Obesity.
Step 3: Research has shown that Smoking is associated with a range of health outcomes, including cardiovascular disease, respiratory disease, and various types of cancer. These conditions can contribute to weight gain and Obesity.
Step 4: Additionally, Smoking can lead to a decrease in appetite and an increase in metabolism, which may result in weight loss in the short term. However, this effect is often offset by the development of other health conditions, such as diabetes and hypothyroidism, which can lead to weight gain and Obesity.
Step 5: Furthermore, Smoking cessation is often associated with weight gain, which can be significant. This suggests that Smoking can influence Obesity, either directly or indirectly, through changes in metabolism, appetite, and the development of other health conditions.
Step 6: Therefore, based on the temporal relationship between Smoking and Obesity, as well as the known effects of Smoking on health outcomes and weight, it is reasonable to conclude that there is a causal relationship between the two variables.
Step 7: This causal relationship is supported by numerous epidemiological studies that have demonstrated a positive association between Smoking and Obesity. These studies have controlled for various confounding variables, including age, sex, and socioeconomic status, to establish a directional causal link between Smoking and Obesity.
Step 8: In conclusion, the evidence suggests that Smoking can lead to Obesity, either directly or through one or more intermediate variables, and therefore, there is a causal relationship between the two variables.

Conclusion: Yes",,,,False,
Smoking,Sleep disturbance,True,"Reasoning Process:
Step 1: To determine if there is a causal relationship between Smoking and Sleep disturbance, we need to consider the definition of causality, which is a relationship where one variable (the cause) precedes and influences another variable (the effect) in a way that is consistent with a directional link.
Step 2: We will examine the relationship between Smoking and Sleep disturbance, considering whether a change in Smoking can lead to a change in Sleep disturbance, either directly or through one or more intermediate variables.
Step 3: Smoking is a well-established risk factor for various health problems, including cardiovascular disease, respiratory disease, and cancer. It is also known to affect sleep quality and duration.
Step 4: Research has shown that smoking can lead to sleep disturbances, including insomnia, daytime fatigue, and other sleep-related problems. This is likely due to the toxic chemicals in tobacco smoke that can disrupt normal sleep patterns and reduce the quality of sleep.
Step 5: Additionally, smoking can lead to other health problems that can further contribute to sleep disturbances, such as chronic pain, anxiety, and depression. These intermediate variables can create a causal pathway from Smoking to Sleep disturbance.
Step 6: Therefore, based on the established relationship between Smoking and sleep disturbances, as well as the potential for intermediate variables to contribute to this relationship, we can conclude that there is a causal relationship between Smoking and Sleep disturbance.

Conclusion: Yes",,,,False,
Sex,Anxiety,True,"Reasoning Process:
Step 1: Understanding the definitions of Sex and Anxiety: Sex refers to the biological categorization of humans into male and female, while Anxiety is a psychological state characterized by feelings of fear, worry, and nervousness.
Step 2: Considering the definitions, it is clear that Sex is a biological characteristic, whereas Anxiety is a psychological state. This suggests that Sex may not directly influence Anxiety, as they operate on different levels of human experience.
Step 3: However, it is also possible that Sex may influence Anxiety indirectly through various intermediate variables, such as hormonal differences, social and cultural expectations, or biological responses to stress.
Step 4: Research has shown that there are sex differences in the prevalence and expression of anxiety disorders, with women being more likely to experience anxiety than men. This suggests that there may be a causal relationship between Sex and Anxiety, but it is likely to be complex and influenced by multiple factors.
Step 5: Furthermore, studies have identified sex-specific differences in the brain regions and neurotransmitter systems involved in anxiety, which may contribute to the observed sex differences in anxiety prevalence.
Step 6: In conclusion, while the relationship between Sex and Anxiety is complex and influenced by multiple factors, there is evidence to suggest that Sex may precede and influence Anxiety, either directly or through intermediate variables.
Step 7: Therefore, the answer to the question is: TRUE, there is a causal relationship where a change in Sex precedes and leads to a change in Anxiety, either directly or through one or more intermediate variables.
Step 8: This conclusion is based on the understanding that Sex can influence Anxiety through various mechanisms, including hormonal differences, social and cultural expectations, and biological responses to stress.

Conclusion: Yes",,,,False,
Sex,PEG,True,"Reasoning Process:
Step 1: To determine if there is a causal relationship between Sex and PEG, we need to consider the definition of both variables. Sex refers to the biological categorization of individuals as male or female, while PEG score is an index measuring pain interference and pain intensity due to chronic low back pain.
Step 2: Given the definitions, it's essential to understand that Sex is a biological characteristic that is typically determined at birth, while PEG score is a measure of pain intensity and interference. This suggests that Sex could potentially influence PEG score, as certain biological differences between males and females may affect pain perception or the likelihood of developing chronic low back pain.
Step 3: However, it's also possible that other factors, such as lifestyle, genetics, or environmental factors, could mediate the relationship between Sex and PEG score. For example, hormonal differences between males and females may influence pain perception, but this would be an intermediate variable between Sex and PEG score.
Step 4: Another consideration is that PEG score may not be directly influenced by Sex, but rather by other factors that are correlated with Sex, such as occupation or lifestyle choices. In this case, the relationship between Sex and PEG score would be indirect.
Step 5: Considering these possibilities, it's clear that the relationship between Sex and PEG score is complex and may involve multiple intermediate variables. However, this does not necessarily rule out the possibility of a directional causal link between the two variables.
Step 6: In fact, research has shown that there are biological differences between males and females that can affect pain perception and the development of chronic pain conditions, including low back pain. For example, hormonal differences, such as the presence of estrogen, may influence pain sensitivity and the development of chronic pain.
Step 7: Therefore, based on the available evidence and the definitions of the variables, it is reasonable to conclude that there is a causal relationship between Sex and PEG score, where Sex temporally precedes and influences PEG score in a way consistent with a directional causal link.

Conclusion: Yes",,,,False,
Age,Alcohol,True,"Reasoning Process:
Step 1: To determine if there is a causal relationship between Age and Alcohol, we need to consider the direction of causality. A causal relationship implies that a change in one variable (Age) precedes and leads to a change in another variable (Alcohol).
Step 2: We will examine if Age can influence Alcohol directly or through one or more intermediate variables. This involves considering the potential pathways through which Age could affect Alcohol consumption.
Step 3: One possible pathway is that as people age, their life circumstances and priorities may change, potentially influencing their alcohol consumption habits. For example, older adults may have more responsibilities, such as family or work commitments, that reduce their opportunities for social drinking or may have health concerns that discourage excessive drinking.
Step 4: Another possible pathway is that age-related physical changes, such as declining health or decreased mobility, may make it more difficult for older adults to engage in activities that involve drinking, such as socializing or traveling.
Step 5: However, it's also possible that the relationship between Age and Alcohol is bidirectional, meaning that changes in Alcohol consumption could also influence Age. For example, heavy drinking can lead to health problems that affect life expectancy and overall health, potentially influencing an individual's age.
Step 6: Considering these potential pathways, it's clear that there is a complex relationship between Age and Alcohol, with both direct and indirect influences. However, the question asks for a directional causal link, where Age precedes and leads to a change in Alcohol.
Step 7: Given the potential for bidirectional influence and the complexity of the relationship, it's challenging to assert a definitive causal link. However, in many cases, it's reasonable to assume that Age can influence Alcohol consumption, particularly through life circumstances and physical changes associated with aging.
Step 8: Therefore, based on the potential pathways and influences, we can conclude that there is a causal relationship where a change in Age can precede and lead to a change in Alcohol, either directly or through one or more intermediate variables.
Step 9: This conclusion is based on the understanding that Age can influence Alcohol consumption through various mechanisms, even if the relationship is not strictly unidirectional.
Step 10: However, it's essential to note that the strength and direction of this causal relationship may vary across individuals and populations, and other factors can also influence the relationship between Age and Alcohol.
Step 11: In conclusion, considering the potential pathways and influences, the answer to the question is: TRUE.

Conclusion: Yes",,,,False,
Age,Anxiety,True,"Reasoning Process:
Step 1: To determine if there is a causal relationship between Age and Anxiety, we need to consider the direction of causality. A causal relationship implies that a change in one variable (Age) precedes and leads to a change in another variable (Anxiety).
Step 2: We will examine the potential pathways through which Age could influence Anxiety. This includes direct effects, such as the physical and psychological changes that occur with aging, and indirect effects, such as the impact of age-related health conditions on Anxiety.
Step 3: Direct effects of Age on Anxiety could include the natural aging process, which can lead to physical and cognitive changes that contribute to Anxiety. For example, age-related decline in physical function, sensory loss, and cognitive decline can contribute to feelings of anxiety and fear.
Step 4: Indirect effects of Age on Anxiety could include the development of age-related health conditions, such as chronic pain, cardiovascular disease, and cognitive decline, which can contribute to Anxiety. For instance, chronic pain is a well-known risk factor for Anxiety, and its prevalence increases with age.
Step 5: Additionally, social and environmental factors associated with aging, such as retirement, loss of social support, and decreased mobility, can also contribute to Anxiety.
Step 6: Considering these potential pathways, it is reasonable to conclude that a change in Age can precede and influence a change in Anxiety, either directly or through one or more intermediate variables.
Step 7: Therefore, based on the analysis of direct and indirect effects, there is a causal relationship between Age and Anxiety.
Step 8: The direction of causality is from Age to Anxiety, indicating that as Age increases, Anxiety is likely to increase as well.
Step 9: This conclusion is consistent with the understanding that Age is a risk factor for Anxiety, and the development of age-related health conditions and social factors can contribute to the development of Anxiety.

Conclusion: Yes",,,,False,
Age,CCI,True,"Reasoning Process:
Step 1: To determine if there is a causal relationship between Age and CCI, we need to consider the definition of CCI and its relationship with Age. CCI is a comorbidity index that measures the number of comorbidities, which are pre-existing medical conditions that a patient has in addition to their primary condition. Age is a factor that can influence the development of comorbidities over time.
Step 2: As a patient gets older, they are more likely to develop new comorbidities due to the natural aging process, wear and tear on the body, and increased exposure to risk factors. This suggests that Age can be a contributing factor to the development of comorbidities, which in turn can increase the CCI score.
Step 3: However, the relationship between Age and CCI is not necessarily direct. Other factors such as lifestyle, genetics, and environmental factors can also influence the development of comorbidities. Therefore, Age may influence CCI indirectly through these intermediate variables.
Step 4: Considering the temporal relationship between Age and CCI, it is clear that Age precedes CCI. As a patient gets older, their CCI score can increase due to the development of new comorbidities. This temporal relationship is consistent with a directional causal link between Age and CCI.

Conclusion: Yes",,,,False,
Age,Education,True,"Reasoning Process:
Step 1: To determine if there is a causal relationship between Age and Education, we need to consider the direction of causality. A causal relationship implies that a change in one variable (Age) precedes and leads to a change in another variable (Education).
Step 2: In this context, Age is typically considered a predictor or a cause, while Education is an outcome or effect. This suggests that Age may influence Education, but it does not necessarily imply a direct causal link.
Step 3: However, in the context of human development, it is well-established that Age is a key factor that influences Education. As individuals get older, they typically progress through various stages of education, such as primary, secondary, and higher education. This suggests that Age is a strong predictor of Education.
Step 4: Furthermore, there are no known mechanisms by which Education could cause Age. Education is typically a function of Age, as individuals acquire education as they grow older. This suggests that the relationship between Age and Education is unidirectional, with Age influencing Education but not the other way around.
Step 5: Therefore, based on the direction of causality and the relationship between Age and Education, it is reasonable to conclude that there is a causal relationship where a change in Age precedes and leads to a change in Education.

Conclusion: Yes",,,,False,
Age,Fear_avoidance,True,"Reasoning Process:
Step 1: To determine if there is a causal relationship between Age and Fear_avoidance, we need to consider the direction of causality. A causal relationship implies that a change in one variable (Age) precedes and leads to a change in another variable (Fear_avoidance).
Step 2: We need to consider whether Age can directly or indirectly influence Fear_avoidance. Age is a demographic variable that can affect various aspects of a person's life, including physical capabilities, health status, and life experiences. Fear_avoidance, on the other hand, is a psychological construct that reflects a patient's beliefs and behaviors related to physical activity and work.
Step 3: One possible pathway for Age to influence Fear_avoidance is through physical changes associated with aging, such as decreased physical strength, flexibility, or endurance. As people age, they may become more aware of their physical limitations and develop fear-avoidant beliefs about physical activity and work.
Step 4: Another possible pathway is through life experiences and cumulative stress, which can also be influenced by Age. As people age, they may accumulate more life stressors, such as work-related stress, family responsibilities, or health problems, which can contribute to fear-avoidant beliefs.
Step 5: However, it's also possible that Fear_avoidance can influence Age, for example, through decreased physical activity and social isolation, which can accelerate aging and lead to further physical decline.
Step 6: Considering these potential bidirectional relationships, it's challenging to establish a clear causal link between Age and Fear_avoidance. However, if we focus on the question of whether Age can influence Fear_avoidance, we can argue that there is a plausible pathway for Age to affect Fear_avoidance through physical changes and life experiences associated with aging.
Step 7: Therefore, based on the available information and considering the potential pathways for Age to influence Fear_avoidance, we can conclude that there is a causal relationship where a change in Age can precede and lead to a change in Fear_avoidance.
Step 8: However, it's essential to note that this relationship may be bidirectional, and Fear_avoidance can also influence Age. Nevertheless, the question asks for a directional causal link, and based on the available information, we can argue that Age can influence Fear_avoidance.
Step 9: Therefore, the final answer to the question is: TRUE.

Conclusion: Yes",,,,False,
Age,Obesity,True,"Reasoning Process:
Step 1: To determine if there is a causal relationship between Age and Obesity, we need to consider the direction of causality. A causal relationship implies that a change in one variable (Age) precedes and leads to a change in another variable (Obesity).
Step 2: We know that as people age, their weight and body mass index (BMI) often increase due to various factors such as muscle loss, decreased metabolism, and changes in lifestyle. This suggests a potential temporal relationship between Age and Obesity.
Step 3: However, to establish a causal relationship, we need to consider whether Age is a direct or indirect cause of Obesity. While Age may be associated with Obesity, it is unlikely to be the direct cause. Instead, Age may be a proxy for other factors that contribute to Obesity, such as lifestyle changes, genetics, or underlying health conditions.
Step 4: Research has shown that factors such as diet, physical activity, and genetics play a significant role in the development of Obesity. These factors can be influenced by Age, but they are not direct consequences of Age itself.
Step 5: Therefore, while there is a temporal relationship between Age and Obesity, it is not a direct causal relationship. Age is more likely to be an indirect cause of Obesity through its association with other factors that contribute to weight gain and increased BMI.
Step 6: In conclusion, based on the understanding of the relationship between Age and Obesity, we can say that there is a causal relationship, but it is indirect. Age precedes and influences Obesity through one or more intermediate variables.

Conclusion: Yes",,,,False,
Age,PEG,True,"Reasoning Process:
Step 1: To determine if there is a causal relationship between Age and PEG, we need to consider the definition of PEG and its relationship with Age. PEG is an index measuring pain interference and pain intensity due to chronic low back pain.
Step 2: As Age increases, the likelihood of developing chronic low back pain also increases. This is because the wear and tear on the spine increases with age, leading to a higher risk of degenerative changes and pain.
Step 3: Furthermore, as people age, their physical activity levels may decrease, which can exacerbate chronic low back pain. Additionally, age-related changes in the body, such as decreased muscle mass and bone density, can also contribute to increased pain.
Step 4: Therefore, it is reasonable to infer that as Age increases, PEG scores may also increase due to the increased risk of chronic low back pain and its associated factors.
Step 5: This suggests a directional causal link between Age and PEG, where a change in Age precedes and leads to a change in PEG.

Conclusion: Yes",,,,False,
Age,Sleep disturbance,True,"Reasoning Process:
Step 1: To determine if there is a causal relationship between Age and Sleep disturbance, we need to consider the direction of causality. A causal relationship implies that a change in one variable (Age) precedes and leads to a change in another variable (Sleep disturbance).
Step 2: We know that as people age, their physical and physiological changes can affect their sleep patterns. For example, older adults may experience age-related changes in their sleep-wake cycle, such as reduced deep sleep and increased sleep fragmentation.
Step 3: Additionally, age-related health conditions, such as chronic pain, arthritis, or dementia, can also disrupt sleep patterns and contribute to sleep disturbances.
Step 4: Furthermore, lifestyle changes that often accompany aging, such as retirement, loss of a spouse, or decreased physical activity, can also impact sleep quality.
Step 5: Considering these factors, it is reasonable to conclude that Age can influence Sleep disturbance through various intermediate variables, such as physical and physiological changes, age-related health conditions, and lifestyle changes.
Step 6: Therefore, the relationship between Age and Sleep disturbance is not merely correlational but rather causal, with Age preceding and influencing Sleep disturbance.

Conclusion: Yes",,,,False,
Alcohol,PEG,True,"Reasoning Process:
Step 1: To determine if there is a causal relationship between Alcohol and PEG, we need to consider the definition of causality. A causal relationship requires that the cause (Alcohol) precedes the effect (PEG) in time and that the cause is associated with the effect in a way that is consistent with a directional link.
Step 2: We need to examine the relationship between Alcohol and PEG to see if there is evidence that a change in Alcohol precedes and leads to a change in PEG. This requires considering the temporal relationship between the two variables.
Step 3: Alcohol consumption (Variable 1) is a behavior that can be influenced by various factors, including social, environmental, and psychological factors. It is a modifiable risk factor that can be changed through interventions such as counseling or therapy.
Step 4: PEG score (Variable 2) is a measure of pain interference and pain intensity due to chronic low back pain. It is a health outcome that can be influenced by various factors, including pain management strategies, physical activity, and mental health.
Step 5: There is evidence to suggest that excessive alcohol consumption can exacerbate chronic pain, including low back pain. Alcohol can interfere with pain management strategies and worsen pain intensity.
Step 6: Additionally, research has shown that reducing or abstaining from alcohol can lead to improved pain outcomes, including reduced pain intensity and improved function.
Step 7: Therefore, there is a temporal relationship between Alcohol and PEG, where a change in Alcohol consumption can precede and lead to a change in PEG score. This is consistent with a directional causal link.

Conclusion: Yes",,,,False,
Anxiety,PEG,True,"Reasoning Process:
Step 1: To determine if there is a causal relationship between Anxiety and PEG, we need to consider the definitions of both variables. Anxiety is defined as PROMIS anxiety, which encompasses fear, anxious misery, hyperarousal, and somatic symptoms related to arousal. PEG score, on the other hand, measures pain interference and pain intensity due to chronic low back pain.
Step 2: Given the definitions, we can infer that Anxiety (PROMIS anxiety) can potentially impact an individual's perception and experience of pain. For instance, anxiety can exacerbate pain by increasing muscle tension, altering pain processing, and affecting emotional regulation.
Step 3: Furthermore, research has shown that anxiety is a common comorbidity with chronic pain conditions, including low back pain. Studies have demonstrated that anxiety can contribute to the development and maintenance of chronic pain, and that addressing anxiety can be an effective strategy for managing chronic pain.
Step 4: Considering these points, it is plausible that a change in Anxiety (PROMIS anxiety) could precede and influence a change in PEG score, either directly or through one or more intermediate variables. For example, anxiety could lead to increased muscle tension, which in turn contributes to increased pain intensity and interference with daily activities, as measured by the PEG score.
Step 5: Therefore, based on the definitions of the variables and the existing research on the relationship between anxiety and chronic pain, it is reasonable to conclude that there is a causal relationship between Anxiety and PEG, where a change in Anxiety precedes and leads to a change in PEG.

Conclusion: Yes",,,,False,
CCI,PEG,True,"Reasoning Process:
Step 1: To determine if there is a causal relationship between CCI and PEG, we need to consider the definitions of both variables. CCI is a comorbidity index, which measures the number of comorbidities, while PEG score is an index measuring pain interference and pain intensity due to chronic low back pain.
Step 2: Given the definitions, we can infer that comorbidities (CCI) can potentially impact an individual's overall health and well-being, which in turn can affect their pain experience and intensity. This suggests a plausible link between CCI and PEG.
Step 3: However, to establish a causal relationship, we need to consider the direction of the relationship. A change in CCI (i.e., an increase or decrease in comorbidities) could potentially lead to a change in PEG (i.e., an increase or decrease in pain interference and intensity).
Step 4: Furthermore, we can consider the potential intermediate variables that could mediate this relationship. For example, an increase in comorbidities (CCI) could lead to a decrease in physical function, which in turn could increase pain interference and intensity (PEG).
Step 5: Additionally, we can consider the temporal relationship between CCI and PEG. A change in CCI (e.g., an increase in comorbidities) would likely precede a change in PEG (e.g., an increase in pain interference and intensity).
Step 6: Based on these considerations, it appears that there is a plausible causal relationship between CCI and PEG, where a change in CCI precedes and leads to a change in PEG, either directly or through one or more intermediate variables.

Conclusion: Yes",,,,False,
Catastrophizing,PEG,True,"Reasoning Process:
Step 1: Understanding the definitions of Catastrophizing and PEG: Catastrophizing is a psychological construct that involves the tendency to magnify the threat value of a pain stimulus and feel helpless in the presence of pain. PEG is an index measuring pain interference and pain intensity due to chronic low back pain.
Step 2: Considering the relationship between Catastrophizing and PEG: Catastrophizing can lead to increased pain perception, anxiety, and fear, which in turn can increase pain interference and intensity. This suggests a potential causal link between Catastrophizing and PEG.
Step 3: Evaluating the direction of the causal relationship: The definition of Catastrophizing implies that it is a precursor to the experience of pain and its consequences, including increased pain interference and intensity. This suggests that Catastrophizing temporally precedes and influences PEG.
Step 4: Considering potential intermediate variables: While there may be other factors that influence the relationship between Catastrophizing and PEG, such as coping strategies or social support, the definition of Catastrophizing implies a direct influence on pain perception and experience.
Step 5: Conclusion: Based on the definitions and the logical relationship between Catastrophizing and PEG, it is reasonable to conclude that there is a causal relationship where a change in Catastrophizing precedes and leads to a change in PEG.
Step 6: Final Answer: TRUE
Step 7: Conclusion: The causal relationship between Catastrophizing and PEG is supported by the definitions and the logical relationship between the two constructs.

Conclusion: Yes",,,,False,
Depression,PEG,True,"Reasoning Process:
Step 1: To determine if there is a causal relationship between Depression and PEG, we need to consider the definitions of both variables. Depression is defined as the affective and cognitive manifestations of depression, as measured by the PROMIS depression scale. PEG score, on the other hand, is an index measuring pain interference and pain intensity due to chronic low back pain.
Step 2: Given the definitions, we can infer that Depression and PEG are related but distinct constructs. Depression is a mental health condition, while PEG is a measure of pain intensity and interference. This suggests that there may be a potential causal relationship between the two variables, but it is not immediately clear in which direction the relationship flows.
Step 3: To establish a causal relationship, we need to consider the direction of the relationship. A causal relationship requires that the change in one variable precedes and leads to a change in the other variable. In this case, we are looking for evidence that a change in Depression precedes and leads to a change in PEG.
Step 4: Research has shown that individuals with chronic pain, such as those with chronic low back pain, are at a higher risk of developing depression. This suggests that the presence of chronic pain, as measured by PEG, may contribute to the development of depression. However, this does not necessarily establish a causal relationship in the opposite direction.
Step 5: To determine if Depression can cause a change in PEG, we need to consider the potential mechanisms by which depression could influence pain intensity and interference. For example, depression can lead to decreased motivation, reduced activity levels, and altered pain perception, all of which could contribute to increased pain intensity and interference.
Step 6: Based on this analysis, it appears that there is a potential causal relationship between Depression and PEG, with Depression potentially leading to a change in PEG. This is supported by the fact that depression can influence pain perception and behavior, which in turn can affect pain intensity and interference.

Conclusion: Yes",,,,False,
Education,PEG,True,"Reasoning Process:
Step 1: To determine if there is a causal relationship between Education and PEG, we need to consider the direction of causality. A causal relationship implies that a change in one variable (Education) precedes and leads to a change in another variable (PEG).
Step 2: We need to examine if Education can influence PEG directly or through one or more intermediate variables. This requires considering potential pathways through which Education could impact PEG, such as through changes in knowledge, behavior, or socioeconomic status.
Step 3: However, without specific information on the temporal relationship between Education and PEG, or the presence of intermediate variables, we cannot definitively conclude a causal relationship. Therefore, we must consider the general understanding of the relationship between Education and chronic pain management.
Step 4: Research suggests that higher levels of education are often associated with better health literacy, access to healthcare resources, and more effective pain management strategies. These factors can, in turn, influence PEG scores by reducing pain intensity and interference.
Step 5: Given this understanding, it is plausible that Education can influence PEG scores, either directly or indirectly, through intermediate variables such as health literacy, access to care, and pain management strategies.
Step 6: Therefore, based on the general understanding of the relationship between Education and chronic pain management, we can conclude that there is a causal relationship between Education and PEG, where Education precedes and influences PEG in a way consistent with a directional causal link.
Step 7: This conclusion is based on the assumption that Education can impact PEG through intermediate variables, and that this relationship is consistent with a directional causal link.
Step 8: However, it is essential to note that this conclusion is based on general knowledge and may not be applicable to every individual or specific context.
Step 9: Therefore, the conclusion is based on a general understanding of the relationship between Education and PEG, rather than specific empirical evidence from the given context.
Step 10: Given the general understanding of the relationship between Education and chronic pain management, the answer to the question is: TRUE.

Conclusion: Yes",,,,False,
Fear_avoidance,PEG,True,"Reasoning Process:
Step 1: To determine if there is a causal relationship between Fear_avoidance and PEG, we need to consider the definitions of both variables. Fear_avoidance is a patient-reported questionnaire that focuses on how a patient's fear avoidance beliefs about physical activity and work may affect and contribute to their low back pain and resulting disability. PEG score is an index measuring pain interference and pain intensity due to chronic low back pain.
Step 2: Given the definitions, Fear_avoidance appears to be a psychological factor that can influence a patient's behavior and beliefs about physical activity and work, which in turn can affect their pain experience. PEG score, on the other hand, is a measure of the impact of pain on a patient's life.
Step 3: A change in Fear_avoidance could lead to a change in a patient's behavior and beliefs about physical activity and work, which could then lead to a change in their pain experience and subsequently affect their PEG score. This suggests a possible causal relationship between Fear_avoidance and PEG.
Step 4: However, to establish a directional causal link, we need to consider the temporal relationship between the two variables. If a change in Fear_avoidance precedes and leads to a change in PEG, then there is a causal relationship.
Step 5: Given the definitions and the logical flow, it is reasonable to conclude that a change in Fear_avoidance can precede and influence a change in PEG, either directly or through one or more intermediate variables.

Conclusion: Yes",,,,False,
Financial_level,PEG,True,"Reasoning Process:
Step 1: To determine if there is a causal relationship between Financial_level and PEG, we need to consider the definition of both variables. Financial_level is a proxy for socioeconomic status, which can influence various aspects of a person's life, including their health and well-being. PEG score, on the other hand, measures pain interference and pain intensity due to chronic low back pain.
Step 2: A causal relationship typically involves a temporal relationship, where the cause precedes the effect. In this case, we need to consider whether a change in Financial_level can precede and lead to a change in PEG. This could be through direct or indirect mechanisms, such as financial stress leading to increased pain or decreased access to healthcare.
Step 3: Research has shown that socioeconomic status, including financial level, is associated with health outcomes, including chronic pain. For example, individuals with lower socioeconomic status may experience higher levels of stress, have limited access to healthcare, and engage in unhealthy behaviors, all of which can contribute to chronic pain.
Step 4: Additionally, financial constraints can limit access to pain management treatments, such as physical therapy, medication, or surgery, which can exacerbate chronic pain. This suggests that Financial_level can influence PEG through these indirect mechanisms.
Step 5: Furthermore, studies have found that financial stress can directly contribute to increased pain intensity and interference, supporting the idea that Financial_level can have a direct effect on PEG.
Step 6: Considering these points, it is reasonable to conclude that there is a causal relationship between Financial_level and PEG, where a change in Financial_level can precede and lead to a change in PEG, either directly or through one or more intermediate variables.
Step 7: Therefore, the answer to the question is: TRUE.

Conclusion: Yes",,,,False,
Obesity,PEG,True,"Reasoning Process:
Step 1: To determine if there is a causal relationship between Obesity and PEG, we need to consider the definition of both variables. Obesity is defined as BMI or being overweight, which is a measure of weight or body mass index. PEG score, on the other hand, is an index measuring pain interference and pain intensity due to chronic low back pain.
Step 2: We need to consider the potential mechanisms by which Obesity could influence PEG. One possible mechanism is that excess weight can put additional stress on the spine, leading to chronic low back pain and subsequently affecting the PEG score.
Step 3: Another possible mechanism is that Obesity can lead to decreased mobility and reduced physical activity, which can exacerbate chronic low back pain and increase the PEG score.
Step 4: Additionally, Obesity has been linked to various comorbidities, such as diabetes and cardiovascular disease, which can also contribute to chronic pain and increased PEG scores.
Step 5: Considering these potential mechanisms, it is plausible that a change in Obesity could lead to a change in PEG, either directly or through one or more intermediate variables.
Step 6: However, it's also possible that the relationship between Obesity and PEG is bidirectional, meaning that chronic low back pain and increased PEG scores could also contribute to weight gain or obesity.
Step 7: Despite this potential bidirectionality, the question asks for a directional causal link, where Obesity precedes and influences PEG. Therefore, we need to consider the temporal relationship between the two variables.
Step 8: In general, Obesity tends to develop over a longer period, often years or even decades, whereas PEG scores can fluctuate more rapidly in response to changes in pain intensity and interference.
Step 9: Given this temporal relationship, it is reasonable to conclude that a change in Obesity could precede and influence a change in PEG, consistent with a directional causal link.

Conclusion: Yes",,,,False,
Smoking,PEG,True,"Reasoning Process:
Step 1: To determine if there is a causal relationship between Smoking and PEG, we need to consider the definition of both variables and their potential interactions.
Step 2: Smoking is a behavior that can lead to various health consequences, including respiratory problems, cardiovascular disease, and cancer. These health consequences can potentially lead to chronic pain, which is a key component of the PEG score.
Step 3: Research has shown that smoking is a significant risk factor for chronic pain, including low back pain, which is often measured by the PEG score. Smoking can lead to inflammation, oxidative stress, and damage to tissues, all of which can contribute to chronic pain.
Step 4: Additionally, smoking can also lead to decreased lung function, which can make it more difficult for individuals to engage in physical activity, potentially exacerbating chronic pain.
Step 5: Furthermore, smoking can also lead to nicotine addiction, which can have a negative impact on mental health, including increased stress and anxiety, both of which can contribute to chronic pain.
Step 6: Considering these potential pathways, it is reasonable to conclude that smoking can lead to an increase in PEG score, either directly or through one or more intermediate variables.
Step 7: Therefore, based on the potential mechanisms by which smoking can lead to chronic pain and the components of the PEG score, we can infer a causal relationship between smoking and PEG.
Step 8: This causal relationship is consistent with a directional link where smoking precedes and influences PEG in a way that is consistent with a causal relationship.
Step 9: Therefore, the answer to the question is TRUE.

Conclusion: Yes",,,,False,
Anxiety,Alcohol,True,"Reasoning Process:
Step 1: Alcohol consumption is a known risk factor for various mental health conditions, including anxiety disorders.
Step 2: The relationship between alcohol consumption and anxiety is complex, with both direct and indirect effects.
Step 3: Alcohol can exacerbate anxiety symptoms, leading to a vicious cycle of increased consumption and worsening anxiety.
Step 4: However, anxiety can also lead to increased alcohol consumption as a coping mechanism to alleviate symptoms.
Step 5: Considering the bidirectional relationship, it is essential to examine the underlying mechanisms and individual factors that contribute to this association.
Step 6: However, based on the available evidence, anxiety is more likely to be a precursor to increased alcohol consumption, as individuals often turn to alcohol as a means to cope with their anxiety symptoms.

Conclusion: B",,,,True,
Depression,Alcohol,True,"Reasoning Process:
Step 1: The relationship between alcohol consumption and depression is complex and bidirectional, but research suggests that depression can lead to increased alcohol consumption as a coping mechanism.
Step 2: Individuals with depression may use alcohol as a way to self-medicate and temporarily alleviate symptoms of depression, such as anxiety and emotional pain.
Step 3: This self-medication can lead to a vicious cycle, where increased alcohol consumption exacerbates symptoms of depression, further increasing the likelihood of continued drinking.
Step 4: Additionally, depression can also affect an individual's motivation and ability to engage in activities, including those that promote healthy behaviors, such as regular exercise and socializing, which can also contribute to increased alcohol consumption.
Step 5: While there is some evidence to suggest that heavy drinking can contribute to the development of depression, the evidence is not as strong as the evidence supporting the relationship between depression and increased alcohol consumption.

Conclusion: B",,,,True,
Alcohol,Sleep disturbance,True,"Reasoning Process:
Step 1: Alcohol consumption can lead to sleep disturbance due to its effects on the body's sleep-wake cycle, such as disrupting the body's natural sleep-wake rhythm, reducing the quality of sleep, and increasing the risk of sleep disorders like insomnia.
Step 2: Additionally, alcohol can also lead to sleep disturbance through its effects on the brain's neurotransmitters, such as serotonin and melatonin, which regulate sleep and wakefulness.
Step 3: Furthermore, chronic sleep disturbance can lead to increased stress and anxiety, which may trigger the desire to consume more alcohol as a coping mechanism.
Step 4: However, it is also possible that sleep disturbance can lead to increased alcohol consumption as a result of the discomfort and pain associated with sleep disorders, leading individuals to seek relief through alcohol.
Step 5: However, the evidence suggests that the relationship between alcohol consumption and sleep disturbance is more complex and bidirectional, but the initial and most direct effect is from alcohol consumption to sleep disturbance.

Conclusion: A",,,,True,
Smoking,Alcohol,True,"Reasoning Process:
Step 1: Both alcohol consumption and smoking are complex behaviors influenced by a multitude of factors, including genetics, environment, and psychological state.
Step 2: Research has shown that individuals who smoke are more likely to engage in other high-risk behaviors, including excessive alcohol consumption.
Step 3: This suggests that smoking may be a precursor to or a correlate of alcohol consumption, rather than the other way around.
Step 4: Additionally, nicotine, a primary psychoactive substance in tobacco, can increase the desire for other substances, including alcohol.
Step 5: Furthermore, individuals who smoke may be more likely to have a history of substance use disorders, which can increase the likelihood of developing an alcohol use disorder.
Step 6: Therefore, based on the available evidence, it is more likely that smoking causes a change in alcohol consumption, either directly or through one or more intermediate variables.
Step 7: This is consistent with the concept of the 'gateway hypothesis,' which suggests that smoking can serve as a gateway to the use of other substances, including alcohol.
Step 8: In conclusion, the available evidence suggests that smoking is more likely to cause an increase in alcohol consumption, rather than the other way around.
Step 9: Therefore, the causal direction is more likely to be B) Smoking causes Alcohol.

Conclusion: B",,,,True,
Catastrophizing,Anxiety,True,"Reasoning Process:
Step 1: Pain catastrophizing is a cognitive process that involves the tendency to magnify the threat value of a pain stimulus and feel helpless in its presence. This process is closely related to the individual's perception and interpretation of pain.
Step 2: Anxiety, as measured by PROMIS anxiety, encompasses a range of symptoms including fear, anxious misery, hyperarousal, and somatic symptoms. These symptoms can be triggered or exacerbated by the individual's perception and interpretation of pain.
Step 3: Given that pain catastrophizing influences an individual's perception and interpretation of pain, it is likely that it also influences their anxiety levels. This is because catastrophizing can lead to increased fear, anxious misery, and hyperarousal, all of which are components of anxiety.
Step 4: Furthermore, research has shown that pain catastrophizing is a significant predictor of anxiety and other negative emotional responses to pain. This suggests that catastrophizing plays a causal role in the development of anxiety.

Conclusion: B",,,,True,
Depression,Anxiety,True,"Reasoning Process:
Step 1: Both anxiety and depression are complex conditions that often co-occur and share common underlying factors, such as genetic predisposition, neurobiological mechanisms, and life experiences.
Step 2: Anxiety can contribute to the development of depression by exacerbating symptoms of hopelessness, worthlessness, and social withdrawal, which are common in depression.
Step 3: Depression can also contribute to the development of anxiety by increasing feelings of fear, worry, and hypervigilance, which are characteristic of anxiety disorders.
Step 4: However, research suggests that depression often precedes anxiety in many cases, and that individuals with depression are more likely to develop anxiety disorders over time.
Step 5: Additionally, the PROMIS anxiety and depression measures assess different aspects of these conditions, with anxiety focusing on fear, worry, and hyperarousal, and depression focusing on affective and cognitive manifestations.
Step 6: Considering these points, it is more likely that depression causes anxiety, as depression can contribute to the development of anxiety symptoms and often precedes anxiety in many cases.
Step 7: Furthermore, the bidirectional relationship between anxiety and depression is complex and influenced by multiple factors, but the available evidence suggests that depression may play a more significant role in the development of anxiety.
Step 8: Therefore, based on the available evidence and the definitions of PROMIS anxiety and depression, the causal direction is more likely to be from depression to anxiety.
Step 9: This conclusion is supported by research studies that have investigated the temporal relationship between anxiety and depression, as well as the underlying mechanisms that contribute to the development of these conditions.

Conclusion: B",,,,True,
Fear_avoidance,Anxiety,True,"Reasoning Process:
Step 1: Fear avoidance is a cognitive-behavioral response to pain, where individuals avoid activities they believe will exacerbate their pain or lead to further injury.
Step 2: This avoidance behavior can lead to a decrease in physical activity and social interactions, which can contribute to increased anxiety and feelings of isolation.
Step 3: Anxiety, in turn, can exacerbate fear avoidance, creating a vicious cycle where individuals become increasingly fearful of activities that may have previously been manageable.
Step 4: Furthermore, research has shown that individuals with chronic pain often exhibit heightened levels of anxiety, which can be a result of the fear avoidance behavior.
Step 5: Therefore, it is more likely that fear avoidance leads to increased anxiety, rather than the other way around.
Step 6: Additionally, the PROMIS anxiety measure assesses symptoms of anxiety that are likely to be a consequence of fear avoidance, such as worry, dread, and hyperarousal.
Step 7: This suggests that fear avoidance is a primary driver of anxiety, rather than anxiety being the primary driver of fear avoidance.
Step 8: Therefore, the causal direction is more likely to be from fear avoidance to anxiety.
Step 9: This is consistent with the biopsychosocial model of chronic pain, which posits that fear avoidance is a key factor in the development and maintenance of chronic pain.
Step 10: In conclusion, the evidence suggests that fear avoidance is a primary driver of anxiety in individuals with chronic pain.

Conclusion: B",,,,True,
Obesity,Anxiety,True,"Reasoning Process:
Step 1: Obesity is a known risk factor for various health conditions, including cardiovascular disease, diabetes, and certain types of cancer. These conditions can lead to increased levels of stress and anxiety in individuals.
Step 2: Chronic stress and anxiety can lead to changes in eating habits, such as overeating or poor food choices, which can contribute to weight gain and obesity.
Step 3: Additionally, individuals with obesity may experience social stigma, discrimination, and decreased physical activity, which can further exacerbate anxiety levels.
Step 4: Furthermore, research has shown that there is a bidirectional relationship between anxiety and obesity, with each condition influencing the other. However, the evidence suggests that obesity is a stronger predictor of anxiety than anxiety is of obesity.

Conclusion: B",,,,True,
Sleep disturbance,Anxiety,True,"Reasoning Process:
Step 1: Chronic pain and sleep disturbances are closely linked, with sleep disturbances often exacerbating pain and vice versa.
Step 2: Anxiety is a common comorbidity with chronic pain and sleep disturbances, and can further exacerbate both conditions.
Step 3: Given the bidirectional relationship between chronic pain, sleep disturbances, and anxiety, it is likely that sleep disturbances can contribute to anxiety.
Step 4: Furthermore, sleep disturbances can lead to increased anxiety through various mechanisms, such as increased stress hormones, decreased emotional regulation, and decreased cognitive function.
Step 5: Additionally, sleep disturbances can also lead to increased symptoms of anxiety, such as hyperarousal and somatic symptoms, which are also measured by PROMIS anxiety.

Conclusion: B",,,,True,
Smoking,Anxiety,True,"Reasoning Process:
Step 1: Smoking is a well-established risk factor for various health conditions, including cardiovascular disease, respiratory disease, and cancer. These conditions can lead to increased stress and anxiety levels in individuals.
Step 2: The chemicals present in tobacco smoke, such as nicotine and carbon monoxide, can also have a direct impact on the brain's chemistry, leading to increased levels of stress hormones like adrenaline and cortisol, which can contribute to anxiety.
Step 3: Furthermore, the social and environmental factors associated with smoking, such as social isolation and stigma, can also contribute to feelings of anxiety and low self-esteem.
Step 4: Additionally, individuals with anxiety may be more likely to turn to smoking as a coping mechanism to manage their symptoms, creating a potential bidirectional relationship between anxiety and smoking.
Step 5: However, considering the direct and indirect effects of smoking on the body and brain, it is more likely that smoking is a contributing factor to anxiety rather than anxiety being the primary cause of smoking.

Conclusion: B",,,,True,
Depression,CCI,True,"Reasoning Process:
Step 1: Chronic pain is a common comorbidity that can lead to depression due to the emotional and psychological impact of living with chronic pain.
Step 2: Depression is a well-known risk factor for developing comorbidities, including chronic pain, as it can lead to decreased motivation, social isolation, and poor self-care.
Step 3: The presence of multiple comorbidities (CCI) can exacerbate symptoms of depression, creating a vicious cycle of worsening mental and physical health.
Step 4: Therefore, it is more likely that depression causes an increase in CCI, either directly or through one or more intermediate variables.
Step 5: This is because the relationship between depression and comorbidities is bidirectional, but the presence of depression can lead to a higher likelihood of developing additional comorbidities.
Step 6: Additionally, the PROMIS depression measure assesses the affective and cognitive manifestations of depression, which can be influenced by the presence of comorbidities.
Step 7: Therefore, it is more likely that depression causes a change in CCI, either directly or through one or more intermediate variables.

Conclusion: B",,,,True,
CCI,Financial_level,True,"Reasoning Process:
Step 1: Comorbidities (CCI) often require more medical treatment and interventions, which can be costly and may lead to financial strain on individuals.
Step 2: Individuals with lower financial levels may have limited access to healthcare services, leading to a higher likelihood of undiagnosed or undertreated comorbidities.
Step 3: Therefore, it is more likely that financial level influences the presence and management of comorbidities, rather than the reverse.
Step 4: Additionally, socioeconomic status is a known determinant of health outcomes, and financial level is a key component of this.
Step 5: Given the bidirectional relationship between health and socioeconomic status, it is more plausible that financial level affects CCI rather than the other way around.
Step 6: Furthermore, research has shown that financial stress and strain can exacerbate chronic pain and other health conditions, supporting the idea that financial level influences CCI.

Conclusion: A",,,,True,
Depression,Catastrophizing,True,"Reasoning Process:
Step 1: Pain catastrophizing is a cognitive process that involves the tendency to magnify the threat value of a pain stimulus and feel helpless in the presence of pain. This process is closely related to the affective and cognitive manifestations of depression.
Step 2: Depression is a mood disorder characterized by persistent feelings of sadness, hopelessness, and a loss of interest in activities. Individuals with depression often experience negative thoughts and a distorted view of reality, which can contribute to pain catastrophizing.
Step 3: Research has shown that individuals with chronic pain are at a higher risk of developing depression, and that depression can exacerbate pain catastrophizing. This suggests a bidirectional relationship between pain catastrophizing and depression.
Step 4: However, the relationship between pain catastrophizing and depression is complex, and it is difficult to determine the direction of causality. However, based on the definitions and the understanding of the two variables, it is more likely that depression causes a change in pain catastrophizing.

Conclusion: B",,,,True,
Smoking,Catastrophizing,True,"Reasoning Process:
Step 1: Pain catastrophizing is a psychological response to pain, which can be influenced by various factors such as past experiences, personality traits, and coping mechanisms.
Step 2: Smoking is a behavior that can be influenced by various factors such as stress, anxiety, and social environment.
Step 3: There is no clear evidence to suggest that catastrophizing directly causes smoking, as catastrophizing is a cognitive response to pain, whereas smoking is a behavioral response to various factors.
Step 4: However, there is evidence to suggest that smoking can contribute to chronic pain, which in turn can lead to increased catastrophizing.
Step 5: Therefore, it is more likely that smoking causes catastrophizing, either directly or through one or more intermediate variables.
Step 6: This is because smoking can lead to chronic pain, which can then lead to increased catastrophizing.
Step 7: Additionally, smoking can also lead to other health problems that can contribute to catastrophizing, such as anxiety and depression.
Step 8: Therefore, the causal direction is more likely to be from smoking to catastrophizing.
Step 9: This is a more plausible explanation based on the current understanding of the relationship between smoking, pain, and catastrophizing.

Conclusion: B",,,,True,
Education,Depression,True,"Reasoning Process:
Step 1: Considering the definition of PROMIS depression, it is a measure of the affective and cognitive manifestations of depression, indicating a psychological state rather than a physical or environmental factor.
Step 2: Education is a physical and environmental factor that can influence an individual's life experiences, social interactions, and access to resources, which in turn can affect their mental health.
Step 3: Given that education is a potential precursor to various life experiences and opportunities, it is more likely to influence an individual's mental health, including their risk of developing depression.
Step 4: Therefore, it is more plausible that education causes depression, either directly or through one or more intermediate variables, rather than depression causing a change in education.
Step 5: This is because education is a modifiable factor that can be influenced by individual and societal choices, whereas depression is a complex psychological state that is often the result of a combination of genetic, environmental, and life experience factors.
Step 6: In conclusion, the causal direction is more likely to be from education to depression, rather than the reverse.

Conclusion: B",,,,True,
Fear_avoidance,Depression,True,"Reasoning Process:
Step 1: Fear avoidance is a cognitive-behavioral response to pain, which is a well-established concept in the field of chronic pain management.
Step 2: Fear avoidance can lead to a vicious cycle of avoidance behaviors, which in turn can exacerbate symptoms of depression, such as social isolation and loss of purpose.
Step 3: Depression, on the other hand, is a complex condition that can have multiple causes and consequences, but it is not typically considered a direct cause of fear avoidance.
Step 4: In the context of chronic pain, fear avoidance is often seen as a mediator between pain and disability, rather than a consequence of depression.

Conclusion: B",,,,True,
Obesity,Depression,True,"Reasoning Process:
Step 1: Obesity is a known risk factor for various chronic health conditions, including diabetes, cardiovascular disease, and musculoskeletal disorders, which can contribute to chronic pain and discomfort.
Step 2: Chronic pain and discomfort can lead to decreased physical activity, social isolation, and sleep disturbances, which are common risk factors for depression.
Step 3: Depression can also exacerbate symptoms of chronic pain, creating a vicious cycle of pain-depression-pain.
Step 4: Furthermore, depression can lead to changes in appetite and eating habits, which can result in weight gain and obesity.
Step 5: Additionally, the use of certain antidepressant medications can lead to weight gain as a side effect.
Step 6: Therefore, based on the existing evidence and understanding of the relationships between obesity, depression, and chronic pain, it is more likely that obesity causes depression.

Conclusion: B",,,,True,
Depression,Sleep disturbance,True,"Reasoning Process:
Step 1: Depression is a complex condition that encompasses both affective and cognitive manifestations, which can significantly impact an individual's overall well-being and quality of life.
Step 2: Sleep disturbance, on the other hand, is a common symptom that can be both a cause and a consequence of various health conditions, including depression.
Step 3: Research has shown that sleep disturbances can exacerbate depressive symptoms, and conversely, depression can lead to sleep disturbances.
Step 4: Given the bidirectional relationship between depression and sleep disturbance, it is essential to consider the potential reciprocal effects between these two variables.
Step 5: However, the PROMIS depression measure assesses the affective and cognitive manifestations of depression, which are more likely to be influenced by underlying psychological factors, whereas sleep disturbance is a more immediate and tangible experience.
Step 6: Considering the nature of these variables, it is more plausible that depression, as a more fundamental and underlying condition, can influence sleep disturbance, rather than the other way around.

Conclusion: A",,,,True,
Smoking,Depression,True,"Reasoning Process:
Step 1: Smoking is a well-established risk factor for various health conditions, including cardiovascular disease, respiratory disease, and cancer. These conditions can lead to chronic pain, which is a known risk factor for depression.
Step 2: Additionally, smoking itself can lead to chronic pain through various mechanisms, such as nicotine addiction, inflammation, and oxidative stress.
Step 3: Furthermore, the chronic pain caused by smoking can lead to a decrease in quality of life, social isolation, and decreased self-esteem, all of which are risk factors for depression.
Step 4: Therefore, it is more likely that smoking causes depression through a complex interplay of biological, psychological, and social factors.
Step 5: While depression can also lead to changes in behavior, including smoking, the evidence suggests that smoking is a more direct and significant risk factor for depression.
Step 6: Therefore, the causal direction is more likely to be from smoking to depression.
Step 7: This conclusion is supported by numerous epidemiological studies that have consistently shown a positive association between smoking and depression.
Step 8: In conclusion, the evidence suggests that smoking is a significant risk factor for depression, and the causal direction is more likely to be from smoking to depression.
Step 9: Therefore, the correct answer is B, smoking causes depression.

Conclusion: B",,,,True,
Financial_level,Education,True,"Reasoning Process:
Step 1: Education is often a determinant of socioeconomic status, as higher education typically leads to better job opportunities and higher earning potential.
Step 2: Individuals with higher socioeconomic status may have greater access to educational resources and opportunities, such as private schools and tutors.
Step 3: Therefore, it is more likely that financial level (socioeconomic status) causes education, as it can influence access to educational resources and opportunities.
Step 4: Additionally, research has shown that socioeconomic status is a strong predictor of educational attainment, with individuals from lower socioeconomic backgrounds often facing barriers to education.
Step 5: This suggests that financial level (socioeconomic status) has a causal effect on education, rather than the other way around.
Step 6: Therefore, the direction of causality is more likely to be from financial level to education.
Step 7: This is consistent with the concept of the socioeconomic gradient, which describes the relationship between socioeconomic status and various health and educational outcomes.
Step 8: In conclusion, the evidence suggests that financial level causes education, either directly or through one or more intermediate variables.

Conclusion: B",,,,True,
Education,Obesity,True,"Reasoning Process:
Step 1: Obesity is often associated with lower socioeconomic status, which can limit access to education and educational opportunities.
Step 2: Individuals with lower education levels may have limited knowledge about healthy eating habits, physical activity, and lifestyle choices that contribute to obesity.
Step 3: Additionally, education can influence an individual's ability to make informed decisions about their health, including managing weight and maintaining a healthy lifestyle.
Step 4: Furthermore, education can impact an individual's access to resources and support systems that can help them manage their weight and maintain a healthy lifestyle.
Step 5: Considering these factors, it is more likely that education has a causal relationship with obesity, rather than obesity causing education.

Conclusion: A",,,,True,
Smoking,Financial_level,True,"Reasoning Process:
Step 1: Smoking is a costly habit, with the average cost of a pack of cigarettes ranging from $5 to $15 in the United States. This cost can add up quickly, especially for heavy smokers.
Step 2: Individuals with lower financial levels may be more likely to smoke as a coping mechanism for stress or as a way to save money, as they may not have access to healthier alternatives or may prioritize short-term financial gains over long-term health consequences.
Step 3: Additionally, smoking can lead to increased healthcare costs, lost productivity, and reduced earning potential, further exacerbating financial difficulties.
Step 4: Therefore, it is more likely that smoking causes financial difficulties, rather than the other way around.
Step 5: This is because the direct and indirect consequences of smoking can lead to a decrease in financial level, making option B less plausible.
Step 6: Furthermore, research has shown that smoking is a significant predictor of financial strain, with smokers being more likely to experience financial difficulties than non-smokers.

Conclusion: B",,,,True,
